inventory_id,product_id,warehouse_id,stock_quantity,reorder_level,safety_stock,damaged_stock,last_updated
I1,P684,W1743,763,128,23,0,2025-08-07
I2,P2388,W7974,642,182,29,16,2025-10-01
I3,P9410,W6381,250,69,83,14,2025-10-28
I4,P5031,W8795,723,187,41,11,2026-01-07
I5,P2663,W4316,663,116,70,5,2025-11-03
I6,P2762,W2985,470,17,96,11,2025-09-01
I7,P6868,W6130,59,103,91,5,2025-08-21
I8,P1331,W9344,373,160,18,1,2026-01-22
I9,P5145,W9353,398,85,25,6,2025-12-21
I10,P5818,W7896,11,98,83,14,2025-12-09
I11,P9655,W8948,905,12,70,16,2026-03-28
I12,P6085,W2094,785,97,65,1,2025-10-13
I13,P6626,W308,340,83,89,10,2026-03-26
I14,P496,W6877,642,64,34,11,2025-12-19
I15,P9744,W1150,802,85,13,17,2025-11-16
I16,P5687,W9508,520,153,12,7,2025-07-09
I17,P3085,W172,920,134,62,2,2026-05-17
I18,P4578,W6248,993,130,11,16,2026-03-13
I19,P9476,W7977,300,168,45,3,2026-04-13
I20,P7060,W4162,716,24,76,9,2026-01-29
I21,P5579,W814,442,30,44,4,2026-01-28
I22,P7091,W3773,16,160,86,18,2026-02-14
I23,P7003,W9692,355,99,11,16,2025-12-14
I24,P5760,W1178,694,103,73,15,2026-03-03
I25,P4793,W4549,506,33,8,17,2025-08-07
I26,P137,W9936,445,127,50,12,2025-07-07
I27,P8015,W1744,64,79,60,19,2025-08-23
I28,P31,W1150,608,127,50,7,2026-02-06
I29,P4590,W1813,237,10,93,5,2025-10-14
I30,P3591,W2740,433,190,66,5,2025-06-09
I31,P1499,W3101,413,73,95,17,2025-11-30
I32,P9866,W8040,76,104,44,6,2025-06-23
I33,P8530,W8021,183,92,94,1,2025-09-16
I34,P4685,W6960,842,156,89,9,2026-02-09
I35,P6960,W4125,815,190,54,2,2025-09-07
I36,P9040,W6952,746,14,21,6,2025-10-07
I37,P1010,W7443,758,199,93,5,2025-06-07
I38,P2121,W5616,947,124,75,8,2026-01-20
I39,P6153,W7315,773,135,55,20,2025-06-15
I40,P5478,W4429,525,30,15,17,2025-10-09
I41,P2435,W8239,888,106,65,7,2026-04-24
I42,P862,W8128,588,178,67,11,2025-07-02
I43,P9886,W7979,417,82,65,17,2025-06-03
I44,P7390,W3255,548,16,52,10,2026-01-23
I45,P5580,W7891,818,57,42,6,2025-12-27
I46,P2901,W6786,536,159,57,18,2025-08-29
I47,P1188,W8781,786,32,14,5,2025-08-19
I48,P656,W9971,321,78,12,6,2026-05-17
I49,P9776,W930,19,158,16,8,2025-11-01
I50,P2165,W1280,388,33,18,3,2026-04-28
I51,P8048,W5048,352,41,36,6,2026-03-31
I52,P2658,W3127,224,45,77,10,2026-02-26
I53,P9247,W4274,898,18,47,2,2026-04-20
I54,P1077,W6567,998,164,87,13,2025-10-20
I55,P142,W7310,899,58,13,5,2026-03-12
I56,P9345,W6047,272,160,52,6,2025-09-28
I57,P8107,W9930,142,187,30,16,2026-02-19
I58,P7013,W6570,751,186,86,4,2025-11-24
I59,P9136,W6033,911,33,66,17,2026-05-09
I60,P9243,W608,815,13,41,5,2025-07-27
I61,P3969,W7685,749,197,42,12,2026-03-27
I62,P8438,W1189,739,133,10,15,2026-02-27
I63,P4542,W4682,840,141,37,5,2025-10-09
I64,P5434,W7273,301,20,78,13,2025-08-18
I65,P2699,W7547,133,60,84,6,2026-02-28
I66,P2460,W4133,436,159,52,5,2025-07-07
I67,P7744,W774,10,152,83,6,2025-09-10
I68,P4557,W7344,517,91,31,18,2025-08-25
I69,P3024,W6464,60,25,12,14,2025-07-21
I70,P8578,W7932,272,168,64,20,2025-12-29
I71,P9241,W5307,241,103,46,16,2025-07-09
I72,P2121,W5486,85,168,12,0,2026-04-03
I73,P5759,W7966,636,147,87,7,2025-06-20
I74,P4336,W3874,245,88,31,10,2026-01-29
I75,P1414,W8223,270,76,13,10,2026-05-20
I76,P7917,W9592,318,10,99,17,2025-06-14
I77,P2963,W3521,688,107,21,2,2025-11-21
I78,P107,W4674,518,106,81,1,2025-12-08
I79,P5798,W1970,656,168,36,17,2026-01-12
I80,P5997,W8501,782,60,96,12,2026-03-18
I81,P7735,W9956,890,17,63,5,2026-04-06
I82,P5029,W9128,935,80,14,12,2025-10-26
I83,P8314,W1517,808,83,42,0,2025-10-21
I84,P3927,W308,518,20,29,13,2025-11-22
I85,P7225,W6163,771,186,17,2,2026-01-02
I86,P1934,W1440,51,150,99,12,2025-07-16
I87,P729,W6274,829,105,62,9,2025-11-16
I88,P7554,W8307,562,130,90,18,2025-10-07
I89,P9129,W2683,8,53,91,19,2025-09-14
I90,P6052,W1588,815,199,91,12,2026-03-21
I91,P9028,W5669,460,17,36,15,2025-08-11
I92,P5937,W7305,556,138,62,20,2025-10-04
I93,P5457,W4033,720,96,67,11,2025-07-29
I94,P8918,W2220,313,120,99,11,2025-09-09
I95,P2872,W3732,907,174,23,9,2025-10-09
I96,P1210,W6654,66,43,63,12,2026-03-29
I97,P1237,W8697,506,110,99,9,2026-03-15
I98,P7091,W4220,534,147,15,14,2025-10-11
I99,P1719,W5444,212,45,47,2,2025-10-12
I100,P3647,W3327,7,164,87,6,2026-05-03
I101,P8127,W9658,408,99,11,4,2026-04-14
I102,P2648,W9762,778,103,7,16,2025-12-31
I103,P881,W6673,759,145,77,13,2025-08-14
I104,P6264,W2794,798,153,33,16,2025-10-10
I105,P585,W9663,575,174,67,19,2025-11-06
I106,P2011,W1552,510,180,7,3,2025-06-18
I107,P7346,W1352,239,106,99,1,2026-03-29
I108,P2468,W36,157,142,8,19,2026-05-21
I109,P1367,W6897,936,15,8,13,2026-03-11
I110,P2306,W7016,226,48,32,14,2025-11-10
I111,P2574,W7291,270,21,18,14,2026-01-07
I112,P6170,W9978,799,83,74,7,2026-03-12
I113,P5531,W7609,572,54,47,10,2026-04-26
I114,P6786,W8049,195,107,16,0,2026-05-25
I115,P9308,W8627,510,13,76,19,2025-08-26
I116,P4713,W8170,125,51,10,0,2025-10-01
I117,P8975,W1050,575,129,68,1,2025-09-20
I118,P319,W6135,395,47,73,11,2025-06-12
I119,P1557,W4422,229,11,32,13,2025-10-06
I120,P9586,W9084,791,135,58,19,2025-10-27
I121,P3804,W5542,566,200,87,2,2025-09-25
I122,P9090,W8983,353,56,76,11,2025-12-04
I123,P8316,W6775,62,188,14,12,2025-10-08
I124,P65,W7408,493,152,17,9,2025-08-27
I125,P9658,W5594,136,167,41,19,2025-08-29
I126,P2530,W2104,292,74,27,20,2025-06-14
I127,P9445,W8448,392,32,70,16,2026-01-30
I128,P1504,W6677,609,73,31,10,2025-07-13
I129,P9350,W6733,650,170,96,16,2025-08-02
I130,P3832,W9923,283,77,47,5,2026-04-06
I131,P6237,W1092,338,61,91,7,2025-07-19
I132,P5054,W5872,315,134,86,7,2025-06-18
I133,P3748,W9404,449,184,73,20,2026-02-17
I134,P2401,W8476,923,37,28,7,2025-09-08
I135,P5441,W539,161,100,40,15,2026-02-03
I136,P6382,W5124,690,181,23,20,2025-11-25
I137,P3082,W6421,752,97,74,20,2025-12-18
I138,P3454,W5264,730,109,51,18,2025-11-22
I139,P3229,W291,660,163,38,3,2025-07-12
I140,P9163,W9564,342,191,47,4,2026-05-05
I141,P8196,W3360,670,28,32,2,2026-01-21
I142,P7025,W9781,208,90,54,14,2026-01-05
I143,P7685,W6110,312,24,13,15,2025-06-17
I144,P8124,W6339,447,171,89,19,2025-07-10
I145,P641,W6791,594,146,76,18,2026-03-11
I146,P6050,W4037,19,60,34,5,2025-12-06
I147,P237,W1783,58,25,27,19,2026-04-24
I148,P7934,W7868,27,30,74,18,2025-09-12
I149,P9448,W3485,186,91,53,20,2025-11-29
I150,P5488,W3470,184,26,49,12,2025-07-30
I151,P9064,W7285,258,102,99,6,2025-07-19
I152,P1732,W2664,529,17,30,14,2026-03-18
I153,P7946,W117,216,37,88,0,2026-03-09
I154,P1898,W2610,403,192,95,10,2025-12-30
I155,P7479,W3529,246,200,26,4,2025-11-14
I156,P793,W5849,513,51,73,2,2025-11-29
I157,P1572,W812,182,194,13,10,2025-09-14
I158,P8316,W9891,73,45,99,8,2026-03-14
I159,P9173,W5659,242,42,61,8,2026-04-09
I160,P6944,W5681,746,55,7,19,2025-09-17
I161,P9809,W6864,135,37,54,7,2025-09-08
I162,P531,W4592,122,69,98,5,2026-04-02
I163,P2778,W7941,948,186,82,16,2025-10-02
I164,P1124,W8422,551,81,21,4,2025-07-24
I165,P3626,W1948,854,67,90,15,2025-11-05
I166,P313,W8715,216,194,24,16,2025-06-23
I167,P6971,W2018,168,57,31,11,2025-07-05
I168,P8190,W1148,666,167,29,0,2025-12-24
I169,P2202,W5282,673,129,89,7,2026-01-13
I170,P9588,W7289,404,68,5,17,2025-05-29
I171,P4068,W8795,845,141,91,19,2025-07-05
I172,P5269,W8463,346,172,75,19,2026-01-01
I173,P739,W2519,420,87,37,11,2025-08-28
I174,P6647,W466,809,105,91,14,2025-09-14
I175,P9941,W1901,822,69,100,8,2025-09-12
I176,P4583,W926,928,119,94,19,2026-03-04
I177,P4179,W8599,169,11,58,6,2026-04-12
I178,P823,W9721,483,98,83,19,2026-03-27
I179,P4172,W8392,561,73,40,13,2025-11-03
I180,P9502,W2164,311,87,10,20,2025-06-01
I181,P6613,W1132,240,194,86,1,2026-01-31
I182,P8571,W9569,389,40,10,5,2025-09-17
I183,P7951,W6603,204,46,54,12,2025-06-05
I184,P6690,W7410,657,119,13,5,2025-08-01
I185,P8957,W3283,850,170,94,19,2026-04-02
I186,P2543,W5450,91,140,96,3,2025-07-03
I187,P8936,W4594,373,86,70,14,2025-07-30
I188,P9831,W6353,109,193,99,4,2026-03-10
I189,P198,W937,705,95,13,13,2025-06-11
I190,P7918,W31,388,38,55,4,2025-11-25
I191,P1631,W4695,373,146,52,14,2025-10-14
I192,P1734,W4519,774,46,40,11,2026-02-26
I193,P6205,W1259,721,99,63,3,2026-05-26
I194,P7970,W5794,691,64,44,3,2025-07-30
I195,P9186,W5368,600,11,100,9,2025-11-27
I196,P1677,W775,508,48,90,0,2026-02-28
I197,P3164,W3354,58,54,44,14,2025-07-20
I198,P3199,W6828,145,198,99,3,2026-03-17
I199,P4153,W1703,10,83,94,0,2025-09-26
I200,P390,W3273,911,130,59,6,2025-11-27
I201,P9107,W267,609,101,42,13,2025-11-19
I202,P6867,W694,452,70,65,9,2025-09-21
I203,P462,W7709,49,100,39,12,2026-05-16
I204,P4976,W1234,488,80,71,15,2025-06-06
I205,P6985,W2743,144,90,50,16,2025-11-17
I206,P5107,W1857,42,108,72,10,2025-06-25
I207,P3031,W4012,173,72,9,4,2026-05-19
I208,P8981,W1551,252,56,88,15,2025-10-22
I209,P7884,W7080,319,177,37,10,2025-12-03
I210,P8735,W2974,771,179,100,8,2025-09-22
I211,P6061,W8872,992,110,7,8,2025-11-29
I212,P6162,W2420,187,114,84,20,2026-04-27
I213,P1037,W9,6,40,99,18,2025-05-30
I214,P5855,W6383,224,45,47,7,2026-05-26
I215,P3752,W8118,108,12,54,6,2025-06-02
I216,P6513,W5823,710,158,93,20,2025-12-11
I217,P8868,W5496,277,87,10,16,2025-10-29
I218,P5815,W9949,896,154,79,15,2025-11-03
I219,P1081,W3127,17,167,20,5,2026-05-03
I220,P1975,W3146,536,168,14,0,2025-07-09
I221,P5117,W8739,603,184,80,5,2025-07-25
I222,P9756,W5734,826,28,31,0,2025-10-06
I223,P1771,W9817,235,115,59,3,2026-04-12
I224,P6356,W5171,987,118,89,3,2025-08-06
I225,P7544,W7570,691,31,61,12,2025-10-24
I226,P7441,W1456,288,166,6,4,2026-03-24
I227,P1177,W4301,758,48,63,3,2025-10-02
I228,P9025,W9864,391,22,30,8,2025-07-15
I229,P555,W9104,875,35,20,6,2026-04-20
I230,P1115,W5036,709,83,76,10,2026-04-10
I231,P2604,W7882,852,39,70,17,2026-02-20
I232,P3570,W931,950,87,25,0,2025-06-01
I233,P5452,W7428,138,54,100,13,2026-03-11
I234,P4347,W2252,157,55,91,16,2025-07-22
I235,P1080,W4788,224,113,70,19,2025-11-10
I236,P355,W763,286,90,98,2,2025-08-01
I237,P6756,W933,304,125,75,1,2026-02-26
I238,P1691,W5485,932,112,96,16,2025-08-19
I239,P2537,W7193,119,47,25,3,2025-09-18
I240,P7619,W758,784,11,69,9,2025-09-24
I241,P9453,W3338,100,97,95,2,2026-01-18
I242,P562,W701,923,147,52,2,2026-04-01
I243,P9339,W7756,94,87,48,19,2026-05-20
I244,P1605,W9528,552,117,29,19,2026-03-07
I245,P6401,W8376,387,117,53,2,2025-11-09
I246,P3561,W180,965,182,45,14,2025-11-28
I247,P7289,W4827,531,15,94,5,2026-04-15
I248,P9631,W8819,693,196,47,3,2025-05-28
I249,P1068,W6090,167,114,49,3,2025-07-20
I250,P9559,W4791,854,39,81,19,2026-02-26
I251,P5833,W8407,360,178,13,6,2025-10-17
I252,P1682,W578,693,39,58,4,2025-10-31
I253,P2887,W7674,359,107,39,18,2025-09-22
I254,P1407,W8925,282,95,28,19,2025-07-06
I255,P3862,W4980,516,130,51,17,2025-08-01
I256,P5303,W7018,760,188,90,19,2025-09-23
I257,P446,W35,79,119,17,2,2026-05-03
I258,P5151,W1012,803,126,44,12,2025-09-15
I259,P9910,W7390,143,125,67,11,2026-04-02
I260,P6951,W9580,557,67,9,15,2026-01-06
I261,P1768,W9759,101,139,49,17,2025-09-21
I262,P3317,W1828,814,79,91,15,2025-06-11
I263,P2016,W8458,720,39,66,7,2025-09-23
I264,P3870,W872,747,129,49,10,2025-12-05
I265,P5143,W5815,813,99,30,6,2025-09-25
I266,P6263,W7133,674,79,56,0,2025-12-16
I267,P200,W6627,219,29,18,1,2026-01-26
I268,P359,W9383,55,150,87,9,2025-08-12
I269,P3278,W6325,180,87,70,10,2026-04-04
I270,P5350,W3961,993,182,34,7,2025-11-02
I271,P1701,W2413,958,35,18,12,2026-03-20
I272,P6074,W8331,170,195,78,12,2025-10-18
I273,P4477,W9235,643,190,59,2,2025-06-19
I274,P5049,W5170,125,110,43,1,2025-07-14
I275,P1826,W1309,289,30,89,0,2025-05-28
I276,P9976,W7407,146,66,45,14,2025-08-10
I277,P9185,W640,714,171,5,7,2025-12-19
I278,P1066,W1994,880,113,20,1,2025-10-09
I279,P7488,W329,561,25,68,17,2025-05-31
I280,P5241,W4939,844,153,89,12,2025-10-19
I281,P9590,W3033,714,57,34,3,2026-04-13
I282,P2374,W5178,245,65,12,8,2025-07-27
I283,P2147,W7232,452,178,25,10,2025-05-28
I284,P4816,W5597,611,185,37,2,2026-01-05
I285,P4441,W198,127,46,75,18,2025-11-03
I286,P8700,W7845,1000,148,82,0,2025-12-09
I287,P4745,W8199,257,37,25,2,2026-01-01
I288,P2456,W7685,156,10,79,17,2025-11-23
I289,P5714,W3500,729,83,54,4,2025-12-09
I290,P8507,W92,731,165,36,8,2025-11-02
I291,P7258,W6326,753,134,43,19,2025-12-29
I292,P7096,W318,330,19,93,7,2025-12-13
I293,P7334,W5472,382,146,91,1,2025-11-03
I294,P8778,W501,122,111,66,7,2025-11-25
I295,P2782,W1807,818,160,84,14,2025-06-09
I296,P6286,W9675,882,101,8,10,2025-11-18
I297,P2919,W8464,786,41,30,3,2025-08-11
I298,P9890,W9651,273,34,29,9,2025-08-05
I299,P8230,W235,191,24,18,4,2026-03-15
I300,P8776,W2683,635,156,40,20,2025-07-28
I301,P7893,W6044,68,56,79,17,2026-04-13
I302,P353,W1475,641,87,26,6,2025-09-14
I303,P3031,W4973,222,94,70,16,2025-10-05
I304,P6613,W6549,867,145,42,0,2026-01-10
I305,P7170,W2809,283,144,75,19,2026-01-07
I306,P9062,W7973,38,50,83,16,2026-03-18
I307,P9201,W297,116,38,20,7,2025-10-15
I308,P368,W8030,350,78,36,15,2025-09-20
I309,P7911,W7875,50,180,90,14,2026-05-23
I310,P2043,W7626,348,169,53,2,2026-02-14
I311,P8571,W8022,481,102,36,10,2026-04-29
I312,P167,W8713,73,106,74,15,2026-04-19
I313,P8887,W3234,613,196,22,20,2026-03-17
I314,P1178,W5197,627,109,99,9,2025-06-05
I315,P2274,W9450,669,164,84,19,2026-02-19
I316,P7686,W5011,848,127,5,20,2026-05-13
I317,P8023,W1628,322,137,86,3,2025-06-10
I318,P4482,W8931,108,198,34,0,2026-02-04
I319,P7354,W6241,640,191,57,3,2025-10-29
I320,P202,W4513,205,58,47,12,2025-10-14
I321,P4409,W5688,230,200,41,1,2025-08-17
I322,P494,W3389,535,55,91,16,2026-01-06
I323,P6201,W5913,383,110,65,18,2025-11-27
I324,P3652,W1527,529,28,25,10,2026-03-24
I325,P4744,W8383,557,166,58,13,2026-03-06
I326,P9229,W9901,696,139,13,17,2025-09-20
I327,P3995,W5362,547,166,64,19,2025-08-10
I328,P9135,W4449,654,11,11,17,2026-01-16
I329,P5634,W7388,412,67,33,19,2026-04-17
I330,P7880,W8237,973,184,60,1,2026-03-13
I331,P5039,W6290,652,187,45,19,2026-04-28
I332,P4881,W4362,430,11,19,12,2026-04-23
I333,P5342,W3422,877,62,88,2,2025-12-25
I334,P9639,W9718,820,140,36,15,2025-07-31
I335,P2678,W2086,144,42,62,14,2025-11-12
I336,P8460,W4299,654,194,14,15,2026-05-10
I337,P2082,W8885,115,173,50,14,2025-09-17
I338,P2496,W8909,53,103,10,14,2025-07-03
I339,P5857,W4145,924,155,79,6,2025-10-15
I340,P7122,W7254,190,46,22,11,2026-01-30
I341,P3424,W9463,266,47,37,19,2025-12-20
I342,P5495,W4030,57,18,23,11,2025-06-14
I343,P3201,W79,782,180,12,8,2025-08-05
I344,P410,W7736,533,120,5,8,2025-11-24
I345,P4334,W9416,947,100,96,7,2025-09-06
I346,P511,W8460,509,27,73,17,2025-05-28
I347,P8764,W7187,541,112,21,14,2026-02-06
I348,P8972,W199,128,151,48,10,2025-07-20
I349,P9753,W4085,336,62,89,0,2025-06-16
I350,P9402,W5292,402,65,88,13,2026-04-09
I351,P4215,W6532,574,80,52,13,2025-09-11
I352,P6640,W1684,84,34,10,8,2026-01-03
I353,P3550,W2359,612,25,100,17,2026-03-06
I354,P7192,W263,703,166,8,20,2025-06-22
I355,P8681,W1407,628,102,31,20,2025-08-10
I356,P6759,W4592,767,197,95,2,2026-05-07
I357,P4437,W2494,72,19,82,9,2026-01-06
I358,P6049,W4575,953,56,82,1,2026-03-08
I359,P7522,W5348,616,13,19,12,2025-06-16
I360,P5784,W1667,663,101,31,12,2025-08-09
I361,P8975,W6011,948,115,68,15,2025-11-01
I362,P431,W9969,639,185,25,15,2025-07-19
I363,P6819,W6198,167,14,8,10,2025-08-22
I364,P5755,W9975,46,186,67,3,2026-03-04
I365,P9775,W4914,636,54,56,0,2025-06-27
I366,P5169,W702,8,187,53,7,2025-10-31
I367,P6989,W3127,952,33,44,6,2025-11-06
I368,P4362,W9800,905,76,57,13,2026-05-14
I369,P9178,W9271,819,127,99,9,2025-07-11
I370,P4091,W8909,770,160,31,12,2026-05-07
I371,P7377,W8603,70,82,9,10,2025-07-28
I372,P7558,W4547,872,140,49,13,2025-09-20
I373,P9935,W792,897,173,48,18,2026-03-19
I374,P3903,W5421,271,141,15,15,2026-01-02
I375,P475,W2845,449,76,80,18,2025-11-04
I376,P1068,W447,738,41,54,19,2026-01-20
I377,P5499,W3883,742,194,96,17,2026-03-13
I378,P7259,W8708,856,198,54,6,2025-08-02
I379,P2382,W6573,747,106,81,20,2025-12-28
I380,P7504,W6994,686,181,27,2,2025-06-21
I381,P239,W7987,467,74,48,14,2025-10-17
I382,P3120,W5415,286,79,43,5,2026-05-25
I383,P6307,W1436,825,154,49,11,2026-02-23
I384,P9023,W4411,184,65,15,15,2025-11-07
I385,P6334,W1935,763,191,53,9,2025-11-13
I386,P5503,W2372,961,137,96,18,2025-09-11
I387,P5284,W4746,159,161,63,2,2025-10-22
I388,P4229,W5985,748,136,99,16,2025-10-23
I389,P5526,W7336,919,69,40,13,2025-11-13
I390,P3925,W29,275,41,31,20,2025-07-19
I391,P8683,W9252,950,129,32,9,2025-10-06
I392,P6704,W4593,963,21,46,7,2025-08-24
I393,P2545,W457,818,81,51,1,2025-09-11
I394,P3414,W5307,778,89,76,12,2025-07-30
I395,P5703,W7915,183,93,27,19,2025-09-15
I396,P8917,W503,386,92,90,16,2025-11-11
I397,P7732,W1769,186,93,55,6,2025-07-04
I398,P539,W7025,453,33,13,5,2026-05-11
I399,P2043,W2998,19,141,91,0,2025-12-13
I400,P6055,W6816,801,73,41,5,2026-05-17
I401,P2403,W8777,909,185,73,5,2026-05-26
I402,P4573,W5814,257,10,45,1,2025-12-24
I403,P6314,W1956,72,131,83,3,2026-03-14
I404,P6269,W506,612,139,63,5,2026-04-18
I405,P6591,W5724,855,102,26,9,2025-06-12
I406,P1777,W5773,978,63,76,3,2025-08-19
I407,P1647,W3321,89,147,37,5,2025-07-29
I408,P8689,W4699,722,197,17,9,2026-04-22
I409,P3141,W6970,658,44,26,18,2025-06-09
I410,P4048,W9620,881,42,90,0,2025-10-13
I411,P5750,W2006,111,89,30,20,2026-02-19
I412,P1962,W4152,524,120,12,18,2026-03-23
I413,P9771,W5449,951,28,41,6,2025-07-27
I414,P1352,W9795,797,161,75,0,2025-06-13
I415,P4563,W905,786,30,9,15,2025-06-29
I416,P9387,W2030,124,114,75,8,2025-07-07
I417,P3338,W8325,340,199,48,8,2025-09-11
I418,P6684,W6219,617,96,93,8,2025-07-05
I419,P688,W9095,864,79,62,0,2026-01-01
I420,P224,W2976,39,104,71,2,2026-05-02
I421,P5778,W3936,884,102,94,1,2026-01-27
I422,P3116,W6818,523,195,98,1,2025-12-16
I423,P7933,W5287,754,58,15,3,2025-10-27
I424,P9774,W760,901,181,12,2,2025-11-25
I425,P9747,W5903,216,161,35,4,2025-08-14
I426,P5489,W4311,279,95,82,2,2025-07-28
I427,P3043,W1259,316,129,30,2,2026-02-16
I428,P2335,W4593,647,39,99,19,2025-07-01
I429,P7788,W5490,898,76,80,5,2026-02-28
I430,P4752,W4336,848,177,54,10,2025-09-08
I431,P3002,W2761,365,133,51,11,2026-01-25
I432,P9198,W5420,974,64,6,7,2025-12-20
I433,P2845,W9579,302,43,52,20,2026-03-09
I434,P2724,W2566,504,53,33,17,2026-01-02
I435,P2614,W49,122,27,36,10,2025-08-16
I436,P3113,W1679,454,34,33,6,2025-10-14
I437,P8008,W4172,312,165,53,10,2025-07-02
I438,P4673,W4228,299,32,29,19,2025-11-23
I439,P7870,W9945,688,174,24,1,2026-02-14
I440,P7348,W3807,229,49,20,9,2026-02-21
I441,P2280,W8664,127,147,34,18,2026-03-24
I442,P592,W5681,366,163,71,1,2026-01-20
I443,P3613,W3347,219,94,44,18,2025-08-15
I444,P2350,W3434,287,105,86,3,2026-02-04
I445,P953,W4662,793,117,52,13,2025-08-07
I446,P9236,W6836,703,111,6,11,2025-07-17
I447,P1323,W9518,93,98,45,18,2025-07-12
I448,P5333,W3136,953,191,38,5,2026-05-19
I449,P5538,W9766,218,32,62,17,2025-05-29
I450,P5097,W6987,448,200,67,6,2026-01-26
I451,P9421,W6751,896,135,76,3,2026-02-28
I452,P7676,W3845,597,51,90,4,2025-11-20
I453,P3132,W6318,729,170,25,16,2026-03-21
I454,P4772,W7395,428,155,27,16,2026-04-02
I455,P5482,W2445,848,171,22,1,2025-08-21
I456,P6014,W1688,521,81,8,1,2025-08-26
I457,P4027,W9493,558,61,15,7,2026-01-09
I458,P8468,W2360,770,36,33,7,2026-05-13
I459,P6155,W4715,129,38,75,15,2025-12-22
I460,P9784,W295,212,139,91,19,2025-12-26
I461,P6196,W5597,510,96,8,8,2025-07-23
I462,P4657,W5594,806,156,73,15,2025-05-30
I463,P6393,W3022,11,27,98,14,2026-04-17
I464,P8370,W9925,583,17,67,18,2025-10-29
I465,P2047,W8498,327,191,27,3,2026-04-27
I466,P9914,W6794,241,96,56,0,2025-12-31
I467,P2267,W8396,979,124,26,3,2026-03-17
I468,P2451,W9992,772,164,22,6,2025-07-16
I469,P1178,W6517,751,20,62,9,2026-05-15
I470,P95,W220,211,168,8,2,2025-08-11
I471,P7599,W6669,312,21,44,11,2026-03-05
I472,P8185,W5310,487,87,48,20,2026-04-21
I473,P8876,W1853,967,122,17,13,2025-07-14
I474,P2620,W5997,848,51,53,0,2026-04-15
I475,P7911,W8079,280,55,84,18,2025-05-29
I476,P3528,W2351,782,70,18,12,2025-07-02
I477,P9925,W4973,243,121,79,0,2025-06-23
I478,P3067,W7691,670,77,12,4,2025-08-28
I479,P2964,W8456,661,37,78,13,2026-01-04
I480,P5558,W6983,873,14,67,14,2025-07-06
I481,P4764,W250,521,56,35,2,2025-11-04
I482,P7006,W3770,678,75,84,5,2026-04-28
I483,P1897,W8325,689,22,67,10,2025-10-18
I484,P4116,W2954,350,181,26,13,2025-08-08
I485,P1905,W9239,117,85,54,9,2025-06-01
I486,P2712,W747,577,73,9,8,2026-05-09
I487,P4376,W8016,330,17,52,19,2026-04-24
I488,P9082,W4015,7,108,21,5,2026-02-24
I489,P9049,W7411,765,175,16,12,2025-10-09
I490,P6858,W7618,632,22,76,20,2025-10-23
I491,P6528,W7694,239,101,83,18,2025-12-03
I492,P8155,W9318,389,46,95,6,2026-04-08
I493,P626,W2646,958,96,61,7,2025-11-27
I494,P7429,W3148,339,165,99,3,2025-08-11
I495,P2377,W6563,187,44,39,14,2026-01-12
I496,P5729,W5529,397,39,12,4,2026-01-25
I497,P8770,W6907,480,193,40,15,2026-05-01
I498,P7386,W6359,896,87,91,6,2026-02-10
I499,P7074,W8735,838,104,97,18,2025-08-05
I500,P5634,W7029,629,39,6,10,2025-09-22
I501,P9537,W5867,169,67,39,3,2025-12-02
I502,P8195,W2315,743,11,45,4,2025-10-30
I503,P4822,W9392,949,93,48,14,2025-07-21
I504,P3527,W9595,973,79,86,10,2025-10-09
I505,P9573,W8331,216,45,82,10,2025-06-15
I506,P1764,W4298,470,146,13,20,2025-07-28
I507,P4432,W2861,316,144,58,9,2026-03-30
I508,P1319,W6512,925,31,5,8,2025-10-24
I509,P268,W6218,44,28,51,0,2026-02-22
I510,P9978,W8568,651,57,19,4,2026-03-21
I511,P1220,W5248,863,79,75,4,2026-02-16
I512,P6941,W6901,840,165,72,3,2026-04-05
I513,P4839,W5822,510,105,84,2,2026-02-27
I514,P713,W445,557,151,43,3,2025-06-19
I515,P8242,W8245,74,39,59,3,2026-01-05
I516,P7521,W3627,291,86,10,15,2026-02-01
I517,P9237,W5213,610,12,23,7,2025-09-05
I518,P9605,W8785,404,76,94,12,2025-07-30
I519,P4878,W9035,894,44,44,4,2025-07-05
I520,P3016,W3046,622,114,63,7,2025-11-12
I521,P2628,W4932,357,29,28,10,2025-08-06
I522,P2122,W5533,403,164,71,8,2026-02-18
I523,P8724,W2828,403,181,79,2,2025-07-03
I524,P4720,W6855,344,10,87,18,2026-05-03
I525,P4007,W5317,303,149,100,13,2026-02-23
I526,P8354,W2696,351,162,52,20,2026-03-13
I527,P8610,W4986,153,140,29,11,2026-04-10
I528,P4845,W910,790,46,67,12,2025-10-06
I529,P9381,W215,118,73,81,13,2026-04-09
I530,P896,W2894,482,93,13,1,2025-12-13
I531,P2220,W5616,358,195,61,1,2026-05-10
I532,P9544,W2616,72,169,42,15,2026-01-14
I533,P5572,W8756,57,139,95,3,2025-06-13
I534,P942,W8622,896,153,84,1,2025-12-17
I535,P6833,W5096,735,79,86,16,2026-04-17
I536,P1498,W736,486,71,69,17,2025-06-02
I537,P3650,W5435,369,128,46,4,2025-09-07
I538,P8301,W7667,502,195,65,11,2026-01-02
I539,P1283,W4085,284,35,62,20,2026-01-03
I540,P8305,W135,9,161,63,4,2025-09-19
I541,P8382,W9914,999,45,58,15,2026-03-08
I542,P679,W9921,242,71,29,11,2026-01-31
I543,P6626,W8026,823,159,11,5,2025-08-29
I544,P7109,W334,773,45,32,8,2025-12-06
I545,P5541,W1803,436,52,50,18,2025-09-02
I546,P335,W1422,992,184,13,10,2026-01-25
I547,P9874,W5762,816,38,53,1,2026-03-15
I548,P6363,W701,26,192,27,5,2026-02-24
I549,P5800,W774,286,14,81,3,2025-07-16
I550,P4311,W7647,383,170,26,1,2025-07-10
I551,P1882,W3345,143,10,43,17,2026-05-13
I552,P4168,W9552,708,109,83,7,2025-07-11
I553,P9379,W396,217,74,70,9,2026-02-21
I554,P9360,W8107,284,144,68,4,2026-03-13
I555,P8963,W1604,272,56,52,17,2026-02-23
I556,P3025,W5374,271,180,93,18,2025-10-31
I557,P4482,W637,538,193,59,3,2026-02-27
I558,P208,W5715,540,101,69,17,2025-06-12
I559,P9386,W4556,262,84,62,11,2025-08-09
I560,P1055,W9691,185,175,14,0,2026-01-10
I561,P1821,W1872,644,23,78,19,2025-08-15
I562,P4708,W8904,834,99,99,20,2026-04-04
I563,P2227,W4799,876,199,37,5,2025-11-04
I564,P3081,W1197,16,49,35,3,2026-03-29
I565,P3655,W6331,731,145,11,13,2026-01-20
I566,P2233,W1483,728,191,15,13,2025-10-31
I567,P8394,W6291,832,29,43,18,2025-09-08
I568,P5742,W6978,692,50,86,14,2026-02-27
I569,P7790,W1023,555,147,7,6,2026-05-08
I570,P8721,W1747,877,51,24,15,2026-02-26
I571,P7070,W9737,667,19,93,10,2026-04-06
I572,P3009,W6847,403,144,24,0,2025-07-28
I573,P5179,W6729,141,175,7,13,2025-08-10
I574,P895,W2724,801,10,74,16,2026-04-11
I575,P6104,W6423,694,167,34,14,2025-09-14
I576,P1794,W2132,469,193,10,13,2025-06-21
I577,P4553,W2097,874,83,16,3,2026-02-25
I578,P4794,W3202,720,96,31,19,2025-12-20
I579,P1376,W2215,630,169,60,7,2026-02-05
I580,P6250,W895,295,145,5,2,2025-09-21
I581,P8786,W7687,443,68,79,11,2025-08-21
I582,P4767,W1368,3,148,81,11,2026-04-30
I583,P975,W6991,459,197,17,8,2025-09-20
I584,P5710,W5468,179,141,33,2,2026-03-10
I585,P7746,W8993,175,38,37,10,2025-09-03
I586,P425,W7479,694,83,12,8,2025-10-10
I587,P7854,W6128,569,120,31,18,2026-03-11
I588,P5752,W8731,38,119,73,18,2025-12-05
I589,P4234,W6642,64,172,32,0,2026-03-06
I590,P5750,W7115,553,27,17,1,2025-07-01
I591,P5056,W8617,799,40,98,13,2026-04-28
I592,P6792,W8121,693,106,40,7,2025-09-17
I593,P183,W2782,184,61,53,11,2026-04-01
I594,P9056,W3247,869,68,17,7,2026-04-09
I595,P4830,W5220,899,195,96,6,2025-11-01
I596,P7343,W7775,220,27,66,11,2026-05-15
I597,P3285,W3602,514,75,91,10,2025-08-01
I598,P918,W77,577,130,25,20,2026-03-20
I599,P3622,W2337,788,51,16,7,2025-12-11
I600,P4386,W2212,725,194,52,12,2025-11-23
I601,P5718,W6362,753,54,88,9,2025-10-02
I602,P3448,W7608,98,129,28,7,2026-04-07
I603,P4765,W7375,67,91,71,1,2025-08-04
I604,P2205,W1524,548,24,63,15,2025-09-15
I605,P2273,W8189,657,10,64,9,2026-03-05
I606,P5822,W9040,97,53,22,20,2025-08-03
I607,P3242,W1040,813,132,61,12,2025-11-04
I608,P6466,W7941,126,143,57,0,2025-07-03
I609,P9155,W3251,756,98,59,10,2025-09-01
I610,P7283,W3003,31,78,52,17,2025-08-14
I611,P5458,W2672,527,93,29,3,2026-02-22
I612,P6905,W4918,81,29,34,10,2025-06-16
I613,P7949,W5403,287,155,97,19,2026-04-02
I614,P7564,W4148,598,144,70,1,2026-05-17
I615,P7485,W6633,716,115,69,0,2026-05-10
I616,P7557,W5922,90,54,19,14,2026-01-04
I617,P1889,W4080,600,163,21,12,2026-02-03
I618,P5088,W748,743,118,89,15,2025-06-04
I619,P9524,W8136,160,191,94,16,2026-04-03
I620,P7188,W4842,308,23,52,20,2025-12-26
I621,P3837,W5310,806,176,80,19,2025-11-04
I622,P7085,W5620,360,63,50,2,2025-10-10
I623,P51,W9872,480,130,37,19,2026-04-04
I624,P7482,W8403,922,96,83,14,2025-12-28
I625,P5697,W7427,436,38,39,6,2026-03-01
I626,P5215,W3186,408,99,41,11,2025-09-08
I627,P3041,W6136,580,199,30,13,2025-06-21
I628,P6150,W2526,936,108,67,12,2025-11-29
I629,P2004,W1274,673,145,7,15,2025-10-07
I630,P6619,W9830,922,200,88,6,2025-07-06
I631,P5834,W1896,634,163,18,16,2025-07-25
I632,P530,W9202,753,18,92,4,2026-03-29
I633,P6041,W6723,239,144,92,19,2026-04-05
I634,P4298,W776,58,81,87,20,2025-12-31
I635,P5547,W3092,484,29,8,2,2026-05-09
I636,P2572,W3393,303,69,59,5,2025-10-26
I637,P5067,W2503,172,189,29,15,2025-07-31
I638,P4163,W9996,722,28,6,4,2025-08-16
I639,P9476,W9474,62,118,23,2,2026-01-13
I640,P5799,W7462,661,98,54,10,2026-05-23
I641,P8627,W6964,789,59,84,19,2026-01-18
I642,P6275,W6962,338,163,30,8,2025-07-09
I643,P4624,W5693,516,153,64,2,2026-02-26
I644,P6143,W2431,938,180,39,19,2025-12-13
I645,P4267,W1781,953,149,73,5,2026-02-16
I646,P9848,W1382,314,127,91,2,2025-05-30
I647,P3368,W2582,506,165,60,5,2025-10-04
I648,P7456,W6358,923,33,38,17,2025-11-21
I649,P6858,W9257,605,178,17,13,2026-03-12
I650,P5737,W6389,151,200,39,14,2025-06-19
I651,P2702,W1579,681,178,84,3,2026-04-20
I652,P5745,W4609,322,200,51,10,2025-10-23
I653,P4271,W8361,138,116,61,0,2026-02-07
I654,P5852,W1616,138,12,24,5,2025-07-17
I655,P7832,W294,587,188,27,4,2026-05-27
I656,P9106,W7747,918,28,78,11,2026-02-24
I657,P1,W5256,644,171,53,7,2026-04-12
I658,P4102,W6782,945,105,89,18,2026-01-08
I659,P9581,W68,42,69,31,18,2026-03-10
I660,P780,W3217,803,58,12,20,2026-02-05
I661,P8897,W5167,782,69,22,1,2026-03-29
I662,P159,W6250,297,31,90,2,2025-07-13
I663,P3852,W6675,585,149,93,3,2025-06-10
I664,P1591,W5265,201,144,97,1,2025-11-22
I665,P6845,W3642,178,172,49,3,2025-12-27
I666,P5776,W8278,767,99,65,13,2026-02-15
I667,P391,W8958,55,44,12,2,2025-12-19
I668,P7092,W5861,726,132,11,18,2025-10-09
I669,P7831,W7455,271,107,55,2,2025-06-14
I670,P6953,W6875,563,101,81,13,2025-10-27
I671,P6110,W4638,860,108,95,10,2025-09-20
I672,P7714,W1662,530,142,87,4,2025-06-06
I673,P2148,W8027,217,26,96,5,2026-01-13
I674,P7318,W7793,570,94,95,6,2025-11-15
I675,P3461,W9165,981,125,31,16,2026-02-10
I676,P8776,W3656,49,137,13,2,2026-03-09
I677,P4631,W7093,811,36,38,20,2026-01-07
I678,P6240,W8028,48,107,47,6,2025-09-06
I679,P910,W8993,802,141,59,8,2025-11-17
I680,P4865,W9022,167,68,72,3,2025-10-01
I681,P1890,W2334,677,42,60,1,2026-03-27
I682,P1058,W3454,231,127,55,17,2025-12-11
I683,P5265,W2009,273,28,93,16,2025-12-25
I684,P1137,W4538,23,26,99,16,2025-08-10
I685,P1478,W4146,123,42,67,7,2025-11-27
I686,P5443,W9267,713,128,19,15,2026-03-08
I687,P3636,W9149,431,199,45,1,2025-12-06
I688,P2,W9744,674,74,14,11,2025-10-25
I689,P9304,W2571,366,55,60,1,2025-08-09
I690,P815,W6632,522,10,26,10,2025-06-26
I691,P8646,W3664,792,137,73,14,2025-06-03
I692,P6709,W5829,414,130,76,15,2026-03-26
I693,P663,W5084,44,77,34,2,2026-04-14
I694,P1288,W1276,826,41,23,0,2025-08-29
I695,P5301,W9227,48,65,42,0,2025-06-26
I696,P4226,W4495,829,75,35,0,2025-11-08
I697,P1088,W8425,584,197,53,1,2025-09-29
I698,P7997,W319,509,136,76,9,2026-01-24
I699,P8272,W8686,497,178,89,19,2025-11-10
I700,P8438,W7443,482,198,99,8,2026-04-28
I701,P9643,W8377,149,35,98,14,2026-04-13
I702,P1672,W9154,227,47,36,13,2025-11-15
I703,P1806,W3609,195,187,60,5,2026-03-07
I704,P5860,W4408,277,85,5,5,2026-04-01
I705,P4247,W1348,95,156,27,1,2025-06-21
I706,P5116,W6003,297,25,61,10,2025-08-08
I707,P206,W3080,61,25,38,0,2026-04-12
I708,P7270,W3412,271,190,22,16,2025-08-05
I709,P1138,W3327,52,141,43,10,2026-05-04
I710,P3440,W4059,227,61,91,16,2026-03-04
I711,P7706,W4158,322,139,54,1,2026-05-19
I712,P8363,W7334,811,48,58,11,2026-04-22
I713,P4935,W863,380,80,6,9,2025-07-09
I714,P646,W4532,16,24,88,6,2025-07-16
I715,P9510,W4807,209,126,73,4,2025-11-11
I716,P7238,W7429,477,55,41,4,2025-12-28
I717,P5081,W9608,320,199,25,5,2025-11-12
I718,P8944,W9102,111,21,28,17,2025-11-24
I719,P7871,W1401,256,101,30,19,2026-03-16
I720,P1952,W7679,30,116,54,1,2026-01-26
I721,P8580,W1989,664,14,81,17,2026-01-30
I722,P120,W2234,264,135,62,4,2025-12-05
I723,P400,W6219,381,10,47,11,2026-05-25
I724,P9629,W2336,659,59,83,11,2026-02-27
I725,P7926,W9908,26,153,38,12,2025-09-19
I726,P6933,W4751,26,54,17,14,2026-05-21
I727,P5659,W6277,945,104,25,14,2025-11-09
I728,P8913,W6963,311,120,6,20,2025-07-26
I729,P3568,W5991,769,200,64,9,2025-08-05
I730,P2806,W87,651,177,95,19,2025-12-12
I731,P4885,W380,845,69,6,0,2026-05-25
I732,P3305,W9704,14,146,26,1,2026-05-14
I733,P4869,W8094,125,120,12,18,2025-06-26
I734,P2912,W1416,441,23,33,20,2025-09-07
I735,P8896,W9011,0,23,65,17,2026-05-16
I736,P6504,W9340,961,155,17,19,2025-12-27
I737,P4592,W4296,266,95,44,1,2026-01-31
I738,P6848,W405,763,101,38,7,2025-06-17
I739,P9120,W7146,773,137,56,15,2025-07-05
I740,P9172,W6508,887,185,15,5,2025-10-06
I741,P8784,W9739,300,158,7,20,2025-09-22
I742,P3583,W2727,169,161,16,18,2025-07-30
I743,P7820,W707,276,33,49,14,2026-02-27
I744,P128,W6045,328,177,96,20,2025-07-07
I745,P9938,W5559,610,60,23,13,2026-01-31
I746,P5862,W4716,967,162,61,4,2026-03-23
I747,P5505,W8269,585,197,58,11,2025-08-22
I748,P4927,W6966,588,87,17,4,2025-07-05
I749,P8595,W6873,754,102,56,2,2025-10-10
I750,P8458,W8842,421,127,62,15,2026-04-15
I751,P3741,W4654,365,90,83,8,2026-02-24
I752,P6844,W2924,488,56,35,2,2025-07-04
I753,P4090,W1676,545,71,19,16,2025-10-08
I754,P189,W7840,433,145,54,6,2025-07-25
I755,P1136,W1194,290,115,51,5,2025-09-17
I756,P6958,W442,529,188,96,8,2026-02-19
I757,P9777,W3586,354,114,29,19,2026-01-17
I758,P8300,W5192,81,107,69,2,2026-04-29
I759,P4085,W2921,862,105,96,15,2026-02-27
I760,P1230,W6343,686,113,9,13,2025-10-31
I761,P861,W8121,761,174,80,6,2025-12-26
I762,P1630,W9738,484,141,9,1,2026-01-29
I763,P773,W2026,478,88,59,3,2025-06-15
I764,P897,W1141,166,49,84,16,2025-12-27
I765,P4529,W2986,643,36,16,9,2025-08-12
I766,P5145,W4974,474,15,87,13,2025-10-11
I767,P1975,W9445,820,22,64,6,2025-06-12
I768,P43,W2044,716,195,50,0,2025-12-16
I769,P571,W3659,649,67,42,6,2025-10-25
I770,P3347,W3095,748,38,72,11,2026-01-17
I771,P5520,W8542,448,112,12,7,2025-06-10
I772,P3691,W9507,477,67,70,11,2025-06-21
I773,P1081,W2720,355,192,73,5,2025-10-16
I774,P7854,W2366,20,74,82,5,2025-11-03
I775,P3716,W272,502,15,71,19,2026-04-17
I776,P6657,W4308,556,111,63,1,2025-07-13
I777,P2465,W8714,335,99,41,7,2025-08-13
I778,P2744,W4004,358,37,51,5,2025-09-04
I779,P3314,W5065,595,75,47,2,2025-12-26
I780,P7154,W1936,238,191,33,10,2025-07-23
I781,P8378,W2428,316,89,73,17,2026-03-17
I782,P3147,W1432,79,13,36,13,2025-08-08
I783,P21,W1569,965,164,24,7,2025-07-28
I784,P9685,W6746,779,106,84,2,2026-01-17
I785,P7161,W5780,646,108,21,19,2025-10-04
I786,P148,W2902,15,133,56,13,2026-02-09
I787,P4912,W7937,16,85,40,8,2025-10-04
I788,P1090,W5583,419,60,92,8,2025-12-15
I789,P4969,W5719,767,116,50,0,2025-08-25
I790,P6412,W1675,725,15,23,18,2026-01-22
I791,P1533,W3198,665,16,37,14,2025-09-08
I792,P278,W4275,905,135,99,10,2025-08-01
I793,P3312,W3796,605,124,33,1,2025-12-24
I794,P1167,W8743,556,42,86,5,2026-01-30
I795,P7732,W8404,491,76,27,10,2025-12-17
I796,P1283,W4609,766,63,20,9,2025-06-25
I797,P4591,W9161,263,123,36,19,2026-03-17
I798,P9802,W960,942,17,46,11,2025-07-02
I799,P9347,W9891,96,12,47,18,2026-04-23
I800,P6859,W9930,321,20,40,13,2025-12-13
I801,P1393,W2403,132,154,97,14,2026-03-20
I802,P7487,W6466,144,69,27,4,2025-06-18
I803,P2383,W6870,119,121,81,3,2025-10-01
I804,P4384,W7037,139,106,6,0,2025-11-13
I805,P4642,W4752,453,195,55,9,2026-02-16
I806,P4950,W6733,86,30,91,10,2026-03-12
I807,P7334,W191,780,64,89,0,2026-05-06
I808,P9071,W6423,406,22,47,1,2025-10-15
I809,P9215,W4586,977,39,21,6,2025-10-18
I810,P1389,W1988,835,176,53,18,2026-05-09
I811,P1957,W9489,634,66,32,17,2026-04-14
I812,P4787,W705,673,134,19,11,2025-12-17
I813,P1625,W161,67,143,75,17,2025-12-22
I814,P8212,W3786,680,64,46,15,2025-10-20
I815,P9447,W8928,208,101,26,2,2025-07-28
I816,P7553,W7666,491,188,20,1,2025-06-25
I817,P2727,W2992,124,104,85,14,2026-05-19
I818,P8839,W9538,810,66,17,17,2026-04-26
I819,P4828,W6878,378,70,66,14,2026-03-16
I820,P5409,W4082,966,74,51,6,2025-06-03
I821,P9707,W1028,56,21,20,20,2025-10-02
I822,P9087,W965,429,129,98,8,2025-11-13
I823,P5775,W8374,964,118,55,6,2025-06-28
I824,P3743,W247,312,19,33,18,2026-04-18
I825,P9981,W5065,90,131,70,0,2026-05-19
I826,P1894,W6907,894,173,17,1,2025-11-15
I827,P411,W7691,764,111,15,11,2025-09-14
I828,P6003,W4011,133,35,68,17,2026-03-08
I829,P2387,W2940,271,29,60,1,2025-07-12
I830,P4233,W7708,728,140,16,14,2025-12-17
I831,P7861,W4807,110,10,62,4,2026-05-20
I832,P9345,W8303,880,29,75,6,2026-02-27
I833,P6062,W9204,683,165,34,2,2025-06-27
I834,P9791,W5467,909,121,82,16,2026-04-14
I835,P6630,W4707,759,48,40,18,2026-04-10
I836,P8036,W4715,479,45,96,19,2025-08-23
I837,P5168,W2497,53,14,42,4,2025-08-07
I838,P8910,W6002,995,93,63,17,2026-04-05
I839,P3502,W3418,268,162,99,18,2025-08-28
I840,P2602,W463,236,90,72,1,2025-12-28
I841,P4489,W3190,165,156,75,9,2025-11-17
I842,P1766,W2019,410,94,79,10,2025-08-09
I843,P56,W7302,351,123,89,14,2025-06-06
I844,P2491,W9294,505,106,57,0,2025-10-25
I845,P9202,W9900,331,74,80,0,2025-12-03
I846,P7485,W5987,518,29,5,0,2025-06-07
I847,P1248,W9583,382,64,17,2,2025-06-06
I848,P5123,W4443,543,166,7,15,2025-12-07
I849,P9340,W2513,831,167,52,6,2026-01-11
I850,P5871,W1047,488,191,45,15,2025-08-28
I851,P5329,W7729,912,46,31,7,2025-07-20
I852,P5830,W3667,864,25,25,6,2025-07-12
I853,P1770,W1093,77,175,27,20,2025-12-23
I854,P4647,W5239,675,173,20,1,2025-09-09
I855,P936,W1276,300,13,78,1,2025-06-13
I856,P746,W749,661,68,44,19,2026-02-18
I857,P2267,W4136,530,78,81,2,2026-01-11
I858,P8169,W106,953,80,57,0,2025-07-05
I859,P6960,W8528,376,49,19,6,2025-11-13
I860,P6154,W2459,590,74,67,4,2025-08-09
I861,P557,W1277,803,12,14,4,2026-02-14
I862,P4931,W8807,147,43,54,2,2026-02-13
I863,P8568,W4230,862,39,79,15,2025-09-20
I864,P5064,W8327,215,120,55,1,2026-03-25
I865,P46,W7411,485,198,15,16,2025-10-02
I866,P2106,W7234,490,30,87,3,2026-05-11
I867,P6575,W8784,874,113,36,13,2025-09-03
I868,P7906,W3975,532,153,80,9,2025-09-21
I869,P6583,W3709,583,184,62,18,2025-06-21
I870,P4052,W4782,213,121,47,4,2026-03-20
I871,P8662,W2952,535,140,34,15,2025-07-07
I872,P3321,W6887,190,84,79,4,2025-08-25
I873,P763,W2520,581,147,11,1,2025-06-29
I874,P1333,W6553,561,69,98,15,2025-11-01
I875,P7751,W5181,484,93,49,9,2026-03-22
I876,P2125,W6767,378,109,73,12,2025-11-17
I877,P3493,W5940,31,16,72,0,2025-08-05
I878,P6375,W6918,240,57,95,5,2025-06-26
I879,P6348,W1839,968,56,98,8,2026-05-06
I880,P8738,W9072,277,142,61,8,2025-08-27
I881,P8106,W4336,636,105,51,4,2026-03-21
I882,P738,W403,580,108,44,8,2026-01-17
I883,P1660,W1846,146,29,19,10,2025-11-26
I884,P7151,W5871,527,35,80,11,2025-09-20
I885,P3884,W1304,849,142,48,0,2025-06-04
I886,P8838,W6953,320,143,53,7,2025-11-06
I887,P9021,W8157,495,49,25,17,2026-01-01
I888,P5087,W4987,871,57,22,13,2025-12-10
I889,P4213,W9360,292,88,71,4,2025-06-02
I890,P8793,W2506,44,178,28,11,2025-09-26
I891,P1998,W3243,540,152,80,11,2025-12-10
I892,P2688,W5311,71,18,22,14,2025-07-28
I893,P4823,W2495,42,81,13,1,2025-06-11
I894,P1951,W5149,46,84,80,16,2025-10-14
I895,P5164,W3303,532,100,7,13,2025-12-10
I896,P6820,W3409,431,45,27,15,2025-10-31
I897,P7471,W7282,296,107,68,16,2025-12-16
I898,P218,W4765,552,66,94,19,2025-09-04
I899,P8913,W7612,42,135,85,12,2026-05-23
I900,P5889,W5885,297,170,34,16,2025-11-10
I901,P2136,W5326,241,194,32,3,2025-11-30
I902,P5680,W9852,790,94,43,6,2026-03-22
I903,P3686,W2198,796,181,33,15,2025-05-30
I904,P2998,W3912,580,13,98,1,2026-03-16
I905,P1577,W7505,548,51,94,9,2026-03-16
I906,P3083,W448,841,83,52,11,2026-04-25
I907,P1211,W6714,240,77,90,5,2025-11-01
I908,P964,W5234,579,163,75,18,2026-04-03
I909,P638,W5943,717,121,99,17,2025-08-19
I910,P1106,W3996,263,55,35,3,2025-10-18
I911,P6189,W4483,262,143,10,5,2025-06-22
I912,P7182,W1795,867,185,22,14,2025-08-18
I913,P8649,W6937,658,200,20,15,2025-08-12
I914,P3137,W9660,571,67,9,18,2026-04-10
I915,P9960,W3227,552,199,84,1,2025-08-04
I916,P2658,W6596,39,51,75,5,2025-09-27
I917,P9410,W9886,615,24,26,18,2026-02-07
I918,P137,W6861,220,66,43,13,2026-02-02
I919,P9694,W6844,569,102,13,15,2026-04-09
I920,P1431,W2973,86,185,39,20,2025-12-18
I921,P6400,W1580,276,150,47,19,2026-01-26
I922,P2078,W9935,622,101,35,2,2026-01-24
I923,P3194,W8663,476,24,32,15,2025-06-08
I924,P6970,W9252,494,120,81,4,2025-09-22
I925,P7998,W210,9,172,73,12,2025-06-20
I926,P6629,W2496,875,65,44,14,2026-03-01
I927,P976,W9882,882,64,38,7,2026-02-10
I928,P3074,W815,75,53,30,14,2026-01-06
I929,P9221,W2823,617,18,36,7,2026-04-07
I930,P6844,W2662,434,70,76,20,2025-11-28
I931,P7460,W9887,946,134,87,18,2025-10-21
I932,P9164,W5857,374,128,91,0,2025-08-03
I933,P6845,W9117,611,87,87,19,2026-02-20
I934,P9423,W3679,977,197,80,0,2025-05-28
I935,P5209,W4405,578,99,92,3,2025-10-28
I936,P8666,W1389,288,112,89,16,2025-11-20
I937,P2395,W4987,182,88,57,0,2025-11-02
I938,P2735,W6179,776,30,45,11,2026-02-11
I939,P691,W3571,732,71,19,3,2025-11-27
I940,P5578,W1534,953,11,45,7,2025-10-26
I941,P3431,W1871,109,59,20,10,2026-01-05
I942,P9518,W784,833,56,12,20,2026-04-13
I943,P4734,W8952,377,126,64,10,2025-09-18
I944,P1512,W6990,847,132,34,18,2025-08-30
I945,P9432,W8906,202,28,6,10,2026-02-21
I946,P7268,W8856,62,75,58,1,2025-06-10
I947,P6591,W3780,644,123,19,2,2025-10-06
I948,P5604,W9564,970,76,52,17,2025-09-23
I949,P4596,W9317,319,17,22,11,2025-06-23
I950,P7650,W9148,566,134,46,6,2026-01-07
I951,P8583,W5368,346,168,70,16,2026-01-30
I952,P6589,W5670,4,152,91,3,2026-03-29
I953,P9053,W9669,514,143,12,5,2026-04-26
I954,P9709,W7789,87,196,7,13,2026-01-06
I955,P1416,W4780,523,48,63,5,2026-02-19
I956,P5027,W8896,346,58,17,20,2025-11-22
I957,P529,W2526,755,107,67,4,2025-12-18
I958,P2169,W9041,46,41,95,13,2025-10-19
I959,P1344,W1314,875,65,75,17,2025-08-25
I960,P5805,W2040,874,192,21,13,2025-07-20
I961,P4313,W9711,423,21,52,20,2025-06-28
I962,P9991,W5723,285,118,62,11,2025-07-17
I963,P2426,W6139,631,79,60,5,2026-01-13
I964,P6017,W2425,892,88,81,10,2025-08-21
I965,P655,W3490,958,49,11,18,2026-03-22
I966,P3321,W8720,585,47,77,15,2026-01-07
I967,P5299,W9510,818,13,37,12,2025-12-02
I968,P410,W7434,676,193,10,6,2025-07-26
I969,P9637,W9077,746,59,85,16,2026-02-17
I970,P3538,W6166,877,97,37,18,2025-06-06
I971,P3187,W8387,165,167,78,4,2026-04-11
I972,P9741,W6861,949,122,69,10,2026-02-05
I973,P5277,W7754,530,199,89,12,2026-03-24
I974,P9060,W1075,849,27,8,4,2026-03-15
I975,P3094,W3077,174,175,16,8,2025-06-26
I976,P6815,W5278,952,186,48,7,2026-02-28
I977,P5883,W1279,549,146,53,1,2026-04-04
I978,P9439,W6444,827,11,67,7,2025-09-13
I979,P7490,W1997,308,189,92,9,2026-04-16
I980,P9910,W1301,104,94,22,10,2026-05-02
I981,P5523,W380,234,14,90,3,2026-03-09
I982,P5682,W7010,909,42,83,6,2026-04-03
I983,P93,W4298,492,27,55,16,2025-07-03
I984,P4318,W7286,912,59,61,4,2025-07-27
I985,P7368,W9183,635,102,12,3,2025-06-13
I986,P9509,W5550,621,197,70,11,2026-03-07
I987,P1858,W8074,599,81,17,9,2025-06-29
I988,P2462,W7826,552,76,41,2,2026-04-20
I989,P61,W5335,373,99,94,17,2025-06-03
I990,P1310,W445,634,147,92,17,2025-06-09
I991,P3236,W4920,592,110,20,6,2025-06-12
I992,P8747,W9098,612,88,12,13,2025-08-18
I993,P6157,W1421,279,190,93,5,2026-02-15
I994,P3054,W5749,668,194,44,11,2026-03-05
I995,P5391,W3254,786,37,6,9,2026-02-17
I996,P391,W6784,302,137,63,11,2025-10-04
I997,P5268,W2161,765,105,21,15,2025-12-16
I998,P2090,W5674,746,78,30,9,2025-07-26
I999,P7012,W370,616,125,69,19,2025-11-17
I1000,P4623,W4939,817,54,62,16,2026-03-11
I1001,P6122,W9578,299,154,85,12,2025-07-18
I1002,P5543,W233,663,45,99,17,2026-02-22
I1003,P6794,W489,517,177,29,7,2026-01-27
I1004,P6362,W7937,86,99,42,18,2025-10-22
I1005,P9376,W7184,194,121,64,15,2025-05-31
I1006,P2598,W2888,605,30,69,13,2026-01-13
I1007,P6950,W1913,541,83,16,3,2025-11-10
I1008,P4618,W203,10,102,50,2,2025-09-26
I1009,P3994,W6682,13,44,53,13,2025-12-08
I1010,P2897,W259,938,46,59,7,2025-07-12
I1011,P4212,W9745,562,102,6,12,2025-11-14
I1012,P2856,W8000,132,120,24,7,2026-02-24
I1013,P2406,W9550,2,152,72,7,2026-03-09
I1014,P8814,W6671,653,64,29,14,2026-02-03
I1015,P7966,W172,439,11,42,3,2025-06-14
I1016,P3340,W7552,385,116,31,16,2026-02-02
I1017,P1142,W7843,181,159,75,6,2026-03-10
I1018,P4270,W7175,927,27,9,11,2025-07-28
I1019,P7270,W5082,885,130,59,7,2025-08-27
I1020,P71,W6379,369,51,70,15,2026-05-27
I1021,P6139,W5551,179,129,95,6,2025-12-29
I1022,P1003,W9723,235,46,85,16,2025-11-07
I1023,P3517,W69,433,15,66,17,2025-09-25
I1024,P1445,W9711,575,199,55,8,2025-10-01
I1025,P7626,W7856,969,153,66,5,2025-09-27
I1026,P964,W7932,809,150,5,5,2025-10-06
I1027,P2617,W275,498,196,45,14,2025-09-19
I1028,P2233,W7750,30,100,44,16,2026-05-09
I1029,P1448,W4215,696,125,41,15,2026-03-15
I1030,P6102,W945,192,112,95,19,2026-02-13
I1031,P9450,W4947,478,96,75,17,2026-02-08
I1032,P4671,W5701,542,53,88,7,2026-01-22
I1033,P6061,W428,937,43,70,12,2025-12-17
I1034,P3247,W2507,467,119,44,0,2025-10-12
I1035,P6500,W2753,713,30,47,6,2026-03-13
I1036,P8863,W6361,601,47,13,9,2026-04-29
I1037,P4758,W407,512,146,90,12,2026-04-02
I1038,P1114,W6626,537,143,7,20,2025-10-07
I1039,P3170,W9967,897,139,82,6,2025-10-12
I1040,P6575,W3887,234,33,49,20,2026-02-28
I1041,P6117,W9662,58,68,27,10,2025-12-17
I1042,P2015,W8234,529,145,5,2,2025-08-27
I1043,P4930,W4964,572,141,83,9,2025-11-26
I1044,P1793,W274,165,71,34,10,2025-07-30
I1045,P3122,W8518,820,135,94,9,2026-03-21
I1046,P9377,W4203,78,45,24,7,2025-12-04
I1047,P5601,W9976,778,105,72,15,2026-05-26
I1048,P7213,W9257,366,116,56,7,2026-03-13
I1049,P2374,W2781,287,54,40,11,2026-02-19
I1050,P665,W909,696,65,49,19,2026-04-02
I1051,P5224,W7004,764,183,89,1,2026-02-25
I1052,P1533,W9777,657,180,35,10,2025-07-09
I1053,P7178,W3215,345,141,72,10,2025-09-14
I1054,P7641,W7447,840,185,36,15,2025-12-10
I1055,P1494,W9531,601,158,24,7,2025-11-17
I1056,P4161,W8576,90,25,66,12,2025-12-28
I1057,P9845,W8743,708,124,95,5,2026-02-25
I1058,P454,W5027,451,130,9,2,2026-02-01
I1059,P6198,W5169,932,56,44,16,2026-01-18
I1060,P8616,W143,129,12,26,3,2025-08-14
I1061,P532,W8007,627,160,13,5,2025-11-18
I1062,P2769,W4925,206,115,84,1,2026-02-17
I1063,P9400,W7151,0,151,51,6,2025-12-03
I1064,P9777,W3618,911,51,41,16,2026-02-10
I1065,P3447,W6001,423,123,86,3,2025-06-08
I1066,P4408,W6187,118,19,72,20,2026-03-03
I1067,P3587,W1115,972,136,86,17,2025-09-13
I1068,P2102,W5444,248,41,21,15,2025-11-06
I1069,P7291,W8990,105,102,23,17,2025-08-17
I1070,P1846,W2609,668,142,76,5,2026-03-25
I1071,P9102,W8017,726,70,27,20,2025-06-01
I1072,P7915,W808,834,103,51,3,2025-08-13
I1073,P110,W9154,151,37,88,8,2026-05-04
I1074,P2549,W1777,277,96,33,3,2026-04-16
I1075,P4119,W6318,77,132,52,18,2025-09-07
I1076,P4898,W3685,908,169,59,16,2026-03-19
I1077,P812,W4271,471,50,64,6,2025-11-14
I1078,P9469,W1622,683,52,16,8,2025-10-23
I1079,P8501,W4406,958,12,73,6,2025-09-02
I1080,P9344,W4309,669,56,53,3,2026-01-04
I1081,P3555,W8860,208,59,34,10,2026-04-14
I1082,P3779,W6902,685,35,80,3,2025-06-17
I1083,P9489,W8341,255,155,8,7,2025-10-01
I1084,P4083,W5905,376,126,84,17,2025-09-05
I1085,P7156,W2065,214,112,21,11,2025-12-14
I1086,P2772,W4975,863,71,85,5,2025-10-06
I1087,P9069,W5208,50,195,15,12,2026-04-07
I1088,P11,W5712,49,139,73,2,2025-07-29
I1089,P4138,W1173,132,10,96,10,2026-04-04
I1090,P9098,W6735,6,181,80,3,2025-08-03
I1091,P6408,W7673,233,156,29,15,2026-01-22
I1092,P6508,W6225,91,137,51,13,2026-01-29
I1093,P3767,W9744,678,94,56,11,2026-02-28
I1094,P7791,W5162,670,57,75,12,2025-09-11
I1095,P9007,W3499,834,55,20,15,2025-10-31
I1096,P7165,W1180,322,195,89,12,2025-09-30
I1097,P7269,W8075,470,185,30,12,2025-09-26
I1098,P4158,W7257,971,162,51,12,2026-02-15
I1099,P279,W2820,294,188,67,4,2025-08-11
I1100,P7447,W6463,343,100,53,8,2025-06-14
I1101,P3798,W8607,823,73,19,20,2025-07-19
I1102,P3468,W3873,404,182,32,4,2025-12-30
I1103,P5249,W8604,645,38,93,6,2025-12-07
I1104,P8285,W2261,983,87,34,3,2026-01-10
I1105,P360,W1800,429,25,33,9,2026-01-03
I1106,P9560,W8484,967,198,39,4,2026-05-23
I1107,P5965,W9591,322,185,84,20,2026-04-27
I1108,P5340,W250,795,22,24,12,2026-05-13
I1109,P2786,W9701,856,191,48,12,2025-11-08
I1110,P3452,W3444,135,143,94,8,2025-07-02
I1111,P8517,W7400,312,68,26,14,2025-09-01
I1112,P5341,W2488,810,87,52,19,2026-03-31
I1113,P7168,W8912,365,132,50,6,2025-10-07
I1114,P8256,W3544,973,184,67,14,2026-03-18
I1115,P2781,W6823,928,61,33,17,2026-03-18
I1116,P3689,W3264,78,76,46,18,2026-02-28
I1117,P9088,W474,704,100,6,12,2026-05-07
I1118,P4313,W1109,28,35,77,9,2025-09-18
I1119,P9085,W2117,366,165,33,19,2025-06-28
I1120,P8324,W963,936,51,78,16,2025-06-17
I1121,P6900,W9300,428,48,44,5,2026-05-06
I1122,P8432,W1904,507,12,94,11,2026-02-04
I1123,P8943,W6975,665,116,86,20,2025-12-16
I1124,P1488,W4196,66,77,15,17,2025-11-14
I1125,P5500,W9648,148,142,78,16,2026-01-19
I1126,P3209,W387,692,84,84,7,2026-02-01
I1127,P9380,W9786,793,26,86,10,2026-01-11
I1128,P5161,W1912,381,163,71,3,2025-10-20
I1129,P5225,W8809,543,113,21,12,2025-10-01
I1130,P5000,W1526,783,37,7,13,2026-05-19
I1131,P2612,W890,29,173,40,15,2026-03-15
I1132,P8409,W8508,393,162,63,1,2025-12-05
I1133,P4224,W4495,58,152,77,20,2026-04-21
I1134,P2041,W2875,307,185,93,9,2026-05-20
I1135,P3445,W142,485,183,6,9,2026-05-19
I1136,P3051,W5022,781,165,15,16,2026-03-31
I1137,P7568,W7231,493,105,77,7,2026-03-29
I1138,P4240,W1274,976,100,7,10,2026-03-14
I1139,P6968,W4634,229,98,98,17,2026-02-16
I1140,P5412,W8190,882,79,64,16,2026-05-13
I1141,P8092,W9365,464,129,15,15,2025-11-20
I1142,P3,W6698,121,107,94,0,2025-12-23
I1143,P4459,W2888,558,106,33,12,2026-05-17
I1144,P4631,W129,556,197,44,19,2025-09-02
I1145,P8465,W2513,273,49,6,1,2026-03-28
I1146,P4459,W4442,308,173,13,7,2025-12-08
I1147,P1911,W8484,978,129,30,1,2026-05-20
I1148,P643,W5961,706,125,56,18,2025-06-04
I1149,P2119,W1595,503,155,62,18,2026-03-02
I1150,P2147,W8273,114,168,9,11,2026-03-17
I1151,P5631,W3429,122,16,46,10,2025-07-30
I1152,P4728,W7277,265,15,93,9,2025-08-26
I1153,P9991,W5017,336,132,27,2,2025-05-30
I1154,P6048,W7359,355,81,49,18,2025-12-04
I1155,P7174,W9532,875,47,65,0,2025-08-14
I1156,P8676,W1771,280,32,33,9,2025-12-11
I1157,P4280,W2716,836,196,90,13,2026-01-30
I1158,P7069,W9327,587,83,53,2,2026-01-11
I1159,P9538,W6514,777,105,98,5,2025-07-11
I1160,P5713,W2969,84,109,10,20,2025-08-09
I1161,P8150,W7436,423,170,88,15,2026-05-19
I1162,P2008,W3825,926,104,12,0,2025-11-13
I1163,P7197,W4537,495,159,76,9,2025-08-02
I1164,P1353,W2193,493,35,77,7,2025-07-26
I1165,P1560,W1709,147,27,10,9,2025-11-17
I1166,P1572,W7215,947,22,81,4,2025-06-04
I1167,P2074,W903,423,92,61,13,2026-04-10
I1168,P8993,W9306,798,41,84,12,2026-02-02
I1169,P3744,W2569,962,197,40,8,2025-12-21
I1170,P3123,W7479,536,80,9,10,2025-11-24
I1171,P8419,W1274,63,102,68,8,2025-10-31
I1172,P2930,W7355,769,170,69,12,2026-04-17
I1173,P9472,W3062,106,101,17,3,2025-06-09
I1174,P6587,W4486,563,177,31,14,2025-08-25
I1175,P655,W5970,504,200,43,0,2025-08-31
I1176,P8212,W1448,53,14,29,0,2025-06-28
I1177,P3473,W1025,137,93,61,10,2025-08-05
I1178,P526,W9157,272,141,30,10,2025-08-03
I1179,P3934,W9742,552,143,69,7,2025-11-06
I1180,P9888,W6401,903,138,47,0,2026-04-18
I1181,P2540,W2732,564,19,23,6,2026-01-30
I1182,P1536,W7477,8,112,5,19,2025-06-26
I1183,P8867,W9933,818,75,84,7,2025-12-05
I1184,P8405,W4994,428,118,54,5,2026-02-03
I1185,P2924,W8531,915,141,47,15,2025-08-27
I1186,P2680,W4711,991,123,11,2,2025-10-31
I1187,P5689,W2967,369,137,91,3,2025-06-06
I1188,P7462,W829,667,18,62,7,2025-12-16
I1189,P501,W5608,515,174,26,20,2026-03-14
I1190,P7563,W3465,600,16,5,16,2025-08-29
I1191,P3553,W9374,90,145,45,16,2025-12-06
I1192,P7456,W2755,102,54,11,0,2025-12-04
I1193,P8917,W3820,325,177,88,14,2026-01-16
I1194,P9468,W3030,127,79,26,1,2025-12-26
I1195,P6017,W771,108,67,14,19,2026-03-01
I1196,P9814,W7648,104,78,39,5,2025-06-29
I1197,P9580,W9448,152,189,46,2,2025-06-27
I1198,P2697,W4784,798,81,96,4,2026-05-08
I1199,P2565,W3893,916,77,22,17,2025-09-22
I1200,P3866,W5338,423,176,98,2,2025-06-18
I1201,P4779,W4921,685,130,78,20,2025-08-01
I1202,P2248,W5443,599,130,37,14,2026-03-31
I1203,P9220,W3947,652,168,95,4,2026-01-26
I1204,P5850,W443,907,15,94,4,2025-10-28
I1205,P7708,W6615,790,191,92,4,2026-04-10
I1206,P4331,W1282,706,187,9,20,2025-09-04
I1207,P5636,W963,126,70,50,20,2025-07-09
I1208,P7441,W3565,588,73,53,3,2025-06-27
I1209,P9991,W3511,833,101,66,19,2026-05-21
I1210,P1721,W532,677,84,67,18,2025-07-22
I1211,P8888,W2655,368,104,77,1,2025-10-18
I1212,P9762,W3874,727,16,79,3,2026-01-30
I1213,P2199,W5636,595,182,57,12,2025-09-12
I1214,P8826,W4312,485,104,29,19,2026-04-11
I1215,P58,W9427,0,127,53,9,2025-12-25
I1216,P3687,W5586,936,101,82,5,2026-03-08
I1217,P7869,W8275,851,30,60,20,2025-12-22
I1218,P6749,W2056,191,114,51,16,2025-10-12
I1219,P974,W4993,226,127,25,19,2025-07-10
I1220,P3299,W286,467,70,76,9,2025-10-18
I1221,P6105,W2079,688,146,74,18,2025-07-16
I1222,P2756,W1433,632,75,19,1,2025-10-04
I1223,P3685,W9777,725,14,62,4,2025-10-30
I1224,P4802,W9470,654,168,63,4,2025-07-03
I1225,P8084,W7312,417,63,34,1,2026-01-08
I1226,P5690,W2108,991,145,78,6,2025-10-07
I1227,P7481,W9570,520,27,39,1,2026-02-08
I1228,P6334,W9310,745,135,57,11,2026-01-23
I1229,P3005,W6378,478,171,63,17,2025-11-21
I1230,P3721,W9295,372,25,67,14,2025-07-11
I1231,P2823,W5913,997,183,100,6,2025-06-25
I1232,P509,W2617,820,42,80,7,2025-06-06
I1233,P6488,W6645,513,196,9,3,2026-03-18
I1234,P3816,W4911,257,168,44,8,2026-04-13
I1235,P6970,W295,527,142,13,17,2025-07-13
I1236,P5920,W3143,715,52,29,11,2026-04-19
I1237,P5874,W5376,836,122,75,1,2025-07-21
I1238,P9153,W4845,934,27,23,16,2025-08-24
I1239,P1766,W9341,917,155,77,2,2026-02-02
I1240,P2428,W922,749,168,92,5,2025-09-14
I1241,P5821,W7365,675,188,87,19,2025-09-17
I1242,P8756,W6490,317,181,77,13,2025-10-22
I1243,P2307,W7643,856,100,45,4,2026-03-18
I1244,P8271,W7157,728,190,6,6,2025-06-18
I1245,P1428,W6890,75,63,49,11,2025-09-21
I1246,P149,W1895,121,176,99,10,2026-01-06
I1247,P5328,W4080,496,103,99,5,2025-12-13
I1248,P230,W4572,749,23,57,9,2026-04-24
I1249,P7941,W665,429,177,91,12,2025-09-03
I1250,P2490,W4827,261,169,55,10,2026-05-21
I1251,P3547,W7709,881,84,100,6,2026-01-18
I1252,P8744,W3297,103,148,32,6,2026-05-11
I1253,P411,W3982,365,48,76,6,2026-03-23
I1254,P8993,W6340,714,190,52,4,2025-06-15
I1255,P8364,W3158,17,165,71,15,2025-06-07
I1256,P2869,W5531,242,30,13,1,2025-11-20
I1257,P1944,W6663,522,169,41,16,2026-05-12
I1258,P5217,W6935,882,132,52,13,2025-10-10
I1259,P5586,W1330,57,122,6,9,2025-07-31
I1260,P7609,W8218,233,121,94,5,2026-01-02
I1261,P8523,W9473,132,20,41,17,2025-08-27
I1262,P4818,W7000,775,69,63,5,2026-05-19
I1263,P8712,W5925,740,172,38,16,2026-02-01
I1264,P2302,W9342,161,165,36,0,2025-06-30
I1265,P7116,W7336,401,75,61,11,2026-02-12
I1266,P3953,W3458,46,47,24,15,2025-11-11
I1267,P3973,W8228,158,44,73,18,2025-12-08
I1268,P6549,W5740,80,123,32,11,2025-09-07
I1269,P7217,W1093,506,96,44,18,2025-06-11
I1270,P1032,W3525,552,200,16,18,2026-02-09
I1271,P1364,W6530,714,66,74,2,2025-08-16
I1272,P215,W2178,422,23,98,6,2025-12-18
I1273,P6552,W7442,257,148,67,6,2026-04-19
I1274,P7318,W3067,891,126,71,7,2025-11-13
I1275,P1783,W862,176,163,54,13,2026-01-08
I1276,P3685,W801,518,191,90,10,2026-01-26
I1277,P8889,W1360,566,96,80,10,2026-03-10
I1278,P1749,W7945,756,111,32,8,2026-04-22
I1279,P3778,W4764,34,130,92,3,2025-05-28
I1280,P5757,W2179,211,138,51,17,2026-02-28
I1281,P6557,W8079,142,98,97,16,2025-07-08
I1282,P9406,W3953,708,56,70,15,2025-06-15
I1283,P7563,W4188,580,15,19,0,2025-07-08
I1284,P3540,W7224,189,151,99,16,2025-08-08
I1285,P2918,W9648,916,120,56,6,2026-02-10
I1286,P4874,W8589,826,71,27,3,2026-03-23
I1287,P9415,W3299,947,18,13,9,2025-11-02
I1288,P8087,W5952,986,137,22,15,2025-09-27
I1289,P1153,W5671,556,92,67,4,2025-12-31
I1290,P4440,W5152,225,166,58,11,2026-02-07
I1291,P7247,W896,940,154,23,5,2026-01-18
I1292,P8868,W3736,226,110,45,12,2025-10-28
I1293,P9003,W7846,98,18,72,20,2025-06-22
I1294,P1720,W6235,290,196,82,3,2025-06-02
I1295,P6381,W8889,94,172,35,7,2026-02-12
I1296,P1363,W7647,850,100,86,8,2025-07-28
I1297,P386,W4032,111,112,46,17,2026-02-08
I1298,P7398,W46,509,159,6,6,2025-10-13
I1299,P1001,W1576,392,194,59,2,2025-11-01
I1300,P6973,W8142,640,104,47,9,2025-10-14
I1301,P8748,W5497,104,11,17,13,2025-06-12
I1302,P550,W2411,675,77,23,10,2026-02-11
I1303,P2361,W134,405,153,19,20,2025-07-18
I1304,P1309,W6459,120,182,11,6,2025-07-10
I1305,P2844,W1145,346,60,98,9,2026-03-22
I1306,P1571,W3069,713,196,96,14,2025-07-17
I1307,P5291,W7325,333,178,89,14,2026-02-14
I1308,P2015,W2338,323,81,74,10,2025-07-03
I1309,P6526,W408,872,103,31,0,2026-04-15
I1310,P665,W7757,14,92,39,17,2026-03-31
I1311,P1590,W5763,647,106,62,17,2025-07-23
I1312,P1538,W7441,227,96,48,10,2025-10-28
I1313,P938,W5827,459,155,39,10,2025-07-28
I1314,P6577,W780,447,79,17,1,2025-09-24
I1315,P5370,W7105,423,117,5,15,2026-05-07
I1316,P3111,W8400,43,39,32,14,2026-02-24
I1317,P987,W1070,713,37,75,2,2025-07-18
I1318,P8917,W7500,104,103,78,12,2025-10-05
I1319,P2659,W7316,626,171,45,5,2026-01-12
I1320,P2066,W6220,482,122,23,14,2025-09-05
I1321,P453,W7729,557,64,24,19,2026-04-07
I1322,P7970,W5695,264,47,91,16,2025-06-13
I1323,P2673,W186,578,57,57,12,2026-05-22
I1324,P9487,W9627,305,79,69,3,2025-12-21
I1325,P1156,W5674,706,127,67,16,2025-12-30
I1326,P9037,W8917,555,71,48,3,2026-04-11
I1327,P5726,W7273,834,175,12,1,2026-03-08
I1328,P7980,W6876,77,54,65,12,2026-01-13
I1329,P8965,W6989,33,60,62,10,2025-09-17
I1330,P9842,W2508,175,55,11,12,2025-08-07
I1331,P6839,W5501,291,127,59,1,2025-11-14
I1332,P1181,W4181,2,74,73,7,2025-10-11
I1333,P7076,W915,934,123,25,4,2025-12-01
I1334,P595,W2229,730,45,45,13,2026-05-26
I1335,P5922,W3174,457,83,84,13,2026-01-16
I1336,P8204,W6338,802,48,37,12,2025-07-18
I1337,P719,W6116,414,152,57,9,2025-07-15
I1338,P2384,W2991,390,151,92,14,2025-10-13
I1339,P287,W1437,64,193,10,11,2026-04-07
I1340,P2959,W6639,939,62,80,13,2025-11-15
I1341,P1170,W5564,881,64,56,14,2025-11-01
I1342,P9531,W3836,54,142,52,14,2026-01-08
I1343,P9575,W19,807,105,52,14,2026-03-22
I1344,P5734,W7239,368,173,37,16,2026-03-14
I1345,P2261,W8144,650,122,56,8,2026-03-24
I1346,P5588,W4789,710,15,37,6,2026-01-10
I1347,P4136,W4596,417,198,6,8,2026-02-28
I1348,P8822,W1645,808,104,24,1,2025-07-27
I1349,P4842,W5621,440,69,39,18,2026-05-10
I1350,P9664,W6331,343,45,37,2,2026-05-26
I1351,P369,W9368,221,61,27,11,2025-09-08
I1352,P2994,W9939,61,74,38,17,2025-08-13
I1353,P9279,W8940,87,177,80,18,2025-09-12
I1354,P8201,W7182,283,140,59,2,2025-10-19
I1355,P8339,W6112,498,51,24,18,2026-02-15
I1356,P6179,W4398,636,69,18,2,2025-11-08
I1357,P91,W739,208,77,76,19,2026-01-30
I1358,P5867,W8559,767,105,56,8,2025-12-23
I1359,P1893,W6790,433,40,94,10,2025-12-02
I1360,P791,W3829,692,122,80,20,2025-10-21
I1361,P1735,W3369,520,84,10,12,2025-10-28
I1362,P2630,W3340,110,82,6,14,2025-07-22
I1363,P8576,W6055,991,172,15,12,2026-04-09
I1364,P6711,W2873,3,83,63,6,2026-02-13
I1365,P2802,W1224,379,32,87,2,2025-07-12
I1366,P6752,W2957,726,58,32,3,2026-04-24
I1367,P183,W1511,225,122,70,3,2025-10-02
I1368,P9868,W9297,652,194,93,2,2025-10-03
I1369,P3691,W8285,7,168,7,9,2026-01-18
I1370,P6533,W3687,955,100,57,17,2025-05-29
I1371,P9155,W7436,224,66,100,15,2025-08-12
I1372,P8474,W1526,396,138,14,5,2026-01-11
I1373,P2949,W6369,740,146,34,20,2026-03-15
I1374,P1882,W9113,297,91,64,18,2025-10-10
I1375,P6808,W7495,834,31,27,13,2025-12-06
I1376,P7764,W8107,44,68,78,18,2026-02-15
I1377,P9013,W8814,256,74,77,10,2025-12-04
I1378,P7498,W9383,831,119,73,16,2025-10-23
I1379,P5586,W1340,425,72,32,7,2026-05-21
I1380,P7172,W9211,762,133,37,0,2025-07-06
I1381,P9159,W9103,453,130,73,8,2025-08-31
I1382,P1094,W8706,127,141,36,18,2026-02-01
I1383,P7570,W8709,777,122,82,15,2025-10-26
I1384,P7312,W6644,160,96,87,18,2026-04-17
I1385,P866,W9552,459,28,9,20,2025-12-22
I1386,P2096,W8890,647,198,32,13,2026-03-31
I1387,P8466,W6533,899,42,45,10,2025-10-08
I1388,P5840,W4209,481,107,34,11,2025-07-30
I1389,P3313,W8575,487,127,21,6,2026-03-26
I1390,P2373,W2928,847,144,41,13,2026-04-19
I1391,P4094,W163,658,58,43,10,2026-05-03
I1392,P8543,W2949,818,93,13,17,2025-09-12
I1393,P2810,W9614,706,49,87,19,2026-05-20
I1394,P7194,W1690,171,31,11,3,2025-08-07
I1395,P2603,W5897,274,179,80,7,2025-11-21
I1396,P8510,W9235,763,14,45,15,2025-11-12
I1397,P1886,W1523,991,55,47,4,2025-08-23
I1398,P4421,W7283,182,161,43,10,2025-05-28
I1399,P7541,W7053,147,103,9,2,2026-02-15
I1400,P5728,W1698,687,13,83,18,2025-09-07
I1401,P4835,W4244,934,92,8,7,2025-12-21
I1402,P906,W8866,96,45,62,16,2025-06-21
I1403,P2237,W6712,473,41,67,0,2026-03-04
I1404,P3568,W4043,777,164,69,18,2025-05-29
I1405,P115,W5048,730,26,100,15,2025-12-18
I1406,P3855,W7455,212,23,46,0,2025-11-28
I1407,P2615,W1410,419,67,37,8,2025-08-08
I1408,P7454,W6492,32,131,87,15,2025-09-15
I1409,P5360,W9969,71,46,79,15,2026-04-12
I1410,P1897,W5978,435,100,20,9,2025-05-30
I1411,P9120,W309,4,189,17,12,2026-01-20
I1412,P6862,W3874,632,167,40,4,2025-10-05
I1413,P8735,W5635,602,71,48,15,2025-09-17
I1414,P64,W9795,986,123,70,2,2025-06-04
I1415,P3054,W5021,968,29,100,12,2026-01-21
I1416,P1687,W4176,250,147,23,7,2025-06-20
I1417,P1586,W7186,429,79,98,18,2025-09-30
I1418,P6575,W9144,823,71,52,20,2025-10-12
I1419,P7471,W4843,472,113,42,16,2026-04-20
I1420,P6234,W5666,715,87,76,11,2025-12-22
I1421,P7154,W4102,735,97,32,8,2026-03-05
I1422,P1491,W5093,278,42,85,3,2025-06-29
I1423,P4460,W9622,862,95,76,6,2025-08-07
I1424,P6388,W418,134,135,74,8,2026-05-03
I1425,P6786,W3964,726,57,79,16,2026-05-25
I1426,P9961,W9257,362,91,69,1,2026-03-24
I1427,P1135,W3331,12,172,6,10,2025-08-05
I1428,P7580,W5465,328,89,22,19,2025-10-03
I1429,P205,W3326,39,169,5,10,2026-04-14
I1430,P9205,W9671,329,189,16,18,2026-03-15
I1431,P2218,W8856,743,20,40,3,2025-07-11
I1432,P4540,W4725,546,194,66,12,2026-04-14
I1433,P6496,W1630,804,104,84,9,2026-04-16
I1434,P1408,W4404,83,18,81,9,2025-07-01
I1435,P8903,W813,747,106,88,1,2026-03-25
I1436,P7125,W7690,249,51,76,8,2025-11-29
I1437,P1068,W6189,1,144,64,3,2026-04-06
I1438,P4525,W6773,613,120,96,1,2026-03-05
I1439,P9700,W7495,885,37,21,14,2026-03-09
I1440,P8094,W7487,346,132,77,15,2025-08-26
I1441,P2372,W8019,113,65,90,3,2025-06-26
I1442,P5956,W3202,870,105,64,15,2025-06-18
I1443,P3543,W5373,549,190,65,15,2025-10-10
I1444,P4180,W809,764,133,43,9,2026-02-18
I1445,P8605,W6496,756,81,31,18,2026-02-26
I1446,P8499,W967,329,59,12,11,2025-09-21
I1447,P4657,W4261,422,29,60,16,2025-05-31
I1448,P5047,W1113,555,158,48,6,2026-04-09
I1449,P1807,W481,121,90,20,0,2025-09-18
I1450,P5140,W4493,659,200,74,13,2025-06-07
I1451,P5785,W6967,697,113,38,16,2025-09-19
I1452,P7577,W6968,416,56,89,3,2025-11-16
I1453,P3260,W7225,85,152,84,0,2026-01-20
I1454,P5902,W5855,335,117,16,12,2026-01-10
I1455,P5805,W9526,462,181,76,7,2025-06-18
I1456,P770,W5221,78,78,6,4,2026-04-03
I1457,P7103,W2207,329,152,25,20,2026-03-14
I1458,P9164,W471,340,12,74,2,2025-08-04
I1459,P2577,W830,913,73,9,9,2026-05-01
I1460,P4681,W1204,749,70,7,16,2026-03-01
I1461,P5550,W5267,792,84,20,10,2025-12-24
I1462,P8954,W4034,170,162,48,8,2025-08-31
I1463,P8677,W2915,120,102,28,6,2026-04-26
I1464,P7154,W6395,497,78,88,14,2026-02-15
I1465,P4326,W8970,304,176,22,10,2026-03-22
I1466,P9846,W8985,875,160,40,8,2026-04-10
I1467,P7697,W7732,406,193,35,6,2025-07-01
I1468,P9510,W9485,389,73,39,3,2026-02-09
I1469,P1616,W6,972,129,44,3,2025-11-26
I1470,P2503,W2345,624,168,65,1,2025-06-26
I1471,P1078,W9607,259,83,32,5,2025-06-22
I1472,P9539,W6857,380,65,33,14,2025-07-07
I1473,P8812,W1254,159,151,51,8,2025-06-23
I1474,P811,W9845,601,87,67,9,2026-02-10
I1475,P2925,W2191,778,66,48,6,2026-04-24
I1476,P8880,W7126,490,183,90,8,2025-09-24
I1477,P9835,W6878,521,118,17,4,2026-02-11
I1478,P2477,W2244,589,180,11,17,2026-01-31
I1479,P7440,W2482,192,160,13,5,2026-02-06
I1480,P9252,W5258,398,146,82,6,2025-11-25
I1481,P1296,W8669,784,121,37,1,2025-10-26
I1482,P5176,W6138,154,102,65,11,2025-10-13
I1483,P6112,W1238,975,181,88,12,2026-04-18
I1484,P8822,W890,685,166,67,15,2025-09-19
I1485,P1210,W7227,638,158,17,8,2026-02-01
I1486,P6167,W140,543,98,50,15,2025-07-26
I1487,P2994,W1997,413,141,41,6,2025-12-16
I1488,P8299,W6043,34,106,83,4,2025-12-11
I1489,P2924,W9161,369,59,8,13,2025-06-03
I1490,P962,W904,696,16,22,16,2025-12-19
I1491,P2703,W6815,370,192,9,14,2026-03-05
I1492,P8077,W1704,324,32,5,8,2025-08-03
I1493,P339,W3998,341,92,40,4,2025-08-15
I1494,P1339,W620,641,136,10,18,2025-06-28
I1495,P6894,W7507,761,145,76,8,2025-12-13
I1496,P1180,W4527,870,33,71,8,2026-05-28
I1497,P9897,W7500,219,20,41,10,2026-01-05
I1498,P8947,W5988,437,105,70,13,2026-04-14
I1499,P8330,W3089,503,36,88,8,2025-06-20
I1500,P364,W5776,295,108,66,0,2026-05-10
I1501,P3989,W7509,173,191,8,7,2026-03-09
I1502,P3589,W5715,241,59,55,12,2026-03-16
I1503,P7189,W2022,578,91,19,9,2025-12-04
I1504,P6555,W3468,582,22,89,8,2025-07-24
I1505,P2994,W811,498,191,65,18,2026-03-15
I1506,P6242,W1891,714,114,79,16,2026-02-15
I1507,P6204,W5561,39,15,84,8,2025-12-04
I1508,P8201,W7946,411,109,56,12,2025-12-20
I1509,P1066,W1179,324,59,47,18,2025-12-24
I1510,P3790,W585,609,105,42,20,2025-12-31
I1511,P4869,W1440,646,69,38,20,2025-08-06
I1512,P9055,W9643,130,148,65,13,2026-05-11
I1513,P7541,W6015,370,98,85,4,2025-11-06
I1514,P228,W9335,222,80,84,13,2026-05-06
I1515,P4726,W1352,512,104,49,20,2026-03-06
I1516,P485,W1422,455,192,78,18,2026-05-07
I1517,P1836,W6861,868,157,29,12,2025-10-31
I1518,P5394,W990,56,104,54,15,2025-11-26
I1519,P1905,W6019,315,13,55,10,2026-03-21
I1520,P5341,W2861,229,36,18,2,2026-05-17
I1521,P7048,W7326,466,150,80,5,2025-08-05
I1522,P1046,W9466,186,136,84,19,2025-09-02
I1523,P7687,W4462,606,129,14,0,2025-10-24
I1524,P5715,W1459,797,36,59,5,2025-09-30
I1525,P4399,W8583,640,20,69,4,2025-06-13
I1526,P4102,W1865,261,42,88,18,2026-01-02
I1527,P9641,W64,884,155,27,16,2025-10-18
I1528,P2089,W4708,800,121,86,10,2026-03-24
I1529,P6130,W7754,991,124,66,2,2025-11-01
I1530,P6162,W1628,146,92,75,11,2025-11-06
I1531,P5695,W285,82,149,31,12,2025-10-03
I1532,P8190,W8728,636,192,72,20,2026-01-20
I1533,P265,W6544,533,156,81,1,2026-05-02
I1534,P8200,W5290,566,140,60,16,2025-07-22
I1535,P8087,W4187,944,61,91,9,2025-07-19
I1536,P3610,W5398,681,108,62,20,2026-01-25
I1537,P2371,W9022,668,122,70,4,2025-12-16
I1538,P1352,W4199,685,154,20,6,2026-01-19
I1539,P4299,W5380,973,154,45,0,2025-08-10
I1540,P5047,W8342,369,10,12,0,2025-11-14
I1541,P7885,W5089,22,169,70,13,2025-08-03
I1542,P348,W5985,348,54,47,20,2025-05-31
I1543,P2182,W8713,769,179,79,18,2026-04-17
I1544,P8442,W6804,492,87,83,7,2026-03-30
I1545,P1336,W1055,755,132,39,17,2026-03-28
I1546,P8746,W7388,513,90,27,20,2025-09-08
I1547,P1761,W1966,796,87,86,14,2025-10-01
I1548,P6737,W8971,362,57,57,1,2025-06-29
I1549,P3710,W5836,110,143,99,14,2025-07-16
I1550,P1038,W7951,105,174,93,7,2026-02-02
I1551,P9065,W3947,934,19,26,20,2025-12-07
I1552,P7712,W815,844,27,30,4,2025-09-02
I1553,P2988,W6281,90,101,21,10,2026-03-04
I1554,P9892,W6389,359,96,28,15,2025-10-18
I1555,P585,W8934,81,29,26,11,2025-11-17
I1556,P9751,W8625,381,164,18,11,2025-12-10
I1557,P1788,W1722,353,183,29,13,2025-08-28
I1558,P2850,W1417,671,141,71,10,2025-11-01
I1559,P839,W8160,144,86,90,2,2025-06-06
I1560,P7021,W6362,171,46,20,2,2026-02-23
I1561,P2492,W7064,516,163,89,12,2025-12-08
I1562,P1005,W8303,361,173,14,2,2026-02-03
I1563,P9519,W5869,872,96,33,8,2025-09-22
I1564,P9566,W563,600,137,35,4,2026-01-01
I1565,P5597,W5074,192,104,65,10,2025-09-27
I1566,P2769,W6868,636,12,58,19,2025-07-26
I1567,P5296,W4210,885,24,13,17,2025-10-23
I1568,P2301,W4240,381,120,36,0,2025-09-18
I1569,P2754,W7457,854,109,40,15,2025-06-22
I1570,P920,W6579,87,13,83,7,2026-03-01
I1571,P5263,W4741,84,55,13,13,2025-11-29
I1572,P2116,W6070,941,44,68,4,2025-11-08
I1573,P5193,W2416,174,134,50,8,2026-01-06
I1574,P1028,W8503,50,94,73,6,2025-12-24
I1575,P4846,W1723,689,59,22,6,2025-09-09
I1576,P1837,W9987,466,100,52,6,2026-01-14
I1577,P5828,W6757,845,172,98,18,2026-01-23
I1578,P1879,W863,900,166,89,16,2025-08-19
I1579,P2761,W6158,408,142,27,0,2026-04-19
I1580,P2640,W5580,971,194,15,6,2025-09-06
I1581,P2739,W2120,245,189,55,19,2025-07-18
I1582,P1874,W1917,791,126,8,19,2025-12-24
I1583,P8962,W6917,145,33,7,17,2025-09-18
I1584,P1500,W9410,301,85,11,9,2026-01-23
I1585,P5850,W6329,275,143,46,13,2025-06-10
I1586,P7054,W1592,376,157,66,2,2025-07-19
I1587,P9219,W9614,665,197,48,18,2026-01-24
I1588,P8639,W8642,670,115,23,14,2026-03-05
I1589,P9936,W1813,52,73,9,16,2025-10-02
I1590,P966,W6323,559,44,85,8,2025-08-22
I1591,P326,W1278,965,162,100,2,2025-09-16
I1592,P7867,W2057,219,28,16,16,2026-04-23
I1593,P719,W9897,801,178,10,8,2026-05-20
I1594,P603,W9513,819,42,50,19,2025-06-11
I1595,P5898,W3954,912,39,51,10,2026-04-26
I1596,P2509,W1390,925,193,60,5,2025-06-23
I1597,P6848,W4119,525,196,54,3,2026-01-11
I1598,P7704,W6982,608,55,10,11,2025-08-11
I1599,P9232,W7466,44,114,21,8,2026-04-02
I1600,P2733,W3999,384,119,38,19,2025-12-27
I1601,P9186,W448,954,76,82,20,2026-05-13
I1602,P3533,W1327,307,113,100,8,2026-05-19
I1603,P4149,W4635,855,43,99,9,2025-06-03
I1604,P8351,W3406,974,130,52,16,2026-01-26
I1605,P8832,W7400,59,132,29,19,2026-01-31
I1606,P9302,W6215,379,98,7,5,2025-10-29
I1607,P5023,W109,60,195,13,15,2026-01-02
I1608,P8684,W3436,910,148,40,7,2025-06-07
I1609,P3383,W438,4,197,73,19,2026-05-03
I1610,P2249,W2957,866,179,56,8,2026-03-28
I1611,P2585,W2326,438,50,92,3,2025-11-21
I1612,P9931,W6231,431,76,60,14,2025-10-21
I1613,P5508,W3249,998,154,17,19,2025-11-25
I1614,P7047,W9026,179,25,25,20,2025-10-20
I1615,P7479,W2143,998,173,79,0,2025-12-28
I1616,P8765,W3383,62,55,25,14,2025-11-08
I1617,P1065,W9987,760,91,75,1,2026-01-02
I1618,P5852,W6275,329,153,8,18,2026-03-18
I1619,P1743,W8717,448,86,32,7,2025-09-17
I1620,P7429,W6693,862,111,67,19,2026-03-31
I1621,P7174,W8642,926,34,31,20,2025-06-14
I1622,P7258,W5416,736,51,87,3,2025-08-08
I1623,P9277,W2960,424,140,98,15,2026-02-08
I1624,P5420,W3477,699,106,8,10,2025-06-24
I1625,P2691,W6963,53,153,44,18,2026-04-22
I1626,P1854,W1332,89,119,61,0,2025-12-21
I1627,P6920,W562,38,70,37,3,2025-12-30
I1628,P4258,W6415,793,67,39,4,2025-10-05
I1629,P1548,W5087,110,32,72,16,2026-03-14
I1630,P3427,W6590,46,30,10,1,2026-02-22
I1631,P5196,W7165,258,190,53,12,2025-10-08
I1632,P1396,W7313,654,39,65,9,2025-12-29
I1633,P2363,W7996,383,82,14,4,2026-01-01
I1634,P5140,W100,182,19,6,19,2026-03-14
I1635,P4908,W7977,157,194,14,19,2025-07-31
I1636,P3011,W4649,578,116,21,20,2025-08-12
I1637,P1617,W7981,213,89,26,11,2025-06-01
I1638,P1223,W9192,844,33,43,15,2025-08-29
I1639,P6672,W9799,661,150,22,12,2026-05-04
I1640,P7985,W847,992,151,50,17,2025-11-06
I1641,P5026,W8492,540,106,83,2,2025-12-07
I1642,P7258,W9436,111,37,52,9,2025-09-15
I1643,P5050,W5094,836,107,20,7,2026-01-20
I1644,P1942,W8579,726,80,15,8,2026-04-23
I1645,P1638,W868,345,57,11,12,2025-09-28
I1646,P1593,W665,844,143,85,16,2026-01-18
I1647,P8911,W9392,758,131,74,16,2026-02-01
I1648,P4483,W4554,452,94,60,9,2025-06-18
I1649,P8545,W8516,375,33,46,18,2025-10-06
I1650,P2038,W753,197,143,72,15,2025-12-19
I1651,P6186,W9625,902,30,25,19,2025-12-11
I1652,P8681,W613,958,125,66,9,2026-04-01
I1653,P4054,W1259,783,128,31,8,2025-10-10
I1654,P5803,W5868,284,44,36,17,2025-07-01
I1655,P860,W1773,891,164,37,11,2026-01-25
I1656,P6908,W7142,543,23,14,4,2025-06-05
I1657,P4572,W1293,653,112,81,10,2025-11-24
I1658,P2928,W8201,508,136,28,11,2026-04-17
I1659,P3050,W3036,226,111,56,11,2026-02-02
I1660,P3463,W5978,640,152,54,3,2026-04-04
I1661,P4692,W5659,974,46,96,8,2025-08-31
I1662,P6715,W4473,524,132,95,5,2025-11-10
I1663,P5108,W2491,309,115,92,5,2026-03-06
I1664,P3718,W9165,206,194,96,10,2025-09-08
I1665,P4340,W8180,876,44,9,6,2025-07-18
I1666,P1413,W8367,87,12,56,8,2026-05-06
I1667,P8712,W5064,885,139,79,2,2025-11-07
I1668,P4761,W5794,573,55,40,17,2026-05-05
I1669,P3247,W1335,465,181,38,2,2026-04-06
I1670,P2886,W5115,582,71,32,0,2026-05-19
I1671,P627,W6373,159,70,43,17,2026-01-25
I1672,P3586,W6993,429,175,34,14,2026-01-22
I1673,P5519,W3810,597,39,14,10,2025-07-26
I1674,P258,W4218,739,182,52,16,2025-07-04
I1675,P5070,W9789,760,183,62,13,2026-04-27
I1676,P9198,W4535,900,176,25,1,2025-12-13
I1677,P7874,W3409,210,140,100,12,2026-01-07
I1678,P184,W2483,213,139,92,14,2026-05-09
I1679,P6581,W1551,188,151,63,9,2026-01-30
I1680,P1552,W619,289,51,53,18,2026-01-24
I1681,P5014,W582,280,59,81,15,2025-09-15
I1682,P5196,W1963,512,56,64,9,2025-12-23
I1683,P982,W2599,90,29,17,4,2025-10-13
I1684,P4200,W4823,437,105,69,5,2025-11-09
I1685,P9581,W3586,412,52,11,17,2026-04-27
I1686,P659,W8979,909,11,73,11,2026-04-01
I1687,P253,W7538,503,152,34,18,2025-11-30
I1688,P2418,W274,713,76,68,14,2025-08-12
I1689,P8133,W7422,258,180,24,7,2025-08-09
I1690,P8261,W5199,703,105,12,13,2026-03-24
I1691,P6146,W9364,214,98,54,18,2025-12-30
I1692,P6480,W925,955,119,83,9,2026-01-31
I1693,P7701,W2847,551,89,92,19,2025-06-28
I1694,P1484,W237,686,53,48,7,2025-10-22
I1695,P4568,W9607,759,59,24,8,2026-01-02
I1696,P58,W4406,270,145,50,17,2025-09-29
I1697,P180,W497,584,145,63,5,2025-07-23
I1698,P1484,W5236,787,127,98,0,2026-05-15
I1699,P4919,W7422,293,146,26,12,2025-11-27
I1700,P7701,W5031,41,102,20,2,2026-02-23
I1701,P538,W9599,93,119,70,8,2026-03-01
I1702,P1730,W7745,925,117,51,13,2025-09-05
I1703,P5699,W2834,356,140,73,7,2026-01-14
I1704,P2433,W9573,62,16,6,5,2026-04-29
I1705,P3351,W6227,354,57,84,3,2026-01-25
I1706,P2621,W1700,615,190,81,0,2025-07-22
I1707,P3034,W564,332,52,14,1,2025-09-22
I1708,P3965,W1744,166,30,56,11,2025-08-28
I1709,P8283,W6,268,196,40,10,2026-01-28
I1710,P4135,W7124,247,84,5,12,2026-01-17
I1711,P6624,W5398,43,139,9,5,2025-07-01
I1712,P7498,W4844,165,47,31,2,2026-02-03
I1713,P5366,W5420,786,41,66,10,2025-06-18
I1714,P7068,W5540,460,106,35,10,2025-08-27
I1715,P3276,W7446,848,77,77,2,2025-08-17
I1716,P1578,W543,831,177,44,19,2025-07-27
I1717,P4601,W5942,322,69,19,19,2025-07-13
I1718,P4517,W3786,76,92,68,12,2026-02-16
I1719,P6249,W4665,929,116,18,2,2025-08-18
I1720,P906,W9158,689,61,51,18,2025-06-07
I1721,P5910,W4865,591,181,58,3,2025-09-08
I1722,P7033,W1666,366,96,82,1,2025-10-30
I1723,P5828,W9567,946,157,49,15,2026-05-25
I1724,P7806,W8715,879,187,55,9,2026-05-04
I1725,P223,W8919,832,119,78,7,2025-05-28
I1726,P3955,W4249,819,187,48,19,2025-11-25
I1727,P8773,W9820,595,184,97,8,2025-07-07
I1728,P5931,W1331,306,180,87,13,2025-06-08
I1729,P9246,W5909,372,189,68,6,2025-12-18
I1730,P3530,W607,130,51,25,18,2025-09-05
I1731,P1846,W9518,721,174,54,7,2025-05-30
I1732,P7216,W3357,938,45,18,0,2025-11-24
I1733,P2964,W5805,23,103,28,6,2026-05-27
I1734,P8185,W5285,324,56,81,16,2026-03-08
I1735,P3426,W6826,782,62,69,1,2026-05-19
I1736,P8866,W3828,886,120,35,1,2025-10-05
I1737,P5528,W4074,319,171,41,15,2025-06-15
I1738,P2271,W4136,858,40,6,3,2025-11-23
I1739,P2075,W360,121,79,94,5,2025-06-22
I1740,P3454,W7930,710,140,6,1,2026-01-17
I1741,P7013,W8400,207,48,11,1,2026-04-17
I1742,P1530,W8600,289,54,73,9,2026-02-10
I1743,P3283,W1165,148,93,61,6,2026-05-26
I1744,P8483,W5827,827,91,38,11,2026-04-10
I1745,P8231,W1858,531,110,90,5,2026-05-02
I1746,P5534,W7551,290,85,20,6,2025-08-07
I1747,P9531,W5318,85,25,12,13,2026-02-02
I1748,P4134,W5495,587,95,39,2,2025-08-30
I1749,P4125,W3672,807,16,19,3,2025-11-05
I1750,P2938,W9253,486,30,59,5,2025-07-22
I1751,P7912,W4111,893,74,70,0,2026-04-11
I1752,P7469,W1358,145,89,58,14,2025-11-08
I1753,P7932,W8538,793,77,35,13,2026-02-20
I1754,P4812,W7014,565,49,47,11,2026-05-21
I1755,P5757,W7583,532,145,19,8,2025-10-30
I1756,P8347,W1091,479,188,34,6,2025-10-10
I1757,P966,W1522,915,164,32,19,2026-01-12
I1758,P6642,W2899,36,50,36,0,2026-04-10
I1759,P6408,W6379,50,140,65,16,2025-06-03
I1760,P3000,W8642,634,158,53,5,2025-09-25
I1761,P4234,W7296,182,155,75,10,2025-09-07
I1762,P8003,W720,78,109,20,3,2026-03-11
I1763,P8120,W8014,488,173,76,12,2025-12-18
I1764,P4595,W4510,702,112,25,18,2025-06-21
I1765,P2593,W8057,918,178,78,12,2025-08-21
I1766,P5884,W5301,234,137,38,9,2025-10-04
I1767,P3060,W9140,896,135,90,13,2025-07-24
I1768,P4957,W7680,424,54,20,17,2026-03-13
I1769,P9734,W4211,848,83,72,11,2025-11-03
I1770,P1230,W7800,336,80,38,8,2025-08-01
I1771,P225,W6429,191,75,65,3,2025-12-28
I1772,P1416,W1044,928,88,18,2,2025-06-10
I1773,P3496,W5192,868,186,88,0,2026-01-30
I1774,P7857,W7909,688,27,16,20,2025-09-05
I1775,P4488,W1024,889,145,97,2,2025-06-04
I1776,P6569,W6984,231,200,21,10,2025-10-14
I1777,P9136,W281,916,98,17,6,2026-03-25
I1778,P2221,W1003,154,103,25,0,2025-11-14
I1779,P1767,W9218,26,56,49,7,2025-11-09
I1780,P3830,W1138,930,194,67,10,2025-08-29
I1781,P2555,W9854,309,159,27,18,2025-08-30
I1782,P362,W5016,175,165,59,3,2026-02-07
I1783,P372,W1176,163,176,94,13,2026-04-08
I1784,P7762,W2106,117,128,96,17,2026-02-10
I1785,P4334,W5523,73,99,52,0,2026-02-05
I1786,P7549,W4632,584,68,52,13,2025-06-09
I1787,P2190,W263,90,133,99,20,2025-07-28
I1788,P4257,W575,766,62,52,13,2025-07-11
I1789,P2960,W4833,39,147,55,3,2026-02-14
I1790,P6844,W4469,846,73,30,19,2025-07-31
I1791,P6384,W6266,713,179,37,10,2025-09-07
I1792,P9965,W6740,32,10,43,8,2025-09-09
I1793,P6129,W2373,439,64,42,1,2026-05-27
I1794,P6978,W2174,7,132,53,5,2025-08-04
I1795,P1430,W6639,434,106,98,14,2025-07-22
I1796,P3671,W771,866,196,77,6,2025-11-10
I1797,P7202,W9011,358,19,97,14,2026-01-21
I1798,P8307,W1867,833,101,56,18,2026-02-25
I1799,P8716,W8708,28,131,8,9,2025-07-10
I1800,P1157,W5509,978,84,7,14,2025-09-27
I1801,P7896,W4118,319,58,40,1,2025-07-29
I1802,P5684,W9130,547,137,82,12,2026-02-21
I1803,P7352,W6344,564,166,86,12,2025-05-31
I1804,P4065,W7759,36,71,64,15,2025-12-26
I1805,P7757,W9128,93,171,40,4,2026-04-22
I1806,P5223,W5123,640,83,74,0,2025-11-05
I1807,P7119,W3,489,157,88,12,2025-08-05
I1808,P1746,W1707,812,83,67,16,2026-01-30
I1809,P5265,W7283,648,85,34,1,2025-09-09
I1810,P8378,W9957,135,31,41,1,2025-06-01
I1811,P446,W3198,693,131,54,10,2025-06-10
I1812,P4072,W6533,967,51,72,4,2025-12-12
I1813,P9594,W5635,26,103,66,13,2025-08-17
I1814,P863,W1789,864,105,13,5,2025-10-03
I1815,P4756,W420,604,51,75,5,2026-03-27
I1816,P9511,W9389,423,132,7,13,2025-10-19
I1817,P9594,W8844,338,170,11,18,2026-05-05
I1818,P7516,W1591,906,104,72,11,2025-06-21
I1819,P4723,W5715,155,77,95,1,2025-07-11
I1820,P8884,W8417,857,188,80,18,2026-01-23
I1821,P5257,W2809,713,200,72,17,2026-02-20
I1822,P4413,W8959,312,20,36,4,2025-10-22
I1823,P6907,W7102,367,15,59,18,2026-02-13
I1824,P352,W5674,705,10,36,20,2025-11-17
I1825,P330,W7537,460,104,29,8,2026-05-07
I1826,P6198,W726,874,132,64,4,2025-06-04
I1827,P3645,W4254,140,49,7,2,2026-05-10
I1828,P2889,W3460,643,25,76,9,2025-12-13
I1829,P4556,W8317,502,59,93,8,2025-12-01
I1830,P8587,W1342,272,194,100,2,2025-11-28
I1831,P8313,W1701,478,113,75,5,2026-03-09
I1832,P1945,W225,820,184,94,9,2025-06-22
I1833,P2004,W9708,749,121,17,10,2025-12-29
I1834,P5411,W2847,894,45,56,1,2025-11-12
I1835,P7617,W1659,214,115,80,12,2026-04-22
I1836,P6797,W9777,567,174,31,7,2025-07-02
I1837,P3402,W7964,609,141,41,15,2025-10-01
I1838,P3887,W6453,60,88,61,10,2026-03-08
I1839,P4245,W6649,737,35,95,6,2025-10-12
I1840,P464,W6098,956,109,22,17,2026-03-14
I1841,P5446,W7324,751,180,38,19,2026-04-01
I1842,P3674,W9199,619,175,96,17,2026-02-23
I1843,P2710,W1322,335,91,74,8,2026-02-09
I1844,P6761,W651,214,114,90,6,2025-06-21
I1845,P3784,W6483,858,168,35,13,2026-05-25
I1846,P8864,W1708,554,88,73,7,2025-07-31
I1847,P5470,W548,744,54,95,10,2025-11-01
I1848,P4399,W1441,157,117,53,15,2025-06-09
I1849,P3180,W2644,813,65,28,6,2025-10-31
I1850,P347,W1369,207,104,52,9,2025-07-20
I1851,P2,W2768,943,19,9,10,2026-04-03
I1852,P7870,W8985,626,90,67,14,2025-11-18
I1853,P5354,W2957,357,23,96,6,2025-08-21
I1854,P7650,W8998,816,102,62,4,2025-07-21
I1855,P3817,W5539,916,190,28,17,2025-09-27
I1856,P5330,W2913,151,102,58,20,2025-06-08
I1857,P6882,W2536,594,119,23,11,2025-07-29
I1858,P8444,W1549,778,124,98,20,2026-04-16
I1859,P6266,W3535,244,43,52,6,2026-01-05
I1860,P5937,W401,183,14,5,2,2025-08-19
I1861,P8179,W6115,227,120,34,1,2026-04-16
I1862,P1331,W6033,724,126,82,0,2025-11-21
I1863,P8596,W211,644,13,79,6,2025-08-12
I1864,P3132,W5950,864,16,53,2,2026-01-15
I1865,P1988,W628,804,154,85,12,2025-06-10
I1866,P3696,W8834,718,166,46,2,2026-03-06
I1867,P1093,W1367,578,38,43,15,2026-05-24
I1868,P8622,W3885,635,98,35,10,2026-04-18
I1869,P3241,W6116,623,186,27,10,2026-04-04
I1870,P1013,W7769,54,146,98,19,2026-04-29
I1871,P2603,W1244,61,45,72,2,2025-06-03
I1872,P2910,W6692,226,127,15,5,2026-05-25
I1873,P5431,W2420,990,194,11,8,2026-04-09
I1874,P2445,W1476,537,122,73,18,2026-02-05
I1875,P405,W8140,893,59,39,16,2026-02-09
I1876,P2761,W6619,928,19,41,0,2025-12-03
I1877,P2822,W5666,644,94,14,0,2026-03-10
I1878,P3170,W7585,33,58,50,2,2025-05-30
I1879,P3881,W5442,256,63,67,1,2026-04-10
I1880,P2284,W9099,15,88,10,13,2025-06-26
I1881,P4353,W5877,634,129,61,8,2025-08-08
I1882,P2141,W6428,735,186,24,3,2025-07-10
I1883,P563,W4679,234,30,99,2,2025-06-08
I1884,P8005,W558,447,148,13,17,2026-04-06
I1885,P7114,W9670,882,84,18,15,2025-10-10
I1886,P3672,W6189,946,199,25,14,2025-07-25
I1887,P3045,W6735,992,103,47,6,2026-02-20
I1888,P7483,W498,631,139,83,18,2025-12-25
I1889,P1703,W7011,635,61,74,20,2026-04-23
I1890,P9996,W8172,701,164,41,2,2026-01-17
I1891,P5005,W8491,980,10,60,19,2025-09-10
I1892,P1153,W9620,799,73,68,20,2025-11-29
I1893,P2452,W1965,130,106,37,10,2025-11-17
I1894,P222,W61,326,156,27,4,2025-08-31
I1895,P542,W8176,666,108,64,4,2025-11-28
I1896,P6944,W4779,524,56,22,7,2025-12-10
I1897,P6345,W8345,413,48,48,18,2025-11-26
I1898,P3643,W9054,993,65,33,1,2025-09-30
I1899,P1213,W5882,526,26,82,2,2026-03-02
I1900,P9627,W9848,620,29,45,5,2025-07-17
I1901,P744,W2601,357,28,9,4,2025-12-30
I1902,P423,W2661,770,190,60,10,2025-06-12
I1903,P8970,W4695,51,61,99,0,2026-05-17
I1904,P1678,W3722,950,147,55,16,2025-10-09
I1905,P9647,W374,936,78,86,8,2025-12-17
I1906,P5986,W2902,636,27,59,13,2026-02-28
I1907,P4135,W5793,247,104,62,18,2026-02-02
I1908,P5523,W8332,556,46,58,6,2026-01-21
I1909,P9308,W3933,230,148,64,16,2025-05-31
I1910,P6574,W8950,929,85,42,19,2025-11-02
I1911,P5589,W1562,898,17,26,17,2025-10-22
I1912,P4936,W8044,643,52,17,10,2025-06-11
I1913,P8352,W95,352,30,99,5,2025-12-16
I1914,P8405,W3130,833,109,90,2,2025-10-21
I1915,P1770,W111,967,170,75,7,2025-06-20
I1916,P2253,W2746,139,190,38,9,2025-11-02
I1917,P8125,W7530,425,170,94,3,2025-12-07
I1918,P2220,W7048,104,100,46,17,2026-05-21
I1919,P655,W7175,160,68,36,16,2026-01-11
I1920,P4487,W6184,463,164,86,15,2026-01-21
I1921,P5408,W3695,539,52,76,4,2026-04-23
I1922,P552,W1480,354,42,75,9,2025-11-19
I1923,P2393,W7861,57,38,41,18,2025-11-13
I1924,P7934,W6506,671,158,48,14,2026-04-12
I1925,P2928,W4651,599,168,46,7,2025-09-22
I1926,P4067,W1244,990,12,89,15,2025-06-20
I1927,P7075,W8924,196,145,30,9,2025-12-02
I1928,P9030,W9978,790,113,43,13,2026-02-14
I1929,P1011,W2178,640,59,15,18,2025-08-16
I1930,P6334,W6878,232,127,55,2,2025-07-27
I1931,P7031,W4790,774,114,8,6,2025-11-05
I1932,P6839,W6185,939,155,70,3,2025-11-10
I1933,P3105,W7659,214,197,59,19,2026-03-29
I1934,P2520,W1266,474,24,28,18,2025-08-31
I1935,P2452,W3874,955,15,71,0,2025-08-03
I1936,P9495,W3442,924,98,26,2,2025-10-16
I1937,P3366,W477,583,24,17,3,2025-06-08
I1938,P4729,W74,947,36,50,3,2025-11-01
I1939,P9046,W8067,317,49,67,7,2025-08-15
I1940,P7997,W4197,312,101,76,16,2026-04-19
I1941,P9843,W8751,870,54,55,5,2025-09-07
I1942,P300,W4625,291,114,51,5,2025-12-23
I1943,P8048,W8618,656,168,45,5,2026-02-05
I1944,P6620,W4742,341,182,31,18,2025-10-07
I1945,P9815,W6464,14,58,100,17,2025-10-29
I1946,P1957,W5153,104,157,16,18,2025-07-10
I1947,P5682,W997,3,131,96,12,2025-06-17
I1948,P7920,W3780,218,71,69,8,2025-07-12
I1949,P205,W9538,706,146,11,14,2025-12-10
I1950,P5134,W5476,395,100,36,11,2025-12-25
I1951,P2553,W9227,583,78,58,3,2026-02-12
I1952,P5857,W3164,584,174,52,10,2026-04-24
I1953,P304,W7936,294,22,21,2,2025-10-02
I1954,P7674,W6200,790,115,41,5,2025-09-17
I1955,P7357,W3906,379,196,12,6,2026-04-21
I1956,P5227,W2036,442,89,88,14,2025-12-29
I1957,P9970,W4710,441,158,44,20,2025-10-29
I1958,P5578,W4498,221,22,19,15,2026-05-23
I1959,P6503,W2496,939,94,87,7,2025-09-20
I1960,P4713,W3242,281,118,41,17,2025-07-01
I1961,P8450,W3731,186,102,75,14,2025-08-24
I1962,P1039,W411,732,118,74,11,2025-09-12
I1963,P9603,W7722,445,81,44,20,2026-04-05
I1964,P9526,W5268,494,154,58,20,2026-03-05
I1965,P4276,W1877,515,132,99,5,2025-10-21
I1966,P9611,W3219,850,129,97,14,2026-05-20
I1967,P7994,W9565,306,157,11,1,2025-12-22
I1968,P4924,W2685,993,92,74,10,2025-08-29
I1969,P3835,W1977,208,107,32,1,2025-06-09
I1970,P8856,W3999,671,47,48,2,2026-03-10
I1971,P1072,W9910,386,164,88,20,2025-12-05
I1972,P8382,W4228,291,155,92,16,2025-08-28
I1973,P7707,W118,874,144,76,13,2025-10-08
I1974,P9668,W6152,675,60,63,13,2025-11-21
I1975,P4476,W9946,95,48,97,4,2025-07-06
I1976,P9498,W1821,28,146,35,13,2026-04-17
I1977,P1397,W449,953,74,82,4,2025-11-09
I1978,P1056,W6228,785,40,16,7,2026-01-03
I1979,P5127,W4849,319,151,52,13,2026-03-15
I1980,P5701,W7561,153,173,98,3,2025-11-19
I1981,P8538,W6449,926,37,74,9,2025-08-16
I1982,P2768,W9626,875,198,67,1,2025-08-23
I1983,P9341,W6663,844,125,64,11,2025-07-23
I1984,P6131,W5036,379,18,79,1,2025-10-09
I1985,P9020,W5654,751,178,38,8,2026-03-10
I1986,P1743,W2532,263,164,54,10,2025-07-30
I1987,P9888,W4545,43,10,38,18,2026-03-25
I1988,P1830,W5175,584,195,71,0,2026-01-18
I1989,P1165,W4243,463,152,10,3,2026-03-13
I1990,P6073,W5653,32,109,99,2,2025-12-03
I1991,P8237,W2977,892,180,14,10,2026-04-05
I1992,P6873,W5798,175,86,85,15,2026-02-01
I1993,P6232,W7489,903,74,75,10,2025-11-04
I1994,P5349,W7853,444,144,5,11,2025-06-08
I1995,P3173,W1085,864,200,62,7,2026-01-30
I1996,P1748,W1721,2,147,97,13,2026-05-07
I1997,P8075,W9388,59,60,97,14,2025-12-09
I1998,P4483,W7017,110,104,88,12,2025-09-14
I1999,P3658,W9926,666,38,15,0,2025-08-07
I2000,P6746,W8370,587,122,55,9,2025-09-20
I2001,P8125,W8583,865,103,84,13,2026-03-26
I2002,P5435,W3602,182,200,20,14,2025-11-01
I2003,P8453,W9232,10,20,63,11,2025-06-17
I2004,P3613,W6843,624,177,84,12,2025-12-20
I2005,P2960,W8827,476,179,30,14,2025-12-18
I2006,P9476,W7707,428,166,19,17,2025-07-21
I2007,P1010,W7626,273,158,31,1,2026-01-16
I2008,P8234,W7018,876,115,29,16,2025-09-23
I2009,P6628,W2969,711,42,23,9,2026-05-05
I2010,P9301,W1882,431,158,76,7,2026-03-22
I2011,P4417,W2962,531,98,26,0,2025-12-03
I2012,P6276,W5525,472,98,94,4,2025-08-13
I2013,P6848,W9011,273,113,75,16,2025-07-04
I2014,P8608,W9126,218,131,17,10,2025-12-06
I2015,P536,W2280,361,21,20,13,2026-04-19
I2016,P6067,W26,901,166,82,4,2025-12-02
I2017,P2023,W2918,754,28,99,13,2025-06-05
I2018,P2915,W5533,449,32,41,0,2025-09-13
I2019,P3351,W3656,745,176,10,6,2026-05-09
I2020,P4961,W5237,385,69,22,16,2025-08-26
I2021,P2248,W2560,364,97,43,8,2025-07-29
I2022,P4065,W4729,479,20,62,20,2025-07-08
I2023,P2461,W1858,265,70,26,3,2026-03-23
I2024,P4827,W1944,792,121,8,4,2025-12-08
I2025,P547,W122,398,141,5,17,2026-02-08
I2026,P4371,W448,15,10,45,6,2025-12-29
I2027,P4008,W4031,366,122,6,10,2025-09-30
I2028,P5471,W1646,27,147,45,7,2026-05-23
I2029,P399,W1246,76,57,13,17,2025-12-26
I2030,P3213,W1441,896,178,35,12,2026-02-08
I2031,P1575,W2856,52,67,61,19,2025-07-15
I2032,P7886,W8313,518,184,85,20,2025-11-01
I2033,P4556,W7533,35,63,65,6,2025-08-21
I2034,P864,W1112,737,113,36,17,2025-06-02
I2035,P2961,W5921,743,91,96,13,2025-07-16
I2036,P3007,W9187,484,92,33,9,2025-09-12
I2037,P6231,W2031,83,187,58,12,2025-08-18
I2038,P3442,W1641,99,70,36,16,2026-01-06
I2039,P368,W4445,889,132,20,19,2026-05-15
I2040,P7586,W292,683,100,58,0,2025-08-20
I2041,P8469,W5657,512,175,45,14,2026-05-05
I2042,P9586,W8892,132,155,59,14,2026-01-02
I2043,P6622,W8505,334,69,25,2,2025-08-04
I2044,P8868,W1608,578,65,65,3,2026-05-11
I2045,P5167,W7711,515,77,6,8,2025-07-29
I2046,P4608,W2238,433,35,39,5,2026-05-27
I2047,P3856,W5821,558,93,71,3,2025-12-24
I2048,P922,W7979,944,131,93,11,2025-09-24
I2049,P2200,W2692,1,122,99,2,2025-12-12
I2050,P5205,W6587,549,20,56,12,2025-12-15
I2051,P5649,W3225,901,30,85,11,2025-08-26
I2052,P444,W1777,338,109,9,20,2026-01-12
I2053,P7859,W7194,67,190,52,2,2025-12-02
I2054,P3440,W8443,184,155,43,8,2026-05-16
I2055,P9226,W3725,342,93,71,15,2026-03-09
I2056,P7837,W4542,641,144,40,17,2025-06-04
I2057,P8049,W2883,941,38,52,5,2026-02-12
I2058,P5345,W169,847,156,65,15,2025-07-16
I2059,P7825,W1305,807,187,72,1,2026-03-16
I2060,P1604,W7519,980,113,7,1,2026-04-13
I2061,P7403,W3149,848,184,71,9,2025-08-16
I2062,P7867,W6195,69,170,62,10,2025-06-04
I2063,P7547,W9734,861,133,44,18,2025-10-13
I2064,P8670,W3531,885,167,98,17,2025-11-13
I2065,P4407,W1926,253,25,82,12,2025-09-01
I2066,P4013,W3996,439,88,83,11,2025-10-19
I2067,P9062,W4634,756,83,53,13,2026-01-10
I2068,P7767,W7870,289,197,15,1,2025-08-22
I2069,P4659,W5237,851,133,71,17,2026-03-01
I2070,P3689,W9509,23,120,22,10,2026-03-02
I2071,P9867,W1021,541,148,10,1,2026-02-09
I2072,P814,W7777,949,200,13,20,2025-12-16
I2073,P4452,W6544,811,167,37,4,2026-02-04
I2074,P738,W6596,989,158,97,7,2025-09-27
I2075,P9401,W8406,522,34,80,20,2025-08-02
I2076,P1648,W2902,265,42,35,7,2026-02-06
I2077,P1434,W5610,425,135,17,20,2026-03-02
I2078,P7590,W7597,904,133,72,13,2025-05-29
I2079,P9172,W1570,93,198,35,6,2026-05-19
I2080,P2559,W7346,11,76,10,11,2025-12-30
I2081,P5531,W2461,30,11,24,17,2026-01-29
I2082,P4052,W7880,974,149,73,20,2025-06-17
I2083,P5040,W2780,631,16,7,13,2026-02-14
I2084,P6736,W776,823,162,68,10,2025-08-31
I2085,P9439,W644,737,57,61,9,2025-07-30
I2086,P8262,W7170,52,194,32,12,2025-06-10
I2087,P2427,W9891,227,108,97,8,2026-02-02
I2088,P684,W6413,529,91,50,4,2026-05-25
I2089,P5071,W6699,440,28,51,20,2025-09-29
I2090,P6315,W8164,589,117,59,17,2026-05-19
I2091,P9917,W283,526,176,18,7,2025-07-05
I2092,P814,W8420,543,60,39,8,2026-01-22
I2093,P6513,W7871,647,78,17,11,2026-02-20
I2094,P3052,W3320,591,189,32,4,2025-09-28
I2095,P3575,W2263,488,107,15,14,2025-07-04
I2096,P2988,W7306,459,117,31,1,2025-11-05
I2097,P9407,W4749,858,41,74,6,2026-01-26
I2098,P7345,W9927,491,85,55,14,2025-10-31
I2099,P7186,W1882,911,60,52,20,2026-04-27
I2100,P7298,W8346,31,21,97,15,2025-07-26
I2101,P8699,W6964,613,22,81,13,2026-03-24
I2102,P2608,W3130,823,185,66,0,2025-06-17
I2103,P804,W1705,627,78,24,10,2025-09-23
I2104,P1741,W5966,624,111,7,0,2026-05-01
I2105,P1208,W3829,808,111,34,2,2025-12-12
I2106,P3557,W213,701,156,5,11,2025-09-21
I2107,P9694,W9257,470,101,42,2,2025-06-13
I2108,P1991,W8659,950,50,47,6,2025-08-28
I2109,P8951,W6294,112,192,10,16,2025-05-28
I2110,P2958,W8224,767,82,53,4,2025-07-31
I2111,P6302,W2793,248,67,78,9,2026-04-20
I2112,P6587,W4821,319,128,41,11,2025-10-29
I2113,P8980,W3590,55,36,7,11,2025-09-30
I2114,P7776,W5424,639,71,73,20,2026-03-10
I2115,P1859,W7917,478,61,74,10,2026-02-23
I2116,P7477,W4491,936,115,33,6,2026-03-02
I2117,P2445,W5740,866,51,83,1,2026-01-17
I2118,P1073,W9787,365,76,10,4,2025-08-24
I2119,P4000,W1048,166,48,38,4,2026-05-13
I2120,P9329,W766,744,120,53,9,2026-02-25
I2121,P618,W9244,303,171,30,3,2025-12-10
I2122,P5253,W6581,748,53,88,1,2025-06-20
I2123,P8209,W4945,238,19,46,18,2026-02-25
I2124,P6782,W2286,152,52,32,2,2025-08-19
I2125,P6379,W6176,711,108,24,6,2025-10-17
I2126,P6626,W5797,589,62,39,12,2025-12-18
I2127,P3218,W9251,952,115,59,2,2026-05-22
I2128,P7193,W1864,152,92,55,20,2025-09-27
I2129,P7407,W6866,424,137,10,1,2025-06-07
I2130,P7427,W7126,961,18,99,13,2025-09-12
I2131,P2411,W9967,585,168,32,18,2025-06-15
I2132,P3499,W1637,39,21,26,3,2026-04-23
I2133,P4285,W764,141,58,45,18,2025-05-30
I2134,P8325,W7172,409,71,70,13,2025-12-19
I2135,P286,W9062,735,62,14,20,2026-05-01
I2136,P5645,W1399,139,138,89,4,2026-02-14
I2137,P4377,W9971,457,132,73,5,2025-12-20
I2138,P2659,W1846,40,172,81,15,2025-12-08
I2139,P8142,W3923,440,25,76,7,2026-03-08
I2140,P1855,W7029,822,180,8,9,2026-02-04
I2141,P8322,W6936,736,20,9,9,2025-08-31
I2142,P1691,W8624,688,16,22,3,2025-07-19
I2143,P9393,W9469,935,159,73,10,2025-07-12
I2144,P4455,W6891,509,194,62,16,2025-07-25
I2145,P2868,W8890,955,197,98,7,2026-03-19
I2146,P5823,W7683,387,51,80,12,2025-06-30
I2147,P9775,W5597,546,51,71,11,2025-06-30
I2148,P527,W7919,496,48,56,16,2025-08-20
I2149,P4136,W9160,207,134,23,19,2025-10-19
I2150,P6572,W8955,24,107,60,16,2025-07-02
I2151,P18,W5076,304,111,32,0,2025-06-29
I2152,P3640,W27,743,162,21,6,2025-08-13
I2153,P553,W5534,389,166,5,3,2025-12-12
I2154,P1830,W8899,108,50,60,3,2025-10-18
I2155,P4773,W6800,985,81,69,1,2025-11-16
I2156,P269,W7105,555,199,58,20,2026-04-08
I2157,P8768,W2452,476,161,93,17,2026-05-13
I2158,P349,W1910,139,18,70,4,2026-01-21
I2159,P4683,W2168,166,198,70,6,2026-04-10
I2160,P2782,W4108,489,34,16,15,2026-01-27
I2161,P4613,W3675,19,51,88,7,2025-06-08
I2162,P9893,W2305,98,98,13,4,2026-05-09
I2163,P2294,W9546,779,94,66,1,2025-07-16
I2164,P9724,W3238,805,151,77,9,2026-05-01
I2165,P8537,W430,558,64,20,18,2025-11-05
I2166,P1894,W3638,256,45,26,3,2026-03-22
I2167,P7248,W7387,919,52,84,15,2025-11-24
I2168,P2131,W8725,71,126,53,12,2026-03-19
I2169,P9042,W7511,207,158,17,10,2026-02-19
I2170,P773,W6979,414,141,49,1,2026-04-22
I2171,P6885,W859,472,38,90,7,2025-06-09
I2172,P6607,W6718,149,127,42,8,2025-07-11
I2173,P7321,W816,875,14,37,20,2025-07-28
I2174,P1570,W1989,62,18,43,14,2026-03-30
I2175,P5368,W7179,596,27,82,7,2025-10-09
I2176,P1840,W1658,712,97,25,12,2025-08-24
I2177,P5764,W1110,778,140,78,5,2025-06-18
I2178,P7917,W8345,340,132,69,11,2026-05-18
I2179,P2296,W1333,758,50,39,3,2026-05-05
I2180,P453,W8466,960,178,84,0,2026-04-15
I2181,P5215,W8694,415,140,54,9,2025-06-09
I2182,P2634,W5682,608,196,60,15,2025-09-26
I2183,P776,W1630,652,41,22,19,2026-02-26
I2184,P3756,W428,459,153,29,19,2025-11-10
I2185,P1057,W8754,940,140,41,5,2025-10-11
I2186,P3978,W6998,561,176,63,1,2025-08-28
I2187,P6154,W5281,494,186,49,6,2026-05-23
I2188,P8877,W130,838,101,92,0,2025-06-07
I2189,P1039,W532,428,124,34,17,2026-02-13
I2190,P2296,W712,938,153,74,6,2025-08-23
I2191,P2287,W1908,387,41,37,8,2026-02-09
I2192,P3149,W5018,833,168,78,0,2025-09-06
I2193,P4296,W7963,51,13,68,19,2026-05-14
I2194,P7908,W6122,89,127,30,16,2026-02-01
I2195,P2129,W5369,445,177,90,1,2025-06-18
I2196,P3720,W427,36,33,35,10,2025-07-26
I2197,P3163,W8799,357,75,26,5,2025-08-07
I2198,P8455,W7869,867,48,65,4,2026-02-24
I2199,P1558,W968,232,15,74,12,2025-11-21
I2200,P8155,W118,307,151,20,2,2025-06-06
I2201,P1513,W784,16,77,98,1,2026-04-15
I2202,P8532,W3938,419,39,11,15,2025-11-24
I2203,P9653,W501,235,58,100,9,2025-06-04
I2204,P8624,W991,748,99,92,13,2025-07-21
I2205,P8903,W4837,914,11,14,13,2026-04-30
I2206,P1102,W2187,263,99,79,1,2025-08-12
I2207,P4975,W7008,144,43,28,16,2025-07-17
I2208,P1395,W9459,337,127,39,8,2025-11-26
I2209,P1360,W8672,598,39,77,16,2026-04-16
I2210,P7948,W9968,581,196,12,8,2026-04-05
I2211,P9953,W1726,445,11,75,20,2025-06-03
I2212,P1297,W3595,219,35,36,6,2025-06-11
I2213,P2977,W4721,718,34,58,3,2026-04-12
I2214,P9995,W1040,430,35,79,17,2025-07-31
I2215,P84,W958,940,100,15,0,2025-10-21
I2216,P1758,W2761,944,78,14,5,2025-09-13
I2217,P6379,W1860,605,163,59,8,2025-10-07
I2218,P503,W7801,646,168,75,14,2025-10-05
I2219,P3800,W7263,887,128,72,9,2025-09-11
I2220,P3100,W2551,197,57,11,18,2026-05-08
I2221,P126,W3217,195,160,56,2,2025-08-20
I2222,P5999,W1508,496,139,95,10,2025-10-02
I2223,P3530,W4205,109,105,97,0,2025-11-01
I2224,P5093,W6183,589,103,43,1,2025-06-30
I2225,P8921,W4356,970,47,21,15,2026-02-12
I2226,P7267,W5455,995,126,96,4,2026-04-13
I2227,P4081,W2818,594,132,57,5,2025-08-23
I2228,P8438,W6606,860,73,98,20,2026-05-11
I2229,P5616,W1169,405,20,32,12,2026-02-10
I2230,P6340,W1021,615,85,21,14,2025-09-28
I2231,P8819,W5146,76,25,25,0,2026-03-14
I2232,P5740,W3471,933,136,58,19,2026-03-19
I2233,P9101,W7386,597,182,61,7,2025-11-26
I2234,P2997,W9274,108,41,91,20,2026-01-04
I2235,P6314,W7980,542,138,87,13,2026-04-26
I2236,P3157,W1356,464,47,34,14,2026-03-06
I2237,P2828,W6715,196,162,23,5,2026-02-12
I2238,P8806,W4851,421,163,61,14,2025-12-29
I2239,P26,W1036,961,11,85,7,2025-12-03
I2240,P7121,W8707,962,94,13,14,2025-09-08
I2241,P8742,W910,69,132,58,18,2025-06-18
I2242,P1305,W3090,969,140,23,14,2026-02-03
I2243,P4,W5634,835,147,19,16,2025-10-13
I2244,P8186,W2641,290,133,37,3,2026-03-03
I2245,P9380,W9618,889,95,10,2,2025-11-25
I2246,P6293,W1322,547,148,85,6,2026-04-22
I2247,P8336,W2490,44,152,49,18,2025-11-01
I2248,P996,W9408,844,27,92,19,2026-04-20
I2249,P5628,W489,187,132,63,3,2026-04-25
I2250,P652,W6924,872,67,53,18,2025-05-31
I2251,P921,W2569,437,72,68,11,2026-03-03
I2252,P6592,W7872,424,156,56,0,2025-10-09
I2253,P3888,W189,721,171,22,15,2025-06-25
I2254,P9940,W4705,652,112,10,11,2026-02-19
I2255,P5968,W4147,125,144,87,13,2025-05-30
I2256,P3252,W396,123,33,73,0,2025-07-22
I2257,P5818,W4626,647,99,41,15,2026-04-15
I2258,P8843,W7477,497,186,23,7,2025-12-14
I2259,P5625,W4837,487,79,24,15,2026-03-05
I2260,P9098,W1701,47,194,57,16,2025-08-02
I2261,P2599,W9603,412,20,16,2,2026-02-24
I2262,P9762,W9724,911,80,75,14,2025-08-15
I2263,P3577,W653,768,27,58,7,2026-01-19
I2264,P3075,W4885,882,184,5,20,2026-02-03
I2265,P6686,W4786,928,116,55,11,2026-02-12
I2266,P3193,W5335,749,113,56,3,2026-01-08
I2267,P8463,W7937,995,22,40,4,2026-03-12
I2268,P8139,W6050,194,14,85,14,2025-10-08
I2269,P4846,W4837,949,124,52,14,2025-07-22
I2270,P4751,W8980,121,52,53,10,2025-09-12
I2271,P1872,W6302,859,12,85,2,2025-07-07
I2272,P8737,W441,600,16,85,0,2025-07-16
I2273,P811,W9442,683,17,16,14,2025-07-16
I2274,P6959,W6234,239,77,53,17,2026-05-03
I2275,P2794,W5934,202,130,51,11,2025-09-04
I2276,P782,W1486,631,164,36,3,2025-06-12
I2277,P4058,W7605,774,61,37,3,2025-12-16
I2278,P4112,W3367,61,70,85,17,2025-10-26
I2279,P2965,W846,772,38,79,15,2025-12-27
I2280,P1216,W9909,412,168,71,18,2025-06-21
I2281,P9454,W1921,139,151,13,18,2025-11-02
I2282,P9556,W1691,678,39,41,0,2025-09-05
I2283,P8667,W2793,619,73,32,6,2026-05-10
I2284,P7862,W6626,478,130,71,19,2025-10-10
I2285,P5223,W9058,96,178,52,12,2026-04-22
I2286,P5400,W3568,813,57,16,19,2025-12-30
I2287,P9861,W3566,8,119,78,3,2026-03-16
I2288,P4156,W9358,472,57,83,13,2025-12-07
I2289,P9912,W3387,645,184,61,14,2025-10-02
I2290,P2684,W2862,558,54,84,10,2025-09-18
I2291,P9190,W1965,163,28,99,13,2025-11-05
I2292,P9653,W9948,7,111,74,1,2026-04-26
I2293,P7514,W332,568,133,55,19,2026-03-18
I2294,P6752,W9164,231,10,27,9,2026-04-13
I2295,P7696,W5341,792,152,23,17,2025-10-14
I2296,P9885,W9189,653,130,31,12,2025-06-07
I2297,P7621,W4559,171,59,46,13,2026-05-03
I2298,P5534,W2410,994,135,74,10,2025-06-03
I2299,P3893,W2585,973,63,9,18,2025-08-18
I2300,P1834,W1662,736,161,49,18,2025-11-28
I2301,P9650,W2520,994,126,99,6,2026-04-24
I2302,P5565,W8479,929,136,11,17,2026-02-09
I2303,P1663,W6629,986,163,93,13,2026-05-26
I2304,P5495,W5177,109,13,37,2,2025-07-08
I2305,P77,W6622,447,47,29,0,2025-08-07
I2306,P1308,W646,595,70,29,9,2025-12-19
I2307,P1573,W2462,243,125,7,3,2026-03-20
I2308,P3652,W7217,99,16,73,15,2025-08-10
I2309,P8973,W5488,585,126,69,15,2025-12-09
I2310,P7158,W7373,390,104,43,1,2025-07-19
I2311,P7274,W6680,23,122,18,18,2026-05-16
I2312,P5886,W9164,966,185,28,13,2025-10-08
I2313,P1353,W2051,106,32,23,1,2025-07-06
I2314,P8061,W9620,335,144,5,15,2025-08-06
I2315,P1340,W9836,544,111,50,20,2025-12-04
I2316,P4426,W7409,730,199,91,5,2025-10-08
I2317,P1462,W1803,736,52,29,7,2025-07-04
I2318,P9546,W6635,546,195,89,16,2025-09-03
I2319,P863,W2443,497,124,71,18,2025-12-20
I2320,P8469,W6506,282,170,19,3,2025-11-09
I2321,P5502,W119,23,192,41,16,2025-10-17
I2322,P8883,W5364,562,185,83,15,2025-12-18
I2323,P289,W4435,951,149,60,9,2026-05-26
I2324,P5579,W4162,886,144,35,2,2026-02-28
I2325,P2685,W8008,243,121,47,17,2025-10-26
I2326,P6356,W1511,726,59,73,8,2025-10-12
I2327,P8693,W50,880,63,53,10,2025-12-06
I2328,P3071,W189,711,91,32,5,2025-09-10
I2329,P8180,W5212,130,156,6,9,2025-07-06
I2330,P3236,W9547,293,179,70,2,2026-03-07
I2331,P3757,W7823,979,128,33,4,2025-07-12
I2332,P3698,W1779,476,11,29,3,2026-04-18
I2333,P6858,W6327,695,143,51,9,2026-03-17
I2334,P5015,W1027,428,14,19,9,2026-04-21
I2335,P4915,W7234,641,11,45,20,2026-01-15
I2336,P8025,W6060,92,118,17,11,2025-06-01
I2337,P3686,W5069,807,117,73,0,2026-05-18
I2338,P9443,W3998,557,178,64,7,2026-04-30
I2339,P5170,W7125,108,94,60,10,2026-04-22
I2340,P8533,W4447,534,140,32,1,2025-06-14
I2341,P2928,W8560,276,134,36,17,2025-11-02
I2342,P5697,W4957,904,154,76,4,2026-02-27
I2343,P4069,W3294,945,144,87,5,2026-02-20
I2344,P478,W9079,555,75,46,1,2026-01-26
I2345,P9865,W8145,690,43,45,12,2025-10-29
I2346,P2034,W258,537,129,87,8,2026-01-14
I2347,P2168,W6852,743,36,68,9,2026-04-14
I2348,P2985,W4803,329,163,66,0,2025-06-04
I2349,P6742,W4971,803,72,93,8,2025-12-21
I2350,P2961,W9867,501,189,49,15,2025-12-10
I2351,P2823,W2693,198,112,47,8,2026-02-02
I2352,P2075,W5225,377,95,8,14,2025-08-02
I2353,P6832,W7292,606,45,18,14,2026-05-02
I2354,P9879,W2166,220,55,86,19,2026-05-25
I2355,P9050,W2283,818,178,69,7,2025-06-09
I2356,P7339,W2404,534,128,31,3,2025-07-11
I2357,P4532,W883,479,28,71,20,2025-07-29
I2358,P7367,W558,408,192,66,8,2025-09-07
I2359,P2846,W6039,315,34,68,7,2025-07-28
I2360,P2834,W891,137,165,91,13,2026-02-24
I2361,P5442,W7329,767,114,96,20,2025-06-18
I2362,P6590,W5717,675,38,48,8,2025-10-27
I2363,P2344,W9278,588,192,86,6,2025-08-11
I2364,P2172,W7820,267,130,14,10,2026-03-21
I2365,P8083,W7753,504,85,74,11,2026-05-26
I2366,P9297,W2929,579,157,97,18,2026-03-14
I2367,P4028,W4133,240,155,29,4,2025-07-13
I2368,P3219,W4620,87,133,13,16,2025-08-03
I2369,P4853,W1561,9,16,9,0,2025-06-14
I2370,P3504,W8775,88,93,16,5,2025-11-26
I2371,P9438,W3196,919,54,53,19,2026-05-05
I2372,P97,W9128,424,131,71,20,2026-03-25
I2373,P6180,W9032,536,97,41,10,2025-11-17
I2374,P3525,W9541,407,186,76,3,2026-02-26
I2375,P7855,W7713,607,88,97,0,2026-04-07
I2376,P8956,W2405,156,146,25,16,2026-05-20
I2377,P3123,W1433,556,110,31,9,2025-06-11
I2378,P498,W7582,785,133,6,2,2026-02-10
I2379,P8730,W5153,63,195,65,5,2025-11-15
I2380,P7654,W5356,11,121,36,1,2025-12-11
I2381,P1744,W531,838,176,67,6,2025-12-23
I2382,P4146,W6682,131,159,44,20,2025-07-02
I2383,P4464,W8576,534,120,70,10,2025-12-10
I2384,P6894,W2704,523,12,56,3,2025-06-19
I2385,P4804,W4695,480,72,75,7,2025-11-18
I2386,P4762,W6949,172,189,35,3,2025-05-31
I2387,P7977,W1985,788,45,50,17,2025-12-20
I2388,P2306,W3954,175,81,82,11,2025-09-28
I2389,P7841,W8264,962,184,88,16,2025-10-13
I2390,P4395,W8013,418,92,71,20,2025-12-14
I2391,P1373,W4441,576,130,92,16,2025-10-29
I2392,P7607,W3872,990,96,11,12,2025-08-08
I2393,P4760,W8508,144,161,9,1,2025-07-18
I2394,P8034,W2184,377,114,16,2,2026-05-28
I2395,P5211,W9605,133,35,71,4,2025-06-15
I2396,P1239,W9952,463,122,58,7,2025-07-23
I2397,P5507,W9393,492,190,20,15,2026-03-03
I2398,P8185,W1648,253,144,6,14,2025-07-25
I2399,P2108,W2005,792,139,26,18,2025-12-06
I2400,P6707,W5548,544,185,42,15,2026-02-20
I2401,P7515,W9371,19,33,33,9,2025-08-15
I2402,P9698,W761,156,128,6,20,2025-10-13
I2403,P6851,W5574,220,186,42,15,2026-05-04
I2404,P5241,W87,399,175,26,14,2026-02-22
I2405,P603,W8692,705,17,9,9,2026-05-24
I2406,P5651,W5604,589,59,98,3,2025-07-14
I2407,P4220,W7675,728,35,60,20,2025-07-17
I2408,P9143,W6335,360,178,96,5,2026-01-04
I2409,P5956,W7386,263,74,16,17,2026-02-15
I2410,P7108,W4895,31,195,36,8,2025-10-24
I2411,P5258,W2142,438,46,52,12,2025-06-14
I2412,P7861,W5726,303,187,58,8,2025-09-16
I2413,P2577,W8706,932,105,81,13,2025-12-02
I2414,P510,W7542,177,58,46,16,2025-10-24
I2415,P341,W201,907,117,37,1,2025-10-17
I2416,P64,W4197,235,23,95,20,2025-06-03
I2417,P5365,W2080,674,196,33,18,2025-08-19
I2418,P6878,W9875,303,144,16,13,2026-05-25
I2419,P2797,W6388,331,142,78,14,2025-12-12
I2420,P8193,W361,144,83,40,6,2026-05-04
I2421,P7830,W805,795,171,42,1,2025-10-04
I2422,P272,W6181,395,40,85,3,2026-03-16
I2423,P9937,W7692,907,19,31,11,2026-01-11
I2424,P128,W8950,647,131,99,14,2025-09-15
I2425,P2484,W3816,820,69,78,19,2025-07-25
I2426,P1506,W2647,439,20,88,2,2025-09-25
I2427,P8930,W7301,869,163,84,2,2026-03-21
I2428,P2146,W7500,996,168,92,19,2025-09-02
I2429,P8430,W1843,737,80,68,5,2025-12-28
I2430,P7368,W8766,874,130,56,7,2026-05-24
I2431,P7834,W159,971,117,76,3,2026-03-01
I2432,P4912,W292,716,61,23,5,2025-06-15
I2433,P4173,W5642,391,108,18,13,2025-12-15
I2434,P6768,W2504,216,107,13,17,2025-08-27
I2435,P4128,W1896,500,34,51,5,2026-03-13
I2436,P4899,W5623,5,190,73,4,2025-08-08
I2437,P7052,W6640,645,124,41,19,2025-07-14
I2438,P7852,W5179,851,92,98,5,2026-03-22
I2439,P876,W2958,954,84,71,0,2025-08-10
I2440,P7477,W3107,34,60,11,5,2025-12-13
I2441,P7259,W5523,184,92,13,13,2025-09-19
I2442,P3757,W6717,803,112,66,8,2025-09-25
I2443,P4355,W612,733,79,78,8,2026-02-26
I2444,P6999,W3880,209,68,33,17,2025-06-08
I2445,P7427,W8327,890,185,36,12,2025-10-18
I2446,P6980,W7994,273,76,38,16,2025-09-18
I2447,P5549,W758,946,188,75,15,2026-02-26
I2448,P3500,W2287,525,174,42,10,2025-08-19
I2449,P4343,W3720,219,123,43,20,2026-02-08
I2450,P7355,W2573,328,66,39,11,2025-09-12
I2451,P1822,W1242,134,71,77,15,2025-07-04
I2452,P6994,W3021,185,81,82,17,2026-01-06
I2453,P3840,W9489,191,101,38,6,2026-05-12
I2454,P1218,W6983,114,50,83,13,2025-08-13
I2455,P4931,W2714,67,102,41,5,2025-08-13
I2456,P3417,W7600,165,102,18,14,2026-03-04
I2457,P8586,W5041,464,158,59,5,2025-06-02
I2458,P2406,W9082,153,149,86,2,2026-03-13
I2459,P9059,W191,603,95,8,14,2025-07-05
I2460,P464,W6640,399,111,11,14,2026-01-02
I2461,P4290,W9063,578,151,18,2,2026-03-08
I2462,P7467,W6254,789,199,32,2,2026-03-02
I2463,P4699,W764,654,43,68,20,2025-09-17
I2464,P10000,W5348,15,43,29,20,2025-08-25
I2465,P1706,W5166,578,125,92,3,2025-08-07
I2466,P6894,W7381,371,97,26,11,2026-03-26
I2467,P7087,W9169,254,39,88,6,2025-08-25
I2468,P3705,W9262,549,88,35,4,2026-03-19
I2469,P3354,W2120,194,197,48,0,2025-07-27
I2470,P6969,W2048,58,172,17,20,2026-05-01
I2471,P2826,W9202,462,191,80,1,2025-06-12
I2472,P7805,W4994,378,83,55,20,2025-10-09
I2473,P4702,W9210,877,49,77,3,2025-06-02
I2474,P2279,W807,284,68,19,7,2025-11-17
I2475,P1539,W4280,291,15,71,12,2025-09-10
I2476,P7822,W98,128,156,67,15,2025-11-27
I2477,P2322,W3818,149,60,86,9,2026-02-23
I2478,P9030,W222,928,17,24,11,2025-09-18
I2479,P2033,W8943,3,40,82,11,2025-06-29
I2480,P898,W8306,681,182,63,17,2026-03-04
I2481,P9820,W3872,84,163,88,15,2025-12-08
I2482,P8056,W8077,386,21,30,5,2026-04-29
I2483,P2496,W2628,190,147,29,12,2025-09-19
I2484,P4131,W5193,650,65,84,7,2026-02-08
I2485,P3916,W6687,841,123,20,4,2025-09-27
I2486,P574,W8603,692,45,58,1,2025-11-20
I2487,P761,W9169,569,14,17,4,2025-10-24
I2488,P7562,W9844,643,110,9,7,2025-09-30
I2489,P9505,W7305,578,112,6,15,2025-11-13
I2490,P9122,W9505,722,62,73,19,2025-08-02
I2491,P7091,W2510,539,45,72,6,2026-01-08
I2492,P7842,W3502,272,147,53,2,2025-07-11
I2493,P5909,W2892,961,57,94,16,2025-07-30
I2494,P1359,W7236,579,120,31,14,2026-02-26
I2495,P8750,W167,866,46,22,15,2025-08-11
I2496,P369,W5285,743,40,16,13,2026-03-23
I2497,P6871,W8151,450,111,58,19,2025-10-03
I2498,P9411,W9019,551,188,22,1,2025-07-13
I2499,P6938,W6154,663,146,13,10,2025-05-28
I2500,P6133,W3287,694,64,19,2,2025-09-09
I2501,P7986,W3773,892,156,80,2,2025-10-11
I2502,P223,W4517,396,44,15,6,2025-07-08
I2503,P9960,W5814,848,176,70,11,2025-10-29
I2504,P130,W2631,30,106,58,16,2025-10-27
I2505,P2253,W8215,908,59,42,11,2025-08-24
I2506,P9188,W9921,683,18,37,12,2026-03-17
I2507,P2790,W8912,477,197,63,13,2025-05-28
I2508,P5670,W2095,457,124,83,1,2025-07-26
I2509,P2124,W6554,184,188,75,9,2026-05-05
I2510,P2077,W9960,987,125,15,18,2025-10-07
I2511,P2904,W2588,936,84,36,3,2025-09-01
I2512,P2884,W5583,871,109,39,12,2026-04-28
I2513,P5896,W3156,37,133,12,5,2025-10-25
I2514,P754,W5963,335,52,19,0,2025-06-11
I2515,P6545,W2447,775,26,94,19,2025-07-12
I2516,P2225,W3959,699,127,52,11,2025-08-13
I2517,P8347,W112,220,183,89,11,2025-06-03
I2518,P8500,W6885,355,172,33,7,2026-03-05
I2519,P5136,W4771,386,116,49,4,2025-12-11
I2520,P5644,W9480,941,57,21,20,2026-02-17
I2521,P3448,W1845,763,98,24,9,2025-10-08
I2522,P5959,W9336,425,143,40,9,2025-06-26
I2523,P5883,W5928,457,189,9,6,2025-09-10
I2524,P373,W7666,988,36,85,9,2026-02-27
I2525,P1575,W9866,82,89,33,4,2026-05-01
I2526,P9001,W5223,795,145,83,1,2025-12-03
I2527,P9095,W8141,605,183,59,15,2026-03-25
I2528,P1637,W5091,452,192,64,7,2025-08-04
I2529,P8581,W3383,99,105,37,14,2025-11-20
I2530,P5646,W3159,530,103,79,15,2025-10-23
I2531,P7575,W4866,348,17,66,2,2026-02-22
I2532,P5003,W8075,434,79,86,17,2026-05-27
I2533,P3707,W2150,123,13,82,14,2025-08-16
I2534,P3772,W6924,553,22,14,3,2026-01-26
I2535,P8683,W8380,530,76,48,6,2025-09-03
I2536,P7674,W7149,873,16,84,2,2025-07-13
I2537,P7887,W2605,804,32,63,15,2026-01-23
I2538,P6131,W5623,53,166,44,10,2025-10-23
I2539,P6892,W9561,464,47,78,19,2025-08-11
I2540,P3804,W7795,122,160,15,5,2025-07-25
I2541,P6103,W8824,875,58,6,1,2026-03-14
I2542,P9773,W1024,780,109,51,3,2026-04-18
I2543,P847,W5353,142,10,27,11,2026-05-12
I2544,P8910,W9080,800,65,22,6,2025-06-14
I2545,P8121,W8743,456,181,41,0,2026-03-28
I2546,P7479,W850,314,14,22,12,2025-10-19
I2547,P4872,W2031,950,179,70,16,2026-05-14
I2548,P3481,W3712,939,27,6,10,2025-07-15
I2549,P6519,W1169,922,59,91,15,2025-12-28
I2550,P5104,W5198,902,76,40,8,2026-05-19
I2551,P1841,W7006,857,98,32,17,2025-12-03
I2552,P1422,W6560,696,73,87,1,2025-10-12
I2553,P3646,W7830,856,10,74,20,2026-01-12
I2554,P4504,W2992,39,169,12,5,2025-11-28
I2555,P2020,W5195,141,76,13,4,2025-07-29
I2556,P7896,W6686,82,136,97,5,2025-06-09
I2557,P5275,W718,48,73,36,5,2025-09-08
I2558,P6993,W232,811,186,53,10,2026-03-12
I2559,P3707,W225,916,60,86,4,2025-10-30
I2560,P670,W800,813,28,53,8,2025-09-21
I2561,P3200,W9320,510,192,80,19,2026-02-11
I2562,P7031,W8482,380,34,98,6,2026-04-29
I2563,P1911,W1588,471,91,18,5,2026-03-14
I2564,P8226,W3289,931,121,44,6,2025-09-19
I2565,P8775,W255,995,109,34,11,2026-05-15
I2566,P7962,W3601,556,162,56,20,2025-08-25
I2567,P5929,W7401,151,137,24,11,2026-05-22
I2568,P4085,W2159,678,110,95,20,2025-11-12
I2569,P9164,W5557,429,116,95,18,2026-01-18
I2570,P9073,W6726,280,124,25,20,2025-06-08
I2571,P7683,W1110,890,30,53,8,2026-04-01
I2572,P6058,W4256,30,145,80,18,2025-08-24
I2573,P9912,W7743,117,149,62,1,2025-06-17
I2574,P3514,W891,600,117,19,4,2025-06-25
I2575,P2161,W3212,385,173,46,5,2025-11-10
I2576,P8769,W3042,612,83,61,13,2025-05-30
I2577,P4660,W8536,754,143,74,13,2026-04-23
I2578,P2351,W47,122,27,72,0,2026-04-22
I2579,P3361,W7724,754,49,63,19,2026-03-08
I2580,P49,W5038,76,172,33,19,2025-10-11
I2581,P4011,W3951,487,90,63,18,2025-07-08
I2582,P3340,W5290,201,182,53,0,2025-12-13
I2583,P1169,W5718,595,195,73,6,2025-08-25
I2584,P6262,W3305,810,86,20,10,2026-03-15
I2585,P5361,W3927,353,50,74,2,2025-06-02
I2586,P3248,W1359,1,143,66,20,2025-08-14
I2587,P8036,W8782,150,20,68,2,2025-06-08
I2588,P8021,W1800,298,143,96,3,2025-10-29
I2589,P4362,W1342,125,78,88,19,2025-12-09
I2590,P8841,W7566,316,84,24,7,2025-12-01
I2591,P3962,W4200,165,59,51,17,2026-05-01
I2592,P1955,W4859,878,59,74,4,2025-09-13
I2593,P2605,W5990,983,87,16,18,2026-04-15
I2594,P2688,W5224,123,71,21,11,2026-02-05
I2595,P9766,W5906,869,77,33,16,2025-11-04
I2596,P4417,W7826,74,67,97,3,2025-09-30
I2597,P8637,W8937,45,81,48,15,2025-07-02
I2598,P1611,W6076,391,165,78,15,2025-11-22
I2599,P9218,W1130,241,67,94,4,2026-02-08
I2600,P3291,W267,558,161,92,13,2026-01-29
I2601,P8209,W5923,890,157,45,12,2025-09-18
I2602,P5147,W294,746,178,68,12,2025-08-08
I2603,P6583,W7756,998,26,40,7,2026-05-13
I2604,P6722,W6634,263,186,90,16,2025-11-16
I2605,P9184,W8255,215,14,81,13,2026-05-03
I2606,P1505,W3810,621,29,68,3,2025-10-12
I2607,P1479,W8719,201,108,92,1,2025-11-22
I2608,P284,W1397,874,184,48,14,2025-08-08
I2609,P2414,W9206,746,36,27,4,2025-10-18
I2610,P962,W6677,309,56,27,15,2026-01-31
I2611,P4562,W5461,194,53,60,16,2025-06-10
I2612,P6430,W7830,400,189,71,4,2026-02-04
I2613,P2141,W2388,392,115,26,12,2026-05-22
I2614,P7998,W6848,689,107,11,6,2026-05-22
I2615,P3944,W7303,485,119,12,1,2026-04-13
I2616,P9087,W3798,57,198,25,10,2026-03-23
I2617,P645,W7968,829,46,24,17,2025-06-27
I2618,P2468,W7299,815,174,56,3,2026-01-03
I2619,P1525,W529,231,156,23,7,2025-07-09
I2620,P7268,W6564,424,11,86,9,2025-09-15
I2621,P9178,W1325,62,193,30,11,2025-10-09
I2622,P2076,W4348,406,21,21,13,2025-08-13
I2623,P9756,W4459,384,101,73,18,2025-08-31
I2624,P1896,W7285,443,42,85,11,2026-03-19
I2625,P6771,W5144,830,196,81,3,2025-07-11
I2626,P9234,W4077,306,132,42,11,2025-11-05
I2627,P7945,W1662,310,132,63,2,2026-04-18
I2628,P1688,W2693,31,178,46,1,2026-04-26
I2629,P4959,W9706,933,12,89,1,2026-04-11
I2630,P1944,W2737,286,118,89,2,2025-06-25
I2631,P3605,W7302,59,168,34,4,2025-09-05
I2632,P2101,W5961,819,91,12,5,2026-05-17
I2633,P1508,W9561,46,132,68,3,2026-02-19
I2634,P3270,W3136,736,156,41,16,2025-11-05
I2635,P884,W1362,400,185,54,19,2025-07-27
I2636,P7795,W8143,523,192,21,5,2025-09-01
I2637,P3153,W4718,360,146,94,18,2026-01-02
I2638,P5767,W2371,495,20,38,17,2026-03-28
I2639,P1825,W4083,889,84,82,17,2026-02-11
I2640,P2214,W2231,804,65,42,12,2026-04-09
I2641,P6818,W2279,75,185,80,15,2025-11-10
I2642,P2967,W9986,643,37,64,1,2025-12-29
I2643,P6230,W4936,807,49,68,17,2026-01-15
I2644,P4220,W1435,579,24,14,9,2026-03-03
I2645,P5005,W5252,528,107,33,13,2025-08-12
I2646,P4997,W2722,621,108,5,20,2026-05-22
I2647,P2461,W4231,151,43,11,5,2026-01-07
I2648,P9517,W6282,49,117,68,14,2026-05-10
I2649,P5083,W2707,469,39,95,11,2026-05-12
I2650,P3969,W5098,848,138,31,16,2026-05-02
I2651,P3425,W7847,274,131,87,9,2026-04-03
I2652,P270,W2320,795,81,83,16,2025-10-26
I2653,P6125,W7002,926,134,64,10,2026-02-12
I2654,P7129,W3645,384,104,47,9,2025-08-18
I2655,P4857,W1709,669,143,69,10,2025-11-14
I2656,P684,W94,394,69,51,3,2026-03-28
I2657,P6502,W199,884,125,34,12,2025-11-05
I2658,P8815,W2862,538,45,59,9,2026-01-21
I2659,P5692,W2986,915,138,82,20,2025-09-23
I2660,P8125,W4130,543,123,71,5,2025-08-31
I2661,P6955,W1038,200,162,68,17,2026-03-21
I2662,P7385,W8997,899,51,95,20,2025-12-19
I2663,P6286,W3128,503,144,94,18,2026-04-21
I2664,P1720,W805,384,156,13,0,2026-01-18
I2665,P4224,W8603,533,156,97,7,2025-07-12
I2666,P6781,W843,470,38,35,14,2026-04-17
I2667,P496,W321,401,137,25,7,2026-04-30
I2668,P6624,W975,511,29,83,6,2025-07-02
I2669,P4575,W3168,695,84,8,14,2025-08-06
I2670,P6046,W7748,314,70,41,8,2025-10-03
I2671,P7420,W1885,886,30,19,16,2025-11-19
I2672,P7480,W7891,136,145,49,3,2025-06-16
I2673,P910,W8039,719,106,5,14,2026-05-18
I2674,P6382,W2305,69,176,46,10,2025-06-23
I2675,P6371,W404,408,191,63,19,2025-07-29
I2676,P1468,W8625,630,105,29,4,2025-08-06
I2677,P7619,W1040,294,151,66,17,2025-10-04
I2678,P1808,W3555,132,95,26,17,2025-07-22
I2679,P4862,W5487,450,24,28,9,2025-06-22
I2680,P6627,W1003,543,166,9,5,2026-01-19
I2681,P2350,W6153,291,118,37,9,2025-07-08
I2682,P9475,W579,368,181,24,7,2025-12-27
I2683,P5346,W5123,843,134,98,3,2025-09-15
I2684,P3367,W5713,454,26,77,1,2025-09-20
I2685,P9699,W8799,391,162,25,19,2025-09-08
I2686,P2563,W4444,657,149,62,15,2026-05-05
I2687,P7559,W2767,766,71,86,5,2025-08-25
I2688,P879,W1126,945,68,65,14,2025-06-05
I2689,P4266,W2543,838,100,30,16,2025-08-28
I2690,P174,W2667,924,59,72,13,2025-06-27
I2691,P6656,W4370,622,101,60,3,2025-12-26
I2692,P3600,W7908,18,146,42,19,2026-04-01
I2693,P7755,W1133,135,36,22,16,2025-09-07
I2694,P1477,W9782,803,137,41,12,2025-07-28
I2695,P483,W4374,478,117,93,0,2025-11-23
I2696,P2789,W250,468,186,24,0,2025-08-07
I2697,P6109,W4811,760,124,20,2,2025-10-08
I2698,P5221,W3757,36,104,29,10,2025-07-02
I2699,P1323,W5056,675,115,78,4,2026-03-30
I2700,P5032,W6594,719,110,65,13,2025-10-09
I2701,P314,W401,792,42,35,12,2026-04-16
I2702,P8885,W5375,565,56,91,14,2026-01-02
I2703,P2681,W6619,439,56,43,16,2026-05-09
I2704,P9622,W7508,386,86,49,2,2026-03-03
I2705,P6013,W4621,236,154,77,6,2026-01-21
I2706,P439,W8815,935,15,48,16,2025-05-29
I2707,P4046,W3964,761,177,70,8,2026-01-05
I2708,P2413,W1711,361,158,11,15,2025-06-22
I2709,P3850,W6231,195,97,61,6,2026-02-13
I2710,P5173,W3681,477,152,7,1,2025-10-26
I2711,P6693,W2703,17,161,40,13,2026-05-28
I2712,P3487,W8440,766,134,37,16,2025-11-26
I2713,P6319,W5185,70,124,69,13,2025-10-08
I2714,P2743,W2543,122,183,83,7,2025-12-09
I2715,P6888,W6809,719,20,83,19,2026-03-09
I2716,P300,W5412,91,72,58,5,2026-03-03
I2717,P5453,W6987,85,130,36,17,2025-10-27
I2718,P3851,W4886,488,193,57,18,2026-05-02
I2719,P9446,W3321,769,100,65,1,2025-12-04
I2720,P3461,W9500,798,154,39,2,2025-12-04
I2721,P7581,W7353,798,15,35,19,2025-09-20
I2722,P5594,W6701,961,90,66,13,2025-10-02
I2723,P3694,W6855,676,135,10,2,2025-10-22
I2724,P2081,W6430,263,152,56,3,2026-04-29
I2725,P3311,W2570,270,154,50,8,2025-07-29
I2726,P7026,W842,942,164,28,17,2025-10-03
I2727,P6364,W6703,718,196,56,4,2026-01-12
I2728,P7524,W7773,567,44,100,11,2025-09-22
I2729,P4478,W3624,836,85,26,17,2025-12-25
I2730,P1988,W5805,597,190,77,20,2025-10-16
I2731,P8266,W4712,399,53,39,13,2026-01-08
I2732,P584,W3254,649,131,89,17,2026-04-09
I2733,P2675,W5374,281,71,22,2,2025-09-27
I2734,P2437,W5461,414,91,24,14,2025-08-02
I2735,P8604,W8133,658,169,91,3,2026-04-12
I2736,P9912,W2730,645,43,39,7,2025-06-12
I2737,P5759,W6840,911,51,82,1,2026-04-03
I2738,P5687,W9780,505,120,36,19,2026-03-13
I2739,P8762,W8225,394,53,5,20,2025-08-23
I2740,P1908,W2,585,121,12,1,2025-08-17
I2741,P2505,W571,219,198,76,4,2025-11-21
I2742,P5375,W5673,411,93,20,10,2025-11-26
I2743,P7703,W2416,838,87,47,17,2026-02-03
I2744,P2551,W8675,528,30,60,3,2026-03-17
I2745,P3990,W1624,447,137,44,13,2025-06-03
I2746,P919,W7115,242,189,86,20,2025-07-23
I2747,P5600,W8559,949,68,72,1,2026-03-06
I2748,P4735,W5444,925,38,19,15,2025-12-04
I2749,P494,W6218,882,21,91,17,2025-12-18
I2750,P2501,W292,482,60,26,3,2026-02-07
I2751,P6126,W8516,267,118,63,5,2025-09-03
I2752,P3464,W7798,886,66,50,3,2026-05-17
I2753,P1925,W1104,900,21,61,17,2026-04-11
I2754,P3786,W7078,586,121,52,19,2025-10-06
I2755,P2679,W6619,85,170,34,13,2026-05-03
I2756,P856,W9601,449,21,47,16,2026-02-07
I2757,P8031,W5663,571,165,43,19,2025-12-18
I2758,P9131,W9269,115,96,44,5,2026-05-18
I2759,P9474,W1610,243,30,43,9,2025-07-05
I2760,P726,W8258,759,135,13,19,2025-12-13
I2761,P9070,W5250,909,169,37,11,2025-08-25
I2762,P3787,W7355,769,39,25,10,2025-06-06
I2763,P5216,W5803,538,68,94,13,2026-02-28
I2764,P8455,W5673,337,20,83,6,2026-01-27
I2765,P8514,W3649,205,48,45,2,2026-01-20
I2766,P3069,W1321,883,45,65,9,2026-05-07
I2767,P8727,W3588,805,56,38,8,2025-07-25
I2768,P9167,W1320,454,185,90,6,2026-02-04
I2769,P7480,W3344,308,134,88,17,2025-09-14
I2770,P8268,W4527,461,30,51,16,2026-03-31
I2771,P9607,W8182,799,34,11,9,2025-12-01
I2772,P9000,W9638,696,69,94,0,2025-08-28
I2773,P7267,W6466,93,124,41,16,2026-01-16
I2774,P2529,W3219,273,86,69,8,2025-11-04
I2775,P674,W8910,538,183,35,1,2025-11-16
I2776,P9204,W7204,74,20,42,13,2025-07-25
I2777,P8171,W1905,570,91,71,19,2026-03-10
I2778,P4057,W9881,649,180,14,15,2025-07-29
I2779,P9783,W6856,947,158,11,13,2025-08-26
I2780,P9330,W3542,448,179,58,2,2025-08-12
I2781,P2830,W5393,575,83,13,14,2025-08-23
I2782,P7008,W9702,821,106,37,0,2025-11-12
I2783,P4758,W3626,47,86,50,9,2025-06-05
I2784,P6758,W6371,156,74,86,8,2025-12-12
I2785,P3839,W3780,508,16,39,13,2026-03-30
I2786,P359,W173,713,174,59,15,2025-11-20
I2787,P2526,W5431,590,188,69,8,2025-12-29
I2788,P4809,W4483,920,166,45,3,2025-11-01
I2789,P2000,W7959,533,176,19,3,2025-11-28
I2790,P6538,W2794,252,188,76,11,2025-11-29
I2791,P8082,W7758,647,196,33,1,2026-01-25
I2792,P895,W7665,183,197,82,11,2025-06-26
I2793,P9522,W8732,213,41,81,7,2026-03-22
I2794,P1003,W1480,973,108,68,9,2026-04-23
I2795,P4159,W216,146,185,44,16,2025-09-22
I2796,P3921,W2037,668,113,39,17,2026-04-07
I2797,P3434,W9113,687,86,89,3,2026-02-05
I2798,P9079,W8050,153,31,69,11,2026-04-02
I2799,P9315,W6572,366,81,17,16,2025-06-01
I2800,P4315,W2253,866,141,8,12,2025-06-09
I2801,P4407,W2891,230,33,34,10,2025-07-09
I2802,P2682,W9192,558,87,21,0,2025-08-15
I2803,P3746,W4230,96,177,39,5,2026-02-01
I2804,P1299,W9898,477,112,88,4,2025-09-04
I2805,P570,W5493,748,89,36,1,2025-10-07
I2806,P9421,W5380,604,103,39,2,2025-07-18
I2807,P7080,W943,264,117,10,3,2025-07-16
I2808,P6044,W5122,829,200,32,11,2025-11-24
I2809,P1455,W6482,845,148,78,0,2025-08-15
I2810,P6490,W5712,934,102,71,4,2026-02-15
I2811,P3123,W2062,467,143,91,9,2025-07-01
I2812,P3544,W9794,223,24,54,12,2025-10-21
I2813,P3704,W3110,924,186,7,19,2025-11-16
I2814,P9220,W9215,176,198,50,8,2025-07-15
I2815,P9269,W735,922,96,16,13,2025-07-26
I2816,P6443,W6807,511,136,52,19,2025-12-02
I2817,P8404,W5350,815,28,7,11,2025-12-28
I2818,P661,W5236,107,31,54,16,2025-09-22
I2819,P2351,W3267,463,14,10,7,2026-01-24
I2820,P7971,W3573,408,11,45,4,2025-06-29
I2821,P2666,W2938,389,80,87,18,2026-05-01
I2822,P7935,W6741,34,24,9,0,2025-07-29
I2823,P9463,W3450,96,47,28,4,2025-11-28
I2824,P9194,W5688,527,14,60,13,2026-02-03
I2825,P1275,W357,828,128,22,7,2026-01-03
I2826,P2406,W4762,287,128,86,9,2026-04-03
I2827,P2511,W6025,353,22,16,10,2025-09-16
I2828,P3595,W7421,9,28,21,5,2025-07-17
I2829,P9636,W2518,368,120,52,0,2026-03-29
I2830,P5698,W327,611,22,42,2,2026-01-27
I2831,P2782,W8402,665,150,66,15,2025-09-07
I2832,P7703,W3282,731,117,10,3,2025-06-27
I2833,P1534,W4952,559,82,60,1,2026-03-06
I2834,P7159,W5891,208,131,7,12,2026-05-12
I2835,P8266,W30,547,116,41,11,2025-08-09
I2836,P9473,W3981,87,32,12,15,2025-07-04
I2837,P8291,W9883,770,136,99,13,2025-12-10
I2838,P9946,W6060,312,37,26,12,2026-03-13
I2839,P3606,W7874,920,160,64,19,2025-11-29
I2840,P2919,W5582,471,179,63,18,2025-07-27
I2841,P9788,W8189,870,88,94,16,2025-08-09
I2842,P3923,W5492,156,109,45,7,2025-08-08
I2843,P3221,W5458,463,140,96,0,2026-02-16
I2844,P8050,W1576,604,60,78,6,2025-12-06
I2845,P6235,W5617,934,23,57,11,2025-07-10
I2846,P3640,W6729,841,196,97,5,2025-08-30
I2847,P2963,W6353,639,100,8,17,2026-03-28
I2848,P2459,W8700,716,188,94,1,2025-06-03
I2849,P8154,W4848,505,11,39,7,2025-07-09
I2850,P3480,W8790,886,65,75,7,2025-07-31
I2851,P9678,W3466,508,180,27,7,2026-04-03
I2852,P7127,W8842,910,153,81,0,2025-06-12
I2853,P9833,W3712,861,163,49,15,2026-03-24
I2854,P3028,W5726,162,106,34,10,2025-12-13
I2855,P9885,W7893,991,13,80,0,2025-09-11
I2856,P588,W5629,401,73,36,11,2025-09-02
I2857,P9882,W9891,257,88,53,9,2025-06-18
I2858,P7140,W4370,82,21,45,19,2026-03-12
I2859,P1116,W4650,222,121,67,2,2025-07-11
I2860,P3477,W7199,729,20,83,9,2026-02-23
I2861,P7867,W6113,625,64,71,0,2025-12-26
I2862,P2053,W7204,341,11,14,5,2025-07-22
I2863,P3387,W5632,95,189,19,20,2025-08-03
I2864,P17,W9828,984,51,38,4,2025-07-07
I2865,P8308,W128,328,138,49,7,2026-02-19
I2866,P7885,W1114,258,33,10,12,2026-03-25
I2867,P680,W9044,291,92,47,15,2026-04-05
I2868,P2010,W5712,293,146,73,14,2026-05-05
I2869,P8941,W995,748,193,75,4,2026-04-18
I2870,P3210,W9832,400,136,56,17,2026-04-28
I2871,P5968,W7252,221,170,35,18,2025-08-27
I2872,P5913,W1954,256,23,98,8,2026-01-25
I2873,P4564,W7616,457,150,67,0,2026-01-10
I2874,P3753,W3548,923,164,87,20,2026-04-27
I2875,P1845,W2441,496,198,59,17,2026-04-15
I2876,P6538,W9404,945,160,79,3,2025-11-10
I2877,P8399,W4375,852,77,40,18,2026-01-23
I2878,P7008,W1138,343,148,93,1,2026-04-27
I2879,P9373,W8855,890,20,83,9,2025-07-25
I2880,P6347,W5136,808,161,73,12,2025-12-15
I2881,P851,W1418,203,42,10,16,2025-07-24
I2882,P3904,W276,190,195,81,19,2026-03-23
I2883,P5135,W4191,102,143,76,19,2025-08-29
I2884,P2356,W5372,48,168,93,11,2026-04-08
I2885,P7509,W4335,891,35,19,17,2025-08-03
I2886,P7279,W4959,623,120,20,1,2026-01-04
I2887,P2377,W3270,641,99,15,17,2025-11-17
I2888,P211,W6699,827,117,44,7,2025-06-17
I2889,P5183,W8015,851,137,83,15,2026-01-13
I2890,P8408,W6309,553,16,51,4,2026-02-02
I2891,P1104,W1387,10,112,50,20,2026-03-24
I2892,P4875,W8114,282,36,48,18,2026-03-31
I2893,P772,W885,578,143,30,8,2025-07-17
I2894,P1260,W1852,781,168,19,11,2025-10-28
I2895,P1188,W4981,646,118,99,4,2025-12-23
I2896,P4056,W9090,689,136,95,17,2026-03-23
I2897,P2591,W2358,986,37,80,10,2025-12-22
I2898,P2816,W8760,200,142,92,5,2025-10-16
I2899,P9631,W6591,369,164,66,5,2025-12-07
I2900,P3581,W3862,662,157,72,3,2026-02-18
I2901,P7582,W7480,16,88,27,0,2026-03-21
I2902,P2853,W1289,419,148,14,5,2026-02-22
I2903,P5056,W3557,898,10,98,2,2026-04-15
I2904,P8775,W992,7,145,29,11,2026-05-19
I2905,P3014,W5952,879,124,25,14,2025-11-22
I2906,P8164,W8044,688,195,5,14,2026-03-27
I2907,P2581,W5578,129,158,49,15,2025-09-26
I2908,P7477,W9237,128,20,89,18,2025-07-12
I2909,P8773,W1689,253,137,20,10,2025-06-05
I2910,P7068,W7641,161,116,60,1,2025-08-31
I2911,P9748,W9490,589,120,56,19,2025-10-28
I2912,P6040,W9215,604,45,73,12,2025-11-04
I2913,P84,W894,128,193,99,1,2026-03-02
I2914,P6783,W8088,956,56,23,3,2025-11-03
I2915,P6429,W9669,81,14,97,10,2025-06-26
I2916,P9763,W1116,750,184,71,17,2025-07-26
I2917,P5109,W6474,921,84,21,19,2025-11-23
I2918,P7169,W857,852,146,87,7,2025-08-03
I2919,P2353,W861,611,36,51,16,2025-09-11
I2920,P5861,W9047,962,128,15,16,2026-02-02
I2921,P2315,W7785,24,66,68,10,2025-08-29
I2922,P8680,W5787,503,87,96,18,2026-01-27
I2923,P1019,W9609,227,198,73,11,2025-06-12
I2924,P5486,W4044,795,54,91,20,2026-04-27
I2925,P9338,W8471,759,133,94,20,2025-08-17
I2926,P7162,W372,749,173,51,7,2025-08-05
I2927,P3384,W9817,833,89,31,19,2025-09-04
I2928,P5319,W9653,216,177,20,8,2026-03-12
I2929,P3521,W5671,938,10,92,8,2026-05-26
I2930,P9428,W379,618,88,50,20,2025-07-28
I2931,P7616,W3786,138,40,88,1,2026-03-09
I2932,P662,W1978,63,153,50,9,2026-05-16
I2933,P4339,W3017,98,150,63,9,2025-09-04
I2934,P9579,W6799,909,34,48,17,2025-08-23
I2935,P7963,W1703,642,191,61,12,2026-01-14
I2936,P9010,W1460,441,99,87,6,2026-01-05
I2937,P7564,W9911,694,180,55,3,2026-02-24
I2938,P9901,W8711,714,28,44,12,2025-12-10
I2939,P1777,W5677,355,28,13,4,2026-03-14
I2940,P2211,W3858,556,94,56,11,2025-08-05
I2941,P123,W5465,814,157,81,5,2025-05-29
I2942,P3901,W6011,487,121,21,8,2026-02-22
I2943,P6872,W5404,27,167,54,10,2025-09-07
I2944,P2577,W7738,134,105,94,16,2025-11-04
I2945,P5501,W494,239,22,55,15,2025-07-27
I2946,P4701,W8159,615,46,75,20,2025-08-29
I2947,P5261,W2815,905,181,22,1,2025-06-10
I2948,P9381,W1424,525,20,71,19,2025-11-07
I2949,P712,W1447,579,80,43,0,2026-01-02
I2950,P1332,W4255,489,103,61,2,2025-09-16
I2951,P9478,W1587,315,78,56,18,2025-07-01
I2952,P6919,W3272,583,19,43,8,2026-01-11
I2953,P3183,W794,185,142,85,8,2025-08-28
I2954,P2017,W9514,588,33,28,11,2026-01-29
I2955,P7587,W7657,483,55,81,16,2025-12-16
I2956,P2509,W8796,159,117,53,15,2025-05-29
I2957,P4304,W5449,261,75,54,6,2025-06-08
I2958,P6906,W6249,338,79,54,17,2025-10-31
I2959,P1487,W8309,529,172,14,2,2026-05-12
I2960,P7107,W8642,719,127,7,1,2025-11-20
I2961,P6187,W8812,525,121,35,6,2025-08-14
I2962,P1934,W980,626,40,13,9,2026-05-10
I2963,P9716,W6333,582,89,52,0,2025-09-21
I2964,P5619,W8028,671,56,70,4,2026-02-20
I2965,P8854,W4784,773,195,47,15,2025-10-17
I2966,P9430,W7786,209,188,14,5,2025-08-09
I2967,P1563,W301,987,189,10,12,2026-05-09
I2968,P9575,W8853,938,46,75,6,2025-08-17
I2969,P5931,W9271,483,78,29,9,2025-06-26
I2970,P3142,W987,694,191,23,8,2026-05-04
I2971,P9183,W1890,611,141,25,13,2026-05-03
I2972,P9155,W514,280,149,33,11,2025-09-08
I2973,P3115,W6935,375,77,63,18,2025-06-24
I2974,P1812,W383,420,27,16,20,2025-11-01
I2975,P6505,W1309,331,135,86,8,2025-12-10
I2976,P3299,W3342,701,199,71,19,2025-11-12
I2977,P7180,W4002,341,98,57,5,2025-06-04
I2978,P5235,W9812,274,65,33,19,2026-01-26
I2979,P1283,W7970,723,101,25,10,2025-09-23
I2980,P7672,W3426,916,153,71,1,2026-01-17
I2981,P8948,W8749,525,14,51,14,2025-08-24
I2982,P9461,W1696,17,70,96,9,2025-10-14
I2983,P5597,W1498,985,83,20,0,2025-08-07
I2984,P8854,W3366,247,194,38,18,2025-09-19
I2985,P4135,W6571,780,23,34,20,2025-11-19
I2986,P9938,W2509,176,29,70,18,2026-02-27
I2987,P578,W7277,800,193,95,8,2025-07-31
I2988,P2999,W8637,124,56,26,14,2025-12-16
I2989,P9468,W4644,445,62,90,1,2026-04-12
I2990,P3055,W6774,161,126,100,10,2026-01-30
I2991,P6465,W4428,714,50,62,5,2025-08-01
I2992,P7332,W1356,105,24,66,19,2025-06-15
I2993,P1099,W2154,971,151,19,15,2025-06-01
I2994,P8321,W3977,636,146,96,10,2025-12-03
I2995,P4755,W4803,565,65,27,3,2025-09-08
I2996,P1496,W2832,553,143,36,8,2025-11-05
I2997,P6184,W3280,312,164,53,13,2025-08-12
I2998,P3071,W3944,470,135,73,15,2025-12-31
I2999,P8100,W1059,446,102,93,15,2025-05-28
I3000,P8699,W6690,72,31,20,4,2025-06-17
I3001,P4965,W9893,685,118,25,9,2026-03-25
I3002,P4810,W4197,41,185,57,11,2025-08-16
I3003,P727,W3885,520,72,5,0,2025-05-31
I3004,P4246,W9609,211,29,63,7,2025-11-10
I3005,P3063,W5421,364,174,77,12,2026-05-09
I3006,P9662,W1826,286,64,67,6,2026-04-16
I3007,P1484,W2105,200,53,12,12,2025-10-30
I3008,P328,W6745,746,110,11,7,2026-01-12
I3009,P572,W418,658,136,80,11,2025-10-22
I3010,P6771,W3224,653,173,19,12,2026-01-25
I3011,P1702,W7932,610,65,72,4,2026-02-23
I3012,P6774,W7444,770,188,89,19,2025-08-08
I3013,P7219,W4551,816,106,5,11,2026-02-27
I3014,P5146,W5955,261,167,48,14,2025-07-03
I3015,P1078,W2594,960,93,44,14,2026-02-09
I3016,P8614,W2481,627,126,85,15,2025-08-04
I3017,P6858,W1093,824,116,94,6,2025-05-28
I3018,P5036,W8565,989,29,55,15,2025-08-28
I3019,P5982,W7569,279,122,89,0,2025-09-08
I3020,P4922,W6649,997,98,55,19,2025-10-04
I3021,P2123,W6534,634,26,61,13,2025-07-11
I3022,P5437,W9973,582,82,87,4,2025-06-26
I3023,P8255,W2252,547,110,49,5,2026-02-08
I3024,P9508,W7683,206,149,68,4,2025-12-13
I3025,P2240,W7427,638,122,50,15,2026-03-12
I3026,P6243,W2859,803,155,35,12,2026-03-02
I3027,P3192,W4256,360,51,99,5,2026-01-23
I3028,P39,W1248,492,133,26,5,2026-03-23
I3029,P2922,W2943,142,13,89,20,2026-02-14
I3030,P1097,W3435,869,171,88,4,2025-08-24
I3031,P3049,W4087,222,154,13,5,2025-11-30
I3032,P8037,W6607,441,52,50,7,2025-06-11
I3033,P5911,W3609,336,140,13,0,2026-04-07
I3034,P2510,W8551,149,166,99,4,2026-04-25
I3035,P5520,W3885,584,169,12,1,2026-02-28
I3036,P6485,W6963,298,27,48,3,2025-07-12
I3037,P3917,W5973,524,25,69,17,2026-01-24
I3038,P6414,W6095,387,117,45,6,2026-04-28
I3039,P6972,W900,426,94,10,14,2026-05-22
I3040,P4569,W16,91,132,32,13,2025-09-16
I3041,P3979,W9189,262,122,90,14,2026-01-07
I3042,P9287,W7272,548,200,41,6,2025-12-02
I3043,P6983,W7886,574,56,60,7,2026-05-02
I3044,P3081,W9744,419,63,33,14,2025-11-26
I3045,P8945,W3276,585,122,91,10,2025-09-21
I3046,P4390,W9053,92,32,93,7,2026-04-14
I3047,P8880,W2313,254,177,22,4,2025-10-24
I3048,P2667,W6157,966,103,42,3,2025-12-16
I3049,P6547,W1493,972,143,23,12,2025-12-01
I3050,P5887,W9462,291,55,85,19,2025-08-16
I3051,P339,W9232,900,134,35,2,2025-10-25
I3052,P1508,W9777,897,180,82,7,2025-07-10
I3053,P7736,W4053,942,64,80,6,2026-05-16
I3054,P4942,W9180,864,195,66,8,2025-10-29
I3055,P7478,W8168,131,138,35,17,2026-02-25
I3056,P7496,W701,211,119,31,3,2025-11-04
I3057,P6591,W799,97,49,52,10,2026-04-29
I3058,P7895,W57,842,75,29,2,2025-12-20
I3059,P9948,W9850,187,63,81,20,2025-09-20
I3060,P9209,W1835,394,91,91,6,2026-05-05
I3061,P698,W9471,706,123,21,14,2025-07-02
I3062,P1645,W4975,602,16,63,13,2026-01-21
I3063,P8891,W8209,240,38,45,1,2025-10-04
I3064,P1523,W9790,785,130,38,2,2025-07-12
I3065,P1248,W877,434,195,55,9,2026-03-06
I3066,P635,W791,296,170,18,9,2025-10-01
I3067,P8224,W9050,108,200,40,1,2026-05-02
I3068,P3680,W5393,531,51,37,20,2025-11-04
I3069,P5972,W3625,626,52,88,1,2026-03-22
I3070,P3756,W6897,244,186,54,13,2025-11-27
I3071,P9306,W1066,851,109,69,19,2025-07-19
I3072,P9984,W8376,612,191,68,17,2026-05-05
I3073,P583,W9713,336,74,78,1,2025-09-28
I3074,P3608,W7795,162,195,44,5,2026-04-29
I3075,P4626,W7119,520,58,95,7,2025-12-09
I3076,P2786,W6039,78,140,20,13,2025-10-24
I3077,P6035,W876,759,193,54,10,2025-07-10
I3078,P7108,W5315,755,189,18,17,2026-04-23
I3079,P3013,W2751,117,75,74,15,2025-10-06
I3080,P3393,W2930,467,78,45,17,2025-07-22
I3081,P7659,W8544,470,141,23,18,2025-11-07
I3082,P8595,W7645,322,54,79,13,2025-11-10
I3083,P1113,W8787,843,73,8,8,2026-05-21
I3084,P6732,W7323,73,143,62,6,2026-02-22
I3085,P8719,W2246,225,50,49,3,2026-04-29
I3086,P2117,W27,108,151,98,13,2026-03-30
I3087,P8455,W7076,283,168,93,18,2025-06-27
I3088,P5721,W973,286,148,29,19,2025-06-27
I3089,P2907,W8840,53,128,45,11,2025-07-02
I3090,P9108,W1666,187,26,20,0,2025-08-27
I3091,P2922,W8622,705,118,75,12,2025-11-11
I3092,P6872,W8893,292,81,28,9,2025-05-28
I3093,P4213,W2940,625,155,24,19,2025-08-14
I3094,P3739,W1878,848,184,14,2,2025-08-04
I3095,P3753,W8429,467,195,82,11,2026-05-13
I3096,P6703,W5830,725,128,77,0,2025-08-26
I3097,P4746,W2276,679,53,18,0,2026-02-23
I3098,P2597,W6763,486,107,47,2,2026-05-21
I3099,P7983,W3929,710,26,29,18,2026-01-14
I3100,P6677,W804,115,155,24,1,2025-10-01
I3101,P841,W2122,849,100,57,4,2025-09-22
I3102,P2584,W4693,143,84,93,1,2025-10-21
I3103,P7514,W249,518,13,44,2,2025-12-05
I3104,P8325,W9480,559,140,24,7,2025-05-30
I3105,P171,W1449,616,158,24,7,2025-12-03
I3106,P2340,W5133,764,107,60,18,2025-11-12
I3107,P3681,W4971,399,80,94,18,2025-09-16
I3108,P4078,W6229,859,156,26,4,2026-05-02
I3109,P2812,W2195,697,21,59,7,2025-10-19
I3110,P575,W1877,79,20,86,7,2025-08-22
I3111,P6367,W2507,289,127,28,6,2026-04-07
I3112,P9445,W4669,295,146,63,12,2025-09-26
I3113,P1747,W3329,256,53,82,14,2025-12-08
I3114,P4904,W943,844,114,17,7,2026-03-26
I3115,P4185,W6876,226,120,72,16,2026-04-27
I3116,P1899,W2364,44,174,34,14,2025-11-27
I3117,P6605,W9628,45,166,26,18,2026-03-09
I3118,P1790,W624,268,176,45,9,2025-10-11
I3119,P2912,W8207,823,127,48,17,2025-12-14
I3120,P8446,W5583,949,15,51,11,2025-12-24
I3121,P4799,W9444,123,55,78,1,2026-01-15
I3122,P7584,W7565,241,23,80,9,2026-04-17
I3123,P1459,W3520,947,125,84,9,2026-01-14
I3124,P5096,W3436,834,60,98,6,2026-04-25
I3125,P6787,W6908,788,33,53,17,2026-02-19
I3126,P4177,W544,579,174,56,19,2026-03-20
I3127,P5561,W745,642,16,10,1,2026-03-04
I3128,P5024,W4392,73,54,60,15,2025-08-21
I3129,P707,W826,176,151,65,6,2025-10-17
I3130,P2016,W1495,370,60,19,3,2026-04-04
I3131,P8593,W2259,752,134,67,10,2025-09-16
I3132,P9657,W6463,203,92,64,13,2026-05-27
I3133,P2423,W9347,840,37,71,8,2026-02-14
I3134,P3261,W6127,416,91,28,7,2025-11-28
I3135,P4105,W8768,86,111,73,4,2026-05-11
I3136,P7372,W3553,441,105,68,0,2025-06-06
I3137,P1553,W5852,236,157,59,19,2025-10-20
I3138,P8247,W2996,213,117,69,5,2025-12-22
I3139,P5058,W254,52,38,75,7,2025-09-21
I3140,P610,W9275,422,123,22,13,2025-10-08
I3141,P4933,W4917,299,11,13,18,2026-02-26
I3142,P7116,W7258,96,91,70,1,2026-03-17
I3143,P8262,W4183,938,33,100,11,2026-02-23
I3144,P9785,W7409,778,71,23,2,2026-05-02
I3145,P6747,W4928,952,67,43,10,2025-06-19
I3146,P5012,W3281,682,17,8,4,2026-03-04
I3147,P7274,W6331,799,110,8,3,2026-04-21
I3148,P2230,W4828,926,171,95,17,2026-02-17
I3149,P4205,W6411,923,110,72,1,2025-09-10
I3150,P476,W8569,213,72,84,14,2025-08-29
I3151,P8979,W7762,371,134,18,10,2025-12-25
I3152,P9035,W6285,493,133,14,0,2026-01-15
I3153,P8171,W2215,376,168,60,12,2026-04-13
I3154,P5735,W1719,932,91,76,16,2025-08-19
I3155,P595,W1478,356,154,93,15,2026-05-26
I3156,P4573,W9518,839,173,45,0,2025-10-29
I3157,P6276,W6627,825,117,43,3,2025-06-11
I3158,P9534,W7105,846,197,63,17,2026-03-17
I3159,P2806,W9872,394,131,91,13,2025-10-10
I3160,P7145,W7221,316,163,32,5,2025-09-11
I3161,P755,W9111,759,40,79,2,2026-03-28
I3162,P1131,W4220,599,58,66,13,2026-05-15
I3163,P1480,W8937,26,14,46,5,2025-10-27
I3164,P8617,W6035,100,154,85,13,2025-06-11
I3165,P3969,W9980,701,34,74,4,2025-10-08
I3166,P3461,W6780,945,93,50,8,2025-10-05
I3167,P1346,W592,97,51,20,15,2025-12-24
I3168,P6908,W2877,323,174,78,10,2026-01-18
I3169,P4824,W9524,640,84,47,9,2026-01-20
I3170,P2216,W4610,195,133,72,8,2025-12-09
I3171,P3371,W8820,994,112,18,5,2025-12-03
I3172,P5464,W825,75,18,24,11,2025-11-28
I3173,P9667,W3627,116,18,71,9,2026-01-23
I3174,P9096,W5990,481,108,49,11,2025-09-03
I3175,P4081,W8664,368,123,22,16,2025-07-12
I3176,P1423,W7446,182,185,91,15,2025-08-11
I3177,P1056,W7486,875,199,49,2,2025-10-19
I3178,P3029,W9228,158,40,66,8,2025-10-16
I3179,P5842,W2831,506,45,43,9,2025-07-07
I3180,P7692,W9038,180,147,14,16,2026-05-11
I3181,P4981,W8822,412,42,45,16,2026-01-30
I3182,P9341,W2113,970,157,14,16,2026-01-26
I3183,P6608,W8778,37,23,23,16,2026-05-09
I3184,P1686,W1920,897,56,7,9,2025-07-17
I3185,P7724,W686,152,95,11,7,2025-09-27
I3186,P2241,W7769,281,26,6,14,2025-08-22
I3187,P4844,W5876,935,134,68,8,2026-03-20
I3188,P6354,W3973,887,72,41,6,2026-03-15
I3189,P2356,W1699,945,29,60,13,2025-10-12
I3190,P920,W7809,254,187,72,3,2026-01-31
I3191,P382,W555,410,167,47,2,2026-04-04
I3192,P7840,W5184,877,47,88,1,2026-04-16
I3193,P5778,W9909,829,48,85,1,2025-09-30
I3194,P554,W6645,771,45,27,5,2026-01-05
I3195,P4097,W7250,284,68,49,4,2026-03-15
I3196,P7683,W6798,602,44,27,13,2026-02-04
I3197,P5663,W6233,710,30,56,20,2025-07-18
I3198,P8313,W2110,573,171,91,12,2025-08-22
I3199,P1160,W9848,375,138,51,5,2025-06-28
I3200,P5018,W3417,203,42,87,13,2025-12-30
I3201,P1855,W9108,143,36,70,0,2026-01-01
I3202,P8979,W5048,269,83,37,17,2026-05-18
I3203,P387,W1963,946,178,77,9,2026-04-27
I3204,P4920,W4663,217,13,62,9,2026-03-22
I3205,P2744,W2680,646,142,7,18,2026-04-28
I3206,P4081,W8750,598,191,45,13,2025-06-24
I3207,P5204,W6618,100,98,13,13,2026-03-15
I3208,P2918,W6915,865,27,100,3,2025-12-26
I3209,P3456,W786,250,68,51,17,2025-10-05
I3210,P7428,W4700,46,44,99,0,2025-08-17
I3211,P8539,W4665,113,36,5,12,2025-11-05
I3212,P5639,W6673,444,40,82,2,2025-10-26
I3213,P3542,W1337,263,18,86,9,2026-01-12
I3214,P9400,W1330,306,111,13,18,2026-05-20
I3215,P1277,W6914,411,17,37,11,2025-07-07
I3216,P6960,W517,941,58,53,19,2026-04-22
I3217,P278,W3721,563,185,83,13,2026-03-17
I3218,P2766,W3563,357,184,32,15,2025-12-23
I3219,P3926,W4721,937,68,52,0,2025-10-15
I3220,P4954,W5183,607,48,88,3,2026-03-25
I3221,P7078,W6239,245,200,20,18,2026-04-23
I3222,P9574,W1360,631,120,69,18,2026-04-26
I3223,P8642,W1109,352,74,81,11,2025-09-09
I3224,P1867,W1985,373,123,31,14,2025-06-17
I3225,P8531,W9162,640,149,66,6,2026-02-13
I3226,P4837,W3464,676,74,39,18,2026-03-05
I3227,P7124,W1354,646,190,59,15,2025-10-11
I3228,P913,W8358,818,72,51,4,2025-12-05
I3229,P3977,W2757,173,115,41,15,2025-12-17
I3230,P3853,W6086,166,142,41,19,2026-01-25
I3231,P4297,W1347,286,139,12,13,2026-04-12
I3232,P7505,W71,450,14,61,17,2025-08-21
I3233,P8740,W1201,616,98,97,3,2025-10-27
I3234,P6961,W1317,768,98,100,11,2025-10-16
I3235,P9914,W4782,845,110,43,12,2026-01-24
I3236,P3619,W9250,235,55,9,7,2025-09-26
I3237,P3116,W6828,618,16,40,1,2025-08-30
I3238,P6369,W5263,794,74,7,3,2025-10-20
I3239,P5702,W6835,613,151,72,14,2026-01-16
I3240,P2633,W7982,183,18,15,2,2026-05-04
I3241,P373,W1867,177,189,49,0,2026-05-08
I3242,P9675,W3595,531,189,45,11,2025-12-03
I3243,P3185,W439,908,141,49,10,2025-07-28
I3244,P6359,W7437,779,98,93,7,2025-08-02
I3245,P5826,W9764,631,62,42,9,2026-01-31
I3246,P8429,W4885,378,43,55,14,2026-01-16
I3247,P4163,W1678,1000,122,48,11,2026-04-07
I3248,P268,W9839,572,17,49,10,2026-02-03
I3249,P4735,W6902,538,179,88,4,2026-04-24
I3250,P448,W7753,386,129,62,6,2025-07-04
I3251,P8920,W4142,1,193,39,0,2026-01-11
I3252,P9857,W8737,504,132,30,15,2026-05-07
I3253,P1751,W8049,304,111,50,8,2025-08-14
I3254,P1706,W5041,149,48,54,0,2026-03-29
I3255,P5302,W7245,631,132,13,6,2026-04-20
I3256,P555,W5626,787,166,58,7,2025-10-07
I3257,P3821,W7264,723,39,69,0,2025-10-11
I3258,P6496,W2587,818,124,51,0,2025-11-14
I3259,P3300,W8195,77,91,10,7,2026-01-01
I3260,P6981,W2636,286,32,88,20,2025-08-20
I3261,P5941,W92,223,93,20,6,2026-02-22
I3262,P7558,W8817,89,58,6,14,2025-09-01
I3263,P6463,W2488,275,83,39,13,2025-09-27
I3264,P2214,W9949,231,20,95,0,2026-05-19
I3265,P7549,W6340,918,40,57,13,2025-12-13
I3266,P6739,W8961,142,189,100,0,2025-09-09
I3267,P6643,W8457,752,198,39,10,2025-06-12
I3268,P5370,W9175,328,197,23,6,2025-07-10
I3269,P441,W3589,502,182,55,12,2025-09-01
I3270,P5832,W8112,496,101,82,5,2025-11-21
I3271,P1140,W2,525,77,64,5,2025-11-10
I3272,P2443,W6139,111,78,97,8,2026-05-20
I3273,P6157,W4325,638,187,34,16,2025-09-28
I3274,P2412,W1825,274,65,72,18,2026-04-19
I3275,P4490,W5253,267,118,82,15,2025-07-02
I3276,P9746,W4659,93,66,9,15,2026-01-15
I3277,P8697,W3236,708,98,77,3,2026-02-14
I3278,P9443,W6094,342,185,73,20,2026-04-24
I3279,P7673,W2076,74,64,78,7,2025-06-09
I3280,P577,W2948,554,58,81,16,2025-10-09
I3281,P6060,W9570,207,94,24,19,2025-09-13
I3282,P2542,W1381,23,167,39,20,2026-03-01
I3283,P1768,W8260,723,94,90,17,2025-12-25
I3284,P8262,W2161,806,115,29,18,2026-01-18
I3285,P52,W389,545,33,39,4,2025-09-25
I3286,P1028,W4134,554,69,34,0,2026-04-16
I3287,P6958,W1259,11,147,73,4,2026-02-24
I3288,P3964,W7114,918,34,10,5,2026-03-31
I3289,P2006,W5060,807,197,72,14,2025-11-21
I3290,P9055,W1468,407,162,6,12,2025-11-06
I3291,P523,W7500,406,60,67,20,2026-02-28
I3292,P5715,W7309,487,134,84,20,2025-09-09
I3293,P1315,W7622,209,21,54,9,2025-08-17
I3294,P7431,W4340,197,82,81,1,2025-12-15
I3295,P190,W1385,97,114,70,17,2025-10-22
I3296,P5031,W9199,143,69,79,4,2025-09-27
I3297,P4673,W2703,41,185,14,1,2026-02-16
I3298,P1798,W3795,373,90,83,5,2025-05-30
I3299,P9879,W9181,600,128,8,18,2025-12-03
I3300,P6294,W5995,708,181,52,11,2026-03-23
I3301,P5223,W1729,625,164,29,18,2026-04-20
I3302,P8208,W3691,610,190,85,16,2025-09-03
I3303,P5981,W6464,648,175,18,1,2025-09-20
I3304,P1799,W647,390,36,8,7,2026-03-14
I3305,P341,W8969,309,25,8,6,2025-09-22
I3306,P9805,W1864,126,40,58,16,2025-08-31
I3307,P5703,W583,180,53,19,19,2026-04-06
I3308,P5001,W2159,212,194,30,18,2025-10-09
I3309,P4932,W9626,531,187,31,18,2026-05-17
I3310,P6175,W1828,16,99,55,7,2026-05-06
I3311,P1761,W5735,925,133,17,6,2026-04-12
I3312,P5789,W8207,814,58,89,18,2026-03-27
I3313,P6573,W7974,749,132,16,11,2026-03-01
I3314,P285,W6943,51,112,48,11,2025-08-29
I3315,P7495,W2463,182,82,86,18,2025-08-09
I3316,P1539,W6764,887,121,25,1,2026-04-14
I3317,P4047,W4471,184,185,85,3,2025-12-18
I3318,P3760,W600,158,18,70,8,2025-08-16
I3319,P4428,W1641,613,152,13,13,2026-01-18
I3320,P2508,W1600,149,155,9,10,2026-05-17
I3321,P5494,W6429,898,189,34,4,2026-02-26
I3322,P2338,W8892,716,173,29,15,2025-07-30
I3323,P4879,W7406,345,143,85,1,2025-06-05
I3324,P4367,W9517,385,66,84,2,2025-10-01
I3325,P2126,W4539,136,63,98,11,2026-05-13
I3326,P1859,W2451,921,35,69,11,2025-09-11
I3327,P9510,W2516,129,191,14,8,2026-03-31
I3328,P5730,W8662,20,55,11,12,2025-07-14
I3329,P5671,W3746,844,21,47,4,2026-02-07
I3330,P9075,W2361,873,70,36,3,2025-11-22
I3331,P4353,W2746,233,62,27,13,2025-07-18
I3332,P2256,W8136,750,195,41,14,2026-03-19
I3333,P9250,W5945,259,28,48,11,2025-12-13
I3334,P2432,W4895,966,61,7,13,2026-01-09
I3335,P2775,W90,32,65,87,18,2025-06-05
I3336,P633,W4767,701,90,41,18,2025-10-25
I3337,P5062,W490,992,139,78,4,2026-04-07
I3338,P5064,W8147,167,192,55,5,2025-08-10
I3339,P9806,W4163,937,150,50,5,2026-04-22
I3340,P4288,W198,566,194,17,17,2026-02-17
I3341,P157,W750,686,127,56,5,2025-05-30
I3342,P539,W3677,587,191,84,7,2025-06-19
I3343,P2580,W3440,845,103,17,14,2025-09-17
I3344,P9338,W3863,562,175,63,14,2025-11-17
I3345,P4124,W4570,257,181,95,18,2025-08-30
I3346,P9924,W5136,320,172,58,10,2025-12-04
I3347,P7540,W4419,379,169,67,1,2025-06-19
I3348,P5577,W9224,291,108,90,3,2025-07-13
I3349,P2058,W5807,131,67,61,17,2026-02-08
I3350,P4385,W1428,338,104,49,12,2025-12-16
I3351,P6457,W8538,668,180,42,17,2025-08-05
I3352,P6147,W2623,151,72,28,2,2026-01-18
I3353,P7104,W1328,6,18,87,6,2025-11-17
I3354,P4428,W1394,637,87,17,1,2026-03-23
I3355,P6137,W7202,630,99,72,5,2026-03-11
I3356,P114,W4949,881,140,55,0,2026-04-26
I3357,P402,W2024,86,162,49,17,2025-12-05
I3358,P2634,W4523,440,122,81,7,2026-02-27
I3359,P2729,W7022,770,147,51,18,2026-04-01
I3360,P8063,W9083,970,145,34,20,2025-10-26
I3361,P4407,W8103,103,123,72,4,2026-01-02
I3362,P1010,W7299,768,81,34,19,2025-10-06
I3363,P6942,W9693,84,108,76,2,2025-11-18
I3364,P688,W4119,313,101,31,9,2026-03-07
I3365,P3381,W3476,326,68,87,10,2025-08-31
I3366,P8942,W3650,642,86,44,18,2025-11-19
I3367,P8161,W4303,445,24,79,9,2025-09-13
I3368,P8690,W5385,531,129,69,4,2026-05-08
I3369,P5169,W1658,974,142,90,6,2025-06-12
I3370,P8465,W2506,116,137,25,12,2026-02-10
I3371,P9813,W8561,462,23,19,3,2025-06-06
I3372,P397,W479,995,152,28,5,2026-04-09
I3373,P7960,W4384,596,197,39,13,2025-08-11
I3374,P6377,W1302,239,109,17,0,2026-05-16
I3375,P5470,W9416,637,89,60,9,2025-11-16
I3376,P7824,W9093,3,92,87,17,2026-05-18
I3377,P3097,W2717,10,100,33,13,2026-01-27
I3378,P8391,W987,28,167,64,16,2026-05-26
I3379,P846,W3620,219,192,65,19,2025-12-02
I3380,P4799,W1470,129,121,49,0,2025-07-30
I3381,P5932,W2146,156,151,26,12,2025-10-24
I3382,P4802,W5794,47,88,56,14,2026-03-09
I3383,P399,W5848,515,156,43,10,2026-02-22
I3384,P6483,W7046,499,136,30,15,2025-12-28
I3385,P2700,W9037,65,76,46,13,2025-10-05
I3386,P7322,W6768,162,11,62,18,2025-05-31
I3387,P3335,W7469,173,153,91,19,2025-10-06
I3388,P832,W5449,385,71,84,13,2025-08-17
I3389,P4826,W3870,927,73,60,10,2025-12-22
I3390,P6042,W6457,167,20,40,5,2026-02-20
I3391,P3049,W7720,145,22,86,7,2025-06-20
I3392,P2294,W9127,833,194,57,18,2026-02-09
I3393,P3171,W1500,547,26,5,13,2026-02-04
I3394,P7556,W1262,678,167,86,13,2026-01-25
I3395,P6875,W9903,75,66,72,16,2025-07-12
I3396,P5841,W5427,342,132,92,6,2025-11-06
I3397,P1168,W1067,227,86,60,5,2025-09-25
I3398,P7698,W1656,964,100,62,11,2026-01-22
I3399,P2402,W1454,382,130,28,2,2025-12-11
I3400,P5918,W8720,120,46,100,6,2026-03-07
I3401,P2759,W6102,982,104,56,8,2025-12-15
I3402,P8725,W9841,863,19,56,1,2025-06-16
I3403,P9168,W8442,717,95,57,14,2025-08-15
I3404,P3420,W2788,353,24,95,9,2025-09-23
I3405,P8596,W8140,409,200,23,7,2026-02-24
I3406,P7891,W8037,658,196,71,12,2026-02-19
I3407,P1029,W2987,802,145,14,4,2025-07-15
I3408,P338,W9240,571,198,33,16,2025-06-20
I3409,P6901,W9496,705,44,5,5,2025-07-01
I3410,P1366,W8961,132,59,70,16,2025-10-15
I3411,P3971,W7315,847,133,16,14,2025-06-15
I3412,P8985,W8095,991,199,76,8,2025-07-10
I3413,P9860,W4810,441,79,27,8,2025-11-30
I3414,P4997,W2018,901,14,70,5,2025-06-29
I3415,P4442,W8533,713,18,56,7,2026-03-13
I3416,P812,W6655,646,148,31,5,2025-09-13
I3417,P9070,W8773,670,104,67,6,2025-07-30
I3418,P8836,W729,286,151,97,0,2026-01-01
I3419,P8129,W4290,222,32,20,1,2026-05-18
I3420,P7563,W5799,34,43,78,5,2026-01-22
I3421,P3499,W2798,465,173,6,14,2025-12-11
I3422,P620,W6509,636,114,12,3,2026-05-06
I3423,P6408,W3756,312,44,55,19,2026-03-27
I3424,P7601,W500,866,198,69,4,2026-05-15
I3425,P9115,W6974,42,156,35,8,2025-10-30
I3426,P2268,W272,745,129,51,20,2025-11-02
I3427,P9379,W5283,942,45,87,16,2026-01-20
I3428,P449,W190,805,136,61,20,2025-08-22
I3429,P204,W4079,512,200,51,13,2026-03-01
I3430,P1572,W965,717,185,50,0,2025-10-06
I3431,P8180,W4335,649,105,77,17,2026-03-25
I3432,P521,W9326,881,161,98,20,2025-07-04
I3433,P7922,W289,635,112,82,6,2025-08-12
I3434,P1727,W3476,945,62,98,3,2025-07-18
I3435,P3871,W7847,654,56,5,19,2026-03-20
I3436,P1400,W9967,526,192,19,20,2025-10-17
I3437,P9278,W3067,197,13,75,6,2025-10-12
I3438,P8736,W8283,784,91,18,10,2026-02-04
I3439,P7964,W4292,629,20,73,14,2026-01-14
I3440,P4467,W2297,576,65,42,20,2026-05-17
I3441,P4438,W863,402,57,76,14,2025-10-09
I3442,P3028,W2795,924,95,93,11,2025-12-27
I3443,P6848,W9175,59,153,73,14,2025-10-29
I3444,P6441,W2924,966,113,7,10,2025-12-10
I3445,P267,W1184,754,41,42,12,2026-05-05
I3446,P2012,W3297,844,123,30,8,2025-07-09
I3447,P185,W7927,276,139,54,9,2025-10-21
I3448,P4562,W3978,777,24,66,6,2025-12-20
I3449,P908,W9824,699,154,65,13,2025-08-06
I3450,P9912,W6850,798,156,55,12,2025-05-29
I3451,P8382,W5141,600,142,58,13,2026-02-09
I3452,P2517,W3161,715,52,41,12,2025-09-26
I3453,P8134,W442,908,71,71,9,2025-11-20
I3454,P268,W2399,787,129,60,6,2025-11-18
I3455,P124,W7807,744,58,12,15,2025-08-27
I3456,P2251,W1547,552,162,28,4,2025-10-24
I3457,P1560,W2343,164,194,5,6,2026-04-21
I3458,P1646,W3851,69,151,66,20,2025-09-01
I3459,P7899,W9185,142,199,7,16,2026-05-21
I3460,P2843,W3959,27,44,20,14,2026-03-09
I3461,P6523,W5822,414,76,13,5,2026-03-28
I3462,P5033,W1877,611,164,73,6,2025-12-25
I3463,P6390,W2377,980,71,76,16,2026-02-06
I3464,P7345,W1473,138,12,91,3,2026-04-27
I3465,P9647,W5719,801,140,22,1,2025-09-25
I3466,P9341,W3176,274,12,76,0,2026-01-02
I3467,P8531,W5396,751,86,90,3,2026-03-22
I3468,P8159,W9261,953,170,13,20,2025-07-14
I3469,P6985,W6094,535,59,55,1,2026-02-14
I3470,P801,W6220,988,158,99,16,2025-07-05
I3471,P2853,W9828,73,93,70,20,2025-12-05
I3472,P4584,W1499,985,123,45,10,2026-01-17
I3473,P6818,W4590,120,53,64,12,2025-08-13
I3474,P5587,W6182,550,144,59,13,2025-07-05
I3475,P2118,W5774,520,144,19,1,2025-09-01
I3476,P9567,W2387,550,67,85,12,2026-03-14
I3477,P3008,W4087,352,72,52,3,2026-02-19
I3478,P5362,W8227,750,114,61,8,2026-03-14
I3479,P1747,W5505,277,194,74,15,2025-06-24
I3480,P7915,W8922,602,83,40,20,2026-04-22
I3481,P6095,W6202,51,32,63,4,2025-12-16
I3482,P8285,W2285,463,162,87,11,2026-02-21
I3483,P6505,W3370,39,170,54,19,2025-07-05
I3484,P2355,W2089,777,143,52,17,2025-06-24
I3485,P2472,W6868,545,186,37,17,2026-05-28
I3486,P5003,W9500,224,138,63,18,2026-04-11
I3487,P4877,W9711,2,54,96,1,2026-05-05
I3488,P8917,W7959,46,191,68,0,2025-08-03
I3489,P798,W813,109,141,91,6,2026-05-20
I3490,P8587,W8246,210,173,21,2,2026-01-03
I3491,P3228,W7459,69,74,26,16,2025-06-23
I3492,P1828,W10,776,32,27,14,2026-03-06
I3493,P9456,W7038,56,115,55,6,2025-12-21
I3494,P3637,W2557,811,24,45,11,2025-11-24
I3495,P6558,W5951,10,181,8,0,2026-01-23
I3496,P7393,W2512,990,146,93,6,2025-06-22
I3497,P5098,W2012,954,145,40,1,2025-11-25
I3498,P5380,W7026,387,48,39,14,2026-01-08
I3499,P2153,W3327,247,114,41,7,2026-01-26
I3500,P9364,W3317,630,167,77,5,2025-06-03
I3501,P3617,W6617,608,160,46,2,2026-03-31
I3502,P3345,W848,249,105,91,17,2026-02-04
I3503,P4611,W1641,981,115,29,19,2025-10-11
I3504,P5109,W6426,882,11,22,9,2025-10-11
I3505,P1787,W5868,233,96,61,14,2026-03-19
I3506,P5569,W7809,818,127,30,18,2025-10-16
I3507,P4385,W2973,238,93,21,19,2026-05-11
I3508,P6684,W2438,84,98,21,7,2025-09-03
I3509,P4165,W281,144,149,62,17,2025-08-25
I3510,P8301,W4727,544,92,22,15,2025-11-09
I3511,P3095,W3156,290,35,40,13,2026-04-26
I3512,P329,W1380,943,144,47,16,2025-06-22
I3513,P9660,W951,736,159,79,12,2025-12-22
I3514,P7409,W8846,309,50,83,12,2025-08-16
I3515,P501,W1815,677,126,44,8,2026-05-22
I3516,P2713,W5335,6,16,80,0,2025-11-27
I3517,P1631,W481,768,104,13,15,2025-10-29
I3518,P5341,W5664,308,85,91,12,2025-12-16
I3519,P7775,W3167,153,78,30,18,2025-11-02
I3520,P9605,W6056,60,160,37,3,2026-05-05
I3521,P6027,W3354,730,64,10,17,2025-08-22
I3522,P2369,W7241,437,167,51,18,2025-07-27
I3523,P5879,W2694,928,175,36,7,2025-06-10
I3524,P7327,W9883,877,14,14,19,2026-03-09
I3525,P1437,W6664,24,48,40,5,2025-07-01
I3526,P2434,W6888,2,34,94,16,2026-05-17
I3527,P789,W4897,5,140,50,10,2025-12-27
I3528,P8973,W6389,911,51,50,19,2025-08-07
I3529,P6251,W7768,959,123,62,10,2026-02-25
I3530,P7237,W9807,981,89,63,11,2026-01-25
I3531,P70,W1582,728,136,37,13,2025-10-04
I3532,P4800,W1392,521,123,19,12,2025-05-30
I3533,P3899,W830,952,75,13,3,2025-09-23
I3534,P5189,W1262,89,75,92,10,2025-12-22
I3535,P232,W3060,90,141,75,6,2026-04-07
I3536,P5448,W4605,617,117,11,16,2025-07-18
I3537,P2043,W6204,636,147,55,1,2026-03-31
I3538,P7107,W3109,835,186,84,13,2026-02-17
I3539,P4974,W4006,422,136,31,3,2025-09-24
I3540,P5779,W4977,151,47,80,11,2025-07-29
I3541,P2774,W1031,827,125,31,9,2025-12-15
I3542,P7086,W3037,514,162,25,16,2026-01-09
I3543,P9319,W5919,179,139,75,15,2025-11-14
I3544,P7761,W1386,849,74,88,15,2025-09-18
I3545,P1946,W6533,750,17,22,19,2025-08-09
I3546,P5175,W8599,253,177,10,4,2025-12-27
I3547,P1193,W8975,243,108,83,3,2025-07-15
I3548,P3871,W5310,152,68,99,7,2025-10-30
I3549,P748,W2364,985,78,77,1,2025-06-18
I3550,P65,W1351,651,31,8,18,2025-07-02
I3551,P7270,W9876,130,77,84,19,2025-09-15
I3552,P3352,W6545,400,55,78,18,2026-04-17
I3553,P812,W1614,765,114,67,7,2025-10-02
I3554,P3402,W4143,308,21,41,20,2026-04-05
I3555,P5129,W3264,559,115,94,6,2025-09-21
I3556,P5777,W4311,491,64,97,11,2025-07-02
I3557,P2463,W8902,727,117,64,10,2025-12-14
I3558,P5365,W2833,297,105,57,6,2026-04-08
I3559,P6315,W5619,925,94,82,16,2026-01-06
I3560,P525,W976,480,153,79,5,2025-06-08
I3561,P1687,W2843,518,30,94,7,2025-08-04
I3562,P6560,W7390,254,40,64,4,2026-02-15
I3563,P2446,W1061,518,42,34,6,2026-05-02
I3564,P4252,W8105,592,154,46,13,2025-08-28
I3565,P137,W1093,446,160,51,15,2026-05-14
I3566,P2108,W7164,121,72,20,6,2026-03-23
I3567,P4287,W4175,689,95,36,1,2026-03-05
I3568,P4108,W3294,715,79,8,11,2025-06-26
I3569,P499,W9625,828,179,65,2,2026-01-30
I3570,P7397,W3744,725,66,88,9,2025-10-13
I3571,P7858,W4952,253,132,6,7,2026-04-18
I3572,P5513,W4554,484,90,73,8,2025-11-06
I3573,P7951,W884,262,177,42,1,2026-01-07
I3574,P7244,W1049,523,43,58,8,2025-10-08
I3575,P9310,W6712,482,79,8,4,2026-01-30
I3576,P3970,W4496,878,110,36,9,2025-11-25
I3577,P89,W6927,523,98,51,16,2026-04-15
I3578,P2477,W1515,36,51,13,6,2025-09-29
I3579,P6501,W3711,699,101,14,1,2026-05-16
I3580,P9005,W2215,152,147,98,15,2026-03-27
I3581,P1404,W2349,162,180,26,17,2026-04-30
I3582,P3153,W5032,229,111,89,14,2025-12-07
I3583,P9012,W5808,126,71,100,20,2025-10-18
I3584,P8176,W15,141,165,9,9,2025-08-03
I3585,P2263,W553,253,144,9,2,2025-11-29
I3586,P6400,W8191,221,107,15,13,2025-07-02
I3587,P6570,W1661,736,156,50,20,2025-07-05
I3588,P2562,W3332,122,174,34,17,2026-03-21
I3589,P4435,W709,230,156,52,2,2026-02-14
I3590,P2491,W6286,912,153,22,8,2026-02-25
I3591,P3935,W2013,869,102,82,20,2025-09-23
I3592,P4960,W3930,36,186,92,10,2025-12-19
I3593,P8547,W9660,121,63,39,2,2026-04-20
I3594,P4931,W1946,455,161,66,7,2026-03-24
I3595,P4622,W54,960,71,57,2,2025-10-18
I3596,P7103,W1626,368,109,5,5,2026-03-24
I3597,P5409,W980,155,27,75,6,2025-05-29
I3598,P2027,W8476,439,28,35,0,2026-04-09
I3599,P1955,W7596,828,59,5,16,2026-01-06
I3600,P4387,W4034,153,51,51,10,2025-11-08
I3601,P8390,W8314,604,93,41,2,2026-02-01
I3602,P6196,W6942,226,190,31,5,2025-06-14
I3603,P9805,W6892,479,166,82,19,2025-11-20
I3604,P7422,W2605,814,164,29,2,2025-07-16
I3605,P9030,W9479,885,10,47,8,2025-08-13
I3606,P1402,W5382,281,29,75,15,2026-04-17
I3607,P9600,W6249,810,59,70,6,2026-01-03
I3608,P9875,W1595,156,135,73,20,2025-11-26
I3609,P9016,W2766,691,106,56,7,2026-02-19
I3610,P2356,W8891,818,22,72,8,2025-06-13
I3611,P1016,W1344,396,150,49,1,2026-03-03
I3612,P1186,W9068,230,50,45,6,2026-03-14
I3613,P5854,W244,977,165,46,17,2025-10-13
I3614,P5298,W4611,528,89,92,10,2025-12-04
I3615,P8169,W5318,372,127,72,0,2025-08-22
I3616,P3579,W4779,777,16,89,3,2025-12-19
I3617,P9146,W305,30,197,58,1,2025-06-21
I3618,P7623,W9548,283,76,53,17,2026-04-18
I3619,P5718,W6988,613,81,12,4,2025-12-03
I3620,P8562,W6417,851,165,75,0,2025-08-05
I3621,P3565,W8261,505,74,73,18,2025-11-06
I3622,P4784,W1679,15,100,70,10,2026-01-23
I3623,P4991,W6738,890,20,90,4,2025-08-02
I3624,P1931,W4217,305,125,68,8,2026-01-26
I3625,P2636,W6270,941,107,77,16,2025-06-01
I3626,P4665,W3508,123,188,32,2,2026-03-28
I3627,P2276,W5197,724,198,38,14,2026-05-15
I3628,P1759,W5231,547,58,22,10,2026-05-05
I3629,P483,W9312,70,138,28,7,2026-05-17
I3630,P5014,W4697,372,76,79,17,2025-10-12
I3631,P789,W7192,319,94,27,13,2026-01-27
I3632,P4857,W4987,315,140,41,12,2025-12-22
I3633,P8354,W8833,338,71,66,14,2025-10-08
I3634,P9159,W2914,98,153,42,15,2025-10-28
I3635,P6976,W302,163,16,87,5,2026-01-07
I3636,P6393,W8738,655,56,8,6,2025-07-21
I3637,P9268,W687,266,74,45,16,2026-01-13
I3638,P9707,W7384,913,132,13,15,2025-12-02
I3639,P9908,W8170,500,149,78,13,2025-05-28
I3640,P4284,W8155,173,180,27,0,2026-04-29
I3641,P2428,W2230,175,18,92,9,2025-12-27
I3642,P663,W5440,971,29,93,20,2025-12-10
I3643,P4118,W1306,433,128,75,18,2025-12-20
I3644,P548,W1313,265,61,87,2,2026-05-18
I3645,P3909,W5071,123,26,25,18,2026-03-23
I3646,P2020,W8142,381,175,69,2,2025-07-26
I3647,P6446,W9700,169,115,13,19,2026-01-29
I3648,P4085,W1231,783,49,29,7,2025-08-02
I3649,P7398,W8942,820,198,6,9,2025-07-13
I3650,P3621,W7212,838,137,51,9,2025-08-10
I3651,P448,W7867,885,16,39,10,2025-07-01
I3652,P7035,W7960,684,116,93,16,2025-09-26
I3653,P7435,W3569,304,147,57,18,2025-08-18
I3654,P4372,W9445,993,160,87,0,2025-08-03
I3655,P8369,W4281,135,64,90,8,2025-10-08
I3656,P9144,W2894,401,191,54,20,2025-10-31
I3657,P9652,W1481,638,183,9,17,2025-11-28
I3658,P7780,W1510,9,86,83,8,2026-04-29
I3659,P604,W5532,499,141,22,5,2025-10-16
I3660,P7149,W4077,22,195,70,14,2025-09-10
I3661,P2205,W8003,348,136,91,1,2025-12-10
I3662,P7387,W7214,955,70,95,19,2025-11-21
I3663,P1398,W9764,777,71,83,20,2026-03-15
I3664,P7714,W2314,956,67,6,13,2025-09-24
I3665,P2265,W1667,153,151,94,1,2026-03-30
I3666,P9937,W3275,654,112,61,9,2025-10-11
I3667,P8181,W4061,99,35,7,2,2025-07-09
I3668,P1851,W7656,502,151,47,17,2025-12-06
I3669,P731,W4840,162,26,83,8,2025-10-20
I3670,P7207,W9876,521,42,36,15,2026-05-11
I3671,P2060,W3057,438,198,41,18,2025-09-03
I3672,P2793,W182,573,28,81,9,2025-06-27
I3673,P2143,W776,772,198,95,11,2025-08-23
I3674,P7155,W8144,126,194,50,20,2025-11-14
I3675,P4401,W5276,234,67,51,11,2026-05-01
I3676,P4270,W7072,744,87,29,4,2026-03-04
I3677,P3087,W8861,442,110,74,9,2026-01-30
I3678,P8958,W3837,710,91,43,16,2025-08-07
I3679,P7476,W6950,335,98,99,18,2025-11-07
I3680,P9503,W5690,105,198,84,6,2025-11-28
I3681,P5372,W8949,392,197,30,7,2025-12-20
I3682,P4602,W1269,890,169,87,18,2025-07-19
I3683,P7225,W9821,520,175,80,16,2026-02-14
I3684,P7232,W5261,319,37,66,3,2025-08-09
I3685,P386,W193,109,60,72,0,2026-03-09
I3686,P8288,W7126,255,44,35,15,2026-03-31
I3687,P1486,W5081,164,153,35,17,2025-12-18
I3688,P9106,W6041,438,178,97,2,2026-05-04
I3689,P1915,W9277,206,20,91,5,2025-09-08
I3690,P2600,W5599,240,177,84,9,2025-06-20
I3691,P5911,W3164,76,169,38,20,2025-11-15
I3692,P649,W2247,59,160,59,10,2025-06-30
I3693,P1685,W6932,343,171,91,4,2025-07-06
I3694,P897,W1238,77,122,94,19,2026-05-05
I3695,P4877,W4741,168,192,11,15,2025-08-22
I3696,P4212,W3865,28,158,54,4,2025-11-24
I3697,P2187,W8994,419,24,86,12,2025-09-10
I3698,P1660,W2567,810,156,67,1,2025-07-27
I3699,P1676,W155,617,91,40,8,2026-02-17
I3700,P3066,W2568,471,22,26,14,2025-09-26
I3701,P2871,W2929,479,190,75,15,2026-04-03
I3702,P3042,W7504,220,81,98,10,2025-12-03
I3703,P7176,W8818,817,181,27,0,2026-04-17
I3704,P216,W3059,621,88,81,20,2025-07-18
I3705,P5673,W5083,673,195,77,3,2025-11-10
I3706,P2931,W6154,56,177,99,0,2025-07-24
I3707,P9479,W6947,994,82,45,0,2025-11-05
I3708,P710,W7996,935,63,32,6,2026-02-19
I3709,P2822,W4413,863,25,55,13,2025-11-12
I3710,P3078,W8627,386,52,63,9,2025-10-04
I3711,P7323,W3858,616,168,65,1,2025-08-10
I3712,P7132,W5340,189,42,21,0,2026-03-31
I3713,P7476,W541,777,66,92,18,2026-05-17
I3714,P1191,W5165,808,37,77,15,2025-06-01
I3715,P2855,W8970,962,160,76,5,2026-05-08
I3716,P3838,W3674,344,10,98,18,2025-10-07
I3717,P5471,W1539,243,182,76,20,2026-03-01
I3718,P3319,W932,716,124,43,18,2025-09-23
I3719,P2048,W3600,550,190,73,6,2026-03-09
I3720,P4832,W948,44,68,11,13,2025-07-21
I3721,P1602,W5909,279,98,86,10,2025-11-15
I3722,P9386,W4565,846,60,88,19,2025-08-02
I3723,P8254,W9071,201,40,64,10,2025-08-31
I3724,P459,W6499,582,35,45,0,2025-09-19
I3725,P3071,W116,155,85,73,11,2025-10-22
I3726,P366,W905,631,182,59,1,2026-01-02
I3727,P4244,W2930,249,49,69,2,2025-09-23
I3728,P3339,W6171,747,123,10,10,2025-12-08
I3729,P6581,W5495,850,155,13,12,2025-09-14
I3730,P850,W9365,716,150,57,3,2026-03-18
I3731,P6139,W9286,410,199,51,11,2025-12-06
I3732,P3958,W872,499,192,96,5,2026-05-02
I3733,P8443,W9973,400,55,18,11,2026-04-25
I3734,P438,W274,443,65,71,7,2025-09-14
I3735,P3401,W5421,982,192,49,15,2025-08-09
I3736,P8274,W4734,877,178,9,7,2025-11-11
I3737,P2196,W9042,293,133,98,4,2026-05-26
I3738,P4028,W237,978,139,60,5,2025-08-26
I3739,P9563,W904,207,167,94,6,2025-07-24
I3740,P8351,W2831,204,83,65,18,2026-01-15
I3741,P156,W2881,465,34,48,6,2025-10-29
I3742,P5946,W9637,253,157,9,4,2026-02-01
I3743,P8491,W8140,999,33,76,0,2026-04-20
I3744,P4897,W8267,507,187,61,1,2025-09-05
I3745,P3872,W3039,109,49,80,0,2026-03-02
I3746,P2826,W5680,95,83,84,20,2026-03-31
I3747,P3956,W8016,455,158,50,10,2025-11-02
I3748,P8141,W3594,682,117,86,17,2026-01-31
I3749,P3534,W5429,777,128,52,15,2025-12-11
I3750,P472,W5160,114,198,42,12,2025-08-25
I3751,P5902,W1360,714,171,56,18,2026-03-13
I3752,P3049,W4442,55,167,64,5,2025-06-01
I3753,P7342,W7868,37,91,73,9,2026-02-13
I3754,P4570,W6411,572,48,58,13,2025-11-22
I3755,P911,W2632,525,144,44,4,2026-04-05
I3756,P7903,W9663,298,40,64,15,2026-04-08
I3757,P1900,W658,658,188,17,18,2026-03-11
I3758,P6996,W9255,383,162,7,7,2025-10-18
I3759,P3476,W770,570,156,5,1,2025-09-28
I3760,P1172,W7844,35,153,75,4,2026-03-19
I3761,P8352,W3725,932,181,32,8,2026-01-10
I3762,P8825,W5687,991,148,24,7,2025-12-24
I3763,P3133,W4810,606,190,16,12,2026-05-28
I3764,P3270,W9579,777,88,59,7,2025-12-16
I3765,P6628,W9886,40,33,28,19,2025-08-16
I3766,P7541,W5799,437,154,74,4,2025-07-21
I3767,P3091,W1471,533,58,29,5,2025-10-15
I3768,P3405,W6067,682,138,55,9,2025-06-17
I3769,P3230,W3881,721,30,62,5,2025-05-28
I3770,P6457,W4640,787,15,50,0,2026-04-14
I3771,P6128,W6238,756,75,77,0,2025-09-02
I3772,P3866,W8904,385,38,99,4,2025-06-12
I3773,P8145,W1386,495,141,36,6,2025-07-14
I3774,P7495,W6548,607,135,18,19,2025-10-31
I3775,P9353,W7883,997,121,69,2,2026-04-09
I3776,P1882,W8157,740,162,88,0,2025-08-30
I3777,P3043,W6391,242,130,28,19,2025-10-16
I3778,P5587,W4092,775,104,25,8,2026-01-16
I3779,P1728,W8409,570,150,73,14,2025-12-03
I3780,P5782,W646,512,145,65,1,2025-09-08
I3781,P274,W1212,863,64,6,5,2025-10-10
I3782,P9785,W3135,353,79,49,13,2026-03-08
I3783,P9378,W3084,379,53,80,18,2026-01-30
I3784,P3631,W9592,289,143,8,15,2025-08-24
I3785,P4493,W8502,120,94,76,8,2025-08-25
I3786,P9167,W5575,358,160,42,7,2025-10-21
I3787,P309,W2445,24,70,24,0,2025-06-16
I3788,P4287,W3990,166,45,83,16,2026-03-30
I3789,P2613,W1980,36,161,54,8,2025-09-22
I3790,P2597,W4944,135,162,95,5,2026-02-20
I3791,P8208,W5921,526,74,30,5,2025-06-04
I3792,P8167,W3969,277,52,69,4,2025-10-26
I3793,P8311,W185,263,31,99,20,2026-04-28
I3794,P149,W1389,314,140,66,10,2026-04-06
I3795,P5113,W8653,878,121,96,19,2026-03-18
I3796,P7396,W6334,246,130,79,6,2025-05-28
I3797,P8283,W787,824,106,87,4,2026-01-10
I3798,P8603,W8102,743,47,61,7,2025-08-30
I3799,P1070,W237,215,93,67,9,2026-04-25
I3800,P4636,W4580,834,162,70,15,2026-03-24
I3801,P9010,W189,829,85,15,12,2025-08-26
I3802,P2109,W425,806,125,93,17,2026-05-08
I3803,P2718,W3488,147,94,67,1,2025-06-10
I3804,P5565,W2562,265,134,41,12,2026-01-23
I3805,P2998,W5834,823,109,45,8,2026-04-05
I3806,P1952,W4092,23,124,62,19,2025-07-06
I3807,P7225,W5042,281,66,81,7,2025-08-29
I3808,P7222,W2375,701,28,95,17,2025-11-13
I3809,P6358,W6688,777,61,39,8,2026-05-22
I3810,P2946,W1793,137,36,40,14,2026-02-22
I3811,P6949,W5515,450,173,95,4,2026-04-26
I3812,P5427,W9985,835,87,49,20,2025-06-01
I3813,P2015,W3179,115,140,57,10,2026-04-01
I3814,P6606,W9189,235,115,75,15,2026-01-23
I3815,P3965,W8927,857,31,16,10,2026-05-15
I3816,P7643,W7763,750,143,77,19,2026-03-01
I3817,P1296,W606,549,138,13,16,2026-05-20
I3818,P3750,W8108,213,98,84,14,2025-06-26
I3819,P3431,W548,140,91,72,3,2026-01-20
I3820,P8962,W6475,821,145,67,0,2026-01-11
I3821,P7848,W63,189,38,51,11,2026-02-24
I3822,P4709,W2402,800,32,39,7,2025-11-18
I3823,P5878,W3623,81,17,44,15,2025-06-24
I3824,P2997,W2160,379,104,89,4,2025-09-25
I3825,P7686,W659,33,179,10,2,2025-11-21
I3826,P5629,W2401,666,14,67,7,2026-04-30
I3827,P3013,W5278,635,192,98,6,2025-07-01
I3828,P489,W7336,499,58,66,18,2025-08-15
I3829,P1405,W2809,491,194,8,12,2026-05-01
I3830,P6270,W6833,966,136,24,6,2025-11-27
I3831,P5663,W7771,58,22,29,17,2026-04-16
I3832,P4640,W602,864,154,9,3,2026-04-17
I3833,P4771,W558,752,76,22,5,2025-12-15
I3834,P5,W8283,535,20,55,4,2025-10-03
I3835,P4434,W5213,420,195,21,5,2025-11-24
I3836,P7784,W6151,333,123,95,12,2025-09-20
I3837,P5838,W374,557,87,20,18,2026-05-08
I3838,P9440,W609,377,115,60,18,2026-02-26
I3839,P1769,W8418,258,142,10,20,2025-08-23
I3840,P6381,W5652,600,157,32,4,2026-01-22
I3841,P2134,W7094,897,195,11,5,2025-09-23
I3842,P4356,W5410,986,163,28,3,2026-04-27
I3843,P83,W7755,295,127,11,2,2025-09-28
I3844,P1476,W3791,123,100,83,14,2025-07-24
I3845,P4078,W3070,90,180,96,8,2026-04-14
I3846,P9944,W6872,900,136,9,6,2026-01-13
I3847,P4580,W756,778,60,55,1,2026-05-23
I3848,P9647,W2741,334,37,27,9,2025-07-07
I3849,P2573,W1477,243,177,93,14,2026-02-10
I3850,P8845,W7201,99,148,88,2,2025-08-11
I3851,P2279,W3480,229,190,65,19,2025-06-17
I3852,P899,W3813,661,166,25,12,2025-07-05
I3853,P8031,W3397,717,117,87,10,2026-01-21
I3854,P7832,W7205,609,152,51,19,2025-07-25
I3855,P5803,W5401,799,34,81,7,2025-12-12
I3856,P2472,W8374,309,160,45,19,2025-11-30
I3857,P9296,W7072,572,84,64,15,2026-01-24
I3858,P9572,W7093,469,103,95,6,2025-06-22
I3859,P3009,W5710,74,17,23,0,2025-10-29
I3860,P3011,W2072,229,43,99,4,2026-01-06
I3861,P9841,W4614,860,159,57,14,2026-01-30
I3862,P9964,W5842,524,76,13,9,2026-05-14
I3863,P7880,W784,570,97,34,5,2025-11-04
I3864,P4160,W880,787,141,62,5,2026-03-25
I3865,P2441,W8464,818,97,76,12,2025-10-02
I3866,P5179,W1302,126,17,96,12,2026-05-06
I3867,P3826,W9543,361,85,52,12,2026-05-08
I3868,P6421,W2336,827,200,37,8,2026-04-10
I3869,P1960,W3186,18,100,59,15,2025-09-23
I3870,P6561,W5206,957,113,43,2,2025-12-20
I3871,P1174,W3324,814,31,20,0,2025-07-09
I3872,P8880,W448,836,85,81,2,2025-06-03
I3873,P3866,W7151,587,167,78,13,2026-02-08
I3874,P5110,W3074,323,69,52,18,2025-11-15
I3875,P6456,W2111,634,108,91,8,2026-03-01
I3876,P6451,W1371,411,54,15,13,2026-02-09
I3877,P2627,W5882,991,32,62,11,2026-05-11
I3878,P4966,W886,125,33,91,14,2025-12-26
I3879,P582,W321,309,116,50,14,2026-03-14
I3880,P8276,W5171,992,173,61,8,2025-09-01
I3881,P3473,W3187,238,66,91,13,2026-04-05
I3882,P2366,W2169,734,194,70,3,2025-11-18
I3883,P1208,W2411,200,142,67,18,2025-12-05
I3884,P2446,W8716,583,57,54,16,2026-05-15
I3885,P9814,W4128,823,161,49,13,2025-07-20
I3886,P6771,W5031,735,24,72,1,2026-02-25
I3887,P2811,W9923,190,124,18,9,2025-06-07
I3888,P7485,W6973,339,154,11,0,2026-01-20
I3889,P5101,W6442,133,196,100,6,2025-12-12
I3890,P4056,W5634,81,167,47,0,2025-07-15
I3891,P9380,W1101,63,117,92,0,2025-11-08
I3892,P2628,W3657,681,87,15,6,2025-08-09
I3893,P5582,W6643,307,10,59,0,2026-03-16
I3894,P6838,W128,385,124,63,1,2026-05-14
I3895,P9405,W2119,646,160,45,15,2025-12-27
I3896,P2453,W6155,754,55,16,15,2026-02-11
I3897,P4190,W5950,967,12,17,8,2025-08-19
I3898,P3698,W3315,220,74,65,4,2026-03-09
I3899,P5440,W6454,588,181,73,17,2026-04-03
I3900,P5317,W8023,475,61,46,3,2025-10-06
I3901,P2149,W7557,336,91,91,0,2026-02-14
I3902,P4643,W2144,46,193,35,12,2026-04-17
I3903,P4633,W809,33,23,68,2,2025-12-17
I3904,P9453,W8003,233,165,23,8,2025-11-14
I3905,P6667,W680,887,144,25,6,2026-05-23
I3906,P9409,W8440,706,93,11,9,2026-04-17
I3907,P4042,W7339,255,130,24,1,2026-04-08
I3908,P5058,W4718,883,100,98,12,2025-11-28
I3909,P2625,W8741,108,15,67,6,2026-05-12
I3910,P502,W2801,952,158,31,11,2025-06-16
I3911,P7424,W3514,318,167,49,3,2025-10-17
I3912,P2870,W5096,106,163,76,9,2025-10-05
I3913,P5653,W5005,457,172,30,16,2025-10-13
I3914,P1552,W4624,276,83,60,16,2025-07-11
I3915,P5827,W8828,907,126,66,17,2025-09-14
I3916,P2278,W8304,559,18,76,5,2025-09-05
I3917,P2890,W5532,630,106,28,3,2025-12-21
I3918,P5577,W3473,48,17,27,1,2026-01-04
I3919,P8137,W7522,122,184,66,15,2026-05-05
I3920,P228,W2844,621,66,26,10,2025-07-24
I3921,P9741,W2057,944,85,89,8,2025-11-24
I3922,P9920,W7690,244,132,33,11,2025-05-29
I3923,P9602,W4266,637,49,67,6,2026-01-02
I3924,P7930,W9463,391,193,95,16,2026-04-01
I3925,P8887,W3727,461,163,32,18,2025-07-14
I3926,P4972,W9493,675,141,9,18,2026-01-28
I3927,P8817,W4883,496,147,27,14,2025-10-14
I3928,P6917,W2622,282,43,80,8,2025-11-18
I3929,P1769,W117,468,120,17,17,2025-11-23
I3930,P3701,W8694,802,70,59,13,2025-08-16
I3931,P7220,W3432,451,151,37,8,2025-09-24
I3932,P6003,W3150,345,41,10,13,2025-07-04
I3933,P6658,W1596,997,112,9,8,2026-03-07
I3934,P2517,W6226,621,181,30,1,2025-12-23
I3935,P5171,W2067,671,175,81,14,2026-01-18
I3936,P5970,W629,221,11,84,18,2026-05-22
I3937,P4215,W3719,450,178,87,10,2025-12-06
I3938,P6176,W7943,885,110,12,20,2026-02-18
I3939,P2679,W9985,413,182,91,5,2026-05-27
I3940,P800,W6355,247,126,57,10,2026-03-02
I3941,P6749,W5570,811,109,69,1,2025-12-06
I3942,P4579,W3851,691,46,39,0,2025-10-16
I3943,P4739,W4462,888,172,57,1,2025-08-23
I3944,P7476,W9499,770,180,86,20,2025-06-15
I3945,P6022,W299,629,31,59,3,2025-08-16
I3946,P1894,W1304,651,103,61,1,2026-02-13
I3947,P4920,W9408,700,19,62,12,2025-12-16
I3948,P611,W5520,628,149,79,9,2025-07-11
I3949,P9952,W1913,834,181,13,18,2026-02-07
I3950,P1005,W9149,896,117,85,12,2026-05-24
I3951,P224,W2064,306,200,34,17,2026-05-25
I3952,P831,W7779,93,127,17,15,2025-08-20
I3953,P7499,W2225,922,151,79,10,2025-11-12
I3954,P5313,W5556,512,93,44,1,2025-09-03
I3955,P6039,W2785,698,95,41,8,2025-12-29
I3956,P3239,W8471,516,35,18,2,2026-01-30
I3957,P9130,W3718,675,87,58,8,2026-03-10
I3958,P3587,W5326,468,91,88,11,2026-02-18
I3959,P987,W5859,438,86,16,19,2025-12-31
I3960,P5185,W2207,773,176,59,14,2025-09-26
I3961,P7833,W5902,32,74,34,14,2025-10-23
I3962,P3700,W6403,221,31,88,14,2025-08-15
I3963,P6411,W4840,593,47,15,2,2026-02-06
I3964,P7498,W5400,226,199,60,2,2026-04-15
I3965,P4967,W4437,639,59,8,6,2026-02-28
I3966,P1311,W9023,389,170,37,10,2026-01-10
I3967,P4014,W3928,168,111,5,11,2025-10-18
I3968,P1950,W6688,543,95,56,20,2026-05-23
I3969,P2401,W7042,287,47,57,10,2025-06-21
I3970,P7920,W4976,2,28,85,15,2026-02-14
I3971,P5966,W4366,567,39,59,20,2025-12-02
I3972,P487,W7305,40,124,12,4,2025-12-13
I3973,P8858,W8898,438,198,7,15,2025-10-15
I3974,P3542,W2957,248,183,65,6,2025-06-24
I3975,P1450,W573,38,68,64,14,2025-07-10
I3976,P922,W4837,12,58,16,5,2025-08-07
I3977,P5359,W2733,684,108,29,15,2026-05-19
I3978,P8770,W3309,391,105,92,18,2025-10-11
I3979,P5575,W6,153,134,15,2,2026-04-02
I3980,P4193,W7800,582,56,55,2,2026-02-15
I3981,P3422,W2194,991,77,8,16,2025-09-23
I3982,P4552,W1850,761,14,24,2,2026-01-16
I3983,P3238,W220,161,25,46,18,2025-06-30
I3984,P3920,W8304,692,59,63,5,2025-05-30
I3985,P2529,W427,659,87,98,10,2026-04-04
I3986,P9017,W9614,263,143,52,19,2025-06-22
I3987,P5246,W5664,582,176,63,13,2026-03-12
I3988,P9137,W3174,527,21,14,15,2025-12-31
I3989,P8588,W4374,798,173,11,18,2025-12-19
I3990,P4361,W8055,410,149,10,5,2025-08-22
I3991,P7752,W200,550,32,71,16,2026-05-13
I3992,P8203,W3159,471,150,36,16,2026-01-08
I3993,P6115,W6083,775,115,96,14,2025-11-14
I3994,P8113,W4480,956,171,59,12,2025-12-12
I3995,P2451,W245,372,176,65,7,2025-07-25
I3996,P6674,W557,20,98,62,6,2026-03-11
I3997,P7898,W3826,203,145,47,10,2025-07-02
I3998,P763,W5508,620,166,67,7,2026-01-20
I3999,P5252,W3448,748,163,68,11,2026-04-25
I4000,P8451,W6507,785,108,10,5,2025-08-14
I4001,P8816,W1358,672,50,91,13,2025-11-09
I4002,P9903,W7307,198,34,25,11,2026-04-08
I4003,P8601,W8182,822,141,84,2,2025-10-28
I4004,P6589,W6857,443,48,53,15,2025-11-01
I4005,P9847,W3528,940,47,30,12,2025-07-18
I4006,P4694,W9294,627,114,90,13,2025-06-01
I4007,P2239,W5060,371,113,26,15,2026-01-02
I4008,P612,W1771,633,176,76,14,2026-04-22
I4009,P1073,W1035,327,151,21,1,2026-02-11
I4010,P5237,W1753,32,186,41,16,2025-08-12
I4011,P8362,W7616,524,25,99,0,2026-01-28
I4012,P2442,W2003,1,166,45,4,2025-11-27
I4013,P6686,W3057,696,140,66,17,2025-12-28
I4014,P8657,W7364,910,90,50,5,2025-12-03
I4015,P3058,W7570,597,58,88,5,2026-03-22
I4016,P6164,W7228,374,198,18,1,2025-07-24
I4017,P8047,W663,997,39,92,2,2025-12-26
I4018,P8340,W4114,635,35,27,5,2025-07-15
I4019,P1663,W4702,591,134,37,3,2025-07-29
I4020,P5980,W1799,961,145,18,4,2025-09-03
I4021,P8121,W2680,696,151,30,7,2025-09-14
I4022,P7251,W5421,911,150,68,20,2026-03-21
I4023,P103,W557,147,45,6,16,2026-02-06
I4024,P2130,W835,382,83,91,8,2026-02-15
I4025,P7670,W1508,332,55,52,18,2025-07-19
I4026,P8828,W7472,379,38,48,16,2025-10-10
I4027,P9892,W3990,653,19,99,1,2025-12-06
I4028,P6045,W3361,270,181,85,11,2026-01-30
I4029,P8103,W3003,625,170,73,19,2025-07-12
I4030,P8544,W4692,345,46,52,13,2026-02-17
I4031,P6788,W6912,44,156,33,19,2025-08-15
I4032,P6534,W622,193,118,52,8,2025-05-28
I4033,P6470,W4410,255,58,55,6,2026-03-02
I4034,P2492,W5910,147,192,57,6,2026-05-27
I4035,P25,W9846,886,138,23,20,2026-05-13
I4036,P4883,W6415,978,78,44,19,2025-05-30
I4037,P5934,W4076,135,80,37,12,2025-11-25
I4038,P3505,W8555,789,184,90,12,2025-07-13
I4039,P6231,W7578,357,92,44,10,2026-03-04
I4040,P528,W3718,492,62,92,11,2025-11-03
I4041,P4583,W2077,864,141,60,14,2025-10-09
I4042,P3995,W4001,494,166,97,0,2025-10-20
I4043,P5292,W3087,673,68,65,1,2025-08-24
I4044,P5202,W6672,62,123,8,16,2025-06-25
I4045,P6383,W1610,156,77,11,18,2026-05-02
I4046,P1369,W4193,827,146,72,5,2025-06-07
I4047,P1469,W7802,442,160,12,15,2026-03-22
I4048,P6283,W4763,625,30,12,9,2025-12-27
I4049,P7900,W1762,599,179,92,6,2025-07-01
I4050,P4718,W1395,866,77,22,19,2025-08-04
I4051,P8690,W986,9,33,55,20,2025-06-03
I4052,P8650,W5995,162,75,52,11,2025-08-11
I4053,P7219,W5339,956,157,14,2,2026-01-24
I4054,P8126,W8236,309,166,10,16,2025-07-18
I4055,P1929,W3632,103,147,30,5,2026-05-18
I4056,P7629,W1622,892,173,56,10,2025-07-24
I4057,P3767,W3262,457,196,94,6,2025-08-28
I4058,P7671,W1390,217,38,96,0,2025-09-19
I4059,P5146,W6640,403,145,96,1,2025-11-29
I4060,P1446,W3517,107,118,47,7,2025-07-17
I4061,P3453,W4154,849,77,99,5,2025-09-28
I4062,P249,W8460,652,64,24,7,2025-11-30
I4063,P4668,W2316,162,161,34,12,2025-10-20
I4064,P6340,W509,557,166,14,7,2026-03-20
I4065,P3434,W2133,847,171,25,13,2025-07-28
I4066,P4017,W9189,427,179,56,9,2025-06-08
I4067,P3526,W5271,246,182,68,12,2025-11-14
I4068,P2141,W7000,178,166,19,7,2025-10-19
I4069,P636,W6756,660,191,95,17,2026-05-07
I4070,P7027,W2950,374,40,49,10,2025-06-26
I4071,P9976,W2157,424,99,48,3,2025-06-20
I4072,P8644,W4141,477,50,29,8,2025-10-24
I4073,P5965,W5262,3,163,10,20,2026-02-18
I4074,P8793,W5965,500,134,52,20,2026-01-22
I4075,P5458,W5922,822,34,77,9,2026-03-27
I4076,P9649,W9717,863,14,48,12,2026-05-19
I4077,P1424,W187,460,50,28,13,2025-11-15
I4078,P8487,W1396,7,169,16,7,2026-01-18
I4079,P2568,W366,595,190,29,6,2025-09-14
I4080,P9890,W9656,498,57,99,5,2025-11-15
I4081,P3274,W2360,207,117,86,6,2025-10-17
I4082,P6968,W3800,177,132,80,7,2026-01-25
I4083,P2838,W5002,726,129,76,12,2025-10-27
I4084,P304,W6522,855,49,18,20,2025-10-28
I4085,P8167,W4854,716,35,71,0,2025-07-14
I4086,P2285,W8194,737,121,78,7,2025-08-03
I4087,P8409,W6637,667,88,6,2,2025-08-31
I4088,P8718,W8209,701,142,70,20,2025-07-26
I4089,P1764,W4516,141,70,95,11,2025-10-01
I4090,P4527,W3956,436,66,48,14,2026-03-15
I4091,P749,W9755,904,165,45,13,2026-05-22
I4092,P9894,W4395,64,72,95,20,2026-03-16
I4093,P7780,W8061,256,62,65,6,2025-09-19
I4094,P7715,W3918,973,186,21,5,2026-01-18
I4095,P6930,W7126,785,83,79,2,2026-03-15
I4096,P4214,W1157,123,58,53,4,2026-02-22
I4097,P843,W8092,509,168,99,4,2025-09-28
I4098,P4462,W2861,509,45,86,11,2026-04-02
I4099,P9569,W7299,411,187,86,3,2025-10-16
I4100,P5732,W9350,247,155,75,4,2025-12-26
I4101,P4443,W4813,772,10,8,16,2026-05-16
I4102,P7495,W2056,642,153,38,19,2025-11-20
I4103,P9435,W1827,235,39,40,10,2025-10-21
I4104,P2387,W3392,666,11,81,1,2025-07-18
I4105,P3796,W8292,898,197,81,11,2025-06-25
I4106,P8932,W9899,211,178,67,11,2025-09-14
I4107,P5835,W1504,154,55,32,9,2025-06-16
I4108,P6465,W5254,217,57,96,15,2026-02-17
I4109,P43,W1928,152,44,45,12,2025-12-25
I4110,P4478,W7412,254,135,83,13,2025-09-12
I4111,P2006,W5387,698,141,62,8,2025-08-16
I4112,P4301,W9813,716,153,56,5,2025-08-19
I4113,P1240,W5311,471,188,46,2,2026-02-17
I4114,P2106,W5483,175,33,79,17,2025-06-26
I4115,P4952,W1069,104,127,36,8,2025-09-08
I4116,P9692,W1855,179,180,68,10,2025-09-03
I4117,P7170,W8597,530,75,24,19,2025-06-23
I4118,P4770,W3086,450,64,31,15,2025-10-13
I4119,P3443,W4798,93,82,64,14,2025-07-26
I4120,P3299,W4096,428,63,85,14,2026-04-11
I4121,P3104,W6728,303,128,68,17,2026-01-01
I4122,P8342,W1014,720,200,22,11,2026-04-06
I4123,P8211,W4850,754,164,66,5,2026-05-28
I4124,P6540,W7588,125,86,39,10,2026-01-06
I4125,P2098,W9439,739,77,40,9,2025-12-29
I4126,P321,W6439,40,96,55,20,2025-09-16
I4127,P5750,W287,961,179,12,18,2026-03-22
I4128,P6742,W8776,85,197,46,3,2025-12-16
I4129,P4807,W3528,100,163,26,18,2025-10-09
I4130,P7884,W7382,767,199,11,12,2025-06-06
I4131,P5351,W3209,988,148,56,9,2025-08-05
I4132,P3082,W171,982,130,7,18,2025-09-28
I4133,P8325,W1735,44,144,65,3,2025-06-19
I4134,P5775,W8743,296,20,99,12,2025-08-10
I4135,P7151,W5366,44,49,16,13,2025-09-30
I4136,P5496,W6495,679,112,97,20,2026-01-14
I4137,P3901,W2723,7,156,41,14,2026-02-01
I4138,P5459,W708,972,11,16,10,2025-10-17
I4139,P7152,W7333,560,78,58,7,2025-06-16
I4140,P4103,W324,667,48,9,17,2025-08-05
I4141,P9141,W887,494,152,76,0,2025-09-29
I4142,P2441,W521,843,162,96,13,2026-05-21
I4143,P5,W9223,235,164,82,17,2025-07-07
I4144,P7040,W5729,576,10,73,5,2025-08-09
I4145,P4598,W4932,995,37,25,3,2026-04-27
I4146,P1819,W6118,892,123,80,13,2025-07-12
I4147,P3290,W694,768,101,22,5,2025-12-23
I4148,P2047,W131,727,187,43,15,2025-09-09
I4149,P6812,W6741,406,115,22,9,2025-11-04
I4150,P3008,W6546,386,86,28,5,2025-07-15
I4151,P6002,W8978,0,152,29,20,2025-10-14
I4152,P9768,W6794,739,113,19,6,2025-11-04
I4153,P536,W5554,871,173,89,14,2026-01-16
I4154,P5598,W5574,402,14,5,2,2026-01-04
I4155,P5031,W3876,498,109,52,17,2025-10-04
I4156,P6953,W2864,992,23,42,20,2025-09-01
I4157,P5114,W4762,298,118,32,4,2026-05-06
I4158,P3219,W3386,22,30,94,0,2025-12-16
I4159,P4812,W2738,544,135,82,0,2025-12-02
I4160,P3172,W5154,298,170,94,19,2026-05-28
I4161,P5698,W7004,201,123,19,3,2025-06-10
I4162,P9440,W6990,812,147,56,15,2025-09-03
I4163,P1991,W1984,936,45,29,14,2026-04-16
I4164,P7451,W6307,403,42,21,11,2026-03-27
I4165,P5680,W2152,896,23,22,14,2025-06-21
I4166,P2919,W9078,525,148,87,15,2025-06-09
I4167,P6762,W6279,284,106,40,9,2026-03-22
I4168,P7763,W1024,317,92,40,7,2026-05-02
I4169,P6337,W1795,226,173,55,4,2025-09-06
I4170,P6252,W4198,358,85,42,1,2026-04-02
I4171,P462,W3063,78,122,50,3,2025-09-21
I4172,P549,W5998,925,115,33,7,2025-12-23
I4173,P2306,W5107,307,50,87,11,2025-11-12
I4174,P9314,W5254,65,181,80,10,2026-01-16
I4175,P396,W8311,884,83,92,1,2026-03-30
I4176,P6625,W9081,632,73,24,7,2025-06-30
I4177,P9347,W5887,259,150,91,16,2026-03-24
I4178,P9582,W1944,464,116,8,14,2025-12-09
I4179,P1663,W2726,229,172,91,6,2025-08-29
I4180,P6706,W6830,963,37,29,1,2025-08-19
I4181,P4482,W941,507,146,15,8,2026-05-01
I4182,P1733,W6454,6,194,19,5,2025-12-25
I4183,P5096,W9879,365,87,59,1,2025-08-27
I4184,P6490,W59,87,196,96,10,2026-05-11
I4185,P3966,W9508,119,133,79,12,2025-09-30
I4186,P1546,W561,290,134,13,8,2026-02-21
I4187,P8778,W41,904,124,81,13,2026-05-13
I4188,P5363,W1919,979,145,7,6,2025-08-21
I4189,P8524,W5889,858,160,45,6,2025-07-10
I4190,P6170,W6598,330,102,94,11,2026-04-12
I4191,P7213,W9505,993,191,19,9,2026-05-22
I4192,P1071,W6584,725,81,44,11,2026-02-27
I4193,P6549,W2817,385,118,8,14,2025-09-23
I4194,P1672,W4807,794,111,54,18,2026-02-24
I4195,P7182,W5607,708,109,81,11,2025-12-19
I4196,P5480,W5671,918,152,18,13,2025-10-21
I4197,P2053,W8470,837,36,87,7,2025-11-07
I4198,P8865,W9445,789,154,77,19,2025-08-01
I4199,P3592,W5131,60,84,15,5,2026-05-20
I4200,P3667,W9218,286,104,52,17,2025-09-17
I4201,P8080,W1775,905,142,72,20,2025-11-05
I4202,P5046,W9767,648,39,55,5,2025-08-19
I4203,P7430,W6143,652,83,100,6,2025-11-09
I4204,P4393,W3444,611,39,72,6,2025-06-18
I4205,P7010,W9829,525,129,75,8,2026-05-09
I4206,P4909,W9615,408,175,17,5,2025-11-05
I4207,P9831,W5473,311,80,33,6,2026-03-05
I4208,P9290,W6256,317,137,57,15,2025-07-23
I4209,P1292,W747,830,27,13,18,2025-06-30
I4210,P9157,W987,85,93,28,3,2025-12-26
I4211,P4805,W7507,13,193,90,9,2025-06-21
I4212,P8200,W2084,401,99,9,5,2026-04-16
I4213,P9310,W3022,232,52,38,9,2025-09-17
I4214,P188,W1069,198,43,67,17,2025-11-11
I4215,P1076,W8452,410,55,68,17,2025-08-31
I4216,P2976,W2274,279,196,11,18,2025-11-13
I4217,P4608,W9372,973,77,93,11,2025-11-28
I4218,P8856,W1558,696,185,49,2,2025-09-12
I4219,P9909,W6936,966,141,74,9,2025-10-20
I4220,P7995,W1954,724,69,69,3,2025-09-21
I4221,P9276,W2838,71,10,92,8,2025-11-25
I4222,P7579,W1178,106,48,83,15,2026-02-27
I4223,P6544,W4780,985,121,60,8,2025-10-19
I4224,P5134,W3399,396,188,20,6,2026-02-07
I4225,P6572,W6397,112,12,22,2,2025-09-18
I4226,P4818,W7671,196,182,91,13,2025-09-25
I4227,P2840,W6971,595,33,56,4,2026-04-16
I4228,P3204,W2219,597,153,87,3,2025-07-18
I4229,P818,W8369,518,101,97,18,2025-08-04
I4230,P5138,W8950,398,172,74,0,2026-03-21
I4231,P5921,W3678,961,181,70,1,2025-11-10
I4232,P9819,W6144,250,12,53,3,2025-08-20
I4233,P2975,W7385,276,147,16,14,2026-01-10
I4234,P3791,W6048,630,112,86,1,2025-08-16
I4235,P3882,W4259,968,63,19,8,2025-07-20
I4236,P1155,W2898,702,27,70,17,2025-10-24
I4237,P815,W1037,807,113,95,8,2026-01-14
I4238,P8097,W4796,86,177,71,19,2025-08-17
I4239,P2122,W4116,171,15,17,4,2025-12-20
I4240,P1857,W3574,648,36,59,9,2026-02-03
I4241,P545,W4770,33,180,94,5,2026-05-03
I4242,P6967,W1555,343,11,96,1,2026-04-13
I4243,P3548,W6832,538,140,34,17,2025-07-16
I4244,P6869,W5984,389,133,61,14,2025-11-05
I4245,P5366,W5213,667,76,46,17,2025-07-16
I4246,P4016,W9153,637,94,18,17,2026-03-28
I4247,P8068,W2320,98,157,62,6,2026-05-28
I4248,P3191,W9732,793,94,57,12,2026-04-13
I4249,P8695,W3351,711,44,6,18,2025-08-25
I4250,P5513,W4202,413,70,31,3,2025-12-08
I4251,P772,W5557,405,166,52,9,2025-12-29
I4252,P543,W3576,450,80,45,15,2025-10-23
I4253,P2794,W2079,308,24,75,15,2025-09-30
I4254,P6323,W9345,930,101,39,19,2025-07-02
I4255,P1549,W9934,829,164,88,8,2026-02-10
I4256,P3079,W5388,53,68,30,20,2026-05-17
I4257,P8783,W9588,894,28,76,13,2025-06-21
I4258,P2309,W4108,149,82,80,11,2025-11-20
I4259,P8807,W6088,201,32,21,3,2026-01-14
I4260,P1725,W7339,992,106,69,2,2026-04-23
I4261,P6075,W2878,947,49,92,6,2025-06-12
I4262,P9707,W1788,185,107,79,13,2025-12-04
I4263,P3752,W9315,869,117,30,5,2026-04-25
I4264,P7169,W1880,143,151,98,11,2026-04-19
I4265,P7153,W2039,771,194,54,17,2026-05-07
I4266,P1067,W2973,472,111,64,10,2025-06-17
I4267,P1101,W765,564,30,84,10,2026-04-10
I4268,P2323,W2890,10,191,54,0,2025-10-24
I4269,P5941,W8081,961,175,47,19,2025-06-02
I4270,P1601,W4285,271,152,76,17,2026-02-19
I4271,P7713,W8487,763,108,66,8,2025-06-08
I4272,P8458,W443,939,25,32,13,2025-07-27
I4273,P2195,W7593,302,12,38,7,2025-09-14
I4274,P8704,W1184,81,199,33,16,2026-04-18
I4275,P8578,W3166,240,195,11,11,2026-02-07
I4276,P5156,W7280,335,149,35,8,2026-03-12
I4277,P5829,W926,17,54,33,4,2026-04-26
I4278,P8871,W1386,649,65,86,14,2025-08-31
I4279,P446,W8925,482,56,23,10,2025-11-14
I4280,P131,W6734,970,82,37,1,2025-12-26
I4281,P7334,W3160,642,110,60,6,2026-03-11
I4282,P2508,W9166,868,84,94,12,2026-01-10
I4283,P7975,W5506,986,47,33,19,2026-03-01
I4284,P999,W4755,492,198,25,0,2026-01-18
I4285,P9375,W5778,208,41,84,4,2025-09-14
I4286,P2895,W2488,134,161,93,14,2026-01-24
I4287,P2652,W146,201,179,83,2,2025-09-12
I4288,P8526,W898,355,75,92,8,2025-06-29
I4289,P3091,W4164,498,174,18,16,2025-09-07
I4290,P6862,W6429,496,18,6,10,2026-05-22
I4291,P211,W985,928,99,68,16,2025-10-07
I4292,P9461,W8093,400,24,15,20,2025-11-07
I4293,P6592,W9263,195,116,31,2,2026-04-19
I4294,P3211,W7825,822,140,27,5,2026-04-06
I4295,P5499,W3331,705,131,19,4,2025-08-12
I4296,P5536,W4337,499,152,94,8,2026-05-27
I4297,P1408,W2059,901,99,80,9,2025-07-28
I4298,P8384,W4767,355,170,77,19,2026-02-17
I4299,P1521,W583,653,23,5,12,2026-03-07
I4300,P1563,W9757,445,169,33,14,2026-03-02
I4301,P8864,W8631,390,167,72,8,2025-11-12
I4302,P8340,W9878,322,81,91,6,2026-02-05
I4303,P855,W9931,510,196,87,20,2025-06-01
I4304,P2506,W9451,123,122,28,17,2025-09-01
I4305,P9017,W8071,129,111,29,11,2025-12-21
I4306,P9913,W9471,543,191,44,5,2025-09-08
I4307,P9631,W4888,728,68,54,16,2026-01-26
I4308,P7643,W8264,460,52,68,14,2025-10-22
I4309,P8305,W9442,778,110,27,12,2025-11-24
I4310,P1229,W1691,762,83,33,13,2025-07-19
I4311,P9950,W3555,819,154,85,10,2026-02-14
I4312,P4753,W7001,157,110,39,1,2026-02-17
I4313,P7607,W5212,862,81,56,17,2026-02-14
I4314,P9921,W6011,15,157,86,9,2026-04-08
I4315,P3772,W3364,443,88,47,12,2025-12-14
I4316,P6552,W1304,256,102,25,15,2026-03-01
I4317,P2906,W2427,460,191,13,1,2025-08-12
I4318,P9391,W7278,686,162,94,3,2026-01-20
I4319,P4450,W4091,999,169,10,17,2026-02-06
I4320,P9166,W9644,582,47,96,4,2026-02-05
I4321,P4384,W9155,178,27,80,11,2025-12-23
I4322,P8520,W2651,557,156,45,14,2026-04-04
I4323,P253,W7233,288,123,64,12,2026-01-10
I4324,P2180,W1886,479,142,50,16,2026-02-20
I4325,P1456,W2053,326,47,69,13,2026-05-15
I4326,P6059,W2181,948,200,58,11,2025-08-24
I4327,P5822,W7854,356,87,74,7,2026-01-04
I4328,P1208,W5878,284,14,96,9,2025-09-16
I4329,P181,W7998,340,41,92,4,2025-11-05
I4330,P7879,W6101,214,117,38,12,2025-08-05
I4331,P9097,W5135,763,170,21,4,2025-10-07
I4332,P5037,W2034,973,128,73,3,2025-07-28
I4333,P803,W4744,652,61,46,7,2025-06-12
I4334,P6743,W6946,117,162,91,11,2025-10-11
I4335,P565,W6949,112,162,86,7,2025-07-28
I4336,P7184,W1889,639,90,55,2,2025-11-24
I4337,P6305,W979,565,191,93,11,2026-02-07
I4338,P9403,W5497,138,163,74,10,2026-05-13
I4339,P634,W791,284,37,77,2,2025-07-21
I4340,P8137,W510,269,95,37,11,2025-06-27
I4341,P5404,W2335,641,82,68,20,2026-01-27
I4342,P4021,W9403,640,97,37,20,2025-12-25
I4343,P6872,W3208,260,17,11,12,2025-10-17
I4344,P9368,W2763,460,173,14,13,2025-06-28
I4345,P7592,W986,937,147,46,10,2025-12-12
I4346,P2000,W4436,270,196,10,11,2025-10-17
I4347,P4451,W235,444,49,15,18,2025-12-12
I4348,P8015,W7708,652,45,77,3,2026-05-28
I4349,P159,W1745,544,155,84,10,2025-08-29
I4350,P674,W6695,305,36,78,12,2026-03-10
I4351,P7073,W5118,427,197,78,16,2025-08-15
I4352,P7058,W2603,498,37,32,9,2026-05-18
I4353,P5579,W9528,688,153,46,6,2026-05-02
I4354,P2753,W5674,337,186,58,11,2026-03-22
I4355,P6869,W5942,922,47,75,5,2026-02-20
I4356,P7121,W7995,631,183,75,6,2025-08-08
I4357,P7218,W7901,835,77,97,12,2026-02-08
I4358,P9076,W8861,604,170,59,19,2026-01-17
I4359,P8508,W6362,875,167,9,16,2026-05-18
I4360,P5509,W105,368,17,36,0,2026-04-29
I4361,P1806,W5707,171,41,81,8,2025-07-03
I4362,P8488,W9392,884,79,52,9,2025-07-29
I4363,P4773,W7738,454,115,50,6,2025-05-28
I4364,P7467,W2178,115,190,21,16,2026-04-15
I4365,P3698,W1465,181,165,35,6,2026-01-03
I4366,P7556,W1451,979,11,6,15,2025-10-19
I4367,P6200,W6333,763,80,43,3,2025-11-11
I4368,P317,W657,780,58,28,18,2025-08-31
I4369,P6713,W7054,687,170,56,11,2026-02-26
I4370,P191,W6195,294,199,36,13,2026-05-09
I4371,P1719,W3857,126,37,19,12,2025-05-28
I4372,P2443,W629,590,165,72,12,2025-11-20
I4373,P5048,W8825,908,68,9,2,2026-01-10
I4374,P8391,W2356,904,74,52,20,2025-06-03
I4375,P8362,W999,292,151,43,1,2026-03-25
I4376,P8619,W7878,367,133,52,0,2025-11-01
I4377,P2876,W6571,272,174,97,6,2025-08-14
I4378,P5180,W5478,457,200,97,4,2025-07-26
I4379,P3205,W687,223,75,55,14,2025-08-19
I4380,P3375,W7709,360,81,46,14,2025-10-07
I4381,P7613,W727,74,94,22,12,2025-12-26
I4382,P5640,W5730,808,81,89,12,2025-12-09
I4383,P3049,W9516,484,85,85,15,2025-09-24
I4384,P8328,W1899,23,178,55,14,2026-03-13
I4385,P3347,W4292,169,61,55,13,2026-02-12
I4386,P527,W4464,770,31,28,1,2025-07-30
I4387,P6940,W2177,64,64,8,20,2025-09-23
I4388,P6892,W4336,959,132,59,17,2026-02-05
I4389,P9291,W866,750,77,92,9,2025-08-24
I4390,P3947,W6381,808,62,29,15,2026-05-08
I4391,P1407,W3912,372,153,35,12,2025-09-01
I4392,P5888,W8715,556,161,94,13,2025-07-01
I4393,P7807,W9799,17,130,21,17,2025-06-10
I4394,P3428,W4439,372,58,88,4,2026-04-08
I4395,P3838,W3060,195,154,14,0,2025-08-27
I4396,P3397,W9421,443,162,61,0,2025-12-11
I4397,P7276,W5503,93,101,52,2,2025-11-21
I4398,P9012,W4774,360,40,76,19,2026-02-15
I4399,P7969,W8008,257,144,88,10,2025-10-29
I4400,P5636,W1483,801,147,66,13,2025-08-12
I4401,P4662,W7001,232,78,34,18,2025-10-22
I4402,P3323,W9888,445,162,14,11,2025-06-20
I4403,P147,W7606,82,82,95,15,2026-05-24
I4404,P4088,W6665,464,156,50,13,2026-05-02
I4405,P262,W2418,356,122,26,0,2025-07-11
I4406,P1129,W461,647,189,63,10,2026-01-05
I4407,P7246,W5664,356,84,69,13,2025-09-04
I4408,P5919,W9639,272,132,33,11,2025-07-20
I4409,P7212,W3715,640,179,93,20,2025-09-29
I4410,P6863,W6925,199,49,57,3,2026-03-03
I4411,P5401,W6922,130,111,36,0,2025-06-13
I4412,P8366,W1788,984,193,12,0,2026-01-18
I4413,P5433,W8885,250,89,26,16,2026-05-09
I4414,P3901,W9165,705,158,9,10,2025-11-29
I4415,P6512,W3871,233,82,87,3,2025-09-08
I4416,P8905,W9524,159,187,95,2,2026-02-10
I4417,P9156,W5540,907,34,27,2,2026-03-29
I4418,P7951,W3743,155,141,62,0,2025-08-04
I4419,P3574,W260,813,10,21,19,2025-05-29
I4420,P2002,W1472,280,25,62,6,2025-09-16
I4421,P6951,W2067,619,110,27,2,2026-05-09
I4422,P1935,W2296,281,103,81,12,2026-04-03
I4423,P8838,W8196,2,68,10,5,2026-01-14
I4424,P6228,W7576,388,103,71,15,2025-08-09
I4425,P4526,W3448,936,101,25,15,2026-04-17
I4426,P4608,W7946,67,102,50,19,2026-01-18
I4427,P6714,W4025,200,191,27,2,2026-05-09
I4428,P954,W5822,55,180,32,11,2025-12-02
I4429,P1368,W1400,958,14,5,0,2026-03-17
I4430,P4437,W9261,112,130,5,6,2026-04-24
I4431,P6593,W7027,340,183,83,0,2026-05-02
I4432,P1898,W8624,168,62,36,14,2025-08-20
I4433,P2491,W3368,355,150,62,4,2025-10-12
I4434,P6662,W4168,79,87,96,2,2026-01-31
I4435,P3641,W8641,350,171,9,12,2025-12-16
I4436,P2150,W6396,583,154,12,11,2025-08-31
I4437,P2622,W9118,630,161,58,13,2026-01-21
I4438,P2749,W1126,187,155,85,16,2026-04-21
I4439,P1552,W8726,424,119,58,4,2025-10-25
I4440,P2300,W4648,898,91,92,5,2025-09-19
I4441,P8407,W1008,98,104,53,13,2025-07-01
I4442,P7243,W2776,51,113,90,0,2025-10-13
I4443,P8517,W5769,692,155,77,2,2025-07-17
I4444,P6013,W4222,840,154,48,18,2025-06-15
I4445,P1914,W5372,211,110,26,11,2025-10-17
I4446,P3107,W1218,77,117,33,3,2025-07-14
I4447,P7633,W5863,980,168,35,15,2025-09-04
I4448,P7932,W1057,76,94,16,4,2026-04-08
I4449,P4922,W537,361,151,59,4,2025-06-12
I4450,P2097,W7046,44,73,74,2,2025-11-29
I4451,P8879,W1469,606,47,35,7,2025-12-02
I4452,P2935,W3413,805,23,78,16,2025-10-14
I4453,P4352,W9353,590,140,49,16,2025-06-17
I4454,P8400,W7571,878,72,74,4,2025-10-27
I4455,P2272,W23,929,185,22,18,2026-05-11
I4456,P84,W7444,993,152,26,7,2026-02-27
I4457,P7195,W8751,234,115,84,17,2025-06-25
I4458,P2179,W399,323,48,25,18,2025-09-26
I4459,P7030,W5898,614,116,23,20,2025-07-03
I4460,P3170,W2198,478,107,56,11,2026-05-05
I4461,P2772,W6109,358,99,71,20,2026-05-23
I4462,P2455,W7060,251,23,9,9,2026-04-16
I4463,P7262,W7829,489,75,34,14,2025-06-21
I4464,P1460,W1559,788,112,58,18,2026-01-25
I4465,P6442,W9479,88,159,12,10,2025-11-09
I4466,P5235,W5039,796,127,26,20,2026-04-06
I4467,P1412,W9212,6,47,59,10,2026-01-29
I4468,P8220,W6029,899,107,81,12,2026-04-11
I4469,P760,W4819,686,102,62,7,2026-05-07
I4470,P7352,W2180,878,108,49,11,2025-10-13
I4471,P3824,W1133,990,29,13,14,2025-09-18
I4472,P8882,W1722,568,66,82,20,2025-09-16
I4473,P3742,W9822,364,100,61,4,2025-11-04
I4474,P5852,W4636,8,24,49,12,2026-03-16
I4475,P4155,W5318,945,50,71,3,2025-08-03
I4476,P2978,W5741,513,178,36,18,2025-07-03
I4477,P1905,W3855,651,93,53,4,2025-11-01
I4478,P12,W6017,213,75,61,17,2026-02-18
I4479,P6194,W2467,674,188,23,5,2026-04-11
I4480,P9324,W5118,440,154,43,4,2025-12-25
I4481,P7198,W5707,490,40,28,12,2025-12-29
I4482,P8289,W7986,389,60,72,13,2026-04-19
I4483,P6355,W6725,245,84,7,11,2026-05-07
I4484,P5223,W4627,330,179,68,14,2025-08-28
I4485,P5605,W4208,815,132,62,11,2025-08-31
I4486,P4295,W7955,950,133,80,16,2025-11-25
I4487,P7253,W3699,107,115,21,15,2025-10-18
I4488,P6619,W6896,250,38,90,18,2025-11-03
I4489,P8562,W9592,363,41,86,0,2026-04-13
I4490,P1010,W6598,161,79,36,11,2025-08-20
I4491,P7589,W9104,770,22,36,9,2026-04-29
I4492,P5083,W4366,312,127,13,9,2025-09-21
I4493,P9168,W7638,988,115,41,11,2025-06-06
I4494,P576,W1507,866,87,55,11,2026-03-26
I4495,P5225,W4787,128,163,26,14,2025-12-09
I4496,P8625,W8645,787,15,51,1,2026-04-16
I4497,P3416,W9820,424,88,10,2,2026-03-14
I4498,P4174,W4140,143,167,13,12,2025-10-09
I4499,P4764,W6017,147,198,25,8,2025-12-14
I4500,P1552,W3032,354,173,78,2,2026-02-11
I4501,P1205,W5283,813,16,6,7,2026-02-15
I4502,P2424,W6947,804,64,33,18,2025-07-30
I4503,P570,W7869,826,81,91,15,2025-09-01
I4504,P4717,W6180,838,35,89,9,2025-11-29
I4505,P9623,W5644,53,158,54,10,2025-09-05
I4506,P6088,W9391,417,164,5,13,2025-12-19
I4507,P5782,W9461,850,109,90,13,2025-08-07
I4508,P2945,W5545,411,139,91,14,2025-08-20
I4509,P527,W7033,299,166,77,14,2026-03-23
I4510,P979,W3655,660,179,74,9,2026-01-12
I4511,P9713,W8235,754,153,88,4,2026-04-04
I4512,P6700,W9053,419,15,16,10,2026-03-17
I4513,P6703,W7258,809,163,59,5,2026-02-13
I4514,P6464,W8739,921,74,83,19,2025-06-05
I4515,P807,W4464,865,109,78,14,2026-02-10
I4516,P7507,W5493,11,54,21,12,2026-01-20
I4517,P2020,W5369,488,79,15,12,2026-05-14
I4518,P5232,W7106,991,24,65,13,2026-05-25
I4519,P1146,W6215,980,153,36,18,2026-02-25
I4520,P4160,W9385,527,192,29,3,2025-09-26
I4521,P3329,W7909,304,162,42,13,2025-08-26
I4522,P9096,W9977,147,171,27,1,2025-09-04
I4523,P6064,W3207,403,136,64,17,2025-12-05
I4524,P1901,W237,651,150,34,10,2025-07-28
I4525,P5022,W2385,667,177,51,11,2026-01-15
I4526,P2129,W2378,539,42,28,14,2025-05-28
I4527,P5633,W5982,828,119,38,0,2026-03-05
I4528,P8037,W1396,468,102,15,5,2026-02-17
I4529,P7710,W9674,947,137,55,19,2026-01-16
I4530,P5975,W4122,396,157,21,17,2025-11-02
I4531,P3753,W9169,638,16,66,14,2025-07-30
I4532,P8631,W7992,788,52,42,11,2026-03-18
I4533,P5175,W7063,805,103,98,13,2025-11-26
I4534,P9792,W5963,865,26,28,3,2025-06-23
I4535,P6853,W4199,939,66,56,5,2025-06-30
I4536,P3701,W1750,874,13,84,16,2026-05-19
I4537,P7524,W3173,323,152,80,11,2026-04-02
I4538,P936,W8055,397,129,35,5,2026-02-26
I4539,P8254,W910,39,117,6,4,2025-07-22
I4540,P1711,W9684,195,47,98,15,2025-07-20
I4541,P99,W4570,931,42,55,15,2025-06-20
I4542,P5812,W8937,375,72,77,15,2025-07-22
I4543,P8548,W2987,40,195,11,14,2025-07-16
I4544,P2934,W9870,228,118,8,5,2026-01-19
I4545,P4754,W3860,455,169,75,9,2026-05-21
I4546,P3830,W4739,855,94,62,3,2025-06-16
I4547,P4272,W6693,295,51,37,12,2025-12-04
I4548,P9477,W698,516,171,82,15,2026-01-06
I4549,P4692,W5918,275,57,40,16,2025-12-02
I4550,P6206,W3444,469,60,19,9,2026-04-15
I4551,P1270,W5023,585,131,6,12,2025-11-14
I4552,P9452,W1340,6,191,38,4,2026-03-31
I4553,P5318,W3168,467,74,66,0,2026-04-12
I4554,P1291,W3890,507,44,82,12,2025-06-10
I4555,P6954,W4535,651,72,16,14,2025-08-16
I4556,P536,W9386,597,88,52,10,2025-06-24
I4557,P7421,W4694,725,155,87,9,2025-07-27
I4558,P4069,W6782,873,61,8,20,2025-06-01
I4559,P9682,W5229,763,77,56,15,2025-11-14
I4560,P8587,W3658,421,94,25,15,2026-01-22
I4561,P141,W2190,627,187,98,3,2025-12-20
I4562,P4824,W1914,512,79,69,13,2026-04-07
I4563,P2740,W10000,30,175,34,16,2025-12-09
I4564,P9198,W4308,327,100,22,4,2026-03-13
I4565,P5845,W4387,635,149,100,18,2025-07-06
I4566,P6775,W5012,158,35,56,12,2025-09-26
I4567,P8,W3604,982,115,69,17,2025-05-28
I4568,P3557,W8322,876,92,39,0,2026-03-05
I4569,P5011,W4715,926,107,20,7,2026-03-03
I4570,P5784,W883,599,15,66,15,2026-05-11
I4571,P5207,W6360,281,21,98,14,2025-07-29
I4572,P4676,W689,170,73,83,4,2025-07-27
I4573,P2946,W6273,978,10,67,15,2025-09-24
I4574,P3350,W8987,484,146,46,4,2025-08-18
I4575,P186,W6720,587,96,23,10,2026-01-02
I4576,P7907,W2281,930,22,29,11,2025-06-08
I4577,P9597,W732,445,162,52,7,2025-10-15
I4578,P6290,W2858,90,154,100,14,2025-12-24
I4579,P9751,W5755,935,80,92,0,2025-09-28
I4580,P6654,W4003,537,46,37,15,2025-10-07
I4581,P8227,W9137,377,195,70,9,2025-08-20
I4582,P6354,W4103,265,160,40,4,2025-09-07
I4583,P5237,W8415,480,126,71,7,2025-11-21
I4584,P3830,W804,449,195,99,4,2026-01-21
I4585,P8708,W7752,340,25,97,20,2026-01-21
I4586,P300,W9056,781,83,53,18,2026-04-06
I4587,P804,W2837,172,52,6,16,2025-12-02
I4588,P4207,W4323,245,116,27,12,2026-03-21
I4589,P101,W8070,615,144,90,10,2025-09-27
I4590,P430,W8250,43,44,68,13,2026-05-06
I4591,P9023,W7638,23,45,59,4,2025-11-28
I4592,P3669,W7127,102,123,66,0,2026-01-21
I4593,P9364,W4477,660,134,95,18,2025-10-03
I4594,P7531,W4256,556,124,51,6,2026-03-05
I4595,P7981,W1746,347,194,21,0,2026-01-14
I4596,P2460,W2035,127,181,59,15,2025-09-28
I4597,P3900,W3899,561,39,77,13,2025-07-23
I4598,P3503,W1207,762,151,9,10,2026-03-30
I4599,P3207,W8778,40,88,12,0,2026-03-24
I4600,P7969,W1969,155,75,93,17,2025-06-21
I4601,P1883,W4542,702,163,82,13,2026-04-08
I4602,P8887,W871,614,144,8,6,2025-12-20
I4603,P2372,W618,553,40,39,15,2026-02-07
I4604,P6282,W5695,324,160,23,13,2025-09-27
I4605,P6716,W5875,817,24,98,17,2025-12-19
I4606,P7674,W286,179,124,86,3,2025-12-25
I4607,P2594,W6370,816,151,60,13,2025-06-28
I4608,P3078,W4394,987,194,86,2,2026-05-15
I4609,P7204,W186,220,33,25,2,2025-11-10
I4610,P3210,W8440,7,86,40,12,2026-03-26
I4611,P5035,W6747,913,24,36,4,2025-11-02
I4612,P3407,W2732,687,173,91,6,2025-11-28
I4613,P6534,W4114,955,193,20,9,2026-05-01
I4614,P7897,W696,513,152,61,14,2025-12-24
I4615,P1554,W6988,879,59,91,5,2026-02-10
I4616,P8538,W6441,480,111,71,0,2025-09-01
I4617,P849,W5427,55,134,47,4,2026-03-16
I4618,P6107,W4414,720,13,91,4,2025-07-11
I4619,P3850,W3272,457,41,59,19,2025-12-21
I4620,P9076,W4900,693,16,58,8,2026-03-13
I4621,P9677,W9751,999,112,32,3,2026-02-05
I4622,P9548,W6319,660,74,65,20,2025-05-31
I4623,P1804,W1064,611,179,81,2,2026-05-27
I4624,P3964,W6964,490,29,56,19,2026-03-05
I4625,P193,W7773,889,99,62,3,2026-01-30
I4626,P6971,W7823,147,16,44,4,2026-01-16
I4627,P9265,W7613,10,56,65,7,2025-10-25
I4628,P11,W5703,799,185,44,0,2025-09-30
I4629,P1315,W9127,834,122,84,0,2025-11-30
I4630,P8080,W9110,104,55,46,13,2026-03-24
I4631,P1583,W3116,346,184,11,7,2025-12-20
I4632,P4103,W5866,892,100,93,6,2026-03-11
I4633,P3746,W2449,492,146,26,5,2026-03-25
I4634,P4287,W5896,753,15,56,12,2026-01-21
I4635,P8317,W2242,127,103,31,3,2025-07-22
I4636,P4271,W3421,49,85,26,10,2026-03-05
I4637,P6908,W8845,663,144,62,1,2026-05-19
I4638,P9192,W8872,746,128,88,4,2026-03-02
I4639,P3596,W5362,743,26,14,8,2026-04-21
I4640,P5547,W1275,482,64,41,15,2025-10-26
I4641,P3917,W7767,99,81,66,15,2025-12-07
I4642,P9739,W9377,962,189,100,6,2025-12-16
I4643,P3736,W2683,222,102,45,4,2025-09-09
I4644,P5724,W1692,298,95,80,3,2026-01-06
I4645,P7075,W6165,670,73,49,16,2025-11-12
I4646,P5696,W5366,675,46,81,16,2025-07-06
I4647,P2153,W5569,878,30,11,8,2026-02-07
I4648,P5472,W1343,473,191,15,0,2026-05-28
I4649,P2985,W9964,758,123,96,2,2025-12-22
I4650,P8588,W1781,953,125,46,7,2025-12-05
I4651,P3455,W3907,301,39,86,5,2025-12-14
I4652,P6636,W8174,70,45,64,14,2026-03-31
I4653,P1817,W347,359,166,50,4,2026-04-30
I4654,P8226,W1059,242,111,32,5,2025-06-24
I4655,P3109,W4268,705,16,69,19,2025-10-15
I4656,P6377,W1494,258,147,23,8,2025-09-24
I4657,P6999,W5699,157,18,72,10,2025-06-24
I4658,P4203,W2309,828,130,86,10,2025-12-21
I4659,P8137,W2240,276,60,78,14,2025-09-11
I4660,P4022,W2261,951,22,45,16,2026-02-16
I4661,P2336,W2194,738,143,82,10,2025-11-07
I4662,P1682,W6690,292,138,38,20,2025-10-22
I4663,P7261,W1562,763,61,68,9,2025-12-05
I4664,P962,W1276,910,90,84,5,2025-08-18
I4665,P1991,W2683,25,60,72,17,2026-01-15
I4666,P573,W7390,658,117,21,12,2026-04-22
I4667,P9738,W1800,201,153,99,14,2026-03-08
I4668,P1806,W5312,678,119,8,0,2025-08-27
I4669,P2153,W5526,12,198,100,13,2026-01-06
I4670,P8106,W4327,889,194,79,11,2025-06-24
I4671,P2829,W5684,995,169,7,2,2025-08-09
I4672,P7848,W5374,237,188,50,12,2025-08-12
I4673,P3011,W85,35,12,90,19,2025-10-08
I4674,P3328,W844,428,94,16,3,2025-10-04
I4675,P2149,W923,107,187,20,14,2026-05-01
I4676,P8864,W9643,182,64,66,1,2025-06-18
I4677,P9271,W9513,389,154,50,3,2025-06-22
I4678,P6589,W6402,44,149,45,4,2026-05-01
I4679,P9593,W369,543,150,54,16,2026-05-16
I4680,P8355,W5512,211,172,86,1,2026-05-23
I4681,P9397,W4610,286,94,43,13,2025-12-10
I4682,P3685,W6741,585,190,98,4,2025-07-14
I4683,P7480,W4153,70,38,67,8,2025-07-12
I4684,P4613,W9393,631,166,53,5,2025-07-24
I4685,P8920,W5551,692,113,45,5,2025-09-03
I4686,P1854,W7676,470,161,60,14,2025-06-07
I4687,P5802,W8716,801,110,16,8,2026-05-07
I4688,P9387,W9524,500,143,74,15,2025-07-13
I4689,P8099,W3867,283,119,50,1,2025-08-04
I4690,P6836,W1823,8,81,32,6,2025-10-22
I4691,P9713,W7370,689,25,30,2,2025-07-22
I4692,P1657,W1053,761,130,42,8,2026-01-19
I4693,P7929,W6132,16,113,91,18,2026-03-28
I4694,P5840,W4449,940,78,37,20,2026-01-13
I4695,P2882,W7645,59,82,99,6,2025-08-26
I4696,P1378,W9211,693,65,61,1,2026-01-22
I4697,P7134,W9943,578,74,93,17,2026-01-30
I4698,P5467,W8702,164,36,62,9,2025-12-20
I4699,P294,W2872,585,102,46,20,2025-05-30
I4700,P8722,W7886,480,32,57,9,2026-04-20
I4701,P3032,W7053,983,26,6,9,2025-09-02
I4702,P8547,W8483,361,154,54,19,2025-08-23
I4703,P8122,W2554,674,37,42,15,2026-05-18
I4704,P3261,W8872,309,84,63,4,2026-05-10
I4705,P5818,W144,843,166,57,3,2026-04-28
I4706,P2274,W4302,9,89,49,6,2026-04-24
I4707,P9770,W2561,729,19,60,3,2025-06-22
I4708,P7446,W5379,694,34,40,7,2026-05-05
I4709,P6884,W4036,166,145,99,10,2025-11-30
I4710,P1423,W3642,285,133,22,6,2026-04-08
I4711,P8524,W1830,909,101,63,12,2025-11-11
I4712,P9549,W6329,668,168,50,18,2025-10-15
I4713,P4400,W8929,938,124,45,13,2025-10-03
I4714,P910,W6109,288,127,33,15,2026-01-20
I4715,P3527,W7600,166,74,67,6,2025-10-12
I4716,P2804,W4952,38,94,12,9,2026-03-25
I4717,P25,W9539,487,196,37,13,2025-07-20
I4718,P6415,W9812,581,192,77,14,2025-08-19
I4719,P1641,W6299,717,50,11,12,2025-10-17
I4720,P9028,W2007,52,40,52,13,2025-11-28
I4721,P2780,W4715,642,57,64,0,2025-08-17
I4722,P5669,W7024,424,160,66,8,2026-02-06
I4723,P4001,W4745,246,101,47,2,2025-07-20
I4724,P3114,W5171,626,196,14,0,2025-06-30
I4725,P3412,W7376,451,18,61,17,2025-06-15
I4726,P8308,W6413,229,66,25,3,2025-07-23
I4727,P5664,W6150,953,21,65,0,2025-07-19
I4728,P8718,W5740,87,180,69,5,2025-08-03
I4729,P8321,W8512,92,56,16,6,2025-11-01
I4730,P9546,W8566,218,143,83,8,2025-05-30
I4731,P930,W6657,954,61,92,10,2025-06-19
I4732,P254,W7190,259,78,7,4,2025-12-03
I4733,P903,W5304,571,42,22,13,2025-08-25
I4734,P2689,W8929,252,153,82,13,2026-04-28
I4735,P8294,W9648,598,21,46,2,2025-06-30
I4736,P9747,W8211,272,161,12,2,2026-05-02
I4737,P1247,W2596,218,77,26,6,2026-01-06
I4738,P2362,W8485,737,173,93,15,2026-04-06
I4739,P7091,W5918,787,87,21,6,2026-05-10
I4740,P1000,W8799,909,103,5,3,2025-09-25
I4741,P4065,W3666,639,180,44,7,2026-05-03
I4742,P8749,W9608,273,39,16,7,2025-11-21
I4743,P4224,W1473,818,178,72,7,2025-09-05
I4744,P7047,W4269,91,153,33,0,2025-07-25
I4745,P2053,W4466,638,81,12,2,2026-04-08
I4746,P6622,W7699,520,28,20,11,2025-07-12
I4747,P8690,W1441,581,115,96,8,2026-04-11
I4748,P3010,W9948,819,139,95,12,2025-07-06
I4749,P5110,W6583,781,141,64,2,2026-04-30
I4750,P7691,W6474,711,34,97,3,2025-11-21
I4751,P7105,W3212,873,179,96,14,2026-04-09
I4752,P1138,W6547,419,49,44,17,2026-04-14
I4753,P1162,W6239,987,111,32,14,2026-05-26
I4754,P9512,W3600,696,126,19,20,2025-12-22
I4755,P8896,W7574,66,158,5,17,2025-11-05
I4756,P7849,W4979,644,190,21,16,2025-06-18
I4757,P8489,W7379,817,186,91,17,2025-12-21
I4758,P681,W7038,953,85,89,18,2025-08-12
I4759,P4299,W8196,912,83,82,5,2025-08-29
I4760,P4686,W7137,704,34,52,6,2025-09-18
I4761,P6135,W190,891,54,39,7,2025-09-21
I4762,P7694,W348,416,176,98,5,2025-08-11
I4763,P6685,W7375,438,19,25,5,2025-09-12
I4764,P4946,W4936,688,181,57,12,2025-06-23
I4765,P8471,W9343,388,128,61,9,2025-11-21
I4766,P9669,W4417,881,58,23,15,2025-11-16
I4767,P4675,W5899,38,82,5,4,2025-11-09
I4768,P4701,W3044,71,74,17,2,2026-05-10
I4769,P5278,W5917,715,95,16,11,2025-09-26
I4770,P4516,W5981,968,168,72,5,2025-07-05
I4771,P5742,W2491,494,116,44,20,2026-04-27
I4772,P9378,W1151,47,101,50,1,2025-10-14
I4773,P8219,W814,393,133,43,3,2025-07-28
I4774,P4027,W571,349,198,37,18,2025-12-11
I4775,P5439,W495,75,164,73,10,2026-04-19
I4776,P6316,W3148,743,172,93,12,2025-08-14
I4777,P5319,W6927,242,196,100,12,2026-01-11
I4778,P986,W2254,144,196,38,0,2025-08-15
I4779,P8642,W7929,281,26,90,16,2025-12-04
I4780,P3968,W7189,411,168,69,11,2025-10-21
I4781,P8257,W1610,253,181,95,9,2026-02-13
I4782,P5332,W1711,875,154,45,18,2026-02-23
I4783,P9203,W7107,757,140,93,8,2025-10-16
I4784,P5692,W2928,744,188,8,9,2025-11-27
I4785,P8768,W1135,139,126,70,3,2025-11-13
I4786,P3708,W4922,148,129,68,0,2026-01-14
I4787,P7549,W4907,333,168,47,5,2025-11-04
I4788,P8698,W4816,762,52,10,11,2025-06-21
I4789,P1575,W4344,508,111,98,1,2025-06-16
I4790,P1889,W2191,492,70,22,14,2025-07-11
I4791,P7315,W3149,68,142,70,6,2025-06-08
I4792,P8455,W2357,572,173,46,0,2026-05-21
I4793,P6009,W2008,221,136,44,4,2026-02-20
I4794,P7896,W3756,685,14,25,16,2026-03-09
I4795,P1084,W907,690,175,85,8,2025-08-28
I4796,P4564,W860,752,45,23,15,2025-07-09
I4797,P4119,W719,122,183,52,0,2025-08-25
I4798,P35,W8908,90,163,98,5,2026-01-18
I4799,P7525,W1406,505,166,75,11,2025-06-22
I4800,P1696,W2696,648,192,31,15,2025-08-16
I4801,P6617,W4436,786,81,70,15,2026-04-16
I4802,P2822,W1405,226,86,86,10,2025-06-03
I4803,P5819,W5780,849,137,58,1,2025-11-19
I4804,P484,W7968,92,42,50,19,2026-01-16
I4805,P4970,W8784,331,188,21,3,2026-03-09
I4806,P3387,W4260,573,162,24,2,2025-10-28
I4807,P4259,W2395,315,35,32,5,2025-08-31
I4808,P5360,W8751,670,121,46,8,2026-04-09
I4809,P825,W3736,626,189,90,13,2026-01-19
I4810,P7125,W9913,370,113,56,10,2026-01-26
I4811,P9369,W5239,590,133,15,18,2026-05-20
I4812,P1516,W6841,874,100,8,12,2025-06-07
I4813,P2320,W246,573,85,46,8,2025-07-12
I4814,P9334,W1228,944,15,68,9,2026-01-02
I4815,P9292,W9209,31,84,17,5,2025-12-05
I4816,P2324,W821,969,141,17,20,2025-09-21
I4817,P9325,W5819,80,94,28,3,2026-01-30
I4818,P4648,W4490,894,168,51,0,2025-10-18
I4819,P7256,W2005,807,61,54,13,2025-10-05
I4820,P9243,W5622,937,92,42,1,2025-12-16
I4821,P9411,W4530,554,64,86,12,2025-08-03
I4822,P9608,W7184,811,24,15,3,2025-07-14
I4823,P7841,W9253,101,19,80,0,2026-03-10
I4824,P7575,W8694,798,144,34,12,2025-11-17
I4825,P4703,W5890,39,77,67,6,2026-05-17
I4826,P9492,W9947,901,93,94,4,2025-08-19
I4827,P8369,W8743,622,173,41,14,2025-10-15
I4828,P4687,W5401,661,144,100,19,2025-11-26
I4829,P2866,W8948,87,187,8,16,2026-02-09
I4830,P2671,W4553,237,168,98,11,2025-10-06
I4831,P468,W9545,307,63,100,9,2025-06-09
I4832,P1329,W3535,302,104,53,3,2026-03-18
I4833,P228,W4657,511,181,55,12,2026-03-22
I4834,P2193,W683,432,172,88,20,2026-01-08
I4835,P242,W3145,972,72,30,7,2026-02-23
I4836,P5631,W5567,365,101,89,2,2025-07-30
I4837,P5973,W8869,954,10,35,1,2025-09-16
I4838,P3049,W6954,234,26,90,5,2026-03-16
I4839,P2657,W7884,609,150,77,2,2026-05-09
I4840,P6930,W1433,861,20,49,17,2025-11-26
I4841,P8475,W8397,978,196,97,19,2026-04-09
I4842,P3475,W5291,27,117,28,14,2026-04-22
I4843,P4618,W1526,841,31,66,10,2025-07-02
I4844,P1892,W8551,42,30,12,13,2025-12-09
I4845,P7238,W8735,824,75,94,10,2025-07-27
I4846,P4911,W4555,541,157,46,5,2026-03-16
I4847,P6504,W8128,909,182,90,18,2025-11-01
I4848,P6575,W3101,842,101,6,1,2026-04-21
I4849,P7857,W2528,519,13,21,15,2025-11-09
I4850,P7733,W8265,634,142,27,2,2025-12-17
I4851,P9624,W2365,976,115,87,8,2026-05-04
I4852,P263,W5122,954,104,19,12,2025-08-29
I4853,P9595,W2657,862,143,74,10,2026-03-23
I4854,P3015,W7294,606,68,9,4,2026-04-18
I4855,P829,W416,212,103,27,12,2026-02-04
I4856,P7324,W8325,186,157,82,7,2026-01-20
I4857,P9249,W2643,482,152,52,19,2025-06-23
I4858,P4180,W9027,281,94,18,0,2025-11-01
I4859,P5748,W5878,494,147,63,13,2026-03-09
I4860,P3690,W7688,196,173,10,5,2025-07-03
I4861,P3132,W6295,760,155,54,6,2026-01-24
I4862,P4133,W8087,913,66,76,6,2025-12-24
I4863,P3036,W499,730,159,44,10,2026-02-15
I4864,P9843,W786,297,100,29,14,2025-10-11
I4865,P7364,W5863,142,67,73,9,2025-07-06
I4866,P2282,W1876,949,181,57,15,2025-11-25
I4867,P1717,W9325,830,136,42,11,2025-07-06
I4868,P8093,W6389,803,199,24,7,2026-02-16
I4869,P9060,W4187,566,154,33,5,2025-08-20
I4870,P1395,W8729,132,62,39,6,2026-03-04
I4871,P6264,W8798,477,56,44,10,2025-12-16
I4872,P9172,W4741,982,115,82,17,2026-02-04
I4873,P1244,W47,560,19,55,1,2025-06-29
I4874,P4178,W7973,682,28,34,11,2025-09-17
I4875,P5474,W8112,106,75,68,19,2025-12-12
I4876,P1429,W9970,413,123,92,0,2025-07-13
I4877,P8610,W6299,444,182,57,2,2025-09-06
I4878,P3898,W1142,125,199,38,0,2026-05-07
I4879,P8720,W1372,393,82,45,3,2025-06-19
I4880,P429,W5904,236,100,56,17,2026-04-16
I4881,P6907,W9792,440,143,80,8,2026-03-10
I4882,P445,W8047,81,55,20,13,2026-03-08
I4883,P9251,W4625,60,148,49,15,2025-09-15
I4884,P3486,W9194,184,72,5,18,2026-01-19
I4885,P5422,W4158,187,130,74,1,2026-01-07
I4886,P9478,W2980,202,75,50,4,2026-01-13
I4887,P9074,W2646,355,176,80,15,2025-11-06
I4888,P7587,W1494,770,110,20,7,2025-10-30
I4889,P2796,W1603,208,177,9,13,2026-03-31
I4890,P3930,W1602,611,160,9,9,2026-03-28
I4891,P320,W1206,110,155,10,16,2025-08-21
I4892,P9480,W9125,860,90,65,9,2025-08-02
I4893,P799,W6313,75,80,11,16,2025-06-02
I4894,P5970,W9039,425,152,96,4,2025-06-16
I4895,P7626,W1096,632,48,55,20,2026-03-09
I4896,P2482,W5882,122,134,6,11,2025-06-18
I4897,P2667,W7171,509,56,81,12,2025-07-01
I4898,P509,W5996,677,104,84,8,2025-12-21
I4899,P9530,W7919,264,109,72,5,2025-09-05
I4900,P1234,W3954,754,122,94,5,2025-07-20
I4901,P1500,W2104,312,82,65,15,2025-06-04
I4902,P8132,W3196,170,108,66,3,2026-04-08
I4903,P241,W5645,58,144,48,4,2026-01-01
I4904,P5487,W577,355,167,13,1,2026-01-30
I4905,P1668,W7627,423,193,68,18,2025-09-26
I4906,P2950,W4104,113,46,94,19,2026-04-28
I4907,P2535,W1889,234,158,37,14,2025-07-13
I4908,P2918,W1459,262,85,42,7,2025-12-23
I4909,P3549,W2402,154,21,71,13,2025-06-26
I4910,P2538,W3044,994,124,18,1,2026-05-11
I4911,P8322,W885,753,65,80,8,2025-07-09
I4912,P5784,W7660,342,123,26,8,2026-03-28
I4913,P1652,W1411,911,31,17,16,2025-11-20
I4914,P4741,W5269,69,87,91,5,2026-03-17
I4915,P681,W6889,669,44,53,6,2025-10-26
I4916,P3275,W5163,306,150,80,18,2025-10-09
I4917,P2768,W1811,651,10,62,19,2025-10-22
I4918,P9503,W8568,801,170,65,13,2026-02-07
I4919,P5432,W5242,211,14,91,0,2025-07-31
I4920,P5831,W8075,171,41,80,14,2025-08-29
I4921,P1605,W7735,98,163,86,0,2025-07-04
I4922,P78,W9301,976,131,6,8,2025-06-14
I4923,P4077,W1736,227,114,53,16,2026-05-02
I4924,P7899,W9173,106,165,38,13,2026-04-02
I4925,P4186,W8056,624,78,25,11,2025-07-26
I4926,P3636,W3576,286,31,34,1,2026-03-21
I4927,P28,W5511,232,42,15,5,2025-11-06
I4928,P4282,W9189,202,95,88,5,2025-07-10
I4929,P5408,W948,678,114,88,12,2026-05-27
I4930,P9486,W6725,470,114,29,8,2026-05-22
I4931,P2744,W9975,587,59,90,19,2025-12-30
I4932,P4950,W1587,299,163,14,15,2025-12-11
I4933,P1980,W8365,108,80,10,6,2025-07-16
I4934,P8073,W3610,930,192,21,13,2026-04-15
I4935,P4667,W9207,855,181,54,12,2026-05-01
I4936,P652,W7276,807,24,68,16,2025-10-08
I4937,P659,W717,844,167,96,8,2026-01-31
I4938,P7805,W3865,492,175,93,17,2025-07-08
I4939,P1894,W1445,693,196,54,19,2026-03-17
I4940,P376,W8683,967,153,41,4,2025-10-14
I4941,P8564,W3205,542,148,54,8,2026-02-03
I4942,P8364,W979,204,154,66,11,2025-09-12
I4943,P2247,W6210,105,115,34,9,2025-10-08
I4944,P8720,W2544,990,146,24,1,2025-07-03
I4945,P5398,W7423,727,78,38,12,2026-02-01
I4946,P873,W6149,689,119,50,8,2025-07-31
I4947,P7554,W4045,855,66,13,1,2025-12-09
I4948,P7148,W1172,690,89,33,4,2025-07-09
I4949,P3865,W2456,524,176,66,14,2026-05-17
I4950,P5634,W1220,625,39,81,18,2025-11-03
I4951,P390,W8159,672,142,16,12,2025-10-18
I4952,P9580,W9751,587,29,25,1,2025-07-25
I4953,P6939,W5200,721,175,71,10,2025-07-12
I4954,P5867,W6509,855,66,5,16,2026-02-28
I4955,P7385,W8815,969,151,70,20,2025-11-14
I4956,P396,W3708,562,186,96,6,2025-11-09
I4957,P2905,W5028,66,96,83,13,2026-03-03
I4958,P1489,W4406,325,109,32,18,2026-01-10
I4959,P7508,W4932,921,141,100,7,2025-09-09
I4960,P1473,W9697,351,113,43,1,2026-04-09
I4961,P5125,W2348,888,80,28,19,2025-07-16
I4962,P3247,W2797,916,173,81,15,2025-08-06
I4963,P6249,W6157,567,130,29,4,2025-10-18
I4964,P9922,W9898,126,121,70,15,2026-05-13
I4965,P7937,W6936,896,43,85,20,2026-04-21
I4966,P3341,W6891,845,26,6,13,2025-09-06
I4967,P7531,W8709,92,119,94,8,2026-01-21
I4968,P8180,W5593,106,59,37,14,2025-05-28
I4969,P5398,W1422,37,183,23,2,2026-04-08
I4970,P2085,W8768,901,190,73,3,2026-05-23
I4971,P66,W9886,565,140,89,10,2026-04-12
I4972,P6146,W5857,514,53,65,17,2026-04-17
I4973,P689,W9110,238,44,82,1,2026-03-19
I4974,P9008,W2719,744,192,79,13,2026-01-31
I4975,P2112,W2323,71,114,90,12,2025-07-15
I4976,P6333,W8668,893,136,74,5,2026-04-08
I4977,P2398,W2158,502,54,80,12,2025-07-03
I4978,P6535,W574,668,46,18,9,2025-11-11
I4979,P9852,W3909,704,15,88,6,2025-10-08
I4980,P4367,W6541,888,176,42,5,2025-07-20
I4981,P1466,W5985,396,189,44,3,2025-09-24
I4982,P970,W1284,888,184,19,6,2026-05-27
I4983,P5627,W3792,667,195,21,12,2026-01-07
I4984,P897,W2041,354,39,68,3,2025-06-05
I4985,P4838,W1023,868,145,47,19,2026-04-12
I4986,P7631,W1278,395,37,89,2,2025-10-24
I4987,P8470,W4431,805,178,59,17,2026-04-26
I4988,P5957,W8802,671,83,79,10,2026-05-12
I4989,P605,W4055,810,180,39,4,2026-03-01
I4990,P1218,W5047,752,22,54,8,2026-02-25
I4991,P9844,W2652,955,143,52,11,2025-07-03
I4992,P363,W2169,445,59,40,8,2025-09-20
I4993,P7358,W2485,671,131,38,14,2026-04-21
I4994,P3253,W7154,50,35,28,3,2025-10-09
I4995,P4418,W3242,441,147,22,13,2026-02-02
I4996,P1202,W6921,265,193,81,13,2026-05-12
I4997,P7197,W6407,79,188,48,19,2025-10-14
I4998,P9220,W4387,971,78,67,14,2025-12-17
I4999,P3485,W9160,438,194,55,3,2026-03-09
I5000,P8386,W4587,708,130,62,6,2025-07-19
I5001,P6721,W3875,261,141,67,12,2025-12-20
I5002,P6243,W8238,488,12,83,18,2025-06-22
I5003,P1401,W9958,656,185,11,3,2026-03-11
I5004,P6985,W5769,723,112,78,13,2026-03-26
I5005,P1175,W9252,804,21,20,8,2025-06-06
I5006,P9079,W2907,244,170,99,8,2026-05-08
I5007,P4796,W6536,81,117,41,2,2026-04-18
I5008,P5049,W943,107,78,74,7,2026-01-03
I5009,P7803,W184,723,170,66,0,2026-03-04
I5010,P5829,W2142,111,173,60,2,2025-07-18
I5011,P8591,W5122,742,181,30,11,2025-10-24
I5012,P1788,W7391,865,110,50,2,2026-03-07
I5013,P8323,W9193,180,177,49,15,2025-05-29
I5014,P3110,W5081,488,28,18,13,2026-04-08
I5015,P363,W454,78,95,9,1,2025-09-21
I5016,P9795,W4365,830,14,59,10,2025-09-05
I5017,P7199,W9963,406,200,84,8,2025-12-03
I5018,P2465,W7748,399,37,41,19,2025-12-12
I5019,P5524,W8994,48,12,35,8,2026-02-27
I5020,P8025,W9646,716,16,64,9,2026-01-08
I5021,P1527,W7779,35,101,9,18,2026-04-28
I5022,P2458,W4060,388,187,42,7,2026-01-26
I5023,P8657,W1106,826,116,91,19,2026-04-25
I5024,P8078,W8853,41,62,70,13,2025-11-13
I5025,P4672,W8658,157,31,11,5,2026-02-10
I5026,P5069,W3885,569,142,56,16,2026-02-11
I5027,P4409,W1587,911,33,40,6,2025-10-22
I5028,P2203,W7425,465,148,16,10,2025-05-28
I5029,P9235,W4703,465,154,59,4,2026-05-18
I5030,P7917,W5473,797,91,98,8,2026-04-22
I5031,P4053,W6144,43,97,96,18,2026-02-19
I5032,P673,W6067,488,157,25,0,2025-08-04
I5033,P675,W7606,542,88,67,12,2025-10-30
I5034,P4151,W4131,89,60,40,7,2025-10-27
I5035,P8958,W2561,865,162,80,19,2026-02-25
I5036,P7135,W8262,824,37,80,2,2025-06-09
I5037,P3508,W3425,548,112,17,17,2025-12-15
I5038,P3270,W9680,130,140,93,15,2025-09-08
I5039,P4506,W1158,366,16,76,4,2026-03-08
I5040,P7358,W6924,182,159,49,6,2025-07-21
I5041,P578,W3610,708,135,80,3,2026-02-08
I5042,P7601,W8575,592,136,73,12,2025-09-30
I5043,P2159,W3128,737,185,59,7,2025-09-15
I5044,P9484,W198,633,141,44,14,2025-10-26
I5045,P6175,W8312,538,50,64,7,2025-06-18
I5046,P5769,W1022,493,192,7,8,2026-01-12
I5047,P9018,W509,237,130,65,7,2026-05-13
I5048,P6116,W2199,544,54,27,5,2025-12-23
I5049,P2048,W7619,907,115,64,18,2025-06-12
I5050,P1487,W6660,196,97,89,20,2025-11-25
I5051,P3690,W186,513,88,72,8,2025-06-04
I5052,P4974,W6485,474,27,24,17,2025-07-13
I5053,P3225,W9547,637,19,40,18,2025-10-12
I5054,P2926,W1940,799,168,23,5,2025-12-07
I5055,P3192,W7973,956,191,23,1,2025-08-21
I5056,P8951,W8095,229,161,69,10,2025-09-09
I5057,P2938,W1714,606,18,10,20,2025-09-17
I5058,P367,W4885,142,41,74,10,2026-01-31
I5059,P7628,W6352,687,126,59,3,2026-01-16
I5060,P8169,W2201,58,42,15,3,2025-11-25
I5061,P4743,W6215,49,51,78,20,2025-08-22
I5062,P9749,W6560,775,102,55,2,2025-06-27
I5063,P7432,W6413,645,158,31,6,2025-12-22
I5064,P3142,W4991,521,42,66,9,2025-06-09
I5065,P2874,W9433,789,95,63,4,2025-10-07
I5066,P4959,W3432,818,43,85,13,2026-02-20
I5067,P3110,W3032,355,76,58,10,2026-02-05
I5068,P6725,W279,464,116,69,8,2025-05-30
I5069,P2097,W3950,356,95,36,12,2025-10-10
I5070,P4771,W3560,158,157,25,14,2026-04-30
I5071,P6660,W6144,621,117,48,7,2026-01-19
I5072,P3931,W3768,366,39,30,20,2025-09-21
I5073,P9690,W2270,721,10,38,8,2026-04-30
I5074,P5570,W3184,316,109,93,5,2026-04-04
I5075,P3940,W7106,780,59,76,11,2025-06-17
I5076,P3317,W5721,242,157,60,13,2026-03-17
I5077,P6958,W5800,625,95,47,10,2025-07-24
I5078,P5527,W1598,223,96,37,18,2025-10-10
I5079,P2853,W9132,503,118,19,1,2025-06-12
I5080,P734,W9551,63,32,59,16,2026-02-17
I5081,P9202,W9999,446,143,26,19,2025-09-06
I5082,P1171,W3383,422,190,87,7,2026-05-10
I5083,P5959,W6355,479,54,67,9,2025-07-18
I5084,P4445,W9108,495,94,70,16,2025-06-20
I5085,P3892,W8188,547,83,100,15,2025-06-28
I5086,P6485,W5006,665,23,26,9,2026-02-23
I5087,P5216,W4768,941,144,83,18,2026-03-15
I5088,P1020,W8489,285,89,43,16,2025-09-16
I5089,P9944,W9838,158,64,36,2,2026-01-22
I5090,P927,W8824,446,105,16,18,2026-04-21
I5091,P1641,W6145,604,129,22,19,2025-08-14
I5092,P1006,W2657,810,56,11,7,2026-05-06
I5093,P5939,W326,144,93,63,0,2025-07-31
I5094,P7804,W7505,953,56,85,0,2025-09-24
I5095,P9669,W6895,910,174,86,20,2025-07-29
I5096,P3390,W6424,276,38,36,5,2025-12-02
I5097,P8800,W6643,43,197,59,16,2025-10-30
I5098,P9647,W5265,106,71,82,9,2025-06-04
I5099,P2378,W4167,262,40,100,14,2025-07-04
I5100,P2308,W8623,182,53,89,2,2026-02-20
I5101,P6263,W7133,175,152,85,19,2026-02-24
I5102,P233,W5820,193,55,62,1,2026-03-28
I5103,P9159,W6357,947,109,67,9,2025-10-04
I5104,P4742,W1471,65,73,66,1,2025-12-30
I5105,P1343,W7449,983,108,33,15,2025-08-08
I5106,P3768,W5562,247,154,24,20,2025-10-18
I5107,P5352,W8566,463,126,78,4,2026-05-04
I5108,P4616,W1615,41,125,86,17,2026-04-14
I5109,P1545,W9775,776,135,36,14,2026-02-10
I5110,P3323,W561,962,38,57,0,2025-11-09
I5111,P9364,W6796,277,56,85,13,2025-06-01
I5112,P8707,W369,178,189,46,19,2026-03-05
I5113,P6122,W1253,99,105,100,4,2025-08-09
I5114,P4563,W6925,190,19,73,19,2025-09-05
I5115,P2662,W1344,169,90,96,11,2025-09-16
I5116,P5887,W1040,191,23,80,20,2026-02-01
I5117,P7082,W628,870,193,58,5,2026-05-02
I5118,P4160,W7969,262,115,68,10,2026-05-15
I5119,P8039,W1043,281,65,7,5,2025-12-21
I5120,P2105,W9299,499,102,73,5,2026-03-04
I5121,P2901,W284,63,155,34,18,2025-11-07
I5122,P7299,W3211,894,158,92,8,2026-02-16
I5123,P8427,W5480,690,106,96,14,2026-01-03
I5124,P946,W8468,579,116,46,4,2026-03-20
I5125,P6604,W4219,789,104,52,19,2025-11-03
I5126,P4759,W6190,267,131,48,7,2025-09-12
I5127,P5019,W3945,148,154,42,19,2025-08-13
I5128,P8548,W4932,209,193,65,5,2026-03-07
I5129,P479,W3002,612,115,80,10,2025-06-17
I5130,P6175,W8704,411,30,89,20,2026-02-11
I5131,P704,W3928,140,142,55,1,2025-06-04
I5132,P6152,W9496,451,189,97,6,2025-12-20
I5133,P768,W1327,725,97,80,10,2026-01-22
I5134,P3708,W2040,397,100,67,3,2026-01-11
I5135,P2302,W2534,385,65,69,12,2026-04-13
I5136,P9591,W4710,101,36,73,7,2026-03-11
I5137,P2542,W7043,380,175,45,16,2025-07-03
I5138,P4298,W8438,803,49,24,2,2026-04-28
I5139,P2902,W8003,825,149,62,1,2025-10-12
I5140,P1065,W5560,403,166,67,16,2026-01-04
I5141,P206,W3763,241,184,97,7,2025-07-27
I5142,P7710,W1122,178,138,70,10,2025-10-13
I5143,P2883,W3580,330,149,99,10,2025-08-08
I5144,P8834,W6025,772,117,44,18,2025-09-18
I5145,P6856,W8863,509,124,96,16,2026-03-20
I5146,P4404,W8662,181,68,83,12,2025-08-22
I5147,P1681,W9841,994,33,30,6,2025-11-10
I5148,P4623,W1345,259,186,24,6,2026-04-26
I5149,P1422,W4167,289,98,88,6,2025-07-07
I5150,P9189,W6923,612,73,70,17,2026-03-19
I5151,P7985,W2258,999,51,71,6,2025-08-31
I5152,P3576,W8750,375,89,88,16,2025-07-25
I5153,P5235,W4003,193,23,67,15,2025-09-26
I5154,P3919,W2377,477,142,7,6,2026-01-24
I5155,P712,W4859,678,60,48,9,2025-07-09
I5156,P7903,W6717,24,101,38,15,2026-01-26
I5157,P3573,W1574,147,143,20,18,2026-04-14
I5158,P1692,W7333,300,133,77,4,2026-03-05
I5159,P9482,W55,65,47,6,9,2025-06-20
I5160,P8406,W9790,711,94,61,10,2025-11-05
I5161,P4108,W9082,61,131,100,10,2025-11-07
I5162,P8558,W143,143,170,49,10,2026-05-19
I5163,P9124,W8071,616,182,99,8,2026-01-21
I5164,P4706,W3504,21,147,75,5,2026-03-25
I5165,P5038,W84,742,183,55,8,2025-10-09
I5166,P9227,W4471,812,65,15,17,2026-02-09
I5167,P438,W2667,866,32,21,15,2025-06-12
I5168,P6910,W2013,343,87,53,2,2025-11-03
I5169,P8200,W6211,777,56,59,8,2025-09-25
I5170,P281,W2015,777,195,28,15,2026-05-16
I5171,P869,W3798,341,112,74,7,2025-07-04
I5172,P9016,W6205,655,47,84,9,2026-04-17
I5173,P4699,W3841,386,29,91,5,2026-01-15
I5174,P3448,W4606,835,25,72,1,2025-10-20
I5175,P4878,W6047,846,39,35,14,2025-06-03
I5176,P452,W6425,936,111,95,0,2025-08-30
I5177,P2708,W5180,558,187,86,13,2025-06-07
I5178,P7432,W5113,854,39,100,10,2026-03-09
I5179,P1283,W8662,477,107,52,5,2026-04-26
I5180,P4283,W7627,894,97,61,4,2026-04-03
I5181,P175,W8083,826,79,91,11,2026-05-02
I5182,P9490,W6151,959,166,39,12,2025-09-14
I5183,P1885,W4281,381,168,49,1,2025-08-24
I5184,P6198,W378,674,82,16,5,2026-03-31
I5185,P1164,W8870,316,15,52,4,2026-02-16
I5186,P9986,W1461,836,170,36,8,2025-12-14
I5187,P6151,W9311,529,102,67,12,2025-09-13
I5188,P2306,W9392,735,128,51,4,2026-04-21
I5189,P3930,W7644,112,179,56,5,2026-05-18
I5190,P7368,W8596,825,17,39,12,2025-08-09
I5191,P4929,W5090,393,83,88,5,2025-10-10
I5192,P2440,W2936,268,58,5,2,2026-02-16
I5193,P4833,W675,665,59,97,12,2025-06-01
I5194,P5412,W2186,941,167,39,4,2025-11-24
I5195,P1064,W2620,772,19,90,8,2025-08-30
I5196,P7414,W7455,20,110,62,5,2025-06-21
I5197,P6882,W1425,199,116,48,10,2025-12-27
I5198,P1559,W2002,806,168,66,7,2025-10-15
I5199,P1418,W7477,461,16,100,3,2025-10-16
I5200,P9009,W5315,166,39,35,11,2026-04-19
I5201,P5229,W692,217,177,23,12,2025-10-30
I5202,P3673,W161,476,142,60,19,2025-06-28
I5203,P2410,W4771,385,48,41,0,2025-11-17
I5204,P9214,W1309,774,54,88,15,2026-01-26
I5205,P4163,W1365,782,43,68,19,2025-08-11
I5206,P3393,W9686,590,194,20,10,2025-06-18
I5207,P3539,W5368,728,58,48,15,2025-08-05
I5208,P9831,W6541,59,58,59,7,2026-01-30
I5209,P5623,W1715,995,97,80,9,2025-07-23
I5210,P7498,W7350,267,165,9,4,2025-06-27
I5211,P217,W2934,51,29,19,18,2025-06-17
I5212,P9307,W4903,109,197,14,11,2026-04-09
I5213,P3094,W8905,297,123,83,7,2025-10-04
I5214,P9854,W2495,71,128,16,16,2026-01-20
I5215,P2980,W2470,372,25,82,20,2026-02-05
I5216,P7463,W433,991,15,44,12,2026-03-15
I5217,P7873,W6752,840,118,74,11,2025-07-30
I5218,P5728,W4991,306,104,25,14,2025-12-22
I5219,P7634,W4138,41,187,48,3,2025-11-09
I5220,P2163,W9364,66,158,48,1,2025-07-11
I5221,P9344,W2955,424,136,79,14,2026-02-10
I5222,P8427,W6146,539,14,71,3,2025-12-04
I5223,P744,W6562,162,57,93,12,2025-10-10
I5224,P6466,W7840,176,63,80,10,2025-11-28
I5225,P6638,W7494,160,116,98,15,2025-12-04
I5226,P1476,W8219,84,52,35,4,2025-10-09
I5227,P8719,W1424,958,193,18,11,2025-08-14
I5228,P2272,W3905,562,198,8,14,2026-03-13
I5229,P9181,W6372,223,59,98,15,2025-07-27
I5230,P5128,W3359,202,83,36,19,2025-10-18
I5231,P7847,W3347,235,81,18,2,2025-07-20
I5232,P2123,W5288,396,19,7,13,2026-04-09
I5233,P6120,W4676,2,144,29,3,2026-01-10
I5234,P5491,W6290,564,117,81,2,2025-10-06
I5235,P4711,W8643,68,131,78,6,2026-04-10
I5236,P8586,W995,892,121,16,5,2025-09-04
I5237,P576,W4471,893,94,39,10,2025-06-08
I5238,P2787,W6070,351,124,85,13,2025-11-03
I5239,P5565,W3800,622,143,76,7,2026-04-12
I5240,P7920,W7127,927,136,98,18,2025-10-24
I5241,P4793,W6356,286,89,31,20,2026-04-19
I5242,P9252,W6676,358,148,42,2,2025-07-16
I5243,P8638,W1670,864,31,60,17,2025-12-17
I5244,P9484,W581,759,199,86,12,2025-09-28
I5245,P2383,W9901,784,46,59,17,2026-03-08
I5246,P1379,W928,852,49,95,8,2025-12-06
I5247,P2608,W2875,169,109,84,1,2026-03-31
I5248,P6433,W7877,759,24,18,19,2026-04-25
I5249,P3349,W2816,945,164,53,2,2025-09-26
I5250,P3925,W6821,107,169,84,13,2026-01-22
I5251,P3209,W6449,634,64,71,7,2026-05-09
I5252,P5635,W2930,656,76,74,11,2026-01-12
I5253,P4434,W938,815,193,29,3,2025-07-31
I5254,P5887,W9046,728,186,14,6,2026-02-10
I5255,P1550,W510,160,42,67,14,2026-01-27
I5256,P3912,W7762,822,183,68,17,2026-05-12
I5257,P6169,W2841,64,98,22,19,2026-01-24
I5258,P2865,W4506,262,59,69,8,2026-01-27
I5259,P8715,W371,169,157,71,10,2026-05-21
I5260,P7601,W5987,351,196,16,0,2026-04-07
I5261,P5775,W1048,771,34,19,8,2025-07-11
I5262,P861,W1788,47,172,99,11,2025-10-10
I5263,P2317,W2183,202,11,10,3,2026-02-11
I5264,P2637,W6518,213,161,53,7,2025-07-30
I5265,P9847,W9341,705,62,46,16,2025-07-21
I5266,P9181,W696,609,82,98,14,2026-02-23
I5267,P4333,W1436,605,95,43,7,2025-08-29
I5268,P3954,W3515,769,109,48,16,2025-07-25
I5269,P1842,W4341,513,96,96,10,2025-06-02
I5270,P6179,W1471,60,161,69,2,2025-08-29
I5271,P9349,W8639,920,127,100,16,2025-10-10
I5272,P461,W1218,302,51,15,14,2025-06-04
I5273,P8229,W4382,889,24,96,11,2025-09-10
I5274,P9674,W2123,857,148,85,13,2025-10-29
I5275,P2971,W8032,147,164,32,9,2025-06-17
I5276,P897,W5176,282,38,31,20,2025-10-30
I5277,P8452,W6255,271,118,28,8,2026-04-17
I5278,P3741,W5630,207,118,49,4,2026-01-10
I5279,P8522,W8476,474,200,37,4,2025-07-27
I5280,P1966,W6370,406,120,44,9,2026-03-18
I5281,P7553,W4761,21,103,11,12,2026-02-11
I5282,P334,W9940,410,102,33,16,2025-07-07
I5283,P5701,W8445,371,48,96,14,2026-02-24
I5284,P6249,W5188,470,151,33,7,2025-10-04
I5285,P8131,W2878,303,100,30,17,2025-06-13
I5286,P7178,W3447,373,16,56,7,2025-07-17
I5287,P5440,W871,317,37,65,14,2025-12-05
I5288,P9143,W2782,935,81,71,10,2025-08-01
I5289,P1128,W6275,916,94,33,12,2025-08-29
I5290,P7462,W3358,2,87,62,3,2025-10-31
I5291,P836,W8033,334,156,96,4,2026-03-16
I5292,P7902,W9234,775,186,79,10,2025-07-29
I5293,P3969,W2270,367,165,17,6,2025-12-15
I5294,P8858,W6663,662,103,95,4,2026-01-22
I5295,P9913,W5962,692,35,57,8,2025-07-23
I5296,P1193,W3232,260,30,7,18,2025-07-23
I5297,P344,W5899,954,166,19,4,2026-03-21
I5298,P6253,W7139,175,164,47,17,2026-03-17
I5299,P8596,W1221,754,41,32,15,2025-08-09
I5300,P2843,W4863,136,105,46,4,2026-01-06
I5301,P2468,W6066,391,132,40,11,2025-07-16
I5302,P6488,W7942,47,189,72,19,2025-08-30
I5303,P4196,W9070,890,86,31,20,2025-08-25
I5304,P8482,W8754,600,140,25,14,2025-10-03
I5305,P2703,W5738,510,198,70,4,2025-06-25
I5306,P1487,W7687,796,49,76,16,2025-06-28
I5307,P6222,W3722,904,133,42,15,2025-09-22
I5308,P2166,W5803,401,61,68,1,2026-02-28
I5309,P2183,W6684,637,19,68,18,2025-12-18
I5310,P9271,W484,683,200,96,2,2025-05-30
I5311,P2785,W1685,832,114,79,5,2025-06-25
I5312,P7884,W1430,687,87,34,12,2026-02-08
I5313,P3483,W2912,611,134,32,20,2026-02-22
I5314,P1486,W3550,580,181,52,16,2026-05-17
I5315,P77,W905,250,149,10,14,2025-09-20
I5316,P788,W8209,872,85,16,19,2026-02-16
I5317,P4107,W6212,681,142,23,17,2026-01-10
I5318,P6066,W4642,784,75,10,10,2025-08-03
I5319,P2798,W7031,921,129,49,0,2026-02-21
I5320,P4550,W5904,39,74,21,12,2025-07-18
I5321,P3747,W4831,701,127,36,10,2025-07-11
I5322,P1056,W4822,480,79,38,4,2026-01-06
I5323,P7189,W5738,934,149,32,7,2026-03-03
I5324,P6533,W9277,556,85,9,5,2026-05-14
I5325,P7867,W4393,580,186,100,1,2026-01-15
I5326,P6442,W8731,863,167,100,18,2025-07-13
I5327,P343,W3672,493,28,81,14,2026-03-01
I5328,P2870,W1041,27,19,41,19,2025-11-08
I5329,P1249,W9906,677,144,73,19,2026-02-25
I5330,P8801,W3742,194,54,50,17,2026-02-20
I5331,P3702,W6213,494,108,48,2,2025-07-25
I5332,P3562,W1637,54,46,96,20,2026-05-18
I5333,P619,W1276,68,163,26,5,2025-07-25
I5334,P6862,W8177,738,159,16,12,2025-10-13
I5335,P2345,W9586,790,140,57,17,2025-08-26
I5336,P5612,W7739,270,142,24,14,2025-11-23
I5337,P8626,W1987,75,67,94,7,2026-04-16
I5338,P5191,W852,411,82,34,16,2026-01-03
I5339,P3619,W8428,151,65,93,2,2026-05-25
I5340,P9293,W955,50,192,68,0,2026-02-26
I5341,P2530,W6835,890,84,95,18,2026-01-17
I5342,P2371,W5871,120,138,31,9,2025-09-11
I5343,P9577,W2454,698,72,33,11,2026-05-18
I5344,P235,W4310,228,64,18,10,2026-01-03
I5345,P3343,W8118,791,176,91,3,2026-01-04
I5346,P2129,W1788,60,116,49,16,2026-01-04
I5347,P9765,W3156,799,65,8,20,2025-06-18
I5348,P5365,W8531,882,53,66,3,2025-07-07
I5349,P3909,W6544,446,55,13,7,2025-12-21
I5350,P1202,W1722,736,165,71,3,2025-10-27
I5351,P982,W4533,149,200,94,16,2025-08-21
I5352,P2611,W74,140,66,58,12,2026-03-17
I5353,P9844,W3534,847,188,82,5,2025-08-20
I5354,P7687,W318,939,123,30,0,2025-08-24
I5355,P9269,W635,632,193,11,15,2025-09-16
I5356,P2011,W7502,29,119,21,19,2026-04-30
I5357,P3687,W6102,894,175,32,14,2025-07-02
I5358,P6392,W1772,364,50,83,18,2026-05-25
I5359,P9236,W8513,683,79,16,3,2025-09-26
I5360,P7021,W3774,0,47,19,13,2025-06-24
I5361,P9683,W9296,696,174,87,16,2026-01-28
I5362,P3000,W9097,137,183,20,18,2026-04-01
I5363,P8098,W8512,37,189,47,12,2025-10-01
I5364,P6809,W1655,410,186,43,7,2026-02-24
I5365,P3399,W6954,676,111,39,15,2026-05-04
I5366,P9012,W259,836,101,12,16,2026-03-05
I5367,P3323,W6799,711,112,95,14,2025-06-26
I5368,P8634,W9686,975,145,55,0,2025-05-30
I5369,P7064,W153,609,198,13,2,2026-04-28
I5370,P6555,W3807,24,29,47,2,2025-12-08
I5371,P1833,W1236,854,196,28,13,2026-01-31
I5372,P7066,W8290,357,170,12,10,2025-07-17
I5373,P5160,W8162,399,179,15,8,2025-10-05
I5374,P3936,W5945,274,180,79,18,2025-10-03
I5375,P7566,W9854,817,178,63,8,2025-08-20
I5376,P2322,W3208,954,61,53,0,2025-11-12
I5377,P7583,W1175,932,125,65,19,2025-09-01
I5378,P671,W3071,72,55,22,0,2025-09-13
I5379,P3215,W9659,642,75,35,4,2026-01-25
I5380,P1083,W8296,609,108,37,2,2026-04-01
I5381,P7918,W9474,565,170,13,9,2025-11-17
I5382,P3045,W4106,548,47,81,14,2026-01-31
I5383,P7305,W2370,434,109,13,6,2026-04-12
I5384,P7816,W2518,185,105,55,0,2026-04-27
I5385,P1402,W5497,907,130,62,5,2026-02-15
I5386,P3234,W4696,940,75,28,15,2026-02-10
I5387,P9788,W7339,341,124,91,8,2026-01-26
I5388,P1421,W2100,318,29,97,11,2026-01-09
I5389,P806,W6967,247,157,26,10,2026-04-21
I5390,P416,W4640,159,24,66,5,2026-05-15
I5391,P3737,W69,916,55,32,15,2025-11-09
I5392,P8422,W2501,568,154,44,12,2025-09-01
I5393,P8925,W1028,934,114,60,11,2026-03-08
I5394,P5441,W7962,314,18,98,19,2025-07-23
I5395,P9661,W3087,966,91,57,3,2025-12-27
I5396,P9317,W3463,124,120,61,9,2026-02-02
I5397,P3029,W5012,948,100,89,0,2026-02-19
I5398,P8198,W3891,500,78,14,5,2026-03-01
I5399,P3048,W5300,247,17,20,8,2025-11-12
I5400,P4895,W7638,325,107,63,19,2026-04-18
I5401,P2954,W5757,365,160,30,19,2025-12-29
I5402,P5235,W9615,444,63,42,20,2026-04-02
I5403,P4148,W9361,487,132,74,17,2026-01-01
I5404,P7225,W1153,393,147,48,10,2025-08-17
I5405,P1518,W6094,29,46,5,4,2025-06-18
I5406,P771,W7964,911,165,44,12,2025-07-18
I5407,P3450,W6720,54,161,95,5,2025-09-11
I5408,P5672,W6650,307,78,74,19,2026-05-13
I5409,P558,W9958,483,73,10,1,2025-06-27
I5410,P2471,W3593,488,167,53,2,2025-10-01
I5411,P1368,W4091,170,124,39,16,2026-02-20
I5412,P5351,W661,48,174,30,0,2026-03-17
I5413,P6205,W9706,132,178,62,17,2026-04-13
I5414,P5059,W5640,337,161,88,1,2026-04-06
I5415,P2789,W3231,635,105,77,8,2026-02-03
I5416,P1817,W4637,722,116,30,8,2025-11-29
I5417,P4471,W2027,91,20,32,13,2026-05-20
I5418,P7948,W1140,77,49,59,7,2026-03-28
I5419,P1570,W6945,48,151,43,2,2025-09-10
I5420,P2644,W9495,664,16,19,4,2025-07-07
I5421,P2847,W9791,964,52,69,20,2025-06-17
I5422,P3644,W7778,689,135,94,2,2025-08-19
I5423,P4335,W2528,3,161,30,8,2026-05-04
I5424,P6321,W5094,233,71,81,20,2025-11-23
I5425,P9756,W1821,892,80,16,3,2025-11-17
I5426,P5852,W3582,885,185,27,0,2025-12-29
I5427,P5225,W7490,676,176,67,5,2025-10-16
I5428,P4085,W3834,745,127,55,17,2025-11-30
I5429,P318,W6885,552,169,43,7,2025-09-07
I5430,P3792,W2246,371,190,19,4,2025-07-10
I5431,P9522,W834,706,195,29,13,2025-11-10
I5432,P1111,W5888,547,126,8,0,2026-05-03
I5433,P51,W9823,159,86,15,3,2026-04-02
I5434,P5968,W3064,974,80,54,8,2026-03-09
I5435,P1008,W3782,143,81,74,9,2026-03-26
I5436,P6409,W6106,647,125,30,8,2026-04-09
I5437,P9899,W1137,991,147,22,12,2025-12-20
I5438,P3882,W6340,482,182,28,7,2026-01-05
I5439,P5287,W411,784,180,67,6,2025-08-29
I5440,P6902,W9782,362,61,62,13,2025-07-04
I5441,P8816,W9948,407,90,37,10,2026-01-31
I5442,P9417,W6107,936,30,92,7,2025-08-26
I5443,P6541,W6844,599,58,77,5,2025-07-09
I5444,P7891,W5151,901,126,92,6,2025-10-14
I5445,P5421,W8062,82,83,34,11,2026-05-23
I5446,P9614,W2832,997,30,51,19,2026-02-10
I5447,P9018,W7666,627,136,10,20,2026-04-24
I5448,P2552,W1570,568,38,36,18,2026-05-11
I5449,P7908,W8283,848,153,79,11,2025-10-05
I5450,P7154,W4514,631,44,87,3,2025-09-12
I5451,P8151,W1717,144,137,78,9,2025-11-30
I5452,P8012,W3857,347,148,11,4,2025-10-03
I5453,P5566,W3887,674,83,95,19,2025-07-16
I5454,P196,W4203,234,144,28,0,2025-12-26
I5455,P6245,W4993,884,163,66,9,2026-02-20
I5456,P4817,W6629,620,149,24,2,2025-09-11
I5457,P7419,W8046,200,37,58,7,2025-11-22
I5458,P9361,W9519,834,64,36,18,2025-11-01
I5459,P1363,W4036,798,150,97,20,2025-12-19
I5460,P4722,W3987,17,54,36,2,2026-01-20
I5461,P3563,W4990,47,165,41,7,2025-12-15
I5462,P4079,W9307,963,14,50,8,2025-08-16
I5463,P4612,W3267,22,14,19,15,2025-12-31
I5464,P3256,W8494,701,80,35,16,2026-01-16
I5465,P9242,W1731,128,48,96,17,2025-11-14
I5466,P5092,W8500,630,24,63,18,2025-08-23
I5467,P367,W7645,943,199,87,18,2026-02-07
I5468,P5551,W8767,613,146,50,3,2025-11-24
I5469,P8329,W3979,313,40,91,18,2026-05-28
I5470,P638,W7210,834,170,36,19,2025-09-29
I5471,P7432,W1912,203,71,22,4,2025-09-20
I5472,P9456,W7271,775,12,44,18,2026-02-22
I5473,P8064,W8692,586,28,54,8,2025-09-14
I5474,P182,W5791,163,195,84,14,2026-04-14
I5475,P7645,W8946,488,118,45,8,2026-01-11
I5476,P3985,W2950,124,199,80,17,2025-12-23
I5477,P4601,W1259,806,118,12,0,2025-07-10
I5478,P9854,W1674,677,133,12,19,2025-07-26
I5479,P3056,W9760,833,58,55,10,2025-10-28
I5480,P6558,W3405,469,199,5,19,2025-08-16
I5481,P4343,W6772,489,97,37,2,2026-02-10
I5482,P7288,W120,879,42,88,5,2025-06-30
I5483,P3790,W3593,81,12,9,7,2025-07-22
I5484,P6015,W9992,520,11,84,3,2026-04-25
I5485,P7530,W630,275,189,78,8,2026-02-02
I5486,P1716,W2512,394,38,35,9,2025-07-27
I5487,P8445,W7146,515,105,12,5,2025-12-17
I5488,P4614,W313,312,119,61,9,2026-04-05
I5489,P4725,W2054,125,167,72,0,2026-01-13
I5490,P9467,W1585,178,67,26,17,2025-10-25
I5491,P3365,W9334,212,35,67,8,2025-05-30
I5492,P95,W1644,12,80,53,8,2026-05-05
I5493,P3270,W7207,629,139,89,3,2025-07-30
I5494,P4589,W6969,101,50,64,14,2025-06-25
I5495,P8776,W4072,604,164,42,6,2025-07-03
I5496,P6559,W5660,913,33,60,4,2025-08-02
I5497,P9377,W5333,598,188,11,4,2026-01-31
I5498,P4311,W9064,456,70,51,12,2025-09-17
I5499,P7329,W9551,436,78,82,19,2025-11-30
I5500,P7532,W4857,224,132,26,14,2026-05-05
I5501,P9674,W8600,218,193,68,6,2025-08-08
I5502,P1392,W7139,789,58,7,12,2026-01-16
I5503,P8235,W9050,864,35,47,19,2026-03-02
I5504,P4659,W3730,84,46,42,10,2026-01-09
I5505,P6459,W8232,111,10,11,5,2025-10-26
I5506,P3877,W2795,524,61,91,4,2026-03-26
I5507,P1996,W1828,651,163,78,2,2025-06-22
I5508,P7006,W4305,198,110,7,8,2026-03-06
I5509,P5665,W1818,697,15,41,17,2026-04-11
I5510,P3461,W9488,232,179,38,0,2026-01-14
I5511,P1129,W3412,483,137,56,9,2025-08-05
I5512,P5046,W4185,416,24,9,19,2025-10-07
I5513,P2607,W7566,182,142,81,5,2025-10-26
I5514,P1680,W5669,907,148,60,0,2025-12-23
I5515,P7280,W6810,283,94,60,16,2025-12-21
I5516,P3476,W6944,970,156,12,7,2026-05-24
I5517,P6093,W4045,748,75,18,17,2026-04-14
I5518,P8962,W4871,198,162,76,15,2025-07-25
I5519,P3245,W2440,988,66,81,4,2026-05-17
I5520,P2729,W5166,729,77,21,9,2026-03-04
I5521,P1408,W8044,939,70,44,12,2025-06-22
I5522,P7004,W2576,249,167,45,10,2025-05-31
I5523,P7477,W5777,879,126,33,10,2026-01-07
I5524,P8143,W8497,320,137,69,14,2025-07-18
I5525,P9344,W2341,513,31,35,3,2025-12-11
I5526,P5242,W6224,679,131,38,20,2026-03-16
I5527,P5113,W6588,587,46,11,4,2025-05-29
I5528,P534,W5289,846,20,69,4,2026-04-17
I5529,P9418,W9621,783,193,57,18,2025-07-02
I5530,P7551,W5841,859,158,67,8,2025-08-13
I5531,P4107,W2675,206,29,58,15,2026-04-22
I5532,P1455,W2143,879,69,36,2,2026-05-05
I5533,P5523,W5930,44,57,6,13,2026-02-09
I5534,P9547,W3865,302,53,24,3,2026-05-27
I5535,P4716,W6508,130,74,55,8,2026-01-29
I5536,P7340,W4222,974,52,93,2,2025-08-24
I5537,P2981,W5881,554,155,73,19,2025-09-06
I5538,P4885,W3666,84,12,75,17,2025-09-04
I5539,P7163,W3574,128,190,17,15,2025-07-18
I5540,P4362,W2225,279,77,48,3,2025-06-18
I5541,P242,W8900,411,178,53,11,2025-09-05
I5542,P8422,W233,73,115,68,19,2025-10-08
I5543,P8797,W4789,786,147,66,6,2025-09-16
I5544,P5224,W2748,704,58,17,15,2025-08-22
I5545,P4441,W4895,936,129,71,15,2025-07-29
I5546,P2999,W3791,991,139,7,18,2025-10-11
I5547,P7902,W9929,59,173,23,3,2025-09-07
I5548,P3563,W4428,790,18,72,5,2026-01-21
I5549,P3039,W7697,489,190,96,18,2025-11-06
I5550,P5677,W1434,398,177,39,6,2025-08-19
I5551,P3710,W8442,55,62,76,3,2025-10-29
I5552,P1376,W442,655,124,5,13,2026-02-16
I5553,P989,W2033,727,59,61,10,2026-05-04
I5554,P2945,W4099,162,63,92,19,2025-10-12
I5555,P6314,W6342,161,155,8,12,2025-09-12
I5556,P6100,W3190,282,152,40,8,2026-02-12
I5557,P1871,W937,791,49,49,10,2025-11-27
I5558,P989,W974,547,102,15,10,2025-07-25
I5559,P4474,W5009,21,25,35,13,2026-03-16
I5560,P2291,W3361,473,86,80,17,2026-04-27
I5561,P247,W2426,107,36,82,17,2025-07-17
I5562,P4738,W3841,857,20,70,3,2026-01-02
I5563,P2704,W5140,567,142,30,6,2025-11-06
I5564,P1513,W693,747,32,19,15,2025-05-31
I5565,P1151,W6471,400,60,22,19,2026-04-16
I5566,P7723,W9418,753,139,24,7,2025-07-04
I5567,P5374,W5412,479,145,86,8,2025-10-08
I5568,P3654,W7245,698,150,69,8,2025-11-18
I5569,P8203,W3800,22,97,97,8,2025-10-22
I5570,P1665,W8086,698,31,66,6,2026-01-13
I5571,P9381,W313,985,147,29,7,2025-10-18
I5572,P1499,W7409,114,144,36,16,2025-09-08
I5573,P986,W3371,688,39,5,4,2026-05-11
I5574,P6611,W7146,621,16,93,15,2026-03-04
I5575,P4486,W8625,872,56,40,13,2026-02-01
I5576,P4649,W3812,817,18,22,10,2025-10-03
I5577,P8020,W8899,970,41,55,7,2025-11-09
I5578,P5847,W5492,671,174,24,5,2026-05-27
I5579,P5010,W6380,604,101,53,15,2025-10-12
I5580,P1340,W9087,745,44,49,4,2026-02-02
I5581,P8727,W6927,237,126,12,12,2025-10-12
I5582,P8886,W6884,822,128,83,7,2025-06-24
I5583,P7108,W9150,374,176,95,20,2025-09-19
I5584,P1552,W510,573,96,22,4,2025-12-27
I5585,P4466,W8771,673,42,78,20,2026-02-17
I5586,P2258,W4987,197,39,60,15,2025-09-09
I5587,P1070,W6782,642,192,12,12,2026-04-24
I5588,P1356,W1086,224,143,77,16,2025-05-31
I5589,P4118,W8708,312,161,39,1,2025-12-17
I5590,P2590,W1974,481,185,70,13,2025-12-10
I5591,P2061,W5915,644,33,35,17,2025-11-17
I5592,P931,W7772,444,109,61,17,2026-01-11
I5593,P2977,W9459,942,77,5,20,2026-04-06
I5594,P4337,W9158,412,136,37,17,2025-07-06
I5595,P8743,W2949,459,111,32,18,2025-06-24
I5596,P7574,W374,941,90,23,19,2025-11-07
I5597,P9316,W7382,489,109,98,18,2026-05-06
I5598,P6941,W5956,7,167,84,19,2025-07-06
I5599,P1046,W5093,136,52,72,14,2026-05-15
I5600,P3900,W9118,291,160,54,14,2025-10-19
I5601,P1670,W635,307,138,83,2,2026-03-08
I5602,P9994,W4405,747,88,71,3,2025-11-09
I5603,P6818,W1281,740,103,20,1,2026-01-16
I5604,P7129,W3734,574,19,27,14,2025-10-01
I5605,P2780,W8613,913,120,24,2,2025-09-03
I5606,P4549,W7697,232,38,72,11,2026-02-03
I5607,P8851,W9168,319,164,11,7,2026-05-12
I5608,P466,W8365,137,15,87,8,2025-10-08
I5609,P4691,W7510,444,63,42,0,2026-05-15
I5610,P153,W3772,470,75,62,7,2025-09-29
I5611,P1250,W2359,757,136,77,13,2026-02-22
I5612,P8709,W508,450,158,76,10,2025-08-29
I5613,P9997,W3676,271,72,72,3,2025-08-02
I5614,P2583,W3765,800,156,75,20,2026-02-14
I5615,P7937,W9013,430,74,23,11,2025-08-08
I5616,P2547,W5124,28,18,55,3,2025-07-26
I5617,P453,W1866,148,41,26,1,2025-10-26
I5618,P1971,W6053,666,157,34,3,2025-09-19
I5619,P5914,W2382,621,111,5,15,2025-06-22
I5620,P1014,W8982,818,88,16,8,2025-08-18
I5621,P7458,W9851,129,194,26,12,2025-11-22
I5622,P806,W4772,374,188,36,16,2025-10-18
I5623,P3783,W1750,866,21,48,5,2025-10-30
I5624,P5763,W3547,109,191,10,4,2026-03-24
I5625,P4713,W6189,209,114,9,14,2026-04-24
I5626,P9493,W1343,432,114,27,16,2025-05-28
I5627,P2874,W8256,38,196,42,1,2026-04-17
I5628,P7418,W365,902,99,52,2,2026-05-11
I5629,P9208,W8727,820,39,37,5,2025-08-13
I5630,P1505,W9375,313,19,57,5,2026-02-26
I5631,P6363,W6047,480,140,35,5,2026-01-18
I5632,P2321,W2807,287,19,30,9,2025-11-16
I5633,P7810,W8228,18,93,41,2,2026-05-04
I5634,P5982,W9447,110,75,45,3,2026-03-06
I5635,P359,W2853,601,175,42,20,2025-12-12
I5636,P3867,W9629,729,109,45,8,2025-07-30
I5637,P3988,W1933,750,74,34,10,2026-03-02
I5638,P3654,W5645,923,93,89,3,2025-10-08
I5639,P2089,W6261,901,67,57,19,2025-12-20
I5640,P3725,W8795,660,29,92,17,2025-06-18
I5641,P5922,W5202,154,52,90,19,2026-04-28
I5642,P2189,W2925,950,200,64,17,2026-01-14
I5643,P8216,W9199,209,147,9,13,2025-06-07
I5644,P2948,W3827,378,19,6,15,2025-06-13
I5645,P5235,W1473,439,74,54,5,2025-10-12
I5646,P4147,W9556,252,110,72,17,2025-12-03
I5647,P6836,W8108,44,117,26,8,2025-07-27
I5648,P5494,W8887,755,176,58,7,2025-09-30
I5649,P1746,W6338,74,187,35,10,2025-12-24
I5650,P5869,W2607,88,97,34,11,2025-08-12
I5651,P6937,W6538,243,193,74,19,2025-07-08
I5652,P1359,W5910,176,160,100,7,2026-05-04
I5653,P155,W9098,550,189,13,13,2026-03-22
I5654,P7683,W1297,593,132,55,19,2026-05-13
I5655,P6215,W6499,649,18,10,13,2025-12-15
I5656,P9,W9859,398,98,68,19,2026-01-28
I5657,P3203,W41,658,70,100,11,2025-08-05
I5658,P6018,W7171,996,78,20,6,2025-05-31
I5659,P6163,W4075,643,96,59,5,2025-09-21
I5660,P144,W5478,917,144,41,15,2026-02-10
I5661,P9626,W2712,103,42,86,20,2026-05-11
I5662,P8464,W2620,712,36,18,10,2025-06-20
I5663,P4916,W6867,819,149,49,16,2026-05-04
I5664,P5360,W9432,761,52,92,20,2026-05-02
I5665,P2774,W2854,580,122,37,9,2025-12-24
I5666,P8419,W4870,640,166,27,7,2026-05-02
I5667,P768,W3085,758,193,34,18,2026-01-24
I5668,P5488,W5701,403,30,78,3,2026-04-25
I5669,P6656,W989,159,196,84,14,2026-05-10
I5670,P5743,W3156,765,115,78,11,2025-11-03
I5671,P8119,W6253,957,22,95,15,2025-09-03
I5672,P9717,W2153,630,171,85,7,2025-07-18
I5673,P5636,W3554,837,36,68,2,2025-06-19
I5674,P4284,W6862,40,55,22,19,2025-08-30
I5675,P4304,W8006,364,109,62,5,2026-02-02
I5676,P4603,W2646,568,166,20,6,2025-10-09
I5677,P3631,W1166,740,12,28,11,2026-03-05
I5678,P6381,W4399,874,62,64,12,2025-12-28
I5679,P6026,W8244,387,11,33,14,2026-04-28
I5680,P1167,W9769,508,10,40,17,2025-10-18
I5681,P8365,W6438,495,70,83,4,2025-06-15
I5682,P3704,W5814,957,155,17,3,2025-12-10
I5683,P9246,W1147,333,149,37,17,2025-06-27
I5684,P6777,W192,509,174,60,1,2025-09-05
I5685,P5952,W950,767,100,54,12,2026-01-18
I5686,P6261,W687,908,28,62,11,2025-09-02
I5687,P4474,W5754,379,92,28,9,2026-01-18
I5688,P2635,W4295,281,149,39,0,2025-12-02
I5689,P6488,W2134,322,179,93,8,2025-11-18
I5690,P8770,W4053,308,33,32,19,2025-10-10
I5691,P2695,W1231,241,181,13,4,2025-08-08
I5692,P3531,W8945,940,112,100,10,2025-12-27
I5693,P6591,W5322,80,119,38,1,2025-11-25
I5694,P9691,W5636,315,169,50,9,2026-03-06
I5695,P4516,W6797,992,125,45,16,2026-04-23
I5696,P2703,W7522,871,166,10,17,2025-07-23
I5697,P6756,W9648,738,55,6,16,2025-12-04
I5698,P706,W7935,417,176,12,0,2025-10-30
I5699,P9401,W5877,788,118,44,15,2025-11-23
I5700,P4792,W5144,845,14,41,20,2025-10-15
I5701,P4140,W717,332,46,29,12,2025-07-03
I5702,P2994,W4156,735,154,20,10,2026-03-03
I5703,P1806,W8314,329,117,70,8,2025-08-08
I5704,P972,W5196,756,27,71,9,2025-06-22
I5705,P6399,W3137,194,171,51,11,2025-12-07
I5706,P9701,W2467,47,195,6,20,2025-12-14
I5707,P4072,W5232,117,75,6,0,2026-01-04
I5708,P4743,W894,539,125,75,1,2025-12-18
I5709,P9424,W4719,982,30,58,16,2026-02-16
I5710,P2933,W9710,610,194,60,12,2025-11-01
I5711,P9435,W1129,362,33,21,7,2025-06-10
I5712,P7064,W3561,15,124,81,6,2025-10-28
I5713,P1205,W6224,100,45,60,18,2026-02-26
I5714,P4254,W5608,362,92,38,13,2026-03-25
I5715,P1699,W1127,223,41,55,11,2025-11-22
I5716,P3223,W8796,353,101,93,3,2026-01-01
I5717,P5866,W9016,202,187,62,0,2025-09-08
I5718,P6508,W1922,725,200,7,14,2025-09-03
I5719,P7360,W5456,330,73,61,10,2025-05-31
I5720,P1885,W261,760,172,83,16,2026-01-05
I5721,P8553,W1279,436,70,33,5,2025-06-01
I5722,P1512,W6130,159,188,13,11,2025-11-12
I5723,P8687,W2489,375,50,22,4,2025-12-27
I5724,P1227,W3823,331,184,40,13,2026-04-25
I5725,P9657,W5196,190,83,88,0,2026-01-24
I5726,P7016,W9016,761,131,8,6,2026-04-01
I5727,P6551,W500,54,178,38,6,2025-12-19
I5728,P5893,W7850,558,66,84,17,2025-10-31
I5729,P3802,W7828,943,80,85,16,2026-02-10
I5730,P6951,W8733,596,89,90,10,2026-05-09
I5731,P4117,W9602,23,147,89,12,2025-07-23
I5732,P648,W8292,662,173,32,12,2025-08-03
I5733,P3783,W447,497,145,21,12,2026-04-30
I5734,P5794,W7512,509,182,63,6,2026-01-14
I5735,P4422,W9229,822,131,6,16,2026-05-03
I5736,P4496,W8586,532,115,23,16,2025-10-04
I5737,P8829,W1246,506,137,26,3,2026-03-31
I5738,P974,W5061,1,130,43,8,2026-05-06
I5739,P6313,W9890,96,42,9,14,2025-09-16
I5740,P8327,W4073,568,41,75,19,2026-04-08
I5741,P6481,W7105,169,177,78,3,2025-08-23
I5742,P6788,W9945,129,165,33,7,2025-12-17
I5743,P765,W8301,211,24,34,19,2026-03-22
I5744,P7780,W5464,521,95,20,11,2025-12-19
I5745,P2231,W2883,227,49,99,5,2025-06-06
I5746,P5932,W6875,557,22,34,3,2025-12-10
I5747,P7614,W2510,431,178,52,18,2026-05-19
I5748,P5266,W9181,788,189,53,13,2026-05-19
I5749,P8441,W4456,137,18,94,2,2026-01-09
I5750,P4195,W7798,289,60,42,10,2025-09-14
I5751,P4081,W6810,873,121,94,18,2026-02-04
I5752,P117,W7352,710,132,99,8,2025-07-23
I5753,P4029,W8463,193,129,43,16,2026-05-14
I5754,P1879,W7762,477,124,47,19,2026-05-22
I5755,P7151,W9573,383,17,29,17,2025-12-17
I5756,P7784,W2718,983,40,39,7,2025-07-24
I5757,P9777,W9515,588,139,14,6,2026-02-11
I5758,P2285,W6428,300,172,52,19,2025-12-15
I5759,P3018,W9138,754,77,93,12,2026-05-03
I5760,P6956,W8555,574,130,70,8,2026-02-13
I5761,P5521,W4443,4,140,23,16,2026-04-04
I5762,P2109,W5010,428,133,80,5,2025-10-06
I5763,P7980,W206,400,87,47,11,2026-04-19
I5764,P7122,W1281,105,125,99,3,2025-08-18
I5765,P7925,W6721,494,74,14,13,2025-10-21
I5766,P9297,W955,139,91,86,10,2025-12-31
I5767,P2447,W5095,1,136,88,11,2026-03-24
I5768,P2015,W9137,579,84,87,1,2025-12-06
I5769,P2914,W7612,713,73,74,3,2026-02-13
I5770,P230,W9308,653,79,6,10,2026-02-27
I5771,P6030,W8659,459,146,32,18,2025-06-01
I5772,P174,W4847,553,192,36,17,2026-04-16
I5773,P7128,W6390,864,15,41,16,2026-03-26
I5774,P6769,W8592,867,112,35,10,2026-04-07
I5775,P6645,W6744,575,11,52,17,2026-04-09
I5776,P7336,W4033,146,63,33,15,2025-09-18
I5777,P9139,W5676,54,85,17,2,2025-08-20
I5778,P4647,W9163,417,128,77,13,2026-05-04
I5779,P6073,W2518,838,66,96,3,2025-10-22
I5780,P7881,W5121,293,83,84,18,2025-09-06
I5781,P1715,W3918,371,178,31,6,2026-01-29
I5782,P4826,W7488,891,56,32,6,2026-05-09
I5783,P885,W7551,419,167,42,0,2025-11-10
I5784,P2624,W3541,918,22,9,6,2025-07-02
I5785,P2561,W3195,344,145,46,9,2025-12-22
I5786,P411,W2027,355,45,47,3,2025-11-15
I5787,P5492,W8565,541,104,95,4,2026-01-31
I5788,P4133,W7809,794,46,31,1,2025-06-28
I5789,P5887,W4321,704,101,30,9,2025-06-15
I5790,P2763,W8381,904,97,41,1,2025-10-17
I5791,P3714,W7773,316,120,51,11,2026-05-18
I5792,P9621,W7512,882,106,49,11,2026-01-24
I5793,P5666,W7840,864,50,10,20,2025-11-22
I5794,P6218,W9455,875,24,30,3,2025-07-17
I5795,P1152,W5211,568,148,17,3,2026-05-18
I5796,P3611,W7072,194,195,57,18,2025-10-15
I5797,P3232,W2045,184,112,16,0,2025-12-15
I5798,P6715,W8989,400,99,38,11,2025-12-20
I5799,P5990,W7746,18,155,46,4,2025-09-12
I5800,P8226,W7748,759,58,77,8,2025-10-22
I5801,P3837,W7357,16,96,97,6,2025-11-10
I5802,P9694,W1697,871,182,34,4,2025-10-12
I5803,P680,W8380,999,136,94,7,2025-10-28
I5804,P6158,W9279,303,153,53,6,2025-10-09
I5805,P3267,W8589,949,87,71,0,2026-04-01
I5806,P4741,W5173,13,119,18,11,2025-12-09
I5807,P9325,W2224,854,138,36,0,2025-08-17
I5808,P8947,W5015,39,102,83,11,2025-10-10
I5809,P7784,W1476,441,111,81,0,2025-11-22
I5810,P8740,W2107,556,97,34,20,2025-11-02
I5811,P3617,W7909,558,36,94,1,2025-07-02
I5812,P4809,W2111,241,27,23,19,2025-06-16
I5813,P8167,W6803,998,171,65,0,2025-06-12
I5814,P5325,W2533,417,153,11,15,2025-06-23
I5815,P7411,W4285,696,81,86,18,2025-07-29
I5816,P374,W337,725,164,7,16,2025-11-12
I5817,P9923,W7975,687,24,48,14,2025-12-30
I5818,P9709,W5935,797,18,41,20,2026-01-04
I5819,P7626,W8601,174,159,69,11,2026-01-29
I5820,P685,W7000,739,177,72,16,2025-09-03
I5821,P7938,W4049,187,123,90,7,2025-09-05
I5822,P5070,W6116,153,122,27,8,2025-09-20
I5823,P778,W4568,393,109,17,7,2025-07-05
I5824,P4914,W5067,182,61,46,15,2025-07-28
I5825,P3572,W4329,91,18,8,8,2026-05-18
I5826,P1313,W3412,619,166,57,5,2025-08-19
I5827,P1735,W5409,763,99,41,18,2026-05-28
I5828,P817,W8520,844,52,23,4,2026-01-04
I5829,P7876,W3417,816,98,23,4,2026-03-12
I5830,P5740,W8148,882,157,15,9,2026-02-28
I5831,P7462,W7342,510,39,74,0,2026-03-04
I5832,P8701,W6060,777,84,92,18,2025-10-14
I5833,P3149,W2438,858,194,71,18,2026-01-01
I5834,P9312,W9735,24,198,60,18,2026-01-18
I5835,P4270,W6934,501,125,98,1,2025-06-05
I5836,P5630,W8159,543,25,82,19,2026-04-23
I5837,P3616,W3702,615,114,37,4,2025-06-09
I5838,P4630,W2798,941,68,63,4,2025-11-26
I5839,P1983,W9575,292,195,64,4,2026-03-22
I5840,P3900,W9820,540,183,8,10,2026-02-10
I5841,P8086,W3590,656,21,87,3,2025-11-13
I5842,P7058,W7209,585,49,33,11,2026-01-19
I5843,P7163,W7997,141,22,70,1,2026-01-26
I5844,P2563,W9509,658,95,72,19,2026-05-01
I5845,P7301,W4822,28,22,40,6,2026-04-22
I5846,P7807,W9302,367,141,89,13,2026-04-09
I5847,P6181,W2249,616,112,66,17,2025-10-19
I5848,P1845,W552,154,91,63,4,2025-10-30
I5849,P1727,W5518,441,144,79,16,2025-12-13
I5850,P5405,W7560,961,155,54,2,2025-07-05
I5851,P7525,W1182,311,75,83,7,2026-04-20
I5852,P9408,W5971,444,84,19,2,2025-08-19
I5853,P4761,W7763,489,123,67,13,2025-08-14
I5854,P6198,W7637,121,84,86,16,2025-07-19
I5855,P7478,W5401,718,46,86,12,2025-11-03
I5856,P4678,W5112,233,146,59,13,2025-10-10
I5857,P1713,W4311,524,164,9,17,2025-11-03
I5858,P5684,W7846,58,181,35,18,2026-05-09
I5859,P2745,W8397,728,54,92,2,2026-05-07
I5860,P8541,W9769,743,14,45,2,2026-04-14
I5861,P6682,W909,917,83,65,12,2026-02-08
I5862,P5049,W9073,449,76,53,17,2026-01-17
I5863,P6360,W5020,184,164,50,11,2026-05-11
I5864,P686,W5114,58,77,61,11,2026-04-12
I5865,P3256,W4259,804,139,78,13,2026-02-19
I5866,P6967,W9918,159,165,51,7,2025-06-16
I5867,P1654,W6689,554,159,42,3,2026-03-19
I5868,P4171,W4414,944,175,21,4,2026-03-09
I5869,P9409,W4923,666,83,49,6,2025-09-24
I5870,P9387,W6492,816,121,57,12,2025-12-16
I5871,P4693,W3192,96,62,63,7,2025-08-10
I5872,P9063,W7570,781,175,84,16,2025-07-12
I5873,P1285,W6914,151,26,8,2,2026-05-25
I5874,P737,W3415,498,154,84,0,2025-10-30
I5875,P8194,W5613,707,58,90,1,2025-12-26
I5876,P9513,W4377,967,50,84,12,2025-11-18
I5877,P3343,W8867,316,118,49,16,2025-11-05
I5878,P4819,W1985,836,186,15,13,2026-04-14
I5879,P5668,W1601,131,74,33,5,2026-03-29
I5880,P9563,W3905,244,173,98,2,2025-12-11
I5881,P6944,W2302,341,21,79,7,2026-04-11
I5882,P1300,W3895,163,68,89,15,2025-07-25
I5883,P8705,W4503,526,191,6,14,2025-10-12
I5884,P4755,W5560,20,142,81,1,2026-04-12
I5885,P3751,W741,42,199,65,20,2025-07-14
I5886,P5738,W5659,804,146,39,1,2026-02-27
I5887,P4633,W9729,693,50,29,15,2025-10-28
I5888,P3659,W9610,276,100,19,10,2025-06-18
I5889,P4,W3658,761,182,9,20,2025-07-11
I5890,P9833,W516,388,115,65,3,2025-07-29
I5891,P8135,W9567,892,178,45,17,2025-08-13
I5892,P6628,W4212,949,135,78,5,2026-04-24
I5893,P3336,W1125,371,186,93,13,2026-02-28
I5894,P3875,W7335,263,107,97,0,2026-01-08
I5895,P8398,W483,538,76,30,11,2026-04-03
I5896,P1344,W6545,57,167,50,12,2025-07-22
I5897,P8957,W6312,695,179,42,19,2025-08-28
I5898,P4441,W4000,862,56,68,13,2025-10-29
I5899,P6488,W7151,118,91,78,11,2025-08-13
I5900,P5869,W3101,228,101,23,16,2026-01-23
I5901,P1863,W9374,118,157,23,19,2025-09-01
I5902,P8332,W458,12,194,40,9,2025-07-25
I5903,P2145,W8224,988,125,90,4,2025-07-24
I5904,P9704,W438,222,200,25,3,2026-01-19
I5905,P7490,W3626,247,193,98,4,2025-10-10
I5906,P4722,W3785,407,93,48,18,2026-04-06
I5907,P7498,W4198,41,44,50,13,2025-11-13
I5908,P6576,W9239,937,181,94,6,2025-10-26
I5909,P8070,W674,407,104,62,16,2026-02-11
I5910,P2332,W7570,530,26,32,15,2025-06-10
I5911,P2203,W232,921,14,96,5,2025-10-10
I5912,P5832,W2151,186,188,70,15,2025-09-28
I5913,P5628,W6015,187,80,91,9,2025-07-29
I5914,P2314,W6594,556,144,21,13,2026-02-04
I5915,P1293,W2201,764,166,23,8,2025-07-26
I5916,P8075,W6390,691,149,39,6,2026-02-15
I5917,P7367,W672,377,178,43,17,2025-06-11
I5918,P5998,W2553,191,13,80,6,2026-04-11
I5919,P1568,W9906,36,183,94,11,2025-06-11
I5920,P3273,W8921,766,130,51,8,2025-11-15
I5921,P691,W144,973,142,32,9,2025-12-12
I5922,P5593,W7058,702,75,44,10,2026-04-13
I5923,P7606,W6222,772,85,62,17,2026-05-28
I5924,P4683,W2040,482,101,19,7,2025-07-16
I5925,P1543,W9634,107,23,63,6,2026-04-20
I5926,P1850,W4183,695,83,53,1,2026-05-16
I5927,P9947,W9292,8,76,57,0,2026-02-08
I5928,P4009,W1492,514,83,91,10,2026-05-12
I5929,P4699,W4376,91,45,88,6,2026-03-14
I5930,P1851,W9176,11,178,34,0,2025-08-31
I5931,P4009,W2460,120,180,24,16,2025-06-13
I5932,P6917,W1145,372,200,11,11,2025-10-16
I5933,P1296,W9950,485,54,11,8,2026-04-28
I5934,P151,W2614,198,67,18,3,2025-07-09
I5935,P3519,W5907,198,111,80,2,2026-05-22
I5936,P8702,W2085,502,11,97,13,2025-12-26
I5937,P3696,W5908,333,95,81,2,2025-11-23
I5938,P7912,W686,355,59,13,13,2025-06-23
I5939,P1814,W5975,476,108,90,7,2026-05-18
I5940,P9991,W4427,950,63,39,14,2026-01-04
I5941,P51,W7348,517,195,39,12,2025-05-30
I5942,P6038,W7707,577,134,66,11,2025-06-22
I5943,P2409,W6755,345,166,71,14,2025-06-08
I5944,P2684,W4144,828,28,40,16,2026-04-19
I5945,P1605,W7717,529,122,81,5,2025-08-19
I5946,P2481,W4370,606,120,39,10,2025-08-12
I5947,P3093,W136,522,63,68,9,2025-09-21
I5948,P8149,W9466,101,148,99,9,2026-05-14
I5949,P1551,W2225,263,145,94,9,2025-07-08
I5950,P972,W5647,506,161,66,4,2025-08-04
I5951,P3491,W6650,548,83,75,10,2026-05-16
I5952,P5724,W3649,21,79,15,18,2025-11-13
I5953,P1890,W2561,453,130,28,16,2026-01-19
I5954,P3451,W5818,417,20,78,7,2026-02-18
I5955,P1279,W4110,742,79,41,6,2026-05-21
I5956,P2399,W3569,922,125,20,13,2025-09-29
I5957,P7430,W5549,119,156,47,8,2025-10-17
I5958,P8622,W7548,571,26,16,9,2025-08-11
I5959,P1508,W1101,914,29,88,10,2025-05-30
I5960,P8849,W8016,545,38,55,2,2025-10-04
I5961,P2024,W2915,269,127,48,11,2026-04-03
I5962,P2884,W6668,394,125,59,4,2026-01-16
I5963,P3609,W3646,509,157,73,4,2026-01-28
I5964,P4916,W1918,457,46,51,11,2025-09-17
I5965,P4956,W2015,839,92,87,7,2025-11-03
I5966,P2749,W2337,189,195,9,11,2026-04-29
I5967,P7034,W826,697,119,66,6,2026-04-17
I5968,P6545,W8572,651,181,39,0,2026-04-17
I5969,P8098,W4076,416,182,10,10,2026-01-09
I5970,P4024,W8850,617,196,5,19,2026-03-11
I5971,P247,W4523,384,161,95,9,2025-10-05
I5972,P1054,W9800,122,165,17,11,2026-05-15
I5973,P9442,W1318,964,85,84,9,2025-08-18
I5974,P2671,W211,46,58,67,19,2025-09-09
I5975,P9665,W2507,370,22,39,13,2025-09-16
I5976,P5940,W7081,60,70,78,1,2026-04-14
I5977,P9886,W3394,968,170,17,6,2025-12-17
I5978,P1823,W4454,272,120,43,11,2026-04-11
I5979,P6731,W8325,656,143,98,6,2025-08-03
I5980,P5864,W5757,166,58,56,6,2025-09-28
I5981,P4860,W7396,800,190,84,1,2025-07-17
I5982,P8433,W573,394,155,90,2,2025-08-15
I5983,P2516,W9005,442,87,97,16,2026-03-18
I5984,P7645,W8355,128,94,41,19,2025-12-24
I5985,P9234,W1889,969,27,17,12,2026-01-28
I5986,P9561,W4794,665,67,19,4,2025-10-25
I5987,P4701,W3642,360,187,36,1,2026-03-29
I5988,P677,W8028,757,29,85,4,2025-12-08
I5989,P697,W8564,777,36,98,14,2025-12-24
I5990,P7759,W7842,396,67,40,11,2026-04-05
I5991,P3816,W6915,258,174,83,13,2025-06-28
I5992,P4833,W8776,349,20,49,17,2025-08-19
I5993,P1339,W5777,482,163,80,11,2025-10-09
I5994,P8120,W1574,245,46,6,8,2026-02-21
I5995,P9025,W8617,345,33,36,15,2025-12-20
I5996,P9357,W2099,61,61,96,6,2026-05-21
I5997,P2869,W553,281,101,38,12,2026-03-27
I5998,P7650,W6975,169,41,64,16,2026-04-12
I5999,P1127,W490,104,115,22,9,2026-04-01
I6000,P6736,W789,352,69,46,20,2025-12-06
I6001,P4312,W7526,695,41,62,10,2026-04-19
I6002,P3820,W2272,374,37,65,7,2025-05-29
I6003,P29,W1677,436,89,95,0,2025-11-07
I6004,P8878,W4332,827,40,99,12,2025-09-18
I6005,P769,W7575,797,92,20,3,2026-03-18
I6006,P1690,W6973,488,99,48,14,2025-07-31
I6007,P3015,W886,147,12,15,1,2025-06-08
I6008,P1635,W3919,707,154,22,0,2025-08-23
I6009,P4017,W1088,628,63,57,12,2026-02-26
I6010,P3533,W1853,923,116,92,3,2025-08-25
I6011,P1353,W7430,517,19,89,18,2026-05-21
I6012,P8089,W6394,914,31,81,2,2025-11-22
I6013,P2132,W7779,965,38,71,10,2026-03-29
I6014,P5391,W5688,829,198,39,18,2026-05-26
I6015,P724,W8499,959,186,82,6,2025-12-04
I6016,P2784,W4081,46,143,71,6,2026-05-16
I6017,P6184,W2706,477,57,78,0,2026-05-22
I6018,P4123,W6470,727,88,18,20,2025-07-30
I6019,P9573,W8124,64,171,87,12,2026-04-17
I6020,P2794,W4665,684,41,32,4,2025-06-08
I6021,P4355,W3395,239,99,74,13,2026-04-23
I6022,P2902,W1129,587,80,97,20,2025-08-21
I6023,P7317,W2489,164,138,18,19,2025-06-01
I6024,P4691,W9629,126,55,85,15,2025-08-20
I6025,P2532,W5096,250,55,62,12,2025-07-16
I6026,P1292,W4990,237,99,59,2,2025-10-27
I6027,P1566,W6988,217,88,71,9,2025-12-28
I6028,P491,W3774,324,55,52,1,2026-05-16
I6029,P6176,W6545,662,15,22,3,2025-10-08
I6030,P4994,W575,231,161,37,11,2025-09-18
I6031,P6998,W2542,659,98,88,10,2026-05-06
I6032,P4815,W2277,130,133,33,10,2025-10-19
I6033,P5781,W3775,554,194,39,18,2025-11-17
I6034,P7553,W1437,303,14,36,6,2025-06-11
I6035,P4033,W2524,298,153,66,11,2025-07-15
I6036,P4271,W2722,619,84,53,13,2026-02-17
I6037,P222,W5964,195,87,99,9,2025-11-27
I6038,P5617,W5987,194,200,21,3,2025-06-23
I6039,P2209,W4578,886,147,61,2,2026-05-18
I6040,P3257,W3928,53,107,91,10,2026-03-28
I6041,P7660,W1783,151,192,66,10,2026-02-09
I6042,P6941,W1090,116,47,33,2,2025-09-20
I6043,P7808,W3068,973,68,32,13,2025-08-02
I6044,P2768,W7882,753,38,93,5,2025-10-03
I6045,P9713,W7499,254,112,57,11,2025-11-03
I6046,P5531,W7651,232,21,45,17,2026-03-31
I6047,P8104,W4032,185,80,49,5,2026-02-10
I6048,P1058,W5676,458,84,94,18,2026-01-18
I6049,P9092,W2882,575,187,64,7,2025-07-22
I6050,P2831,W5882,555,168,21,20,2025-07-03
I6051,P7916,W1947,668,101,6,10,2025-11-15
I6052,P4586,W1423,922,69,25,0,2025-11-07
I6053,P5964,W9346,645,174,43,9,2025-12-07
I6054,P6873,W939,563,53,53,14,2026-03-20
I6055,P403,W1361,320,127,87,20,2025-10-25
I6056,P7875,W4713,849,157,6,16,2025-12-08
I6057,P8403,W4035,670,72,72,6,2025-09-22
I6058,P3457,W1871,543,66,66,9,2026-04-18
I6059,P7468,W757,40,195,14,10,2026-01-27
I6060,P2497,W5054,330,62,7,5,2025-11-29
I6061,P8820,W3147,225,152,18,12,2026-02-07
I6062,P3141,W4341,906,145,91,5,2026-03-03
I6063,P9212,W8568,343,49,47,5,2025-09-17
I6064,P2985,W5617,466,141,81,19,2025-11-11
I6065,P8795,W4468,286,166,48,3,2026-03-19
I6066,P4423,W5045,538,118,40,9,2026-04-11
I6067,P7047,W8960,21,13,12,1,2025-12-30
I6068,P2792,W9686,615,142,77,0,2026-05-04
I6069,P7832,W872,129,152,94,13,2025-06-17
I6070,P59,W9573,929,185,17,2,2025-09-08
I6071,P2851,W5663,694,66,86,3,2026-01-16
I6072,P4249,W2915,478,13,16,5,2026-02-20
I6073,P6626,W5128,757,164,35,11,2025-12-02
I6074,P700,W7615,15,127,34,10,2025-06-26
I6075,P9272,W3902,762,175,18,1,2025-09-05
I6076,P2103,W4146,766,161,28,18,2026-03-21
I6077,P6348,W4485,229,182,38,8,2025-07-02
I6078,P2422,W1828,719,32,42,14,2025-07-20
I6079,P2256,W7630,858,160,35,2,2025-12-11
I6080,P4975,W8290,342,136,89,13,2025-09-01
I6081,P3180,W9627,278,79,20,18,2025-10-31
I6082,P5148,W5442,869,29,37,20,2025-06-03
I6083,P863,W6368,9,78,76,10,2026-01-31
I6084,P9352,W3011,941,121,20,8,2025-07-21
I6085,P1868,W247,128,10,88,11,2026-05-04
I6086,P5220,W963,529,12,14,13,2025-09-18
I6087,P2,W9316,223,171,99,11,2025-12-23
I6088,P4145,W469,908,182,34,2,2025-12-17
I6089,P3290,W3135,865,45,27,11,2025-07-13
I6090,P1360,W4631,634,40,27,11,2026-04-11
I6091,P1759,W4046,691,14,9,11,2026-05-09
I6092,P637,W2700,445,139,7,1,2025-11-27
I6093,P3709,W7096,440,187,22,3,2025-06-10
I6094,P4493,W468,256,23,15,18,2025-10-10
I6095,P6135,W2460,755,175,77,19,2025-12-04
I6096,P5501,W2910,33,197,22,15,2026-01-29
I6097,P7981,W7851,322,149,71,13,2025-11-17
I6098,P5369,W2400,352,38,29,2,2026-04-18
I6099,P4857,W4935,181,77,16,18,2026-01-30
I6100,P6816,W1345,865,188,82,19,2025-11-23
I6101,P7301,W1892,79,200,78,13,2025-11-08
I6102,P5598,W3879,84,56,23,3,2025-09-28
I6103,P6668,W3016,337,188,99,4,2025-12-13
I6104,P4665,W4404,15,175,20,18,2025-06-05
I6105,P8176,W5740,195,97,58,5,2025-09-26
I6106,P9965,W6682,888,191,55,18,2025-10-16
I6107,P7284,W2041,668,190,89,9,2025-06-17
I6108,P4559,W8865,562,194,25,20,2026-03-09
I6109,P1385,W5700,258,140,77,8,2025-09-30
I6110,P2069,W8012,373,163,97,13,2025-07-09
I6111,P4183,W5952,170,79,61,3,2025-06-04
I6112,P5027,W1128,139,79,37,11,2025-06-16
I6113,P1837,W7998,351,18,85,0,2025-09-02
I6114,P63,W5878,576,61,7,2,2026-02-20
I6115,P5429,W3545,340,155,75,12,2026-05-03
I6116,P4359,W761,595,180,28,2,2025-09-14
I6117,P1361,W370,744,99,32,3,2025-08-23
I6118,P8590,W2634,807,172,8,18,2025-07-28
I6119,P4471,W8682,406,52,52,14,2026-01-06
I6120,P9434,W9483,549,128,68,19,2026-03-30
I6121,P7954,W307,276,167,51,10,2025-08-12
I6122,P464,W9684,452,78,93,16,2026-02-03
I6123,P2116,W5165,197,109,68,12,2026-04-29
I6124,P5999,W2802,896,75,75,11,2025-09-09
I6125,P8252,W4398,602,109,6,4,2025-06-01
I6126,P3990,W7905,748,54,91,12,2026-03-05
I6127,P5379,W6294,959,181,91,20,2025-08-28
I6128,P4512,W2175,136,179,37,15,2025-08-10
I6129,P1654,W875,260,50,54,17,2026-02-09
I6130,P8090,W5631,532,180,47,11,2026-03-19
I6131,P7276,W2768,475,173,79,5,2025-07-01
I6132,P6375,W3065,115,56,43,14,2025-10-11
I6133,P3922,W9786,126,136,37,1,2026-04-05
I6134,P189,W6979,620,70,51,10,2025-11-06
I6135,P6393,W3468,596,142,73,10,2025-12-13
I6136,P2293,W3467,230,31,61,14,2025-06-07
I6137,P1757,W1700,236,56,27,1,2025-10-14
I6138,P9371,W1988,392,11,54,2,2025-12-23
I6139,P2214,W9923,767,54,78,18,2026-04-24
I6140,P2774,W7545,289,120,39,19,2026-01-15
I6141,P7356,W7143,699,76,37,2,2025-06-24
I6142,P9789,W9834,952,42,60,11,2026-05-02
I6143,P2914,W1129,643,123,17,15,2025-11-09
I6144,P7009,W7339,619,168,60,10,2025-08-17
I6145,P2800,W7953,966,44,76,16,2025-06-02
I6146,P8838,W8303,805,97,42,11,2025-10-08
I6147,P4364,W5613,486,142,84,2,2025-09-14
I6148,P9379,W4629,301,126,65,16,2025-11-04
I6149,P7490,W9473,819,45,34,15,2025-09-20
I6150,P7450,W3762,65,43,66,8,2026-02-14
I6151,P8207,W6515,626,99,33,3,2025-07-05
I6152,P9684,W1775,683,62,9,18,2026-02-27
I6153,P8675,W7815,416,105,57,4,2026-04-23
I6154,P8613,W8463,994,51,98,9,2025-12-15
I6155,P2034,W5242,281,18,44,1,2025-08-23
I6156,P1855,W712,976,159,8,5,2025-08-25
I6157,P8443,W5443,963,59,45,2,2026-01-16
I6158,P611,W9048,981,144,53,17,2026-02-18
I6159,P1915,W4058,94,195,48,1,2026-03-18
I6160,P1616,W5900,310,144,47,13,2026-04-13
I6161,P513,W2814,84,112,22,3,2026-03-29
I6162,P9544,W4022,257,31,31,7,2025-11-29
I6163,P5826,W1760,191,116,62,17,2025-05-28
I6164,P1506,W9071,566,23,76,14,2026-01-15
I6165,P1086,W4868,288,186,19,14,2026-05-20
I6166,P9033,W2604,865,95,62,10,2026-05-12
I6167,P7494,W3757,467,143,54,6,2025-11-26
I6168,P4094,W4720,227,61,76,13,2025-08-31
I6169,P2045,W2029,389,105,79,4,2025-09-24
I6170,P3371,W2035,310,73,27,15,2026-01-23
I6171,P9053,W5773,162,150,63,18,2026-03-18
I6172,P3027,W3595,470,122,83,11,2025-08-08
I6173,P2349,W6228,113,122,92,11,2026-03-09
I6174,P2523,W8970,464,102,34,5,2026-02-21
I6175,P7451,W2408,646,183,81,3,2025-09-23
I6176,P6742,W6438,665,183,74,18,2025-09-03
I6177,P8186,W5813,722,182,60,8,2025-07-26
I6178,P6977,W3759,325,86,72,18,2025-12-11
I6179,P9530,W3413,352,138,55,8,2026-02-16
I6180,P4682,W7470,942,144,54,16,2025-12-15
I6181,P6078,W2428,603,97,87,17,2025-10-29
I6182,P298,W2011,310,153,78,15,2026-05-16
I6183,P3338,W8982,384,114,34,17,2025-10-10
I6184,P5085,W1220,352,172,36,1,2025-11-07
I6185,P3782,W8669,449,132,83,16,2025-09-02
I6186,P9143,W7625,450,184,90,18,2026-03-23
I6187,P3649,W6684,681,169,56,4,2025-07-12
I6188,P6765,W5811,375,13,93,7,2025-11-17
I6189,P7893,W152,898,134,66,2,2026-03-18
I6190,P3015,W6906,666,97,6,15,2025-09-05
I6191,P8259,W5594,199,56,33,10,2026-03-25
I6192,P9420,W7410,659,104,17,6,2026-02-18
I6193,P1956,W6487,307,109,66,12,2025-07-01
I6194,P108,W8726,875,143,64,7,2025-12-22
I6195,P7030,W8769,929,78,94,10,2026-01-10
I6196,P109,W6825,240,173,7,15,2026-04-30
I6197,P2076,W4347,711,125,60,1,2025-06-18
I6198,P7503,W4151,392,167,8,0,2026-03-17
I6199,P6935,W5486,17,101,93,6,2025-08-04
I6200,P7557,W4106,228,85,66,15,2025-10-26
I6201,P138,W7688,414,56,60,5,2025-12-30
I6202,P4966,W3,821,28,22,4,2025-09-26
I6203,P1987,W778,354,129,75,1,2025-09-19
I6204,P7062,W7381,813,116,80,6,2025-09-16
I6205,P8919,W9346,265,24,22,6,2025-09-11
I6206,P5176,W3487,520,23,31,20,2025-08-13
I6207,P5479,W9386,142,173,49,7,2025-07-28
I6208,P8192,W4136,550,83,58,15,2026-02-09
I6209,P1017,W2069,835,89,32,5,2026-05-03
I6210,P6904,W8873,91,157,23,7,2025-10-29
I6211,P8891,W3043,264,48,11,4,2025-07-26
I6212,P5628,W8330,929,95,43,14,2025-11-20
I6213,P3625,W8410,556,193,26,11,2025-06-16
I6214,P6412,W289,893,51,91,5,2025-10-24
I6215,P585,W5694,605,29,10,2,2026-01-17
I6216,P5426,W5031,474,16,52,9,2025-07-30
I6217,P9159,W6494,687,18,89,12,2026-03-14
I6218,P910,W2206,235,48,24,20,2025-10-20
I6219,P1865,W9783,190,198,31,16,2025-07-24
I6220,P3169,W7369,394,76,85,13,2026-03-08
I6221,P9124,W8847,268,103,27,14,2025-11-09
I6222,P9048,W3588,266,139,99,10,2025-10-11
I6223,P9669,W8834,517,88,7,9,2025-07-21
I6224,P8739,W1746,980,136,85,1,2025-09-08
I6225,P4211,W5298,362,199,37,8,2025-09-15
I6226,P6275,W5662,363,103,45,19,2025-06-26
I6227,P2727,W591,300,160,77,10,2026-02-01
I6228,P136,W421,344,112,32,2,2025-10-06
I6229,P641,W5456,106,76,30,6,2026-02-25
I6230,P1053,W1713,387,34,60,15,2026-03-29
I6231,P5154,W7153,405,65,20,18,2025-09-07
I6232,P3067,W5693,832,72,79,8,2025-06-23
I6233,P5167,W3249,78,43,97,1,2026-04-29
I6234,P7202,W3504,351,145,34,16,2026-03-09
I6235,P8743,W3118,763,83,70,13,2025-09-02
I6236,P6400,W7963,538,175,12,1,2026-01-03
I6237,P7196,W2761,468,161,21,9,2025-05-28
I6238,P3076,W3715,387,199,38,20,2026-03-05
I6239,P6238,W3292,910,58,5,12,2025-07-23
I6240,P3561,W7858,652,180,22,3,2025-11-22
I6241,P2138,W8847,990,194,89,13,2025-06-06
I6242,P6046,W1103,915,49,30,14,2025-11-26
I6243,P1856,W7217,78,78,34,16,2025-08-27
I6244,P3350,W458,233,158,88,12,2026-02-15
I6245,P3420,W9855,137,110,7,6,2026-05-25
I6246,P6885,W6537,324,74,14,0,2025-11-28
I6247,P767,W8824,97,101,82,4,2025-09-28
I6248,P873,W8745,412,140,5,0,2026-03-28
I6249,P9593,W2366,949,129,45,14,2025-10-01
I6250,P9364,W8404,562,125,100,14,2026-03-23
I6251,P4702,W1735,271,42,16,6,2025-09-16
I6252,P3475,W258,956,79,75,5,2025-07-10
I6253,P3202,W173,827,139,64,20,2025-06-14
I6254,P4875,W1278,686,30,32,11,2026-03-31
I6255,P1178,W8337,387,22,71,5,2026-04-21
I6256,P682,W8537,471,169,66,5,2026-01-30
I6257,P9099,W305,706,107,21,8,2025-07-14
I6258,P8792,W7621,840,161,8,13,2026-04-17
I6259,P1963,W7240,861,185,40,4,2026-04-23
I6260,P6571,W6046,144,133,49,7,2026-02-22
I6261,P9603,W2978,691,76,80,11,2025-09-14
I6262,P197,W3860,41,122,55,12,2025-06-07
I6263,P617,W3768,385,14,71,5,2025-07-28
I6264,P7249,W6754,377,176,8,13,2025-07-07
I6265,P7202,W8928,233,186,95,13,2025-07-03
I6266,P5607,W2176,742,107,60,5,2026-04-06
I6267,P7036,W7306,860,91,42,13,2025-10-21
I6268,P4123,W8525,714,184,99,20,2026-02-01
I6269,P1114,W1802,376,184,50,10,2025-09-02
I6270,P6896,W6777,566,134,63,20,2026-03-14
I6271,P3795,W531,860,183,54,8,2025-12-05
I6272,P2263,W848,971,196,31,9,2026-04-24
I6273,P9087,W8238,480,15,89,15,2026-03-23
I6274,P9366,W4768,349,69,92,18,2025-10-26
I6275,P8637,W949,921,78,64,7,2026-01-18
I6276,P884,W9516,638,187,73,2,2025-07-16
I6277,P3424,W3838,779,25,85,3,2025-11-13
I6278,P3952,W2878,488,114,7,4,2026-03-24
I6279,P9173,W3366,681,130,72,6,2026-01-16
I6280,P4825,W4482,140,60,47,3,2026-02-07
I6281,P5750,W8609,288,164,83,11,2025-07-29
I6282,P2967,W1254,184,200,61,18,2026-02-11
I6283,P2306,W6014,439,67,18,9,2025-08-14
I6284,P6323,W6931,747,87,21,5,2025-08-07
I6285,P2631,W4316,968,121,88,12,2025-12-26
I6286,P8157,W7414,685,51,42,7,2026-01-20
I6287,P8169,W217,91,92,57,11,2025-11-23
I6288,P5151,W4113,747,141,89,11,2026-02-26
I6289,P8226,W4559,169,140,33,14,2026-01-14
I6290,P6347,W6967,551,198,64,17,2025-07-25
I6291,P7561,W299,396,155,55,4,2025-09-19
I6292,P2723,W4321,41,164,8,4,2025-07-30
I6293,P4727,W9828,168,137,44,10,2025-06-04
I6294,P8616,W4513,912,81,29,10,2026-02-28
I6295,P3216,W794,644,132,96,16,2025-12-02
I6296,P971,W4580,542,172,30,19,2026-05-23
I6297,P9412,W4249,43,154,36,7,2026-02-19
I6298,P1513,W2019,175,47,55,2,2025-10-10
I6299,P387,W5958,476,70,39,5,2025-10-29
I6300,P5193,W6787,79,200,7,8,2025-06-07
I6301,P8734,W5468,19,146,44,11,2025-08-15
I6302,P4384,W3654,594,196,22,0,2026-02-27
I6303,P2590,W1149,874,151,17,1,2025-09-18
I6304,P7240,W6544,946,179,76,2,2025-12-22
I6305,P8054,W3172,278,34,47,7,2025-07-19
I6306,P4213,W3903,328,195,61,3,2025-08-21
I6307,P4146,W2884,791,183,52,15,2025-10-20
I6308,P869,W6465,745,192,78,2,2025-09-05
I6309,P8016,W2414,874,194,13,17,2025-08-04
I6310,P2091,W3553,213,47,5,0,2025-10-19
I6311,P9815,W8951,474,34,18,9,2025-10-28
I6312,P735,W1539,459,30,79,11,2025-11-13
I6313,P313,W1913,632,66,57,7,2026-01-22
I6314,P2513,W7577,453,130,15,11,2025-08-29
I6315,P3589,W7506,697,194,92,15,2025-10-03
I6316,P8396,W313,693,193,35,17,2026-05-22
I6317,P8835,W8941,430,191,59,8,2025-08-19
I6318,P9689,W4966,271,70,42,2,2026-01-19
I6319,P6859,W448,684,69,88,18,2026-02-17
I6320,P4547,W43,76,104,19,17,2025-07-15
I6321,P8496,W2387,835,117,72,1,2025-08-31
I6322,P654,W2986,352,89,43,14,2026-02-13
I6323,P3303,W4070,92,82,10,13,2026-02-16
I6324,P2316,W3393,674,142,33,17,2026-01-17
I6325,P8634,W5227,403,42,80,6,2025-10-21
I6326,P1069,W1988,787,68,89,6,2026-01-06
I6327,P1933,W4707,119,107,36,8,2026-03-12
I6328,P9641,W9445,66,116,50,14,2025-07-19
I6329,P5136,W4296,516,150,18,10,2025-11-21
I6330,P9985,W5224,803,89,52,8,2026-03-29
I6331,P8624,W9666,620,150,100,17,2025-12-05
I6332,P9633,W2243,875,162,66,17,2025-08-23
I6333,P3541,W9842,276,138,84,6,2025-09-04
I6334,P5349,W2133,689,36,27,12,2025-10-03
I6335,P6192,W1049,543,154,76,19,2025-07-29
I6336,P1679,W3748,588,83,49,19,2025-07-22
I6337,P8532,W289,143,23,33,16,2026-05-14
I6338,P572,W2905,343,30,52,8,2025-07-31
I6339,P1763,W2240,716,81,77,0,2026-01-21
I6340,P1897,W960,307,127,23,6,2025-07-29
I6341,P84,W5679,480,125,45,19,2026-01-17
I6342,P9787,W9082,392,167,47,2,2025-06-06
I6343,P1253,W4696,737,47,14,6,2026-01-19
I6344,P1289,W5612,174,49,33,2,2026-01-31
I6345,P3216,W5643,720,89,45,17,2025-07-19
I6346,P9796,W6958,543,127,10,15,2026-05-04
I6347,P605,W5268,892,185,63,14,2026-02-17
I6348,P910,W1636,297,21,64,14,2026-03-16
I6349,P7327,W7406,530,123,30,19,2025-11-03
I6350,P2745,W3886,435,73,65,12,2026-03-05
I6351,P5306,W7539,50,170,42,0,2025-10-29
I6352,P2850,W9872,913,122,90,11,2025-11-09
I6353,P46,W3140,350,184,36,8,2025-07-07
I6354,P9263,W6671,690,189,14,19,2025-09-02
I6355,P3602,W8327,147,154,57,13,2025-06-05
I6356,P3747,W8960,653,165,72,5,2025-09-16
I6357,P628,W250,81,47,56,11,2025-07-15
I6358,P194,W6211,200,153,39,16,2025-07-25
I6359,P900,W1859,284,74,5,12,2026-04-12
I6360,P5968,W1888,865,57,50,16,2025-12-05
I6361,P1199,W5067,869,128,16,11,2026-03-25
I6362,P5134,W4013,164,137,50,6,2025-06-27
I6363,P7237,W326,15,165,80,12,2025-11-16
I6364,P4768,W9930,244,88,81,6,2026-04-14
I6365,P5113,W4596,821,76,19,3,2026-05-14
I6366,P9820,W1820,396,11,8,10,2026-05-07
I6367,P8778,W4398,645,107,18,2,2025-12-11
I6368,P410,W5636,63,47,46,10,2025-06-19
I6369,P4206,W8135,875,61,9,9,2025-06-04
I6370,P2147,W9685,496,130,66,14,2025-09-05
I6371,P3589,W7860,851,115,45,13,2026-04-03
I6372,P6015,W9611,335,108,93,17,2025-10-10
I6373,P5122,W2439,881,175,37,2,2025-09-17
I6374,P1290,W5073,928,67,20,5,2026-02-17
I6375,P2361,W433,839,185,69,16,2025-07-16
I6376,P5328,W4301,761,85,18,0,2025-10-31
I6377,P5884,W1034,948,17,48,15,2025-09-02
I6378,P1524,W9288,433,40,10,2,2025-11-17
I6379,P6348,W4554,769,31,74,3,2025-12-12
I6380,P3364,W4744,849,177,53,9,2025-11-02
I6381,P1081,W4717,195,135,82,11,2025-08-20
I6382,P3831,W9531,739,173,68,1,2025-09-14
I6383,P7906,W1250,338,21,81,3,2026-03-20
I6384,P8257,W6669,427,70,14,20,2025-10-18
I6385,P5305,W2341,325,134,6,19,2025-09-24
I6386,P2394,W20,900,139,28,16,2025-09-25
I6387,P2887,W328,941,94,89,15,2026-01-05
I6388,P5360,W6535,580,59,95,13,2025-08-29
I6389,P2115,W7079,148,28,48,15,2025-07-04
I6390,P1651,W7223,28,80,74,12,2026-05-14
I6391,P2396,W2878,374,47,66,0,2025-06-27
I6392,P324,W5955,898,161,92,5,2025-07-18
I6393,P2937,W14,720,169,85,15,2025-12-20
I6394,P5968,W4297,184,27,78,20,2026-01-21
I6395,P4178,W7617,999,69,88,6,2025-12-21
I6396,P896,W7064,472,105,63,13,2025-11-05
I6397,P5623,W4808,773,79,82,2,2025-11-15
I6398,P4183,W5136,161,162,34,11,2026-04-27
I6399,P9946,W7962,246,18,58,19,2026-04-16
I6400,P1287,W9613,473,165,34,19,2026-02-21
I6401,P2411,W2762,957,140,85,11,2025-05-31
I6402,P9597,W7681,23,95,57,5,2026-02-17
I6403,P416,W9472,490,148,61,0,2026-01-21
I6404,P5563,W5747,131,120,97,0,2026-05-27
I6405,P1529,W4203,639,124,30,19,2025-08-16
I6406,P9092,W4274,550,11,53,16,2026-03-29
I6407,P5088,W3439,958,60,37,17,2026-05-23
I6408,P9167,W6111,683,51,66,20,2026-02-12
I6409,P8380,W8886,634,75,66,1,2026-04-05
I6410,P6315,W4866,181,24,63,14,2026-05-19
I6411,P708,W3553,97,153,100,5,2025-11-22
I6412,P1936,W1342,878,68,58,13,2026-05-21
I6413,P7617,W2065,650,151,38,9,2026-05-07
I6414,P2301,W8420,37,71,90,7,2026-04-17
I6415,P600,W918,417,142,84,4,2025-09-24
I6416,P616,W6490,830,183,77,5,2025-11-03
I6417,P9621,W8016,549,34,31,0,2025-08-24
I6418,P6591,W3097,972,19,37,0,2025-08-01
I6419,P428,W7505,938,160,94,2,2026-02-15
I6420,P9648,W207,73,95,22,10,2026-02-12
I6421,P7090,W1361,878,191,67,6,2025-10-06
I6422,P9156,W1636,4,105,66,1,2026-01-16
I6423,P5216,W5239,195,106,36,8,2026-04-24
I6424,P5911,W8837,403,88,46,5,2025-12-01
I6425,P8296,W2177,869,86,64,4,2026-01-04
I6426,P8198,W5809,247,163,89,4,2025-11-02
I6427,P3919,W3732,522,54,18,18,2025-12-27
I6428,P8574,W7839,554,20,17,6,2025-09-11
I6429,P2570,W8559,888,42,31,12,2026-05-27
I6430,P2723,W4538,144,184,38,2,2025-10-16
I6431,P3875,W2294,225,60,93,4,2026-05-22
I6432,P7097,W9674,387,51,94,15,2025-11-08
I6433,P4392,W298,382,160,26,1,2025-09-05
I6434,P1662,W9738,240,169,27,13,2026-01-25
I6435,P785,W4653,902,102,29,0,2025-12-26
I6436,P3733,W2619,343,86,55,19,2025-10-23
I6437,P7628,W6808,481,152,27,6,2026-03-05
I6438,P5859,W9859,149,146,85,8,2025-08-21
I6439,P8798,W6572,60,167,43,7,2025-11-17
I6440,P8721,W6047,742,64,92,18,2025-08-11
I6441,P6856,W1034,283,165,45,11,2026-01-11
I6442,P1135,W2503,698,108,61,9,2025-09-09
I6443,P143,W6709,443,67,64,9,2025-11-02
I6444,P9984,W9741,149,135,71,3,2025-06-08
I6445,P2768,W809,796,34,96,3,2026-02-09
I6446,P8932,W8984,359,145,16,10,2025-08-30
I6447,P5813,W8316,711,59,64,6,2026-04-20
I6448,P3980,W751,167,158,100,2,2026-01-21
I6449,P5928,W1789,805,31,18,7,2026-03-10
I6450,P9745,W476,550,145,23,7,2026-03-31
I6451,P7258,W5480,898,179,53,10,2025-07-18
I6452,P1459,W8346,87,24,100,11,2025-08-04
I6453,P2870,W8486,807,91,15,9,2025-12-20
I6454,P5959,W7767,230,192,51,12,2025-08-13
I6455,P9634,W4670,68,165,61,2,2026-05-01
I6456,P4983,W2980,772,91,72,4,2025-12-14
I6457,P1127,W4949,565,28,17,18,2026-04-27
I6458,P6248,W5055,592,21,24,16,2025-10-28
I6459,P3520,W8170,799,139,25,2,2025-09-23
I6460,P8260,W3075,193,200,96,14,2025-09-05
I6461,P6098,W4058,134,151,98,1,2025-08-05
I6462,P5561,W3760,54,25,100,14,2025-10-30
I6463,P1349,W9084,535,29,81,9,2025-11-15
I6464,P7027,W7722,47,107,90,5,2025-10-24
I6465,P7656,W243,15,185,7,17,2025-10-17
I6466,P9058,W9753,777,104,55,2,2025-07-25
I6467,P3838,W8102,400,162,78,13,2025-11-07
I6468,P1185,W8144,65,107,96,8,2025-12-12
I6469,P1016,W112,908,113,44,8,2025-09-03
I6470,P6136,W5546,505,17,16,10,2025-09-17
I6471,P7941,W3313,699,198,19,15,2025-08-18
I6472,P2117,W7683,332,24,77,6,2025-10-06
I6473,P7155,W6387,849,53,12,6,2026-02-01
I6474,P3831,W8661,523,129,90,3,2025-10-21
I6475,P6358,W9063,562,22,9,1,2026-04-06
I6476,P6356,W762,316,12,10,13,2025-08-05
I6477,P5782,W6834,746,64,51,6,2025-12-27
I6478,P7640,W502,181,22,54,11,2026-02-06
I6479,P2862,W1247,269,186,68,1,2025-06-28
I6480,P6036,W4200,391,178,63,3,2026-02-10
I6481,P6336,W4951,717,81,38,9,2025-07-09
I6482,P5828,W9184,430,123,37,5,2025-08-16
I6483,P413,W6320,936,59,22,5,2026-02-06
I6484,P2345,W7041,496,33,56,9,2025-06-22
I6485,P3878,W4657,211,60,27,15,2025-12-02
I6486,P5018,W6493,362,127,62,13,2026-05-24
I6487,P7443,W2359,958,91,74,10,2025-10-16
I6488,P6612,W6832,961,187,77,3,2025-11-14
I6489,P9954,W8067,658,198,10,19,2026-01-11
I6490,P3098,W2251,155,44,65,6,2026-02-11
I6491,P6285,W8073,161,93,87,4,2026-04-11
I6492,P7151,W2824,643,75,96,15,2026-05-13
I6493,P2346,W9706,593,142,50,13,2026-04-27
I6494,P6078,W1086,782,174,64,8,2026-04-20
I6495,P5414,W8336,791,105,11,17,2025-07-11
I6496,P9987,W1634,420,143,26,9,2026-04-10
I6497,P5597,W8962,935,59,50,20,2026-04-28
I6498,P8999,W2677,627,50,35,19,2026-05-19
I6499,P8815,W2287,367,12,40,0,2026-02-19
I6500,P1741,W8094,708,36,57,7,2025-12-02
I6501,P1557,W4717,551,36,34,12,2025-11-28
I6502,P8786,W3085,700,121,97,0,2026-01-10
I6503,P586,W2700,235,182,39,13,2025-12-24
I6504,P7311,W3387,715,29,58,18,2026-05-03
I6505,P1454,W5032,192,165,18,12,2025-08-07
I6506,P4013,W5709,479,69,66,17,2026-02-12
I6507,P8847,W9038,452,178,18,13,2026-04-02
I6508,P9408,W1397,919,165,77,11,2025-11-30
I6509,P9400,W5652,296,10,69,8,2025-08-09
I6510,P3094,W7774,194,31,59,1,2026-05-23
I6511,P2939,W9272,387,112,53,7,2025-08-16
I6512,P8944,W4427,739,40,27,2,2025-10-31
I6513,P2833,W9873,638,74,43,12,2025-08-09
I6514,P1349,W7370,643,37,51,0,2025-07-16
I6515,P9577,W8529,519,90,14,15,2026-03-31
I6516,P1004,W9545,682,85,91,9,2026-02-04
I6517,P8390,W9874,232,152,50,11,2025-10-06
I6518,P2954,W6597,345,10,17,3,2025-10-05
I6519,P3662,W185,517,144,43,3,2025-06-22
I6520,P6271,W7093,166,172,91,20,2026-03-17
I6521,P5204,W564,142,26,57,2,2026-01-11
I6522,P4936,W6601,301,93,46,0,2025-10-26
I6523,P6709,W5954,592,163,69,0,2025-10-13
I6524,P1167,W568,292,10,31,4,2025-09-14
I6525,P1079,W1773,662,83,53,14,2026-05-16
I6526,P7503,W2718,416,90,70,19,2026-03-14
I6527,P9879,W6963,954,44,72,11,2025-07-24
I6528,P2443,W4306,22,175,98,1,2026-03-20
I6529,P2145,W4114,716,42,29,16,2026-04-02
I6530,P2033,W9857,563,176,60,20,2025-05-30
I6531,P7321,W9321,940,181,44,2,2025-11-28
I6532,P1415,W3898,276,82,96,0,2026-03-16
I6533,P3421,W4864,325,119,15,2,2026-04-28
I6534,P2020,W7503,589,28,47,3,2025-08-02
I6535,P9327,W374,929,172,86,1,2025-09-18
I6536,P4227,W2225,523,20,35,2,2026-01-25
I6537,P2479,W9604,463,61,44,9,2026-01-17
I6538,P9068,W6783,647,185,48,4,2026-04-02
I6539,P770,W5783,542,122,76,8,2026-03-06
I6540,P4603,W9737,496,173,87,19,2025-07-06
I6541,P3684,W123,890,108,40,10,2026-01-15
I6542,P9625,W6654,504,98,8,14,2025-07-03
I6543,P8484,W1667,39,24,42,19,2025-12-15
I6544,P7812,W3645,407,183,64,1,2025-08-09
I6545,P7946,W5217,902,168,24,13,2025-05-30
I6546,P1188,W613,936,171,15,11,2025-12-13
I6547,P4111,W7734,759,35,8,15,2026-03-30
I6548,P9266,W3487,158,98,52,3,2026-02-20
I6549,P3171,W7386,541,130,40,12,2026-05-03
I6550,P187,W5044,401,157,60,2,2026-02-07
I6551,P1503,W7167,836,164,61,0,2025-12-21
I6552,P1984,W6181,259,187,34,8,2025-06-26
I6553,P9291,W19,369,159,31,9,2026-04-01
I6554,P3993,W6593,912,41,98,12,2026-03-29
I6555,P7210,W218,568,181,5,8,2025-12-17
I6556,P9338,W4480,441,47,28,17,2026-04-05
I6557,P3670,W6186,896,156,83,14,2025-06-05
I6558,P3325,W8856,776,11,71,14,2025-07-06
I6559,P1894,W5412,782,129,21,6,2026-05-17
I6560,P1882,W3451,766,140,23,10,2025-10-16
I6561,P206,W1549,947,168,45,9,2026-04-18
I6562,P5875,W5764,64,107,29,8,2026-03-03
I6563,P881,W2244,731,39,38,4,2025-09-17
I6564,P7051,W2446,879,29,72,17,2026-01-30
I6565,P6698,W5423,898,146,9,20,2025-07-23
I6566,P3160,W758,742,77,43,17,2025-11-25
I6567,P7028,W9955,709,148,25,19,2025-10-14
I6568,P1819,W7194,387,132,83,8,2025-09-09
I6569,P1484,W3391,843,157,100,4,2025-08-04
I6570,P3838,W9236,989,29,94,4,2025-08-11
I6571,P3877,W1884,909,19,18,15,2025-10-30
I6572,P3041,W2850,520,21,99,11,2025-09-09
I6573,P6498,W451,179,67,93,9,2026-04-28
I6574,P4301,W799,221,184,75,5,2026-04-25
I6575,P2333,W6364,525,110,47,9,2025-08-08
I6576,P4833,W4639,269,124,34,13,2025-08-21
I6577,P7242,W7675,121,17,84,18,2025-12-14
I6578,P9802,W8670,807,157,94,3,2026-01-29
I6579,P2180,W3581,504,195,6,3,2025-07-24
I6580,P7565,W8079,53,28,89,2,2025-08-14
I6581,P643,W1431,226,140,34,9,2025-06-23
I6582,P1421,W6481,263,177,37,4,2026-02-19
I6583,P4171,W932,588,148,88,4,2026-02-08
I6584,P7404,W4604,736,77,13,8,2025-12-24
I6585,P1449,W2306,316,59,96,17,2025-06-16
I6586,P7851,W9973,146,152,9,7,2025-07-18
I6587,P2067,W6666,702,21,62,3,2025-12-17
I6588,P6646,W5315,69,87,37,13,2026-04-19
I6589,P6353,W6072,250,125,27,10,2026-03-07
I6590,P5574,W5111,981,11,35,2,2025-07-10
I6591,P7120,W362,361,198,30,4,2026-02-12
I6592,P8893,W2654,602,85,32,4,2026-01-07
I6593,P2909,W6537,636,163,74,5,2025-07-29
I6594,P6965,W3892,923,157,50,20,2026-02-23
I6595,P5785,W4782,472,49,24,15,2025-08-10
I6596,P9346,W9946,517,124,53,4,2025-08-07
I6597,P7424,W4511,913,110,18,1,2026-01-23
I6598,P9089,W1146,547,91,32,10,2025-11-19
I6599,P9237,W7486,539,186,61,1,2025-12-03
I6600,P7021,W927,320,29,30,12,2025-08-08
I6601,P7137,W4946,23,27,22,11,2026-02-19
I6602,P2579,W8818,22,92,15,14,2025-07-31
I6603,P607,W7164,991,29,20,16,2025-06-17
I6604,P8221,W3576,210,113,99,17,2025-05-29
I6605,P8181,W7532,341,164,22,10,2026-05-05
I6606,P6193,W5667,191,82,98,15,2025-06-19
I6607,P5024,W1920,807,17,88,19,2026-04-04
I6608,P6926,W2669,386,130,88,4,2026-02-13
I6609,P5128,W1383,62,27,91,7,2026-02-20
I6610,P9514,W8964,456,139,89,12,2026-02-04
I6611,P5717,W1048,46,26,15,20,2025-12-03
I6612,P1444,W6804,253,51,40,17,2026-05-28
I6613,P4297,W4986,56,41,66,4,2026-02-08
I6614,P4776,W605,258,198,19,8,2026-05-26
I6615,P2971,W8343,486,128,87,4,2026-03-11
I6616,P8022,W9185,479,143,25,0,2025-08-14
I6617,P7705,W1531,497,53,75,9,2025-05-28
I6618,P6269,W3558,899,73,86,4,2026-01-19
I6619,P8095,W7058,417,24,19,7,2026-02-22
I6620,P5380,W223,354,104,24,0,2025-06-29
I6621,P9779,W7480,909,88,50,3,2025-08-20
I6622,P8671,W1306,76,122,35,8,2026-04-10
I6623,P867,W5091,607,188,18,5,2026-01-22
I6624,P8805,W6696,408,36,17,20,2026-01-21
I6625,P4683,W1648,385,77,63,2,2026-05-06
I6626,P6479,W533,261,126,32,1,2025-11-27
I6627,P4974,W7180,167,44,83,16,2025-06-25
I6628,P8045,W296,975,81,8,5,2025-10-01
I6629,P7410,W653,453,166,67,19,2026-05-18
I6630,P3871,W2325,845,199,79,15,2025-09-04
I6631,P3745,W4630,840,39,62,3,2026-03-07
I6632,P9165,W3920,993,164,19,18,2025-08-24
I6633,P4652,W5407,2,45,14,15,2026-03-03
I6634,P4413,W4121,114,42,43,17,2025-11-04
I6635,P729,W5419,940,44,100,10,2025-07-14
I6636,P3649,W9228,7,190,70,15,2025-07-23
I6637,P7042,W1267,123,75,74,17,2025-10-10
I6638,P3690,W7445,840,43,25,16,2025-09-23
I6639,P2760,W108,182,139,51,6,2025-08-25
I6640,P265,W6665,562,163,9,10,2025-06-17
I6641,P4026,W5815,931,79,99,7,2025-10-21
I6642,P8564,W5979,726,124,99,7,2025-08-10
I6643,P4120,W1708,847,164,29,6,2026-04-18
I6644,P9405,W8944,693,71,40,5,2025-06-18
I6645,P2810,W258,311,71,89,2,2026-02-20
I6646,P8295,W3062,177,34,21,20,2026-04-20
I6647,P3552,W4377,556,39,9,7,2026-02-08
I6648,P9065,W8815,286,72,34,11,2025-08-08
I6649,P8014,W5427,720,150,68,3,2025-10-31
I6650,P1153,W2955,199,128,98,12,2025-08-09
I6651,P3384,W6664,502,25,85,14,2026-04-29
I6652,P2439,W3383,892,191,43,19,2025-09-22
I6653,P8183,W8821,1000,182,36,11,2025-07-07
I6654,P7091,W6708,415,154,5,9,2025-09-18
I6655,P1363,W5602,187,80,16,8,2025-06-21
I6656,P1388,W5193,69,162,90,7,2026-05-22
I6657,P3408,W5142,638,134,87,12,2026-02-21
I6658,P8084,W695,543,87,40,2,2025-08-26
I6659,P2844,W3363,70,109,71,9,2025-07-12
I6660,P2309,W6117,671,137,53,15,2025-10-13
I6661,P8791,W9390,341,98,23,17,2025-06-19
I6662,P8958,W8246,635,67,73,19,2025-06-27
I6663,P8643,W5310,975,12,84,14,2025-07-27
I6664,P933,W788,200,174,81,8,2025-07-10
I6665,P7476,W8854,558,133,91,0,2026-05-25
I6666,P6233,W2145,442,149,91,18,2026-01-24
I6667,P5956,W8666,843,188,78,2,2025-06-02
I6668,P6916,W2217,978,194,11,20,2026-01-06
I6669,P445,W7373,732,68,22,20,2025-06-02
I6670,P4690,W2395,359,180,6,13,2026-02-17
I6671,P7849,W6046,580,159,23,8,2025-06-01
I6672,P5988,W53,727,185,15,2,2026-05-28
I6673,P7491,W5821,557,76,63,17,2026-04-05
I6674,P814,W3252,876,176,89,19,2026-01-22
I6675,P9542,W1998,499,143,46,14,2025-10-16
I6676,P3238,W9551,285,33,74,14,2026-04-01
I6677,P2116,W4420,446,28,31,18,2026-03-18
I6678,P7003,W458,755,172,17,3,2025-09-06
I6679,P2376,W21,619,143,25,2,2026-04-22
I6680,P9143,W945,65,93,37,8,2026-05-22
I6681,P9988,W1666,762,108,19,17,2025-08-08
I6682,P2822,W6645,588,138,94,0,2026-04-30
I6683,P7968,W8785,598,159,90,5,2026-05-26
I6684,P8040,W1221,69,186,36,13,2025-08-12
I6685,P6870,W2871,369,88,60,13,2025-12-24
I6686,P6083,W3413,438,123,95,4,2026-01-14
I6687,P8450,W2848,541,14,6,2,2026-05-11
I6688,P3985,W1667,902,26,70,0,2026-01-29
I6689,P9062,W9652,652,83,89,16,2025-06-28
I6690,P7262,W7928,748,18,60,4,2025-10-27
I6691,P9958,W3220,431,133,88,11,2025-07-11
I6692,P4073,W5727,519,21,55,16,2026-01-17
I6693,P5234,W963,511,147,99,18,2025-10-23
I6694,P5927,W173,444,166,25,8,2025-08-31
I6695,P6558,W258,794,136,14,10,2026-03-21
I6696,P2126,W6046,633,13,93,1,2026-03-12
I6697,P6900,W6223,514,145,59,16,2026-04-06
I6698,P4703,W8443,93,171,46,8,2026-04-05
I6699,P4009,W6137,386,144,43,10,2025-08-20
I6700,P6045,W3371,288,15,32,18,2025-10-08
I6701,P1957,W9126,691,193,49,6,2025-10-05
I6702,P7890,W9598,34,135,35,15,2025-07-01
I6703,P6714,W7599,665,195,99,7,2026-03-10
I6704,P6539,W9520,484,143,53,10,2025-11-25
I6705,P9854,W7223,715,21,59,10,2026-01-30
I6706,P2804,W9670,673,181,33,20,2025-07-19
I6707,P4978,W260,655,135,43,1,2025-11-24
I6708,P7298,W7799,11,47,85,0,2025-07-10
I6709,P7141,W9238,91,154,9,0,2025-08-26
I6710,P9660,W5791,951,197,42,1,2025-12-20
I6711,P9876,W2358,468,151,51,11,2026-05-23
I6712,P611,W1048,728,39,92,20,2026-05-12
I6713,P9667,W7762,389,160,66,0,2025-10-14
I6714,P6067,W2535,924,98,95,9,2026-01-08
I6715,P8566,W7594,367,92,94,2,2025-09-21
I6716,P2594,W6775,406,33,61,17,2025-07-20
I6717,P3812,W7329,673,30,41,15,2025-10-09
I6718,P9225,W4665,568,65,58,2,2026-02-28
I6719,P3198,W7121,931,143,40,0,2026-03-12
I6720,P184,W3981,773,134,79,5,2025-06-27
I6721,P4286,W6838,953,124,50,19,2025-11-22
I6722,P422,W994,485,13,92,13,2026-04-26
I6723,P7729,W6894,497,99,20,8,2025-10-09
I6724,P5309,W7296,841,90,76,16,2026-01-09
I6725,P9666,W4708,845,24,80,18,2026-01-15
I6726,P9451,W4746,241,200,84,1,2026-03-20
I6727,P1607,W4316,2,175,21,9,2026-03-06
I6728,P6966,W4015,539,37,9,15,2025-10-30
I6729,P4530,W4128,911,110,92,6,2025-07-18
I6730,P3206,W7083,307,162,46,1,2025-08-25
I6731,P8116,W6099,319,137,95,6,2026-05-08
I6732,P2547,W8890,857,38,39,6,2025-08-01
I6733,P7868,W2395,82,12,64,7,2026-05-22
I6734,P2388,W8737,511,99,58,11,2025-07-25
I6735,P586,W2207,655,47,85,20,2026-03-12
I6736,P3524,W9956,647,107,89,19,2025-08-30
I6737,P8170,W6125,985,128,89,18,2025-09-21
I6738,P5427,W2439,638,147,89,4,2026-02-26
I6739,P6506,W5508,334,198,38,13,2025-07-01
I6740,P2447,W5385,304,143,42,10,2025-12-27
I6741,P1483,W3786,109,59,80,12,2025-10-07
I6742,P7919,W3161,564,46,31,20,2026-03-02
I6743,P5994,W5927,322,13,8,5,2026-03-17
I6744,P7702,W9914,385,31,18,20,2026-01-24
I6745,P5702,W8800,389,150,57,17,2025-06-04
I6746,P29,W6298,973,64,87,0,2025-05-28
I6747,P4446,W2930,134,121,70,18,2025-08-16
I6748,P6898,W2881,644,173,63,19,2025-08-06
I6749,P4159,W4953,828,183,88,3,2026-01-15
I6750,P2715,W73,138,68,50,13,2025-07-06
I6751,P6133,W971,462,113,71,11,2025-06-10
I6752,P9566,W1190,420,23,39,19,2026-02-07
I6753,P5169,W9599,184,119,68,7,2026-03-10
I6754,P3932,W9895,780,165,39,7,2026-02-17
I6755,P8466,W6945,538,88,33,0,2026-03-15
I6756,P8205,W115,101,136,86,1,2025-07-19
I6757,P5775,W2989,597,82,33,1,2026-03-03
I6758,P199,W6563,768,122,88,15,2025-06-01
I6759,P487,W4886,433,56,68,5,2025-08-20
I6760,P1839,W3308,539,19,80,17,2026-02-28
I6761,P6475,W9832,646,62,84,20,2025-06-10
I6762,P35,W3420,36,52,11,4,2026-02-19
I6763,P8621,W8186,41,45,80,18,2025-08-22
I6764,P8409,W4443,646,39,17,14,2025-08-26
I6765,P2818,W6423,486,25,57,7,2025-08-10
I6766,P1390,W326,253,33,95,17,2026-03-19
I6767,P4076,W433,874,194,59,11,2025-09-21
I6768,P3194,W1423,294,146,6,15,2026-03-30
I6769,P3737,W7667,482,162,46,15,2025-08-14
I6770,P7148,W5652,89,60,73,2,2026-05-28
I6771,P7822,W7128,992,42,31,17,2026-04-21
I6772,P402,W3010,375,119,96,5,2025-11-20
I6773,P2787,W1934,339,123,97,5,2026-04-27
I6774,P749,W6589,534,101,12,15,2026-04-08
I6775,P6662,W2214,798,16,52,7,2026-01-08
I6776,P5869,W5236,717,191,87,18,2026-03-02
I6777,P9766,W6462,726,195,64,11,2025-10-22
I6778,P425,W7667,181,159,32,8,2025-11-06
I6779,P3045,W2724,959,14,24,7,2026-05-03
I6780,P2543,W5706,471,196,42,0,2025-08-25
I6781,P1097,W4275,816,167,25,20,2025-10-15
I6782,P8480,W50,658,13,82,5,2025-12-30
I6783,P2640,W8276,108,172,79,4,2026-03-14
I6784,P2384,W8292,702,147,67,11,2025-10-06
I6785,P2880,W9974,601,12,33,2,2026-03-19
I6786,P2963,W5628,287,60,43,8,2026-05-12
I6787,P2878,W7186,31,117,12,2,2025-09-03
I6788,P8305,W7725,876,110,84,12,2026-01-23
I6789,P5682,W2943,981,98,84,3,2025-11-11
I6790,P3635,W8089,758,62,56,16,2026-04-19
I6791,P8406,W169,727,26,6,17,2025-12-05
I6792,P1293,W618,817,145,11,3,2025-12-17
I6793,P9843,W1260,986,48,87,4,2025-06-09
I6794,P6314,W3193,430,53,61,6,2025-08-13
I6795,P5639,W4070,577,185,96,3,2026-03-11
I6796,P9692,W9973,755,176,34,8,2025-11-02
I6797,P4273,W9983,188,180,48,9,2025-08-17
I6798,P3990,W6474,604,188,26,5,2026-04-22
I6799,P7777,W5941,654,17,7,10,2025-10-17
I6800,P7413,W2070,279,39,86,14,2025-12-12
I6801,P4276,W244,200,138,11,20,2025-12-16
I6802,P1805,W4359,415,81,18,0,2025-05-28
I6803,P5884,W3078,613,84,20,8,2025-06-12
I6804,P686,W8596,378,24,95,11,2026-02-22
I6805,P7540,W3397,134,76,66,7,2026-04-29
I6806,P4404,W5071,540,145,16,14,2025-09-29
I6807,P6238,W3285,0,119,63,20,2025-09-29
I6808,P8767,W9882,612,72,35,14,2025-08-19
I6809,P8975,W5801,901,136,74,1,2025-11-08
I6810,P6576,W2228,779,59,6,10,2025-09-02
I6811,P3044,W5164,697,35,5,9,2025-08-02
I6812,P7189,W4171,944,68,75,18,2026-05-14
I6813,P9261,W5477,886,58,9,11,2026-05-01
I6814,P5312,W1792,463,115,41,14,2025-09-15
I6815,P9149,W5308,956,155,74,5,2026-01-15
I6816,P316,W3512,840,81,70,3,2025-06-23
I6817,P3075,W9357,964,91,81,18,2026-05-08
I6818,P3150,W2803,73,81,80,11,2026-05-12
I6819,P2072,W2006,41,17,97,12,2025-07-15
I6820,P1485,W4140,898,86,68,19,2025-11-29
I6821,P644,W6635,164,70,49,5,2025-09-22
I6822,P3562,W586,146,115,47,3,2026-05-08
I6823,P961,W1927,1000,90,80,6,2026-04-15
I6824,P6570,W276,97,31,67,5,2025-08-02
I6825,P643,W8978,946,191,63,2,2026-02-10
I6826,P4247,W4661,684,78,57,14,2025-11-22
I6827,P2239,W1999,520,135,54,16,2025-07-10
I6828,P7231,W1996,431,96,61,9,2025-07-23
I6829,P8167,W2593,335,94,72,2,2025-08-06
I6830,P5717,W5280,964,24,24,9,2025-11-27
I6831,P9281,W3192,970,131,29,12,2026-02-25
I6832,P327,W5785,977,87,19,20,2025-10-05
I6833,P6485,W627,300,28,27,16,2025-12-26
I6834,P1501,W8160,365,173,33,10,2025-10-22
I6835,P1897,W8652,934,18,37,10,2025-11-07
I6836,P6349,W7826,327,149,37,18,2026-04-12
I6837,P7694,W849,632,31,40,4,2025-05-29
I6838,P1081,W2527,674,115,35,19,2025-11-10
I6839,P4069,W2185,47,35,95,19,2026-04-24
I6840,P2176,W6014,636,182,72,11,2026-03-16
I6841,P2969,W3546,710,147,40,5,2025-11-30
I6842,P9590,W6763,384,95,80,10,2026-03-20
I6843,P5006,W4128,103,57,61,17,2026-04-05
I6844,P9953,W3901,331,164,85,0,2026-04-11
I6845,P7973,W7588,418,80,31,1,2025-12-02
I6846,P3059,W493,325,46,69,7,2026-01-18
I6847,P7611,W5545,158,109,82,9,2025-10-16
I6848,P7489,W8524,504,42,49,17,2025-12-04
I6849,P673,W9082,864,103,66,4,2025-07-31
I6850,P7336,W40,902,131,59,4,2026-03-15
I6851,P1373,W1989,220,193,23,19,2025-06-18
I6852,P1097,W8707,658,199,6,3,2026-05-15
I6853,P7446,W3173,608,27,36,0,2026-01-31
I6854,P6240,W4222,456,113,47,6,2025-08-25
I6855,P9440,W8480,434,149,96,11,2025-06-08
I6856,P8925,W5122,449,66,60,5,2025-12-15
I6857,P2086,W5917,757,200,92,7,2025-06-27
I6858,P756,W8491,578,176,79,17,2026-04-29
I6859,P9829,W4572,278,189,62,13,2025-08-28
I6860,P9666,W9774,156,131,36,9,2025-08-18
I6861,P4636,W8073,547,48,12,4,2026-04-03
I6862,P2787,W817,536,75,69,16,2025-06-20
I6863,P4730,W4219,830,15,89,17,2025-12-05
I6864,P4158,W6706,275,17,77,9,2025-09-01
I6865,P4376,W5594,372,74,56,3,2025-12-11
I6866,P9529,W8594,819,94,61,4,2026-04-07
I6867,P6178,W5196,898,42,15,6,2025-07-16
I6868,P3387,W1200,340,176,27,5,2025-08-25
I6869,P3943,W5726,239,104,32,3,2025-09-17
I6870,P3452,W6029,739,31,86,13,2026-01-28
I6871,P8560,W705,987,66,52,3,2026-04-09
I6872,P6514,W8135,878,22,23,2,2026-01-10
I6873,P5474,W7140,553,163,51,6,2026-01-29
I6874,P4846,W5688,45,107,61,5,2025-07-03
I6875,P3911,W4672,949,179,100,16,2025-08-13
I6876,P8017,W5334,103,42,14,17,2025-07-05
I6877,P5187,W3906,912,50,37,11,2026-05-11
I6878,P777,W6795,360,44,18,14,2025-11-04
I6879,P1392,W2896,845,108,56,10,2025-06-03
I6880,P2204,W2552,396,173,92,7,2026-01-04
I6881,P934,W3690,790,12,9,3,2026-01-22
I6882,P3933,W3269,235,147,40,16,2025-07-06
I6883,P1025,W9959,939,91,81,9,2025-06-05
I6884,P605,W1142,537,36,9,7,2025-10-11
I6885,P8486,W9032,693,44,79,13,2025-09-07
I6886,P1535,W1158,505,95,56,15,2026-05-11
I6887,P249,W204,197,42,16,8,2025-10-17
I6888,P2592,W7388,63,98,54,13,2026-03-15
I6889,P3303,W7186,585,58,6,6,2025-07-11
I6890,P6301,W7947,91,142,13,6,2025-08-23
I6891,P2375,W900,517,105,46,4,2025-07-10
I6892,P3279,W2711,262,149,17,6,2025-10-13
I6893,P1575,W2363,354,102,41,2,2025-07-18
I6894,P6359,W6792,860,11,41,11,2026-04-15
I6895,P4596,W2117,230,125,19,17,2025-10-21
I6896,P9115,W8163,895,192,72,5,2025-11-13
I6897,P1648,W536,277,177,27,2,2025-11-10
I6898,P7488,W5447,813,165,81,2,2025-06-22
I6899,P4244,W9999,141,145,46,18,2025-08-13
I6900,P1262,W1106,565,151,22,5,2025-10-15
I6901,P2106,W42,373,179,72,17,2026-04-22
I6902,P5083,W5151,61,197,64,1,2025-09-04
I6903,P6791,W4642,88,56,47,14,2025-12-09
I6904,P2744,W4100,71,67,77,14,2026-05-03
I6905,P3976,W8736,744,154,70,5,2026-04-03
I6906,P3284,W8805,400,176,7,12,2026-05-22
I6907,P9078,W9560,389,21,23,6,2025-08-13
I6908,P5886,W9977,259,119,13,1,2025-08-21
I6909,P4530,W2066,24,57,36,6,2025-11-29
I6910,P8811,W6164,470,94,68,16,2025-09-01
I6911,P2439,W906,1000,114,44,9,2025-12-03
I6912,P4343,W9444,301,178,52,9,2025-06-19
I6913,P8053,W5560,469,86,25,18,2026-02-26
I6914,P1209,W1389,991,142,83,7,2025-07-12
I6915,P4265,W9601,679,56,18,4,2026-04-07
I6916,P8416,W9963,26,153,41,9,2026-03-11
I6917,P1070,W4319,863,130,77,6,2025-06-05
I6918,P5160,W2608,232,145,19,11,2025-08-22
I6919,P4614,W6407,445,156,31,9,2025-08-12
I6920,P8870,W1872,658,150,96,4,2026-03-07
I6921,P5574,W8533,905,98,46,7,2026-02-25
I6922,P7477,W5808,702,14,7,15,2025-07-07
I6923,P6946,W5055,566,71,30,14,2026-03-26
I6924,P6032,W1344,269,19,99,15,2026-05-01
I6925,P4915,W3445,836,76,63,14,2025-12-14
I6926,P7805,W5238,839,37,7,0,2025-11-20
I6927,P9274,W9057,424,185,47,1,2026-02-25
I6928,P8287,W2093,22,154,35,4,2026-01-28
I6929,P4856,W6853,694,123,25,1,2025-06-25
I6930,P1446,W1761,114,47,56,11,2025-10-07
I6931,P7828,W1065,787,63,95,12,2025-06-05
I6932,P5764,W6332,570,58,28,10,2026-05-04
I6933,P6582,W3244,19,24,18,7,2025-09-27
I6934,P7333,W9143,532,195,38,10,2026-05-10
I6935,P6316,W9304,318,25,23,17,2025-08-17
I6936,P3982,W8251,823,155,37,10,2026-03-09
I6937,P6627,W691,555,141,50,18,2025-11-19
I6938,P122,W8734,3,155,34,14,2025-09-10
I6939,P7845,W8685,579,79,99,18,2026-01-20
I6940,P656,W6688,876,177,75,4,2026-01-02
I6941,P9838,W9481,660,173,9,10,2025-11-21
I6942,P3500,W5749,766,67,7,14,2025-09-10
I6943,P3805,W4866,795,50,34,8,2026-03-30
I6944,P5655,W3010,819,85,14,18,2025-10-06
I6945,P230,W3207,186,30,49,8,2025-07-04
I6946,P6690,W2121,708,116,39,17,2026-05-12
I6947,P4443,W4523,127,10,83,14,2026-01-15
I6948,P7051,W5677,208,59,65,7,2025-08-29
I6949,P7891,W6382,24,193,41,18,2025-12-29
I6950,P7124,W2207,438,81,74,11,2025-08-27
I6951,P7230,W4780,420,45,71,11,2026-05-24
I6952,P9694,W8727,169,11,61,7,2026-04-27
I6953,P5121,W8123,161,157,53,13,2025-06-10
I6954,P6513,W459,619,186,28,7,2025-08-06
I6955,P1809,W1637,866,187,87,8,2026-02-22
I6956,P3280,W5291,213,95,55,13,2026-03-24
I6957,P572,W7045,580,61,46,10,2025-11-10
I6958,P5247,W9984,46,14,54,9,2026-02-01
I6959,P9949,W4781,329,16,32,12,2025-08-09
I6960,P2869,W2588,792,32,27,11,2025-11-07
I6961,P4967,W6789,903,19,34,14,2025-08-12
I6962,P2628,W8022,607,17,83,2,2026-01-28
I6963,P5811,W7590,820,191,43,0,2025-10-28
I6964,P6998,W359,314,136,66,8,2026-03-22
I6965,P7750,W6373,266,124,11,15,2025-11-14
I6966,P9460,W6331,209,129,33,6,2025-06-13
I6967,P5882,W3284,387,182,96,20,2025-10-10
I6968,P9500,W2679,692,132,76,3,2025-06-12
I6969,P2579,W9124,307,133,98,0,2026-01-21
I6970,P6265,W5484,66,100,44,3,2026-02-01
I6971,P320,W9428,117,54,46,1,2025-11-04
I6972,P9254,W453,498,198,78,9,2026-01-03
I6973,P3274,W3859,434,104,32,13,2025-07-04
I6974,P8260,W4971,165,96,100,7,2025-06-14
I6975,P5377,W6831,678,138,42,19,2025-09-11
I6976,P1858,W1569,961,104,36,20,2025-10-27
I6977,P3390,W6715,931,139,31,16,2025-07-23
I6978,P1927,W9529,486,197,64,13,2025-12-26
I6979,P9884,W7622,923,49,75,14,2025-11-19
I6980,P5450,W6126,187,107,75,2,2025-07-30
I6981,P3139,W9289,115,125,75,6,2025-08-18
I6982,P1263,W4524,189,197,17,19,2026-01-18
I6983,P4404,W8373,444,19,62,7,2026-05-10
I6984,P2192,W4411,717,65,7,14,2025-07-01
I6985,P9068,W7598,771,182,69,16,2026-02-28
I6986,P6873,W7008,226,136,64,1,2026-02-03
I6987,P502,W721,83,39,63,2,2026-02-26
I6988,P2653,W2625,80,179,15,4,2025-09-13
I6989,P2833,W5292,283,165,72,11,2026-05-10
I6990,P5164,W4755,920,11,50,20,2025-10-30
I6991,P2502,W4077,645,29,6,10,2025-10-09
I6992,P8951,W9627,3,77,98,10,2026-01-17
I6993,P286,W7609,912,96,39,3,2025-11-04
I6994,P4504,W9792,65,37,42,18,2025-09-28
I6995,P8882,W3048,192,92,33,17,2025-08-31
I6996,P5180,W5485,161,50,26,19,2026-04-08
I6997,P685,W2016,850,160,87,1,2025-10-12
I6998,P9736,W9845,483,167,73,19,2025-09-29
I6999,P4814,W3167,450,94,81,9,2025-10-02
I7000,P3244,W475,130,85,53,3,2025-12-07
I7001,P4319,W3829,69,180,81,2,2025-08-09
I7002,P5816,W28,490,67,99,10,2026-02-16
I7003,P2022,W9509,231,132,10,12,2026-03-24
I7004,P7562,W6162,379,158,59,0,2025-09-30
I7005,P9164,W7357,431,92,59,16,2025-06-29
I7006,P8057,W3207,686,96,87,11,2026-03-20
I7007,P7120,W9473,67,27,98,18,2026-03-08
I7008,P4650,W5706,26,91,54,12,2026-03-24
I7009,P9600,W3623,550,112,46,12,2026-03-29
I7010,P8968,W8740,986,21,17,3,2025-07-01
I7011,P6694,W150,153,174,62,3,2025-06-10
I7012,P5981,W8212,845,58,98,20,2026-04-13
I7013,P4463,W7969,854,72,37,7,2025-09-15
I7014,P686,W9573,779,14,20,10,2026-03-18
I7015,P7417,W6989,744,187,32,4,2025-11-30
I7016,P5766,W4226,250,43,61,15,2025-12-23
I7017,P689,W9471,696,168,27,1,2026-05-08
I7018,P3016,W4623,553,141,13,12,2025-08-03
I7019,P7857,W490,221,127,84,11,2025-09-03
I7020,P9259,W2347,476,146,57,8,2025-10-07
I7021,P1013,W4613,99,66,97,5,2025-12-17
I7022,P2524,W2778,211,42,89,3,2025-06-25
I7023,P9555,W4930,747,26,60,0,2025-12-17
I7024,P7399,W6065,610,149,6,18,2026-02-05
I7025,P4614,W4744,617,85,60,10,2026-04-22
I7026,P8142,W3088,417,128,100,2,2025-11-06
I7027,P7584,W450,307,58,77,0,2025-08-27
I7028,P6268,W3655,143,20,56,1,2025-07-28
I7029,P6480,W6866,131,18,39,3,2025-10-26
I7030,P4673,W3327,526,50,96,3,2025-10-24
I7031,P1563,W6255,434,95,12,15,2025-11-19
I7032,P1312,W7575,782,91,66,17,2025-07-19
I7033,P2916,W9580,397,176,29,20,2025-06-16
I7034,P1937,W5627,70,115,13,2,2026-05-28
I7035,P8769,W4507,986,104,18,9,2025-10-06
I7036,P9342,W2275,868,90,67,0,2026-01-31
I7037,P2036,W2088,297,111,21,11,2025-11-13
I7038,P2216,W9689,404,133,98,7,2026-02-22
I7039,P1830,W5158,204,115,63,15,2025-07-23
I7040,P6204,W3347,374,158,76,1,2025-10-25
I7041,P795,W7737,374,30,57,20,2025-06-15
I7042,P6031,W5152,474,151,86,11,2025-10-27
I7043,P4753,W5367,398,73,99,14,2025-07-12
I7044,P4919,W7639,634,114,100,18,2025-09-28
I7045,P3308,W2531,575,19,37,18,2025-06-24
I7046,P4965,W1482,34,118,50,7,2025-10-09
I7047,P5875,W4909,679,104,66,11,2025-08-02
I7048,P8884,W2050,443,19,85,12,2026-01-31
I7049,P6529,W2980,931,98,87,17,2025-12-25
I7050,P6828,W764,902,146,83,0,2025-07-17
I7051,P7358,W1297,451,98,87,3,2026-05-26
I7052,P7747,W9341,298,150,41,7,2026-01-31
I7053,P1171,W3597,377,21,35,14,2025-07-19
I7054,P7649,W8170,335,101,57,10,2026-04-16
I7055,P1583,W1056,626,80,82,1,2025-07-26
I7056,P4902,W3722,950,86,14,4,2025-08-05
I7057,P9826,W5755,503,70,98,17,2026-04-14
I7058,P1296,W3376,913,72,26,2,2025-05-29
I7059,P461,W4589,454,166,17,6,2025-08-21
I7060,P7230,W5699,924,63,8,6,2025-06-25
I7061,P1101,W1796,533,91,65,4,2025-10-05
I7062,P3367,W3274,243,50,48,12,2025-08-31
I7063,P3081,W9737,144,180,77,0,2025-08-11
I7064,P6711,W8219,1,88,20,14,2026-03-25
I7065,P1219,W6229,641,30,28,16,2026-05-17
I7066,P944,W9379,612,163,13,10,2025-09-09
I7067,P8101,W6641,238,149,93,16,2025-08-29
I7068,P4785,W8452,759,41,20,13,2025-12-08
I7069,P3069,W8744,700,69,70,14,2025-07-20
I7070,P2476,W875,217,146,72,3,2026-04-30
I7071,P6561,W3176,788,76,84,16,2025-10-10
I7072,P5160,W1374,423,133,79,4,2025-08-19
I7073,P3258,W4097,791,167,87,19,2026-02-17
I7074,P6895,W6995,646,26,57,18,2025-06-12
I7075,P7274,W4806,290,199,85,6,2025-10-21
I7076,P7908,W9123,606,89,45,10,2025-06-26
I7077,P6673,W6191,651,150,98,14,2026-04-10
I7078,P4841,W8020,233,138,48,1,2025-08-11
I7079,P9334,W6986,719,129,86,11,2025-07-11
I7080,P8249,W6079,250,197,93,10,2025-12-08
I7081,P8282,W2571,841,19,67,8,2025-07-18
I7082,P5747,W592,278,61,51,4,2026-04-09
I7083,P1971,W8186,563,178,85,1,2025-09-08
I7084,P2383,W7843,313,136,11,7,2025-06-28
I7085,P9724,W7478,899,24,23,8,2026-01-14
I7086,P4127,W1286,278,127,84,10,2025-12-14
I7087,P1759,W945,559,37,77,14,2026-03-08
I7088,P8660,W8336,822,173,54,5,2026-03-15
I7089,P8932,W1502,246,177,11,14,2026-04-04
I7090,P8138,W986,757,119,30,1,2026-02-05
I7091,P476,W6728,633,28,54,13,2025-11-29
I7092,P2622,W4287,559,81,66,10,2025-10-17
I7093,P5841,W3525,278,47,59,1,2025-08-26
I7094,P3610,W5857,836,107,31,12,2025-10-21
I7095,P9143,W4381,830,69,44,20,2025-12-31
I7096,P1866,W1315,483,154,84,10,2026-03-06
I7097,P8262,W2066,342,62,6,13,2025-06-02
I7098,P5996,W7936,810,82,38,9,2025-09-30
I7099,P2430,W4226,370,15,77,14,2026-05-06
I7100,P7526,W406,494,11,16,10,2026-02-15
I7101,P3801,W1245,806,78,11,6,2025-12-31
I7102,P3516,W9650,494,72,66,17,2026-05-27
I7103,P9113,W5845,187,16,61,9,2025-09-03
I7104,P4024,W9460,651,58,37,10,2025-09-08
I7105,P417,W5958,825,18,35,14,2026-01-31
I7106,P1220,W9351,802,120,91,20,2025-08-03
I7107,P9213,W7429,697,38,90,11,2025-12-05
I7108,P5546,W845,570,37,69,16,2026-03-19
I7109,P177,W91,948,77,88,6,2026-02-20
I7110,P7575,W3821,45,191,67,19,2025-07-22
I7111,P9032,W1039,725,99,94,0,2026-05-24
I7112,P1771,W2876,167,189,59,10,2026-01-04
I7113,P4688,W8032,275,131,98,19,2025-10-22
I7114,P7582,W164,269,31,82,19,2025-06-01
I7115,P966,W1450,844,117,65,0,2025-06-11
I7116,P1958,W4177,830,21,77,14,2026-03-04
I7117,P4162,W5977,948,82,71,5,2025-07-12
I7118,P4853,W1030,833,171,98,20,2026-01-09
I7119,P1243,W5288,464,112,7,16,2026-04-20
I7120,P9513,W7466,534,193,8,12,2025-06-21
I7121,P9824,W8420,198,77,30,16,2025-08-05
I7122,P1801,W4375,528,154,54,10,2025-11-03
I7123,P9863,W3701,13,148,33,14,2026-05-21
I7124,P671,W5830,243,95,24,16,2026-04-04
I7125,P5389,W8679,459,150,79,15,2026-01-24
I7126,P8816,W8374,748,53,65,3,2025-12-16
I7127,P2658,W8430,152,138,69,11,2025-12-22
I7128,P2028,W9740,516,81,66,2,2025-07-03
I7129,P9752,W6578,784,107,80,7,2025-12-06
I7130,P3401,W8188,317,70,100,14,2025-11-19
I7131,P4211,W1923,592,192,67,5,2026-05-11
I7132,P7898,W3903,100,75,33,1,2026-02-15
I7133,P115,W2418,327,94,78,10,2025-08-03
I7134,P2016,W2088,614,130,54,19,2026-02-07
I7135,P5380,W7575,699,19,100,5,2026-05-05
I7136,P3587,W2123,673,167,33,1,2025-08-02
I7137,P8586,W3794,313,48,61,14,2025-12-07
I7138,P8120,W7611,148,170,78,7,2026-01-05
I7139,P9287,W5184,43,154,90,7,2025-06-08
I7140,P5752,W2667,475,198,68,10,2025-06-01
I7141,P6615,W7313,52,52,44,5,2025-11-29
I7142,P5723,W3213,298,96,54,12,2025-11-10
I7143,P5769,W7991,133,159,46,2,2026-04-22
I7144,P1254,W4390,203,66,63,18,2026-01-08
I7145,P4209,W1524,878,33,12,9,2025-07-31
I7146,P386,W1519,342,196,53,5,2026-03-18
I7147,P5991,W450,361,26,92,6,2025-12-20
I7148,P4192,W6446,581,143,8,5,2025-06-21
I7149,P3445,W3923,280,50,6,5,2025-12-06
I7150,P2768,W2782,393,177,53,13,2026-01-03
I7151,P7020,W8696,603,55,36,9,2025-11-26
I7152,P7937,W2933,734,36,19,17,2025-11-20
I7153,P8460,W43,931,170,85,11,2026-01-21
I7154,P7640,W2346,468,195,16,8,2025-07-09
I7155,P3088,W2083,109,104,65,17,2026-03-29
I7156,P4278,W9315,760,41,41,10,2025-11-26
I7157,P3550,W3144,680,161,50,6,2025-09-10
I7158,P5012,W3119,477,47,62,0,2026-04-06
I7159,P4873,W8229,498,31,60,9,2025-08-15
I7160,P2499,W8161,692,61,66,11,2025-09-23
I7161,P3420,W4960,504,163,83,16,2026-04-13
I7162,P9996,W3349,744,113,8,5,2025-06-04
I7163,P6992,W666,597,29,38,5,2026-02-28
I7164,P2277,W547,874,141,27,10,2025-06-21
I7165,P5000,W4362,458,26,87,4,2025-08-30
I7166,P4179,W4208,827,172,93,9,2026-02-24
I7167,P4927,W9633,380,119,64,15,2025-08-20
I7168,P7046,W336,587,181,22,18,2026-01-31
I7169,P8446,W8862,951,163,8,9,2025-09-01
I7170,P5079,W7969,391,19,46,5,2025-11-19
I7171,P9956,W6889,756,68,39,10,2025-11-14
I7172,P90,W4155,583,122,35,4,2025-10-01
I7173,P3411,W6659,42,173,24,15,2026-05-25
I7174,P9018,W10,242,195,67,20,2025-12-09
I7175,P2433,W8231,63,92,46,11,2025-10-18
I7176,P9830,W7509,957,45,44,7,2025-07-08
I7177,P265,W6956,2,67,9,15,2026-02-10
I7178,P5936,W4396,547,78,69,0,2025-09-26
I7179,P8362,W1019,329,174,24,3,2025-08-31
I7180,P5886,W1774,343,107,26,18,2026-02-27
I7181,P6706,W4689,611,143,89,6,2025-08-05
I7182,P3335,W5650,927,156,78,1,2026-01-06
I7183,P1295,W5809,163,100,13,12,2026-03-17
I7184,P6784,W3001,814,71,58,8,2025-11-17
I7185,P2184,W9439,186,20,85,7,2026-01-16
I7186,P7194,W53,552,109,26,4,2025-09-27
I7187,P3432,W4962,95,75,38,6,2025-12-09
I7188,P3978,W1902,879,128,8,15,2025-06-01
I7189,P2699,W2712,585,95,70,9,2025-07-13
I7190,P8360,W6241,394,30,95,9,2025-10-08
I7191,P4265,W5072,44,170,81,20,2025-10-25
I7192,P1622,W8855,248,37,54,12,2025-07-21
I7193,P3265,W9751,540,62,9,5,2025-07-27
I7194,P9347,W2964,924,33,21,17,2025-09-02
I7195,P1302,W5023,779,57,15,13,2025-07-20
I7196,P3932,W1819,204,188,78,18,2025-07-28
I7197,P9068,W6183,963,157,86,0,2026-01-04
I7198,P1083,W1598,655,40,75,0,2025-06-22
I7199,P1781,W7620,851,169,33,6,2025-07-08
I7200,P7134,W31,616,90,73,1,2025-09-08
I7201,P6007,W5296,233,48,97,16,2026-01-13
I7202,P7849,W285,925,114,52,0,2026-05-06
I7203,P3482,W9466,265,99,36,6,2026-02-10
I7204,P894,W4036,723,55,79,5,2025-08-14
I7205,P5494,W8798,595,125,73,17,2025-09-11
I7206,P778,W5611,394,165,26,16,2025-11-25
I7207,P3858,W6447,424,54,77,6,2025-12-06
I7208,P800,W4760,837,47,90,0,2026-05-26
I7209,P8503,W4466,875,16,80,0,2026-04-02
I7210,P3824,W4387,26,70,78,8,2026-01-06
I7211,P3136,W7463,253,99,59,1,2025-09-19
I7212,P3727,W5600,195,103,19,9,2026-01-26
I7213,P287,W2200,801,27,93,1,2026-05-28
I7214,P3728,W9830,233,10,92,19,2026-01-04
I7215,P4767,W8937,122,195,77,15,2026-05-03
I7216,P47,W247,192,103,67,8,2025-11-26
I7217,P4274,W6466,726,167,74,7,2025-07-14
I7218,P3429,W8415,405,103,39,11,2026-05-23
I7219,P6167,W3127,28,145,42,7,2025-07-22
I7220,P7865,W1568,182,199,60,12,2026-04-26
I7221,P7453,W8145,821,156,9,11,2026-05-07
I7222,P8702,W5501,784,85,31,8,2025-10-06
I7223,P4545,W9912,233,87,80,17,2025-07-25
I7224,P7139,W748,297,11,24,7,2026-03-22
I7225,P8049,W3351,727,11,74,17,2026-05-24
I7226,P6028,W7773,47,74,58,9,2025-09-25
I7227,P8321,W6293,630,12,78,16,2026-04-25
I7228,P1454,W2629,574,180,51,13,2025-09-14
I7229,P3689,W2447,247,145,36,1,2026-01-04
I7230,P7375,W853,226,196,48,6,2026-05-20
I7231,P835,W116,474,166,25,16,2025-07-13
I7232,P2265,W9716,231,127,87,1,2025-10-27
I7233,P6839,W679,129,134,45,12,2025-08-12
I7234,P753,W7058,888,155,29,20,2026-03-06
I7235,P2638,W9717,722,59,13,10,2026-01-03
I7236,P4172,W1205,152,163,76,11,2025-12-25
I7237,P2777,W2801,938,26,29,18,2025-09-02
I7238,P3698,W7310,795,170,52,16,2025-06-20
I7239,P682,W9552,914,159,93,14,2026-04-29
I7240,P455,W6483,506,65,32,20,2025-08-19
I7241,P4799,W566,608,86,72,16,2025-10-01
I7242,P4461,W1750,85,195,30,7,2025-08-15
I7243,P9374,W4471,608,12,85,2,2026-03-31
I7244,P704,W7,858,181,83,4,2025-11-23
I7245,P3291,W6838,633,24,54,0,2026-05-24
I7246,P2117,W1070,98,132,18,17,2026-02-10
I7247,P5468,W7076,241,171,59,19,2026-03-10
I7248,P8727,W1750,977,55,95,3,2026-01-21
I7249,P1284,W6201,995,106,32,17,2026-05-20
I7250,P2890,W5969,642,123,97,11,2026-04-16
I7251,P1230,W3404,224,51,16,7,2025-10-23
I7252,P7899,W7189,917,147,46,3,2025-09-29
I7253,P8511,W9483,703,93,32,0,2025-12-19
I7254,P4916,W4195,969,110,13,15,2025-06-18
I7255,P8077,W713,522,151,42,12,2026-02-12
I7256,P1683,W3781,766,149,35,14,2025-06-10
I7257,P4172,W7961,210,29,63,9,2025-09-13
I7258,P5500,W6890,877,74,59,13,2025-10-04
I7259,P3605,W7289,95,148,67,4,2026-02-17
I7260,P3410,W9078,335,80,92,12,2025-06-23
I7261,P166,W3405,60,48,89,9,2026-02-05
I7262,P7758,W6271,391,110,93,16,2025-10-19
I7263,P3933,W5095,161,125,91,1,2026-03-29
I7264,P2272,W5730,417,109,19,14,2025-08-03
I7265,P6794,W9891,47,158,91,18,2026-02-16
I7266,P5066,W3314,509,80,75,17,2026-02-05
I7267,P3367,W6139,430,23,57,13,2026-01-28
I7268,P9714,W4257,973,16,32,19,2025-07-23
I7269,P9966,W2313,919,23,25,20,2026-01-08
I7270,P1996,W4478,795,102,95,20,2026-03-23
I7271,P7886,W721,373,194,79,19,2025-09-21
I7272,P1058,W1356,60,34,11,13,2026-01-08
I7273,P5690,W3390,805,11,52,14,2026-05-17
I7274,P8301,W2971,381,19,40,12,2026-03-09
I7275,P399,W6018,592,78,95,20,2025-10-02
I7276,P8989,W696,77,197,86,20,2025-09-06
I7277,P9337,W4962,815,11,6,20,2026-05-23
I7278,P6120,W1000,290,154,58,3,2025-12-11
I7279,P8533,W437,191,39,81,8,2026-02-23
I7280,P410,W5790,468,197,93,11,2025-12-28
I7281,P566,W9471,459,88,96,13,2025-12-09
I7282,P5940,W46,704,55,93,16,2025-09-11
I7283,P5715,W9666,158,92,34,15,2026-05-22
I7284,P147,W3399,723,94,55,8,2026-02-01
I7285,P2477,W1475,445,150,71,13,2025-07-30
I7286,P2494,W7250,265,49,60,2,2025-09-11
I7287,P7739,W1473,829,100,11,9,2025-10-30
I7288,P312,W6920,552,100,35,1,2026-02-11
I7289,P2686,W3273,867,24,24,6,2026-04-18
I7290,P5578,W4791,382,94,79,4,2026-04-06
I7291,P8692,W6266,450,59,22,12,2025-11-20
I7292,P520,W853,930,30,93,8,2025-11-27
I7293,P3296,W7737,466,12,72,19,2026-03-19
I7294,P756,W4356,332,130,33,19,2026-01-12
I7295,P7712,W5746,398,131,69,5,2025-06-11
I7296,P637,W4179,318,170,70,9,2026-03-26
I7297,P4730,W525,414,199,49,15,2025-10-28
I7298,P2851,W7699,773,83,78,0,2026-04-18
I7299,P8972,W7879,439,73,59,3,2025-12-01
I7300,P6301,W6453,303,106,70,18,2025-06-09
I7301,P3376,W751,1,192,9,4,2026-04-07
I7302,P4009,W8763,193,113,37,14,2025-07-28
I7303,P9078,W3385,505,61,85,9,2026-01-21
I7304,P3311,W9374,17,25,75,14,2025-11-30
I7305,P2375,W9952,659,38,22,17,2026-02-09
I7306,P6136,W2629,789,164,40,6,2026-02-16
I7307,P1814,W248,324,118,12,10,2025-11-05
I7308,P988,W5001,412,154,30,13,2026-02-16
I7309,P4518,W3511,1,102,80,13,2026-03-18
I7310,P7548,W6826,206,74,22,16,2026-04-06
I7311,P6790,W3495,302,19,83,5,2025-07-14
I7312,P2743,W8093,266,129,87,1,2026-03-12
I7313,P1905,W6362,865,161,64,19,2025-06-03
I7314,P3399,W6028,621,171,22,5,2025-07-01
I7315,P7922,W4263,454,194,49,9,2025-09-12
I7316,P7354,W2740,253,84,96,15,2025-10-31
I7317,P8775,W9758,97,25,15,5,2025-07-13
I7318,P1194,W2447,99,193,47,1,2025-12-15
I7319,P838,W3974,695,47,65,15,2026-02-01
I7320,P5161,W8978,951,144,17,5,2025-06-30
I7321,P1699,W3532,884,191,86,16,2026-02-03
I7322,P5431,W9923,52,47,18,8,2026-02-09
I7323,P4788,W645,68,66,71,0,2026-02-19
I7324,P8519,W9578,35,104,49,5,2025-07-09
I7325,P9470,W3921,556,104,36,12,2025-12-30
I7326,P4741,W1095,79,32,57,8,2025-06-24
I7327,P6357,W5412,636,43,61,9,2025-12-19
I7328,P8116,W2065,486,101,56,20,2025-08-14
I7329,P9130,W1980,492,150,78,20,2025-07-06
I7330,P3922,W2795,231,142,87,14,2025-10-26
I7331,P2870,W3429,937,13,60,0,2025-08-06
I7332,P6529,W6921,6,184,70,6,2026-05-28
I7333,P1349,W1791,315,16,68,12,2026-02-10
I7334,P3959,W1907,986,114,53,10,2025-09-01
I7335,P2506,W913,7,27,16,16,2025-06-06
I7336,P1070,W6666,770,183,46,10,2025-10-15
I7337,P6194,W4997,662,28,60,9,2025-09-23
I7338,P5785,W2732,838,84,87,1,2025-06-12
I7339,P9521,W1130,33,115,42,12,2025-07-13
I7340,P2321,W1653,930,121,96,2,2026-04-28
I7341,P9903,W7834,799,40,47,6,2025-10-15
I7342,P2810,W2188,126,147,18,7,2025-11-27
I7343,P4191,W5799,854,125,76,14,2026-03-24
I7344,P4723,W846,975,113,87,16,2026-02-16
I7345,P5566,W2073,308,100,97,17,2025-07-24
I7346,P7942,W6660,397,11,46,0,2025-10-13
I7347,P930,W1155,331,44,27,14,2025-09-01
I7348,P8377,W1500,386,29,59,14,2025-08-02
I7349,P4111,W2075,403,166,47,14,2025-07-23
I7350,P663,W4461,486,145,66,13,2026-03-02
I7351,P2031,W360,215,61,36,1,2026-03-25
I7352,P6240,W7912,711,157,25,4,2026-04-11
I7353,P8821,W4540,442,148,6,2,2026-05-02
I7354,P5651,W4731,921,197,16,8,2025-08-30
I7355,P4155,W7285,883,16,79,17,2025-05-28
I7356,P3957,W4401,402,167,86,18,2026-05-04
I7357,P6427,W2861,567,111,31,1,2025-11-05
I7358,P6564,W6968,13,51,65,7,2025-06-30
I7359,P8244,W3613,632,170,5,1,2026-03-03
I7360,P4023,W4278,403,45,74,5,2025-07-20
I7361,P6459,W6844,586,176,42,14,2025-10-10
I7362,P864,W1677,7,79,79,7,2026-02-04
I7363,P9877,W3947,894,115,48,20,2026-03-13
I7364,P2586,W5235,616,74,14,20,2026-05-07
I7365,P5839,W3976,854,116,70,15,2026-04-06
I7366,P1669,W1355,722,89,65,19,2025-06-24
I7367,P4876,W284,15,158,58,2,2025-12-27
I7368,P7759,W7604,540,200,49,13,2025-08-24
I7369,P387,W8116,190,78,64,12,2026-02-23
I7370,P8134,W2266,994,58,64,9,2026-04-03
I7371,P5729,W54,588,191,45,5,2026-03-31
I7372,P9137,W699,323,185,63,16,2025-11-21
I7373,P384,W3086,508,23,61,15,2026-01-08
I7374,P1808,W7420,109,22,36,16,2025-06-14
I7375,P6130,W213,627,164,54,15,2025-11-30
I7376,P5926,W6102,461,53,69,16,2025-09-04
I7377,P5132,W5735,678,141,85,16,2025-08-04
I7378,P7843,W5417,205,131,95,11,2026-03-18
I7379,P7609,W5301,984,73,26,10,2026-03-25
I7380,P2434,W9654,463,125,74,18,2026-02-02
I7381,P3194,W8141,588,46,12,5,2025-12-24
I7382,P8729,W1444,987,165,52,6,2025-09-20
I7383,P6547,W9647,570,147,76,19,2025-11-24
I7384,P1140,W9212,451,72,32,18,2025-08-13
I7385,P2290,W8108,1,59,18,12,2026-02-14
I7386,P294,W5832,104,42,63,6,2026-04-12
I7387,P6546,W322,464,64,36,11,2025-08-11
I7388,P6599,W5405,94,190,36,14,2026-05-18
I7389,P7907,W5699,655,148,80,10,2025-12-27
I7390,P9126,W1237,179,98,23,2,2025-06-29
I7391,P5598,W3506,707,179,80,9,2025-08-22
I7392,P5764,W7618,549,69,59,1,2025-11-13
I7393,P8670,W9161,193,139,35,11,2025-06-05
I7394,P4429,W8027,43,36,68,15,2025-10-14
I7395,P9720,W3794,852,119,83,5,2025-06-16
I7396,P6614,W6787,773,183,69,14,2025-10-29
I7397,P5180,W2519,137,170,64,14,2026-03-13
I7398,P5643,W8254,140,60,60,15,2025-06-08
I7399,P5211,W2150,419,37,75,14,2026-02-11
I7400,P998,W7302,343,184,31,13,2025-11-15
I7401,P9905,W7948,687,95,93,18,2025-07-27
I7402,P2170,W1358,750,33,88,0,2025-07-13
I7403,P3244,W7301,282,131,32,11,2026-01-31
I7404,P7819,W3203,128,16,49,16,2026-02-23
I7405,P8066,W1992,445,169,51,10,2026-01-27
I7406,P9799,W2555,98,67,22,6,2025-06-28
I7407,P6241,W7290,415,181,11,14,2026-03-04
I7408,P8822,W5378,556,72,40,13,2025-07-20
I7409,P8941,W3879,901,119,28,20,2026-01-18
I7410,P9501,W7303,950,187,5,20,2025-09-26
I7411,P8996,W8525,1000,199,79,11,2025-10-20
I7412,P8592,W3575,960,115,33,1,2026-02-14
I7413,P821,W1663,853,35,54,10,2025-12-31
I7414,P3779,W7925,158,154,69,12,2025-06-09
I7415,P6015,W3742,986,188,94,5,2025-06-02
I7416,P2637,W7108,606,168,39,2,2026-03-06
I7417,P7067,W5848,710,80,94,5,2025-09-02
I7418,P7881,W9262,688,136,64,15,2025-08-14
I7419,P445,W1198,964,113,84,20,2025-07-18
I7420,P2578,W5494,727,100,75,20,2025-07-15
I7421,P9893,W2430,501,82,61,9,2026-02-09
I7422,P733,W9221,125,21,18,19,2025-05-28
I7423,P3178,W1075,32,197,34,1,2025-12-15
I7424,P2394,W8258,224,108,71,7,2025-09-28
I7425,P8749,W5923,202,33,38,15,2025-08-14
I7426,P8874,W247,173,29,64,16,2026-03-01
I7427,P2869,W2317,887,80,18,8,2025-12-29
I7428,P6811,W8896,786,64,5,17,2026-03-19
I7429,P3035,W2172,75,128,44,4,2025-10-04
I7430,P9047,W8236,722,141,92,19,2026-05-09
I7431,P2529,W2229,467,150,5,10,2026-03-02
I7432,P6849,W8828,200,19,84,2,2026-04-17
I7433,P6273,W4308,347,85,67,14,2026-04-20
I7434,P1404,W7909,128,125,61,7,2026-01-13
I7435,P5705,W9198,216,190,50,15,2025-07-10
I7436,P1177,W3691,531,186,5,9,2025-10-06
I7437,P8906,W2741,58,34,92,15,2026-05-25
I7438,P4166,W3886,175,28,73,14,2025-10-01
I7439,P9911,W6301,41,129,78,16,2025-07-29
I7440,P7574,W7626,684,93,84,8,2026-03-12
I7441,P2601,W9550,497,54,72,18,2026-04-17
I7442,P445,W9301,147,89,65,17,2026-04-21
I7443,P7488,W4151,936,189,15,16,2026-03-04
I7444,P9538,W6541,595,29,15,16,2025-12-09
I7445,P9614,W2966,84,24,10,4,2026-02-24
I7446,P6409,W2460,229,44,58,8,2025-12-26
I7447,P9861,W2398,200,105,73,8,2025-05-29
I7448,P6464,W2383,465,108,84,1,2025-09-02
I7449,P831,W7221,392,141,34,7,2026-04-24
I7450,P9992,W5175,594,62,33,5,2025-12-26
I7451,P4771,W7590,804,32,58,15,2026-05-09
I7452,P2005,W8537,210,100,76,20,2026-04-14
I7453,P1776,W7027,876,196,70,10,2026-03-05
I7454,P1172,W5319,449,158,27,0,2025-12-18
I7455,P4350,W4450,8,44,20,18,2026-01-09
I7456,P8228,W5451,451,126,51,11,2025-07-30
I7457,P2660,W7411,825,19,71,16,2026-02-20
I7458,P2006,W8647,187,24,71,5,2025-09-25
I7459,P7213,W6359,854,74,77,2,2025-11-26
I7460,P3649,W9214,89,87,30,17,2025-10-06
I7461,P5352,W109,55,53,6,3,2026-04-22
I7462,P7565,W1245,325,23,97,6,2026-02-13
I7463,P4638,W7665,309,86,26,17,2025-07-21
I7464,P8446,W9154,113,133,75,12,2025-07-27
I7465,P3558,W366,771,40,86,14,2026-01-02
I7466,P7439,W3903,372,157,19,15,2025-10-26
I7467,P5493,W6076,996,103,7,12,2025-07-15
I7468,P3315,W6934,44,137,5,5,2026-05-16
I7469,P8988,W5977,87,118,10,12,2025-09-25
I7470,P3516,W463,661,90,72,0,2025-10-24
I7471,P8972,W1346,494,198,61,10,2026-03-28
I7472,P2783,W8826,13,17,34,10,2026-03-17
I7473,P6920,W5079,896,152,53,6,2025-11-12
I7474,P3900,W2708,516,108,80,11,2025-12-04
I7475,P8976,W3872,366,51,53,18,2025-11-28
I7476,P309,W7881,686,186,71,18,2026-05-16
I7477,P1111,W7094,633,83,6,6,2025-09-24
I7478,P6980,W7848,153,158,17,2,2026-03-07
I7479,P7733,W5310,648,108,48,17,2025-07-14
I7480,P4549,W2636,873,147,30,8,2025-12-18
I7481,P8689,W7485,528,114,47,17,2025-07-09
I7482,P4242,W6618,454,144,19,9,2026-03-21
I7483,P1826,W7111,940,160,13,8,2026-04-23
I7484,P4008,W8100,107,35,20,12,2025-08-13
I7485,P6246,W8352,137,186,55,7,2025-12-09
I7486,P3890,W5164,802,72,95,16,2025-06-20
I7487,P3370,W5641,115,95,27,1,2025-10-03
I7488,P8984,W5338,656,151,55,8,2025-09-27
I7489,P5548,W4298,791,155,36,11,2026-03-28
I7490,P3668,W6752,49,115,88,12,2025-08-03
I7491,P9591,W5034,738,101,55,9,2026-01-01
I7492,P696,W8517,321,78,91,0,2025-06-25
I7493,P8359,W581,687,176,15,11,2025-06-22
I7494,P5478,W695,720,19,46,14,2026-05-10
I7495,P3371,W2786,741,175,11,2,2025-09-27
I7496,P2001,W9835,35,95,80,5,2026-04-18
I7497,P1896,W6538,950,76,27,20,2025-07-08
I7498,P556,W3240,96,90,68,18,2026-02-12
I7499,P4076,W6136,212,139,29,12,2026-02-24
I7500,P538,W3624,729,158,5,8,2025-06-14
I7501,P663,W9309,221,95,56,7,2026-03-25
I7502,P4954,W733,843,51,86,17,2025-10-04
I7503,P3921,W5023,656,187,82,7,2025-08-17
I7504,P8963,W100,546,84,61,14,2025-12-17
I7505,P248,W2530,997,138,45,6,2025-07-09
I7506,P7171,W6100,141,66,21,0,2025-12-18
I7507,P7692,W4441,353,92,48,9,2025-09-30
I7508,P9837,W4453,12,40,15,1,2026-04-16
I7509,P3225,W2445,289,200,60,7,2025-10-13
I7510,P9769,W4424,469,115,93,10,2025-12-01
I7511,P3346,W7884,689,171,49,12,2025-12-16
I7512,P2678,W8444,447,126,97,18,2025-11-03
I7513,P7897,W6516,162,53,97,2,2025-09-01
I7514,P8228,W3885,381,194,57,3,2025-12-25
I7515,P2909,W2916,961,115,66,11,2026-02-08
I7516,P8044,W1547,567,154,49,9,2025-08-30
I7517,P3844,W2194,286,49,42,4,2025-06-06
I7518,P3751,W469,124,178,27,2,2025-05-30
I7519,P7995,W6630,898,165,26,5,2025-09-09
I7520,P1223,W7913,513,54,86,1,2025-07-21
I7521,P4251,W9468,732,10,17,3,2025-08-30
I7522,P8448,W7627,81,196,22,20,2026-03-02
I7523,P6883,W3341,810,126,43,19,2026-05-28
I7524,P4895,W9240,723,138,10,2,2026-05-04
I7525,P3255,W3062,836,56,72,15,2026-05-24
I7526,P2891,W1409,397,195,87,18,2026-01-31
I7527,P1913,W3675,367,151,41,18,2026-04-22
I7528,P6045,W919,86,63,98,5,2025-11-08
I7529,P4712,W3076,192,142,68,19,2025-12-08
I7530,P833,W7294,881,117,47,18,2025-06-26
I7531,P463,W7144,309,69,31,9,2025-11-29
I7532,P2878,W2265,466,145,15,10,2025-10-03
I7533,P2771,W8719,545,101,40,4,2026-03-19
I7534,P5221,W2372,487,77,75,9,2025-06-24
I7535,P8738,W570,814,167,24,19,2025-11-07
I7536,P6136,W5553,635,38,91,4,2026-02-26
I7537,P2440,W3702,126,59,78,6,2026-02-25
I7538,P3382,W2070,59,22,89,10,2026-02-27
I7539,P1442,W54,46,198,64,14,2025-11-30
I7540,P6560,W7548,647,71,69,16,2025-06-12
I7541,P6706,W5976,774,173,42,6,2025-06-14
I7542,P2237,W1802,424,139,44,12,2025-07-25
I7543,P3675,W2300,850,132,95,18,2025-09-07
I7544,P1977,W892,145,174,85,4,2025-08-07
I7545,P212,W7884,427,194,8,0,2026-03-21
I7546,P5396,W9909,983,177,93,6,2026-05-22
I7547,P7810,W4124,550,196,13,16,2025-09-20
I7548,P7366,W2479,104,96,47,20,2026-04-22
I7549,P7167,W6294,538,199,95,2,2026-01-25
I7550,P3187,W8263,576,109,28,9,2026-05-16
I7551,P6047,W7256,66,159,13,8,2025-10-20
I7552,P2997,W5406,939,176,73,3,2025-06-18
I7553,P2429,W1166,327,199,97,12,2025-12-15
I7554,P3606,W4831,569,164,45,10,2026-04-26
I7555,P8024,W3414,921,147,26,14,2025-12-26
I7556,P6490,W6951,148,112,95,3,2025-08-18
I7557,P6615,W3847,89,103,29,2,2026-04-01
I7558,P2146,W2844,933,81,68,11,2026-01-21
I7559,P7577,W3425,698,77,22,3,2026-05-18
I7560,P9348,W2079,640,36,69,2,2025-06-23
I7561,P3288,W7382,940,15,6,7,2025-11-05
I7562,P2404,W6679,477,187,42,14,2025-09-08
I7563,P8140,W1824,442,76,19,4,2026-04-16
I7564,P5205,W5415,135,107,39,9,2025-08-26
I7565,P2821,W3079,499,132,50,19,2026-03-24
I7566,P5422,W9222,955,188,25,20,2026-01-29
I7567,P9353,W7039,206,194,13,9,2026-05-15
I7568,P4655,W783,70,97,89,5,2025-11-29
I7569,P1019,W6394,501,130,35,4,2025-08-12
I7570,P1465,W2362,92,146,98,7,2026-03-27
I7571,P6145,W3957,104,126,60,4,2026-05-11
I7572,P9278,W7679,322,121,88,9,2025-08-18
I7573,P8426,W6893,705,155,64,2,2026-05-24
I7574,P2277,W8205,253,94,53,6,2026-01-06
I7575,P9876,W2680,378,168,83,15,2026-02-21
I7576,P1799,W775,653,149,63,1,2025-09-12
I7577,P2842,W2470,909,118,56,2,2026-01-07
I7578,P8792,W1589,201,116,12,2,2025-11-11
I7579,P3231,W5064,208,176,84,0,2025-08-28
I7580,P563,W8092,408,137,37,17,2026-04-13
I7581,P6779,W5020,404,37,89,19,2026-02-27
I7582,P4858,W1228,451,46,47,18,2026-03-12
I7583,P1909,W6319,984,42,99,7,2026-05-21
I7584,P2240,W7367,158,57,97,13,2025-08-25
I7585,P9314,W595,206,46,73,16,2025-12-01
I7586,P7482,W5918,258,44,76,16,2025-07-21
I7587,P2049,W4723,734,197,6,2,2026-05-14
I7588,P7688,W5012,843,76,7,13,2025-11-13
I7589,P7658,W3310,537,143,25,12,2026-03-06
I7590,P2087,W7010,255,40,48,6,2025-12-28
I7591,P155,W9296,932,158,44,3,2025-12-17
I7592,P9919,W8824,717,115,53,0,2025-12-09
I7593,P7072,W797,282,90,82,5,2026-05-25
I7594,P8977,W2003,330,14,70,2,2025-06-09
I7595,P2669,W3150,36,43,8,10,2026-02-21
I7596,P9778,W7555,125,132,11,14,2025-09-04
I7597,P2604,W9054,324,127,87,11,2026-01-03
I7598,P5633,W5163,332,151,67,1,2025-11-06
I7599,P8021,W7117,688,164,24,12,2025-06-14
I7600,P5137,W653,164,164,74,4,2025-08-21
I7601,P701,W2158,462,36,35,8,2026-01-06
I7602,P1649,W573,52,195,51,8,2026-01-11
I7603,P4357,W1655,228,119,38,14,2025-06-22
I7604,P4797,W6775,900,54,75,17,2025-10-28
I7605,P3071,W222,84,129,66,17,2026-02-08
I7606,P2298,W5455,464,163,71,14,2026-01-31
I7607,P3682,W4924,20,38,38,20,2025-10-21
I7608,P6816,W8131,483,15,44,19,2026-04-16
I7609,P7350,W2152,597,61,15,20,2025-10-17
I7610,P4170,W3879,172,189,5,14,2026-02-16
I7611,P2480,W3573,187,127,19,19,2025-08-29
I7612,P1676,W971,294,88,24,5,2025-09-22
I7613,P6509,W1335,116,93,30,8,2026-01-03
I7614,P4083,W5145,827,161,71,19,2025-11-30
I7615,P9170,W9465,71,93,35,10,2025-08-21
I7616,P1327,W471,338,44,90,4,2025-08-03
I7617,P4226,W2737,371,104,59,11,2025-11-04
I7618,P916,W3573,750,196,14,15,2026-03-29
I7619,P4531,W1620,226,190,30,3,2025-08-25
I7620,P4471,W8690,218,28,26,20,2025-12-18
I7621,P237,W2532,868,33,80,16,2026-03-17
I7622,P5197,W287,586,129,72,4,2025-06-13
I7623,P4369,W1920,144,166,86,9,2026-01-07
I7624,P5337,W5241,897,137,74,20,2026-04-21
I7625,P7116,W8531,634,114,9,16,2026-03-10
I7626,P807,W4227,15,149,86,0,2025-06-11
I7627,P3324,W9049,518,82,71,7,2025-08-17
I7628,P2974,W9849,731,57,17,14,2025-10-18
I7629,P5301,W1739,98,52,77,17,2025-11-08
I7630,P106,W6392,619,131,52,1,2026-02-21
I7631,P9778,W6515,835,156,13,15,2025-12-04
I7632,P724,W8760,105,41,50,19,2026-03-10
I7633,P4714,W2443,863,129,66,12,2025-09-06
I7634,P4917,W1707,397,115,85,4,2025-06-13
I7635,P8812,W2265,764,107,80,0,2025-10-02
I7636,P9036,W9025,102,134,40,15,2026-01-21
I7637,P9807,W1616,537,120,9,2,2026-01-05
I7638,P3559,W6859,782,173,46,7,2026-05-27
I7639,P9249,W5386,971,26,35,12,2025-07-08
I7640,P4273,W9235,70,161,97,8,2026-03-27
I7641,P5430,W8561,782,87,37,6,2025-07-22
I7642,P9037,W8184,879,148,92,18,2026-04-02
I7643,P7596,W2247,732,180,6,16,2026-04-08
I7644,P5800,W3330,395,55,80,0,2026-04-07
I7645,P7309,W5070,694,15,96,5,2026-03-23
I7646,P8821,W8359,115,154,35,15,2026-04-16
I7647,P3417,W9770,568,149,68,19,2025-06-25
I7648,P8690,W5533,225,36,49,1,2026-05-13
I7649,P5877,W6488,102,104,5,1,2025-08-09
I7650,P6017,W6518,152,192,45,0,2025-11-14
I7651,P1603,W7985,475,129,69,1,2025-08-26
I7652,P9183,W7707,464,83,60,11,2025-11-16
I7653,P7869,W1367,927,155,18,19,2025-11-02
I7654,P372,W3439,129,81,82,1,2026-03-18
I7655,P7991,W9340,288,58,100,12,2026-04-16
I7656,P1140,W1737,771,104,26,15,2026-04-07
I7657,P3720,W7073,423,42,44,7,2025-09-12
I7658,P1852,W252,758,56,11,19,2025-11-23
I7659,P5645,W8181,736,63,26,2,2025-09-16
I7660,P7572,W876,890,176,59,5,2025-07-19
I7661,P7864,W9596,677,86,67,8,2026-04-06
I7662,P1592,W4277,678,130,84,18,2025-08-26
I7663,P3465,W7865,715,108,62,19,2026-04-24
I7664,P2293,W9775,768,35,16,11,2025-10-06
I7665,P5732,W9656,502,63,58,6,2026-04-16
I7666,P8108,W84,44,69,47,12,2025-12-22
I7667,P9159,W6962,552,192,92,19,2026-03-05
I7668,P2976,W9594,232,41,47,9,2025-11-01
I7669,P6911,W5193,429,154,92,1,2025-06-30
I7670,P9180,W4305,269,186,9,8,2025-09-11
I7671,P483,W3818,217,84,33,6,2026-02-06
I7672,P6037,W3516,833,76,23,11,2025-06-17
I7673,P6171,W3930,910,18,81,16,2026-04-16
I7674,P7491,W5770,174,164,56,16,2025-09-29
I7675,P9058,W1761,140,50,5,19,2026-03-03
I7676,P6871,W3114,804,145,86,7,2025-08-12
I7677,P8011,W1889,414,26,88,7,2026-04-19
I7678,P897,W9850,149,128,61,6,2025-08-18
I7679,P8826,W6778,56,123,35,5,2025-11-09
I7680,P440,W7701,615,64,42,0,2026-04-15
I7681,P8060,W5815,235,57,75,13,2025-09-30
I7682,P5223,W5050,76,16,100,18,2026-02-04
I7683,P5872,W5460,938,160,11,6,2025-11-13
I7684,P1581,W4093,375,169,12,9,2025-10-04
I7685,P3422,W2605,466,27,14,0,2025-07-24
I7686,P4365,W9867,441,179,31,10,2025-08-28
I7687,P1732,W7302,272,119,29,14,2026-03-04
I7688,P4442,W4916,1,144,25,16,2026-04-14
I7689,P9317,W3601,914,122,35,17,2026-01-21
I7690,P9911,W7807,851,35,58,8,2025-07-30
I7691,P9832,W4256,912,48,67,3,2025-07-17
I7692,P5311,W3806,97,35,41,12,2025-07-22
I7693,P4438,W8591,485,124,49,10,2025-12-17
I7694,P6856,W1838,14,87,13,5,2025-08-15
I7695,P9217,W1997,317,168,69,11,2025-07-11
I7696,P2792,W6020,955,90,71,0,2026-02-25
I7697,P8033,W1861,17,171,34,8,2025-12-24
I7698,P2941,W3138,774,126,30,3,2026-01-18
I7699,P1529,W5210,8,187,83,1,2025-12-11
I7700,P9611,W804,380,118,68,10,2025-06-12
I7701,P6369,W7211,813,191,64,20,2025-06-01
I7702,P7370,W6281,77,171,50,7,2026-02-10
I7703,P546,W3855,661,18,51,20,2026-04-30
I7704,P528,W4024,905,165,54,0,2025-07-26
I7705,P5732,W1447,500,94,41,18,2025-07-05
I7706,P8772,W8223,14,20,24,0,2025-09-02
I7707,P2034,W9817,364,19,62,2,2025-11-13
I7708,P4519,W175,374,49,87,12,2025-10-17
I7709,P1381,W2458,572,163,48,5,2026-05-21
I7710,P7212,W5942,252,67,58,3,2026-03-19
I7711,P6624,W5896,368,21,45,1,2026-03-23
I7712,P7078,W8619,871,185,49,17,2025-12-12
I7713,P7928,W9638,471,21,53,16,2026-02-19
I7714,P9969,W78,595,72,47,13,2025-06-14
I7715,P1504,W4701,356,125,87,10,2025-06-21
I7716,P8313,W4597,473,72,25,14,2025-10-17
I7717,P1599,W5072,795,109,14,5,2025-10-24
I7718,P2587,W8556,49,122,12,13,2025-11-27
I7719,P4810,W2539,492,14,47,18,2025-10-30
I7720,P6339,W2468,437,188,48,7,2026-04-26
I7721,P6665,W5791,234,139,22,17,2025-11-10
I7722,P8422,W1537,908,143,64,0,2026-02-04
I7723,P8520,W2637,369,78,87,1,2026-04-21
I7724,P7075,W5717,213,144,98,6,2026-01-05
I7725,P9638,W1461,178,61,31,12,2026-01-12
I7726,P5005,W6166,827,176,18,3,2025-09-11
I7727,P4790,W1719,597,36,52,15,2025-06-27
I7728,P7631,W7982,901,150,88,1,2025-06-29
I7729,P7797,W573,94,109,74,17,2026-01-27
I7730,P719,W3845,536,122,58,0,2025-10-28
I7731,P6096,W7343,961,153,66,5,2025-08-24
I7732,P1032,W8577,92,110,22,9,2025-12-24
I7733,P4248,W3382,906,180,7,12,2026-04-18
I7734,P6015,W4163,849,39,65,13,2026-05-09
I7735,P1313,W4990,42,16,38,6,2025-07-01
I7736,P9388,W1811,138,152,9,15,2026-05-19
I7737,P1342,W4077,148,53,24,14,2026-05-13
I7738,P9139,W7405,12,68,81,12,2025-10-24
I7739,P9740,W4124,503,59,54,13,2025-07-05
I7740,P5675,W3527,685,127,12,3,2025-07-08
I7741,P9453,W5355,591,127,57,13,2026-05-09
I7742,P3724,W6639,910,98,62,17,2025-06-24
I7743,P3838,W8427,314,73,22,16,2025-06-09
I7744,P6992,W8810,255,16,29,6,2025-09-27
I7745,P6896,W4933,847,191,48,1,2026-03-09
I7746,P2850,W1782,767,131,34,18,2025-12-16
I7747,P2320,W3240,48,12,72,14,2026-05-04
I7748,P6189,W1816,118,95,74,19,2025-09-17
I7749,P344,W9192,591,63,35,17,2025-08-10
I7750,P1899,W7605,915,111,18,17,2025-10-29
I7751,P5463,W981,240,197,64,9,2025-11-01
I7752,P241,W1740,190,163,47,17,2026-05-18
I7753,P1252,W8708,470,83,39,16,2025-08-08
I7754,P6752,W2288,951,141,37,2,2025-11-25
I7755,P7181,W3686,194,41,56,6,2026-04-23
I7756,P4620,W8108,822,195,23,18,2025-12-14
I7757,P2743,W1344,725,69,22,9,2025-08-31
I7758,P1152,W7555,526,42,73,17,2025-09-20
I7759,P2893,W529,754,178,85,14,2025-11-22
I7760,P2735,W9013,971,46,24,6,2025-08-11
I7761,P1611,W7556,789,118,14,12,2026-03-09
I7762,P6654,W9216,21,156,33,4,2026-01-26
I7763,P3401,W9513,719,79,63,14,2026-01-26
I7764,P4406,W9304,634,124,88,12,2025-08-17
I7765,P4098,W8752,286,132,14,20,2025-09-29
I7766,P4669,W3919,407,86,65,8,2026-02-28
I7767,P9174,W9408,183,64,82,8,2025-12-23
I7768,P1255,W1269,893,27,15,16,2026-03-14
I7769,P4196,W469,80,52,31,15,2025-10-19
I7770,P2159,W7695,258,35,18,10,2025-10-22
I7771,P2858,W8752,572,184,80,3,2025-06-22
I7772,P5810,W9416,620,11,22,6,2026-05-04
I7773,P8388,W2470,693,107,86,12,2025-08-27
I7774,P5875,W4934,651,29,99,19,2026-03-23
I7775,P2238,W3266,951,42,97,17,2025-08-18
I7776,P8138,W4050,701,125,7,15,2026-02-04
I7777,P6253,W8208,958,178,89,0,2025-11-27
I7778,P5969,W5684,425,70,76,1,2025-08-23
I7779,P7526,W6542,209,192,13,8,2025-10-02
I7780,P4146,W2640,493,84,9,2,2026-04-21
I7781,P6727,W6899,81,60,99,16,2025-08-29
I7782,P506,W5750,785,127,70,8,2026-05-18
I7783,P7875,W846,742,131,63,9,2025-09-25
I7784,P1999,W63,373,34,62,11,2026-03-12
I7785,P3471,W8530,529,158,10,1,2025-07-25
I7786,P5746,W6363,85,61,16,15,2026-02-24
I7787,P3825,W1361,686,122,77,16,2026-01-05
I7788,P4599,W5215,49,166,100,18,2026-02-16
I7789,P2109,W2171,40,155,33,7,2025-08-10
I7790,P4490,W2374,333,71,95,3,2025-06-27
I7791,P2375,W7085,704,82,34,11,2026-03-01
I7792,P3017,W3962,395,121,35,8,2025-06-24
I7793,P1682,W2519,634,136,20,3,2025-08-10
I7794,P9449,W4031,493,93,65,8,2025-07-15
I7795,P1772,W1160,678,25,47,5,2026-05-26
I7796,P1276,W4358,126,143,36,2,2026-02-03
I7797,P6654,W1585,193,19,68,5,2025-08-21
I7798,P8349,W803,553,84,27,16,2026-04-18
I7799,P8734,W1182,206,40,83,13,2026-05-03
I7800,P4205,W5744,947,82,28,9,2025-09-13
I7801,P121,W1825,166,59,65,17,2025-07-24
I7802,P1258,W5342,512,125,75,14,2025-07-17
I7803,P7278,W224,538,167,49,17,2025-09-26
I7804,P6459,W551,606,158,58,3,2025-08-27
I7805,P4729,W5970,387,21,80,17,2025-08-01
I7806,P3795,W1491,985,68,59,3,2026-01-13
I7807,P9912,W6120,645,181,89,2,2025-06-09
I7808,P9471,W7624,342,41,68,12,2026-02-12
I7809,P3297,W6658,672,60,22,17,2026-01-01
I7810,P8754,W4243,991,21,60,5,2025-09-24
I7811,P5944,W5160,113,99,88,3,2025-06-08
I7812,P8576,W8471,223,119,65,4,2025-08-29
I7813,P482,W6032,905,31,59,12,2025-08-29
I7814,P8933,W3993,797,199,66,0,2026-02-14
I7815,P3623,W6149,754,124,96,14,2025-11-15
I7816,P7183,W6969,756,20,74,19,2025-07-12
I7817,P63,W959,564,68,47,7,2026-05-20
I7818,P3389,W4110,398,63,33,4,2025-06-28
I7819,P842,W3510,67,108,40,9,2026-03-12
I7820,P7599,W1098,86,175,16,17,2025-07-19
I7821,P2538,W3791,545,143,87,20,2025-07-19
I7822,P1004,W2093,841,142,24,4,2025-11-21
I7823,P1015,W1785,165,79,54,18,2025-08-07
I7824,P259,W5857,937,102,44,8,2025-08-14
I7825,P2401,W6123,491,90,61,20,2025-08-07
I7826,P1370,W9451,859,111,69,1,2026-04-15
I7827,P8282,W244,96,131,60,4,2025-06-12
I7828,P3728,W8685,713,195,58,16,2026-03-16
I7829,P6013,W941,733,59,30,18,2026-03-27
I7830,P7780,W6231,281,27,82,12,2026-03-27
I7831,P2087,W8832,21,135,76,20,2026-02-09
I7832,P3428,W7558,982,20,86,12,2025-10-17
I7833,P9445,W6422,451,54,90,17,2025-09-25
I7834,P546,W364,367,92,97,20,2026-03-24
I7835,P9513,W4666,422,170,30,13,2025-06-25
I7836,P2929,W3021,701,35,51,7,2026-01-22
I7837,P3905,W8429,446,162,91,16,2026-01-05
I7838,P8749,W1487,999,120,10,5,2025-09-07
I7839,P351,W8093,553,50,81,1,2026-04-29
I7840,P6609,W7505,780,134,84,9,2026-04-20
I7841,P96,W2644,488,167,75,5,2025-11-06
I7842,P1002,W3003,936,38,62,18,2025-06-19
I7843,P1740,W1356,252,142,78,7,2026-05-20
I7844,P8716,W4662,797,66,9,2,2025-07-10
I7845,P7967,W1254,379,108,90,13,2025-12-27
I7846,P3221,W6550,625,108,70,11,2026-04-13
I7847,P7730,W9290,52,176,81,1,2025-06-25
I7848,P8425,W3235,398,45,40,11,2025-08-28
I7849,P9840,W1899,790,151,93,0,2026-05-01
I7850,P1624,W6083,391,186,19,4,2025-09-24
I7851,P756,W2491,88,176,74,11,2025-09-30
I7852,P4253,W1357,529,143,65,11,2025-12-05
I7853,P2669,W9602,171,60,85,20,2026-03-02
I7854,P995,W4072,768,164,11,10,2025-07-20
I7855,P6874,W7307,846,177,61,8,2025-10-11
I7856,P9603,W3750,504,147,75,10,2026-01-15
I7857,P3436,W6966,927,141,74,15,2025-12-10
I7858,P762,W8518,317,115,13,11,2025-11-18
I7859,P9144,W3685,531,38,62,18,2025-10-01
I7860,P994,W1221,865,46,20,15,2025-08-22
I7861,P7061,W6377,338,166,36,16,2025-10-16
I7862,P3194,W3427,233,135,19,3,2025-10-28
I7863,P1970,W222,146,80,94,7,2025-07-16
I7864,P8682,W193,411,64,89,17,2026-01-03
I7865,P4891,W8861,794,110,68,3,2025-09-22
I7866,P2342,W6141,934,16,33,12,2025-11-17
I7867,P142,W8881,240,133,26,3,2025-06-30
I7868,P3718,W8613,761,87,23,11,2025-09-06
I7869,P3788,W1491,368,50,88,4,2026-02-25
I7870,P9297,W5123,319,88,82,7,2025-08-01
I7871,P5397,W4188,494,21,88,8,2025-06-29
I7872,P5316,W4948,197,20,81,3,2025-11-25
I7873,P1484,W7522,679,50,40,2,2025-11-04
I7874,P730,W3966,53,146,28,16,2025-09-09
I7875,P4054,W1488,529,152,57,11,2025-12-16
I7876,P9492,W9785,453,111,93,15,2025-12-10
I7877,P1557,W8831,707,71,60,10,2026-02-05
I7878,P5870,W3549,269,29,32,7,2026-04-19
I7879,P9722,W9425,342,140,37,14,2025-07-09
I7880,P3860,W7167,136,139,83,3,2026-03-28
I7881,P7401,W2467,110,137,65,20,2025-07-25
I7882,P1458,W7382,259,192,20,13,2025-07-01
I7883,P2360,W1504,264,153,65,17,2026-04-23
I7884,P6322,W1837,462,196,57,14,2026-03-17
I7885,P8438,W1760,719,112,88,3,2025-08-16
I7886,P3539,W6533,898,158,98,5,2026-04-22
I7887,P6899,W3258,704,165,66,1,2026-03-27
I7888,P965,W4627,254,97,43,8,2025-11-18
I7889,P5068,W3986,72,81,28,8,2026-04-14
I7890,P3546,W9349,418,41,85,13,2025-06-19
I7891,P1115,W6120,61,75,10,5,2025-10-17
I7892,P6129,W2157,658,169,34,0,2026-03-26
I7893,P1609,W5299,205,69,6,15,2026-02-26
I7894,P9788,W6888,861,120,37,15,2026-04-30
I7895,P9345,W4213,542,60,29,9,2026-02-28
I7896,P6493,W1543,981,164,66,8,2025-10-10
I7897,P2122,W5742,699,183,100,18,2025-08-18
I7898,P4225,W7820,640,165,94,15,2026-05-16
I7899,P861,W2703,188,75,29,9,2026-04-24
I7900,P6700,W6730,274,60,99,2,2025-12-20
I7901,P707,W9181,957,200,78,14,2026-03-07
I7902,P892,W5166,318,50,80,11,2026-05-20
I7903,P3917,W947,405,48,44,10,2025-08-01
I7904,P6188,W7800,931,11,64,5,2025-11-09
I7905,P1369,W3004,384,120,16,6,2025-06-19
I7906,P4468,W4295,972,120,65,8,2025-11-10
I7907,P9449,W7308,98,76,95,17,2025-11-25
I7908,P1317,W9338,592,163,27,2,2025-09-24
I7909,P7177,W1378,517,126,30,17,2025-11-24
I7910,P6457,W4742,443,138,58,4,2026-03-21
I7911,P4299,W8374,622,90,73,7,2025-12-11
I7912,P1164,W5211,640,37,51,0,2026-01-13
I7913,P3971,W2432,272,163,20,15,2025-08-26
I7914,P159,W738,159,189,24,18,2025-10-09
I7915,P8500,W9285,656,95,36,3,2026-04-18
I7916,P8587,W1696,315,70,5,4,2025-12-26
I7917,P6011,W2837,558,159,6,8,2025-07-14
I7918,P155,W4672,26,165,14,20,2025-07-18
I7919,P5166,W3339,988,153,48,7,2026-04-11
I7920,P6565,W488,986,126,55,13,2025-10-23
I7921,P7642,W3279,133,199,33,14,2026-03-29
I7922,P4097,W5537,456,162,47,5,2025-06-26
I7923,P3923,W6752,988,139,95,4,2025-10-03
I7924,P1380,W1691,749,147,95,3,2025-06-09
I7925,P5778,W1058,129,136,65,12,2025-12-11
I7926,P6077,W9301,259,163,19,13,2025-11-05
I7927,P6576,W9769,660,178,68,16,2026-03-25
I7928,P43,W9894,578,96,81,4,2025-06-21
I7929,P4945,W165,597,71,35,1,2025-12-27
I7930,P8875,W8855,592,13,37,8,2026-01-14
I7931,P960,W4234,442,84,24,19,2025-10-11
I7932,P5888,W9836,979,93,50,18,2025-08-22
I7933,P7500,W3601,100,49,83,8,2025-08-12
I7934,P6995,W1754,638,38,58,14,2026-02-21
I7935,P5352,W1985,608,135,13,7,2025-06-11
I7936,P7778,W946,329,146,65,4,2026-05-06
I7937,P8435,W7616,136,135,23,14,2025-08-25
I7938,P9803,W2950,438,166,17,10,2025-10-11
I7939,P1022,W4808,28,42,84,4,2025-08-06
I7940,P978,W3018,315,190,92,1,2026-02-22
I7941,P4450,W792,643,161,42,7,2025-06-24
I7942,P9247,W9229,223,63,79,13,2025-07-21
I7943,P9,W9447,430,195,51,17,2025-09-16
I7944,P3507,W3163,915,12,60,17,2025-11-17
I7945,P6477,W5765,871,143,87,7,2025-06-24
I7946,P6573,W1680,386,139,63,16,2025-09-06
I7947,P760,W9039,231,108,67,8,2025-11-20
I7948,P2459,W8008,255,55,88,5,2025-12-13
I7949,P5049,W8635,760,75,5,18,2025-06-09
I7950,P2896,W9869,961,80,95,10,2026-04-08
I7951,P6405,W2364,740,77,52,6,2025-10-06
I7952,P7777,W2825,891,154,61,18,2025-10-26
I7953,P185,W3471,888,33,16,12,2026-03-16
I7954,P4605,W565,190,185,44,6,2025-06-03
I7955,P5092,W4567,761,197,73,11,2026-02-22
I7956,P2795,W5690,368,69,83,6,2026-05-25
I7957,P7537,W9035,171,54,23,7,2025-12-13
I7958,P1043,W1374,314,70,91,2,2026-03-19
I7959,P8366,W8195,53,145,12,6,2025-06-09
I7960,P5424,W7860,344,143,46,14,2026-04-04
I7961,P8460,W3946,702,187,16,9,2025-12-07
I7962,P836,W633,135,26,99,2,2025-07-04
I7963,P7680,W4953,627,155,43,9,2025-08-31
I7964,P2830,W6000,577,37,96,2,2025-08-05
I7965,P7627,W3447,797,132,13,16,2026-04-04
I7966,P3389,W8113,166,190,59,7,2025-12-28
I7967,P2753,W1038,765,87,23,16,2026-04-19
I7968,P9065,W4909,881,19,14,12,2025-08-08
I7969,P1874,W9745,175,20,50,13,2025-07-14
I7970,P7726,W4515,868,64,17,6,2026-04-29
I7971,P6771,W9165,680,161,12,7,2025-10-09
I7972,P3029,W9043,236,30,84,8,2025-09-01
I7973,P5861,W1667,485,96,70,2,2025-06-21
I7974,P4417,W5141,895,101,88,3,2025-10-27
I7975,P2729,W3867,322,174,21,4,2026-01-30
I7976,P2479,W8221,314,13,62,7,2026-05-13
I7977,P2378,W1865,358,76,22,11,2025-09-17
I7978,P9684,W4839,916,122,84,5,2026-04-27
I7979,P866,W5484,309,122,53,7,2025-12-19
I7980,P9280,W6229,910,186,28,0,2025-06-30
I7981,P7457,W4975,376,144,69,7,2025-07-21
I7982,P6468,W8195,266,64,41,13,2026-05-27
I7983,P2923,W8302,22,148,34,8,2025-09-23
I7984,P8375,W8450,488,123,47,11,2026-03-01
I7985,P3090,W3019,169,30,56,19,2025-09-19
I7986,P792,W5870,189,117,28,16,2025-11-27
I7987,P3865,W6742,633,41,52,12,2025-06-11
I7988,P8955,W7747,530,200,100,16,2026-03-16
I7989,P5027,W4109,520,100,35,10,2026-02-22
I7990,P4283,W7894,415,191,18,2,2026-03-07
I7991,P6116,W7614,945,159,20,11,2026-03-04
I7992,P33,W6322,365,93,86,8,2025-12-15
I7993,P8151,W8946,163,56,91,2,2026-01-13
I7994,P3428,W2221,952,65,46,7,2026-01-04
I7995,P5709,W3646,426,155,63,16,2025-07-08
I7996,P6815,W7203,212,37,63,1,2025-09-16
I7997,P5348,W6442,395,172,45,10,2025-08-20
I7998,P7091,W8118,876,47,85,7,2025-06-06
I7999,P2546,W4086,771,45,43,9,2025-11-24
I8000,P1706,W190,381,34,95,1,2025-12-26
I8001,P4513,W5689,85,87,98,20,2025-06-30
I8002,P9566,W8570,223,152,84,7,2026-03-18
I8003,P3082,W5498,619,75,67,3,2025-10-04
I8004,P958,W7862,947,122,97,5,2025-12-19
I8005,P7549,W4716,680,129,65,8,2025-06-12
I8006,P3110,W2502,679,45,87,12,2025-12-20
I8007,P4836,W9367,992,19,58,13,2026-03-16
I8008,P2337,W8609,667,126,89,2,2025-08-14
I8009,P629,W318,49,120,79,14,2025-07-01
I8010,P5229,W6541,216,72,38,6,2026-01-20
I8011,P1833,W8201,617,55,70,10,2026-04-19
I8012,P8747,W9991,986,75,8,14,2026-03-28
I8013,P3364,W2711,158,162,59,20,2026-05-19
I8014,P2684,W2673,557,119,32,0,2026-04-18
I8015,P8962,W9938,867,49,100,8,2026-03-12
I8016,P6429,W6795,308,121,8,4,2025-08-24
I8017,P6434,W7279,3,178,21,15,2025-09-26
I8018,P1046,W196,906,139,57,9,2025-07-23
I8019,P7611,W4860,580,51,92,8,2025-08-25
I8020,P9702,W6042,848,20,88,4,2025-06-24
I8021,P7380,W2729,450,107,47,16,2025-09-16
I8022,P2939,W948,604,175,35,17,2025-08-14
I8023,P6681,W3386,20,76,71,12,2025-08-25
I8024,P9644,W7240,910,178,10,4,2026-03-03
I8025,P8445,W8538,363,14,23,14,2026-02-15
I8026,P8164,W198,521,116,72,0,2026-02-19
I8027,P4522,W9196,29,87,40,11,2026-05-23
I8028,P2107,W7052,975,118,16,19,2025-09-06
I8029,P1128,W5291,808,35,77,16,2025-08-23
I8030,P1019,W9008,246,81,22,14,2025-08-17
I8031,P6058,W9205,754,187,52,17,2025-09-28
I8032,P249,W6286,452,67,10,1,2025-12-16
I8033,P4860,W5440,706,103,10,2,2025-11-13
I8034,P4025,W4548,465,73,69,0,2026-05-20
I8035,P8175,W1802,238,192,90,16,2026-03-21
I8036,P918,W1912,884,116,8,6,2025-10-30
I8037,P7086,W1603,914,17,7,4,2025-09-15
I8038,P8078,W767,880,68,95,4,2026-05-03
I8039,P1390,W7801,275,95,19,1,2025-06-02
I8040,P8102,W8341,531,54,27,16,2026-03-19
I8041,P8200,W3348,606,96,53,13,2026-03-15
I8042,P970,W5855,232,199,97,1,2025-08-19
I8043,P620,W7085,982,123,38,3,2026-01-18
I8044,P6066,W3597,542,160,98,4,2025-06-26
I8045,P5883,W4933,716,76,61,7,2026-02-15
I8046,P1737,W9136,181,114,14,13,2026-03-26
I8047,P2707,W5791,357,47,24,8,2025-07-09
I8048,P1322,W8449,894,175,72,7,2026-02-04
I8049,P6850,W8147,996,166,16,16,2026-01-10
I8050,P8891,W7454,840,124,26,7,2026-03-02
I8051,P8991,W9233,612,136,74,1,2025-12-24
I8052,P1183,W4667,483,16,56,9,2026-04-02
I8053,P6099,W7444,566,92,67,9,2026-01-12
I8054,P43,W932,839,137,82,6,2025-11-01
I8055,P4469,W1198,148,177,92,0,2025-08-14
I8056,P3382,W8349,23,123,69,18,2025-09-20
I8057,P6080,W2789,393,39,75,16,2026-01-19
I8058,P7583,W3361,490,124,96,14,2025-12-03
I8059,P6022,W5700,424,179,76,20,2026-01-05
I8060,P5889,W7508,354,122,67,9,2026-03-17
I8061,P6447,W8172,366,101,69,3,2025-11-26
I8062,P652,W5073,29,89,87,4,2026-02-04
I8063,P1752,W2156,800,122,96,16,2025-08-13
I8064,P4395,W8506,513,172,94,5,2025-09-11
I8065,P1200,W4071,130,150,99,15,2025-06-08
I8066,P7557,W5672,347,54,41,5,2026-05-25
I8067,P9196,W8455,277,160,15,9,2025-07-31
I8068,P5018,W8073,54,181,27,4,2025-09-17
I8069,P2265,W6393,524,132,21,17,2025-12-10
I8070,P8632,W9797,501,70,62,6,2025-07-28
I8071,P7429,W2674,321,70,64,7,2025-07-25
I8072,P2597,W2287,680,128,65,11,2026-04-22
I8073,P602,W5205,523,93,52,10,2025-10-28
I8074,P9608,W6423,332,40,65,0,2026-01-15
I8075,P6158,W1979,33,133,84,18,2026-03-07
I8076,P2023,W3982,942,85,75,9,2025-06-02
I8077,P1188,W6418,324,150,54,9,2025-08-12
I8078,P6737,W9242,436,75,73,14,2026-03-23
I8079,P56,W9320,73,195,22,4,2026-03-02
I8080,P2117,W1618,978,61,49,7,2025-09-03
I8081,P7442,W9159,759,136,88,12,2026-04-14
I8082,P8208,W8726,970,107,78,17,2025-11-02
I8083,P4903,W9006,766,179,11,19,2026-03-21
I8084,P2721,W1597,745,177,15,9,2026-05-17
I8085,P2803,W4446,108,182,70,5,2026-02-14
I8086,P9612,W8179,131,42,27,5,2026-01-07
I8087,P2482,W5670,188,81,88,10,2025-05-28
I8088,P4558,W5760,906,123,57,14,2026-02-12
I8089,P2842,W1499,267,187,26,4,2026-05-28
I8090,P4907,W3464,146,90,38,0,2025-07-22
I8091,P6325,W7405,892,183,53,4,2025-10-03
I8092,P2017,W9410,998,165,73,4,2025-07-19
I8093,P6911,W7991,277,32,64,14,2026-02-20
I8094,P7392,W9585,331,47,7,0,2026-02-07
I8095,P9289,W4394,912,194,32,2,2025-12-24
I8096,P6684,W1496,436,152,48,13,2026-03-19
I8097,P5291,W8249,614,193,85,19,2025-08-20
I8098,P5159,W1277,271,109,63,18,2025-10-12
I8099,P8322,W4285,404,176,99,11,2025-11-17
I8100,P157,W4,438,173,91,6,2026-02-15
I8101,P2255,W2247,435,150,91,4,2025-12-21
I8102,P5554,W3191,177,154,61,0,2025-07-25
I8103,P3621,W9233,684,68,85,20,2025-09-22
I8104,P5568,W7368,522,165,13,4,2026-03-10
I8105,P8006,W2726,709,93,97,12,2025-10-11
I8106,P7866,W5917,576,175,18,14,2025-12-30
I8107,P4830,W453,164,198,31,14,2025-08-08
I8108,P2541,W5752,816,119,71,9,2025-12-13
I8109,P3983,W5937,283,77,62,6,2025-06-25
I8110,P3788,W7500,291,155,98,16,2025-08-05
I8111,P5799,W6058,987,116,20,6,2026-05-28
I8112,P147,W2329,539,185,46,9,2025-12-31
I8113,P7902,W5903,536,194,6,10,2025-06-25
I8114,P6109,W1820,323,67,24,3,2026-03-05
I8115,P5712,W2243,771,15,34,15,2026-04-06
I8116,P9648,W9898,436,190,26,10,2026-01-25
I8117,P848,W5446,933,91,77,6,2025-08-27
I8118,P9887,W8924,925,115,11,3,2025-07-14
I8119,P1600,W2773,97,124,91,9,2026-04-01
I8120,P5168,W6338,659,105,15,0,2026-02-22
I8121,P7508,W6475,90,40,31,3,2025-06-19
I8122,P5293,W1107,856,21,48,8,2026-01-30
I8123,P1932,W2143,286,195,72,16,2025-09-15
I8124,P3991,W5823,325,160,45,8,2026-04-07
I8125,P7675,W759,745,102,63,17,2026-02-09
I8126,P4073,W7868,111,102,41,5,2025-12-11
I8127,P4386,W6841,170,167,43,0,2026-02-09
I8128,P1145,W8219,22,78,31,1,2026-02-06
I8129,P5987,W8193,932,119,75,12,2025-11-08
I8130,P5928,W1605,150,193,73,18,2026-03-11
I8131,P5828,W2093,977,12,61,20,2025-08-26
I8132,P9798,W81,274,158,44,5,2025-06-27
I8133,P1857,W4258,244,62,53,3,2025-11-09
I8134,P6768,W9857,854,137,85,15,2026-05-22
I8135,P7763,W6243,822,143,7,16,2026-01-03
I8136,P8100,W1350,876,70,84,6,2026-03-17
I8137,P5432,W8124,652,109,59,11,2025-08-11
I8138,P9488,W2291,914,49,82,11,2025-08-21
I8139,P861,W238,954,13,89,8,2025-08-01
I8140,P2231,W1925,968,164,42,15,2025-07-31
I8141,P7438,W1784,31,21,55,12,2025-10-20
I8142,P9521,W2091,188,86,12,12,2025-07-27
I8143,P9249,W6365,840,113,34,4,2025-12-11
I8144,P5188,W5347,491,135,64,1,2025-09-10
I8145,P2402,W4002,398,200,83,10,2026-02-17
I8146,P7438,W7568,726,94,77,1,2025-07-10
I8147,P3686,W8903,485,137,94,19,2025-05-31
I8148,P1127,W4258,178,133,53,12,2025-10-06
I8149,P4110,W8604,538,139,91,1,2025-07-21
I8150,P736,W1367,876,72,50,3,2025-11-01
I8151,P5470,W9575,342,175,32,0,2025-12-09
I8152,P6978,W6892,762,191,40,2,2025-09-14
I8153,P3832,W8739,867,108,36,14,2026-05-17
I8154,P7165,W2105,491,121,9,17,2026-04-24
I8155,P2832,W3102,268,143,6,1,2026-04-24
I8156,P6072,W7938,758,116,29,17,2026-03-23
I8157,P3413,W2069,525,153,65,15,2026-05-12
I8158,P927,W6060,485,61,93,11,2026-01-15
I8159,P1234,W1653,576,67,65,11,2025-12-17
I8160,P9453,W6589,311,184,49,0,2026-03-20
I8161,P8488,W3741,687,115,11,15,2026-01-20
I8162,P3239,W6047,763,90,93,6,2025-11-07
I8163,P4736,W2306,127,17,78,4,2026-04-03
I8164,P4834,W5056,458,68,20,10,2025-07-15
I8165,P3086,W7028,853,63,79,19,2026-01-14
I8166,P1281,W3379,408,20,7,1,2025-09-15
I8167,P7891,W8711,727,39,85,6,2026-04-14
I8168,P5054,W5712,691,25,42,19,2025-07-22
I8169,P1777,W2206,483,183,52,18,2025-11-26
I8170,P1418,W8218,333,190,65,18,2026-04-23
I8171,P1321,W3309,188,186,9,2,2026-05-04
I8172,P4048,W7597,202,28,82,20,2026-03-07
I8173,P6636,W1926,847,120,68,8,2026-05-09
I8174,P9412,W4238,771,185,98,14,2025-11-07
I8175,P3725,W3448,993,198,86,20,2025-09-22
I8176,P7416,W3609,977,47,75,15,2025-07-23
I8177,P8715,W9525,996,188,63,1,2026-05-10
I8178,P4797,W3504,600,11,26,4,2026-01-25
I8179,P1161,W8132,740,73,18,8,2026-04-29
I8180,P1617,W5469,516,177,90,6,2026-03-08
I8181,P5915,W5970,598,64,99,18,2025-09-13
I8182,P9801,W7858,260,66,65,20,2025-09-24
I8183,P8332,W578,397,89,51,19,2026-01-15
I8184,P5408,W7552,303,182,26,20,2026-02-16
I8185,P3392,W3306,35,35,95,15,2026-02-28
I8186,P9877,W3423,568,37,59,18,2025-10-18
I8187,P1729,W2181,853,174,24,9,2026-04-09
I8188,P6759,W1629,377,166,68,4,2025-07-15
I8189,P5030,W4352,904,49,71,9,2026-02-02
I8190,P5046,W8872,618,142,98,0,2025-08-07
I8191,P3440,W1224,475,126,94,13,2025-10-14
I8192,P6270,W5413,37,67,25,12,2026-02-03
I8193,P8939,W4735,624,121,97,6,2025-07-22
I8194,P1719,W8701,400,115,56,3,2025-07-31
I8195,P5994,W9595,349,90,83,3,2025-09-30
I8196,P9688,W4685,803,195,59,9,2025-07-09
I8197,P9264,W2264,18,114,81,15,2026-04-09
I8198,P8728,W5397,438,85,8,4,2025-06-09
I8199,P3926,W8886,926,164,74,17,2026-01-10
I8200,P3454,W1713,713,74,91,14,2026-01-14
I8201,P9507,W2555,241,193,43,4,2025-10-13
I8202,P9081,W4232,175,31,91,15,2026-05-01
I8203,P9699,W3273,564,172,93,15,2025-09-06
I8204,P6855,W5551,315,80,15,0,2025-07-29
I8205,P7497,W1160,911,121,59,9,2025-09-28
I8206,P5273,W4763,508,123,68,3,2025-09-30
I8207,P5280,W273,462,189,68,13,2026-01-09
I8208,P7064,W80,734,90,63,16,2025-06-03
I8209,P9808,W7583,771,195,24,11,2025-08-31
I8210,P9816,W53,718,186,57,5,2026-01-09
I8211,P6770,W8929,961,114,12,16,2025-12-19
I8212,P3324,W4707,429,163,92,13,2025-12-28
I8213,P6780,W1200,148,147,30,1,2025-07-14
I8214,P1213,W4781,806,137,74,3,2025-08-01
I8215,P1138,W6410,814,63,69,14,2025-08-10
I8216,P944,W540,157,75,24,8,2025-09-30
I8217,P9771,W6450,541,63,68,5,2025-06-03
I8218,P4663,W9054,894,162,22,5,2026-03-17
I8219,P65,W8187,927,110,65,8,2025-07-17
I8220,P2799,W8328,499,127,70,7,2026-01-22
I8221,P2329,W6346,658,123,41,14,2026-04-10
I8222,P9953,W9571,875,90,50,20,2026-02-15
I8223,P954,W914,4,177,23,10,2025-11-25
I8224,P2634,W1439,195,10,70,3,2026-02-02
I8225,P2654,W7381,224,158,23,18,2025-06-03
I8226,P3814,W9508,662,30,98,10,2026-04-26
I8227,P3453,W6648,747,59,83,4,2025-09-06
I8228,P5215,W4156,507,150,55,18,2025-09-01
I8229,P2775,W5497,917,27,62,4,2025-08-01
I8230,P2465,W7193,979,194,58,19,2025-07-02
I8231,P6497,W2708,390,81,21,20,2025-06-18
I8232,P6144,W3884,503,155,89,18,2025-08-01
I8233,P8726,W9684,580,167,80,4,2025-09-01
I8234,P884,W2795,649,75,66,9,2025-09-09
I8235,P5519,W5837,959,177,85,6,2026-01-08
I8236,P535,W7524,343,149,54,19,2026-02-02
I8237,P3054,W8130,37,134,97,11,2026-05-24
I8238,P9692,W874,592,11,78,18,2025-06-07
I8239,P6546,W174,957,167,100,19,2026-04-28
I8240,P9466,W790,90,55,18,13,2026-04-12
I8241,P123,W5383,365,39,50,16,2025-08-30
I8242,P7068,W3037,101,34,32,6,2025-09-30
I8243,P8691,W5824,485,15,92,14,2025-12-06
I8244,P645,W1658,254,82,32,9,2026-04-11
I8245,P5989,W8660,94,182,83,1,2025-07-06
I8246,P3916,W5808,571,162,98,7,2026-05-23
I8247,P4350,W4808,261,192,57,1,2025-07-17
I8248,P5014,W417,757,67,5,20,2026-02-05
I8249,P9491,W3244,778,110,68,15,2025-12-22
I8250,P487,W5995,748,124,19,19,2025-06-09
I8251,P229,W6074,664,55,51,17,2025-07-06
I8252,P845,W6206,251,21,43,0,2025-11-01
I8253,P1355,W9681,686,185,45,17,2025-07-16
I8254,P2860,W7677,732,131,70,14,2025-11-18
I8255,P7512,W2399,123,184,15,15,2026-04-07
I8256,P7593,W756,185,125,47,13,2026-05-05
I8257,P6676,W3339,20,84,10,13,2025-12-31
I8258,P5451,W9391,694,197,14,14,2026-03-06
I8259,P2614,W8520,431,147,10,11,2025-07-30
I8260,P4862,W6659,319,120,8,10,2026-01-26
I8261,P2117,W165,317,129,75,10,2026-01-15
I8262,P3054,W4693,66,139,78,5,2026-05-03
I8263,P3880,W3132,780,29,42,8,2026-01-01
I8264,P7197,W8423,79,19,57,7,2025-06-05
I8265,P46,W9322,990,29,37,5,2026-05-10
I8266,P8336,W4347,472,178,29,11,2026-05-28
I8267,P8901,W5246,838,15,93,2,2025-10-20
I8268,P8431,W3902,435,106,82,8,2025-07-14
I8269,P769,W7982,947,22,89,0,2026-03-26
I8270,P5137,W9921,418,113,46,17,2026-01-21
I8271,P7565,W2074,902,77,65,7,2025-10-10
I8272,P1773,W6930,756,60,52,16,2026-02-07
I8273,P2766,W5865,688,55,88,11,2026-05-15
I8274,P8082,W1039,321,141,11,0,2026-01-20
I8275,P333,W5096,828,149,44,5,2026-03-15
I8276,P819,W5361,227,186,26,15,2025-12-08
I8277,P4781,W1466,234,141,22,8,2025-12-14
I8278,P8193,W9810,407,87,84,18,2025-06-15
I8279,P3849,W2501,480,126,13,19,2026-02-13
I8280,P6912,W8116,285,126,79,5,2025-10-17
I8281,P5646,W5622,596,104,63,1,2025-12-24
I8282,P5298,W2298,13,125,34,4,2026-04-24
I8283,P7975,W4256,939,98,100,15,2026-04-03
I8284,P104,W7026,610,151,93,12,2025-10-24
I8285,P4374,W4822,928,184,63,19,2025-06-20
I8286,P4022,W7583,906,163,29,0,2026-04-20
I8287,P1837,W6971,663,127,22,3,2026-03-13
I8288,P6411,W4756,753,122,6,6,2026-01-31
I8289,P8236,W7203,405,83,94,9,2026-01-25
I8290,P2470,W1580,931,146,61,5,2025-12-21
I8291,P4054,W5575,183,108,19,13,2026-01-13
I8292,P4482,W6001,681,114,100,16,2026-05-27
I8293,P6232,W9093,993,142,27,12,2025-10-01
I8294,P645,W4876,546,174,70,3,2025-10-17
I8295,P3307,W8807,330,85,38,1,2025-11-08
I8296,P1790,W7532,910,141,100,16,2025-07-08
I8297,P149,W1950,16,34,60,14,2025-12-03
I8298,P889,W6327,882,106,44,11,2025-09-13
I8299,P7370,W173,52,118,77,3,2025-12-07
I8300,P65,W5285,963,109,66,10,2025-07-11
I8301,P895,W3122,689,158,22,17,2026-01-06
I8302,P6865,W7161,724,65,5,5,2025-08-04
I8303,P2633,W6611,695,37,48,18,2025-07-12
I8304,P6705,W3485,254,176,64,15,2026-03-02
I8305,P6639,W8849,253,68,22,14,2026-03-30
I8306,P5184,W8473,314,149,81,6,2026-01-31
I8307,P4868,W5480,65,198,5,3,2025-12-29
I8308,P9611,W2209,996,77,95,2,2025-08-10
I8309,P9875,W1303,419,35,13,9,2025-09-14
I8310,P4850,W9914,88,127,53,20,2025-10-28
I8311,P5437,W6600,272,131,54,3,2025-06-27
I8312,P5033,W654,761,90,58,3,2025-12-26
I8313,P8364,W7943,876,180,57,13,2025-08-11
I8314,P1345,W9764,828,162,74,14,2025-07-29
I8315,P7887,W6241,125,200,48,7,2025-06-10
I8316,P610,W6488,515,121,61,19,2025-07-04
I8317,P2713,W7094,937,76,69,12,2026-05-01
I8318,P7001,W5183,467,89,74,12,2026-04-12
I8319,P5262,W2987,635,112,90,15,2026-05-20
I8320,P6895,W2980,213,131,38,1,2025-12-09
I8321,P1870,W3182,76,162,99,1,2026-05-15
I8322,P6116,W2169,129,23,42,11,2026-02-24
I8323,P4849,W1385,868,162,10,7,2025-07-16
I8324,P8913,W8848,795,194,63,8,2025-08-08
I8325,P7931,W8416,708,15,75,2,2025-08-06
I8326,P8697,W3126,638,18,15,15,2025-09-26
I8327,P1147,W8599,796,161,6,3,2025-10-04
I8328,P9805,W8246,149,18,22,13,2025-12-04
I8329,P6218,W4873,931,136,16,12,2025-10-26
I8330,P3335,W676,105,41,99,12,2025-06-08
I8331,P525,W2561,696,48,35,5,2026-03-02
I8332,P344,W6078,883,48,86,1,2026-02-02
I8333,P2250,W2711,500,107,55,17,2026-05-20
I8334,P2238,W7326,897,160,20,1,2025-12-19
I8335,P9270,W8404,860,149,33,11,2025-07-27
I8336,P4652,W196,681,139,98,3,2025-08-10
I8337,P155,W4141,262,81,36,11,2025-11-20
I8338,P7280,W9769,102,38,23,10,2025-12-08
I8339,P3508,W5005,800,64,98,0,2025-07-26
I8340,P127,W2446,140,75,39,12,2025-09-23
I8341,P3037,W4719,760,13,11,9,2026-02-24
I8342,P4693,W5381,804,114,8,17,2025-07-18
I8343,P8088,W5415,80,188,87,14,2025-12-24
I8344,P6871,W7867,551,72,19,11,2026-02-07
I8345,P8550,W8784,293,85,91,9,2026-04-30
I8346,P8265,W1271,758,62,40,10,2026-05-18
I8347,P3124,W5867,243,92,51,17,2025-12-01
I8348,P3299,W87,168,154,21,15,2026-03-14
I8349,P7729,W3544,359,161,26,11,2025-12-03
I8350,P4822,W5168,981,18,25,18,2026-03-24
I8351,P7005,W8903,656,183,52,3,2025-07-23
I8352,P7947,W7721,661,16,94,8,2025-11-07
I8353,P3501,W7642,389,162,75,4,2025-07-17
I8354,P8306,W3544,947,78,48,19,2025-11-13
I8355,P1680,W1585,770,131,65,10,2026-01-05
I8356,P6045,W9314,547,13,33,5,2025-08-06
I8357,P6806,W2656,761,128,85,5,2025-09-21
I8358,P7336,W8854,643,76,30,1,2025-10-07
I8359,P6706,W4634,956,126,42,18,2026-04-15
I8360,P6333,W1516,288,52,15,1,2026-01-16
I8361,P9186,W2615,412,34,35,5,2025-09-02
I8362,P9274,W508,323,171,33,8,2025-10-05
I8363,P4369,W4451,840,170,43,3,2026-04-01
I8364,P1158,W5417,153,34,99,5,2026-03-05
I8365,P1099,W2513,832,105,99,4,2025-06-17
I8366,P232,W4013,554,114,82,5,2025-12-21
I8367,P9853,W5757,245,127,19,17,2025-10-04
I8368,P3812,W3147,241,193,44,18,2026-03-30
I8369,P1586,W1422,189,121,55,3,2025-10-24
I8370,P9971,W4856,852,23,61,2,2025-07-13
I8371,P6935,W331,671,37,55,7,2026-05-16
I8372,P7421,W971,693,58,89,16,2025-06-13
I8373,P4587,W5834,183,162,41,17,2025-10-01
I8374,P4455,W1625,940,56,46,18,2026-02-11
I8375,P1092,W6693,703,138,28,2,2026-02-23
I8376,P4933,W1628,601,130,7,14,2025-08-22
I8377,P4625,W4244,513,74,53,16,2025-08-13
I8378,P2434,W6401,765,197,21,12,2026-04-11
I8379,P1332,W3966,837,170,41,0,2026-04-25
I8380,P3721,W7349,796,33,59,15,2026-02-11
I8381,P4102,W8785,984,101,57,16,2026-05-08
I8382,P8455,W5612,842,155,90,5,2025-06-23
I8383,P4250,W3937,511,38,11,3,2026-05-27
I8384,P7268,W5358,41,139,11,11,2025-07-20
I8385,P5824,W6397,974,52,17,13,2025-08-14
I8386,P1178,W3617,216,155,60,6,2025-08-16
I8387,P7760,W4239,99,152,61,18,2026-02-28
I8388,P9445,W3963,99,116,96,0,2025-11-26
I8389,P7057,W5798,480,187,32,4,2025-09-05
I8390,P9090,W7248,628,128,26,3,2025-06-26
I8391,P581,W4037,282,166,62,14,2025-07-29
I8392,P395,W1173,1000,132,12,19,2026-04-15
I8393,P8216,W1364,64,108,94,9,2025-11-05
I8394,P3827,W7951,830,20,96,20,2026-01-06
I8395,P9782,W889,533,169,25,6,2025-08-06
I8396,P8706,W598,81,175,16,0,2026-01-03
I8397,P2275,W4599,382,30,83,2,2026-01-10
I8398,P410,W7817,42,195,76,16,2025-10-15
I8399,P854,W4996,264,157,66,7,2025-06-24
I8400,P8157,W145,783,53,85,19,2026-01-06
I8401,P8323,W1496,269,153,42,15,2026-03-22
I8402,P4437,W8836,598,37,66,7,2025-06-11
I8403,P4941,W9933,416,127,72,12,2026-03-01
I8404,P1353,W4124,869,157,56,17,2025-06-18
I8405,P825,W239,671,196,54,4,2025-09-14
I8406,P6855,W9418,484,116,72,8,2026-02-13
I8407,P7889,W4211,432,92,78,13,2025-08-06
I8408,P4369,W9268,286,53,7,0,2025-10-16
I8409,P5903,W6397,511,133,40,15,2025-10-08
I8410,P6390,W3952,272,18,46,0,2025-07-21
I8411,P2861,W237,845,53,58,15,2025-11-11
I8412,P334,W7080,729,147,22,20,2026-04-30
I8413,P1828,W2150,175,76,78,5,2026-04-03
I8414,P5592,W7878,629,72,40,18,2026-05-01
I8415,P8813,W6003,563,111,34,18,2025-09-28
I8416,P4926,W2725,835,111,54,0,2026-03-26
I8417,P7829,W1930,274,72,62,2,2026-01-29
I8418,P4490,W513,869,57,83,1,2025-11-03
I8419,P8576,W2691,44,89,38,0,2026-05-18
I8420,P5621,W5092,462,40,82,11,2026-03-13
I8421,P3381,W8634,465,148,96,12,2025-08-07
I8422,P4604,W8151,859,155,63,13,2025-06-07
I8423,P947,W6452,797,25,68,16,2026-05-27
I8424,P9444,W8580,869,30,72,12,2025-11-05
I8425,P4946,W9388,464,40,73,3,2025-11-22
I8426,P6896,W1303,817,164,5,5,2026-04-23
I8427,P6835,W9137,474,126,40,0,2026-04-18
I8428,P9341,W2603,915,26,58,12,2025-11-03
I8429,P2182,W3384,254,49,14,16,2026-01-24
I8430,P8397,W6359,124,91,8,10,2025-06-30
I8431,P6207,W7570,592,13,14,19,2025-12-09
I8432,P9190,W118,250,141,14,18,2025-10-24
I8433,P7195,W7248,20,56,29,8,2025-09-26
I8434,P2993,W6818,357,112,86,9,2025-07-25
I8435,P3215,W4518,821,23,6,16,2025-08-05
I8436,P1517,W1194,20,172,97,5,2025-09-21
I8437,P8122,W9868,583,16,62,3,2025-08-29
I8438,P1910,W4421,473,190,55,11,2026-03-31
I8439,P9122,W243,99,113,96,20,2025-12-24
I8440,P3600,W1570,647,19,96,10,2026-04-09
I8441,P3873,W8159,671,120,88,6,2025-08-08
I8442,P2051,W5834,12,197,46,16,2026-05-09
I8443,P875,W9873,438,122,64,17,2025-11-29
I8444,P5320,W7515,490,175,80,19,2026-02-26
I8445,P4130,W9595,156,61,55,10,2026-02-28
I8446,P4363,W9485,520,197,9,9,2025-05-29
I8447,P649,W6643,635,140,100,14,2026-03-13
I8448,P5307,W5620,405,53,94,16,2025-10-18
I8449,P6856,W6722,193,77,86,8,2025-11-30
I8450,P2271,W1399,401,128,48,9,2026-03-31
I8451,P1795,W2436,890,119,72,11,2026-03-26
I8452,P505,W9158,712,84,68,10,2025-07-04
I8453,P2733,W8674,350,141,45,20,2025-06-18
I8454,P9219,W3453,338,190,68,14,2025-11-10
I8455,P2181,W7572,723,73,75,3,2026-02-18
I8456,P4504,W3552,767,166,49,18,2025-10-11
I8457,P1884,W5372,561,95,53,17,2025-08-17
I8458,P1542,W7092,629,110,86,3,2026-05-14
I8459,P8228,W8203,666,48,55,19,2026-03-18
I8460,P7297,W8046,156,42,11,4,2025-06-26
I8461,P6476,W5746,460,181,80,7,2025-10-27
I8462,P7981,W1559,980,14,45,20,2026-04-05
I8463,P6131,W8713,511,73,52,10,2025-05-30
I8464,P2131,W3286,544,106,91,0,2026-03-15
I8465,P216,W611,741,79,72,6,2025-06-18
I8466,P9609,W7826,408,134,65,20,2026-04-19
I8467,P3853,W8921,940,147,60,19,2025-07-22
I8468,P976,W4990,989,183,35,14,2025-09-20
I8469,P8259,W8099,297,44,55,8,2026-05-27
I8470,P2588,W3114,628,152,10,13,2025-09-23
I8471,P530,W9031,300,188,13,3,2025-07-16
I8472,P393,W8473,63,90,28,13,2025-12-11
I8473,P4550,W7233,783,170,69,14,2025-12-10
I8474,P786,W8917,481,139,86,2,2025-08-18
I8475,P4276,W8574,534,150,82,19,2025-08-25
I8476,P7646,W7072,63,186,32,16,2025-11-13
I8477,P7749,W4719,430,31,66,18,2025-09-16
I8478,P8422,W6988,569,103,88,20,2025-09-30
I8479,P6258,W8309,220,19,69,15,2025-08-30
I8480,P693,W627,6,95,94,18,2025-06-28
I8481,P5887,W3298,238,72,61,13,2026-01-28
I8482,P9458,W1361,576,157,93,4,2026-03-26
I8483,P2697,W8223,242,171,91,19,2026-03-07
I8484,P2624,W9881,389,90,98,4,2025-12-05
I8485,P2003,W4201,382,173,93,10,2025-08-12
I8486,P4648,W9001,889,182,81,2,2025-07-10
I8487,P7764,W6081,318,197,88,18,2026-04-03
I8488,P6510,W6340,804,148,58,3,2026-04-20
I8489,P734,W3982,196,21,60,12,2026-01-07
I8490,P8492,W5994,921,128,96,6,2025-10-02
I8491,P5471,W9537,799,55,30,17,2025-07-29
I8492,P1580,W5540,42,106,27,5,2025-09-22
I8493,P712,W7645,699,43,58,14,2025-12-22
I8494,P614,W2154,987,127,49,15,2025-10-09
I8495,P8349,W9253,990,96,55,0,2025-06-21
I8496,P4731,W3394,74,93,18,2,2025-09-27
I8497,P2174,W8812,29,65,57,4,2026-05-20
I8498,P8500,W8336,411,147,91,2,2026-03-15
I8499,P2637,W3238,591,120,10,20,2026-03-25
I8500,P6855,W3592,761,161,5,7,2025-11-15
I8501,P1348,W9767,175,62,69,8,2025-08-03
I8502,P8761,W7905,70,50,83,13,2026-02-20
I8503,P6471,W7566,453,130,55,9,2026-01-27
I8504,P8708,W5124,775,168,27,6,2026-02-12
I8505,P1917,W6115,982,197,81,13,2026-03-30
I8506,P6736,W9856,919,66,8,6,2025-06-08
I8507,P1488,W9174,548,112,45,5,2026-02-05
I8508,P7655,W603,892,21,36,13,2025-08-05
I8509,P7806,W8268,773,177,57,19,2025-10-10
I8510,P8263,W57,820,151,90,15,2025-07-21
I8511,P1129,W7554,908,131,87,18,2026-05-08
I8512,P595,W3202,374,147,36,16,2025-10-13
I8513,P4865,W729,954,10,92,12,2025-10-04
I8514,P9768,W2566,923,118,22,13,2025-08-07
I8515,P7251,W7363,530,35,27,14,2026-01-01
I8516,P89,W7308,51,92,39,12,2025-11-26
I8517,P9032,W7818,755,43,54,9,2026-03-30
I8518,P3208,W1824,846,174,6,7,2025-07-22
I8519,P3251,W310,39,41,11,4,2026-03-12
I8520,P4379,W4402,27,35,50,10,2026-01-18
I8521,P6202,W575,517,129,13,20,2026-05-18
I8522,P6705,W1157,698,104,51,13,2026-01-29
I8523,P5470,W4857,955,71,42,13,2026-01-27
I8524,P4131,W9332,848,195,77,18,2025-08-25
I8525,P8145,W6616,4,84,85,4,2025-12-10
I8526,P1488,W2606,945,172,71,3,2025-10-11
I8527,P6519,W8418,225,43,70,14,2025-12-04
I8528,P8989,W8550,911,187,46,7,2025-11-30
I8529,P9010,W2139,983,17,82,8,2025-12-25
I8530,P9359,W4691,460,107,81,1,2026-01-30
I8531,P4307,W992,328,41,54,13,2025-06-05
I8532,P2338,W4488,751,110,11,18,2025-06-07
I8533,P7060,W8660,199,34,14,17,2025-12-17
I8534,P9539,W7701,848,132,56,2,2026-05-26
I8535,P3775,W6552,440,101,91,1,2025-09-15
I8536,P6216,W7489,922,73,51,14,2026-02-17
I8537,P5296,W2241,850,107,23,5,2025-09-08
I8538,P6749,W4104,891,71,34,9,2025-12-28
I8539,P3976,W5658,645,125,69,2,2026-05-04
I8540,P5835,W6551,559,197,5,20,2026-04-27
I8541,P2492,W3631,775,153,5,1,2025-06-03
I8542,P2555,W8315,682,138,54,13,2026-04-27
I8543,P4291,W1025,994,58,25,7,2026-02-16
I8544,P6673,W8586,645,134,63,11,2025-06-10
I8545,P8593,W3139,403,190,17,17,2025-06-12
I8546,P9213,W3754,981,186,45,5,2026-01-09
I8547,P6249,W1220,277,63,39,18,2026-01-10
I8548,P5546,W5142,806,140,47,2,2025-12-16
I8549,P1082,W235,371,127,72,20,2025-06-05
I8550,P9873,W7299,794,94,89,16,2026-03-15
I8551,P3383,W7203,83,96,48,11,2026-02-18
I8552,P4073,W2494,703,144,29,19,2025-08-21
I8553,P2472,W7861,495,171,70,16,2025-11-08
I8554,P3976,W8479,597,118,31,17,2025-10-19
I8555,P5221,W3287,764,167,13,2,2025-12-10
I8556,P4496,W8844,401,142,44,19,2026-01-20
I8557,P4580,W1555,643,198,56,16,2025-07-06
I8558,P5,W1001,981,168,49,17,2026-02-19
I8559,P9255,W1564,434,184,26,20,2026-01-24
I8560,P834,W9618,208,106,44,12,2026-04-22
I8561,P993,W1830,45,173,70,7,2025-06-06
I8562,P5068,W6308,633,38,62,8,2026-02-22
I8563,P8165,W1199,819,191,76,10,2025-09-23
I8564,P1680,W4330,885,162,75,15,2026-04-06
I8565,P5456,W4662,73,139,7,13,2025-06-15
I8566,P3427,W5719,769,194,9,5,2025-07-24
I8567,P8959,W788,184,37,76,0,2025-06-24
I8568,P7624,W2599,941,131,23,6,2026-04-07
I8569,P9654,W4523,233,25,92,16,2026-04-20
I8570,P5532,W154,653,143,91,4,2026-03-21
I8571,P2090,W1537,369,49,76,10,2025-06-07
I8572,P3803,W3105,660,32,16,15,2025-10-26
I8573,P4511,W9534,191,53,67,12,2026-03-11
I8574,P6054,W9472,114,50,87,18,2026-02-06
I8575,P2789,W3628,306,113,80,18,2025-09-05
I8576,P1623,W8968,511,13,79,9,2025-10-08
I8577,P6239,W1916,717,67,97,13,2026-02-24
I8578,P972,W1247,218,111,20,13,2026-01-11
I8579,P2496,W2905,169,151,50,11,2026-01-07
I8580,P6349,W2813,821,145,84,14,2026-01-06
I8581,P9321,W2010,133,183,94,12,2025-07-03
I8582,P3592,W7708,438,35,34,0,2025-09-10
I8583,P3282,W8707,492,94,6,4,2025-10-18
I8584,P3979,W9889,43,144,80,1,2025-10-22
I8585,P6158,W7234,627,133,58,12,2025-09-29
I8586,P5303,W7908,638,31,11,4,2025-09-24
I8587,P3376,W342,68,199,72,17,2025-09-21
I8588,P2231,W9590,764,33,70,19,2026-03-04
I8589,P5468,W8726,538,52,58,10,2026-05-28
I8590,P206,W1376,955,199,13,5,2025-09-22
I8591,P6162,W9986,155,148,10,0,2026-01-22
I8592,P6077,W9052,834,73,56,16,2025-06-11
I8593,P7216,W703,745,167,81,13,2025-07-24
I8594,P2619,W9195,32,186,79,12,2026-03-17
I8595,P892,W8824,230,194,49,9,2025-06-03
I8596,P7367,W6971,148,105,5,2,2026-04-14
I8597,P5535,W454,315,165,14,10,2025-10-11
I8598,P169,W260,746,91,52,6,2026-03-07
I8599,P1006,W4199,547,123,58,2,2025-09-21
I8600,P9161,W1251,96,103,24,6,2025-10-02
I8601,P6777,W5166,117,79,25,18,2026-01-12
I8602,P8693,W109,822,159,52,7,2025-08-02
I8603,P8954,W1947,983,127,85,3,2026-01-24
I8604,P2103,W5491,8,168,96,17,2026-04-23
I8605,P952,W3920,281,126,37,11,2026-02-04
I8606,P6634,W4708,973,103,52,3,2026-05-22
I8607,P6699,W1072,134,153,80,0,2026-04-28
I8608,P4058,W5211,383,26,35,2,2026-03-20
I8609,P9893,W338,177,164,66,8,2026-03-11
I8610,P1272,W5910,776,103,5,0,2025-09-28
I8611,P5841,W8806,224,55,51,4,2025-08-09
I8612,P8029,W9463,959,104,21,10,2025-11-06
I8613,P9971,W5274,313,88,33,13,2025-11-23
I8614,P9816,W5929,775,121,59,18,2025-06-05
I8615,P7493,W4303,199,44,74,18,2025-12-26
I8616,P9672,W8948,577,114,95,19,2025-11-23
I8617,P2752,W3250,428,29,67,17,2026-04-17
I8618,P7608,W2821,352,134,88,11,2026-02-05
I8619,P7403,W7366,717,124,14,1,2026-04-22
I8620,P9658,W2107,60,120,19,9,2025-10-16
I8621,P1037,W6532,219,21,22,1,2025-07-03
I8622,P3933,W5272,350,156,73,5,2026-05-03
I8623,P9848,W6936,121,31,20,5,2025-08-29
I8624,P2371,W6472,302,135,36,10,2025-10-24
I8625,P9268,W9750,196,140,15,6,2025-07-18
I8626,P6188,W4909,498,44,66,9,2026-02-21
I8627,P6314,W6335,290,82,11,5,2025-10-27
I8628,P2756,W398,900,39,19,6,2025-08-11
I8629,P3345,W4288,670,23,41,5,2025-11-29
I8630,P3364,W1681,400,11,44,2,2025-07-29
I8631,P4508,W4161,925,110,91,2,2026-01-19
I8632,P4713,W5486,981,114,46,6,2025-11-25
I8633,P7204,W4197,628,31,6,16,2025-09-21
I8634,P6204,W4120,598,40,10,4,2026-05-17
I8635,P781,W437,665,56,100,20,2025-08-25
I8636,P6250,W4019,343,45,9,12,2025-08-08
I8637,P5837,W5197,798,108,5,8,2025-09-15
I8638,P3084,W3527,299,80,99,11,2026-01-23
I8639,P1906,W5690,659,126,21,14,2026-05-22
I8640,P157,W9012,811,26,96,19,2025-10-30
I8641,P9976,W9,210,136,62,3,2025-12-09
I8642,P8183,W4435,841,27,38,7,2025-06-19
I8643,P7195,W2637,632,161,28,2,2025-12-21
I8644,P2290,W3347,189,70,36,2,2025-12-17
I8645,P495,W5463,905,194,21,1,2025-08-13
I8646,P7016,W3776,171,109,81,14,2025-07-12
I8647,P3075,W8884,180,168,47,11,2025-07-09
I8648,P7981,W9124,612,40,85,2,2025-10-11
I8649,P2206,W2908,58,175,68,8,2025-07-28
I8650,P9148,W4080,363,132,8,13,2025-07-20
I8651,P6521,W6774,665,150,31,11,2025-10-27
I8652,P8037,W7368,924,194,8,13,2025-10-02
I8653,P4382,W8827,317,112,86,18,2026-04-17
I8654,P920,W3174,8,69,25,14,2025-09-08
I8655,P2161,W6698,797,43,96,0,2026-03-03
I8656,P9336,W4179,527,22,55,10,2025-07-17
I8657,P4432,W212,418,50,60,17,2026-05-14
I8658,P2299,W5212,680,49,50,9,2025-08-13
I8659,P207,W1737,600,173,38,2,2025-10-23
I8660,P8006,W7851,200,71,40,7,2025-12-13
I8661,P515,W4585,429,161,24,0,2025-12-21
I8662,P7227,W9590,769,177,33,11,2026-04-05
I8663,P8836,W7272,364,109,37,19,2025-07-17
I8664,P9515,W506,623,69,82,13,2025-06-21
I8665,P1941,W6555,862,146,56,3,2025-08-13
I8666,P7472,W7573,805,186,62,9,2026-04-30
I8667,P7290,W9957,417,100,91,6,2025-10-07
I8668,P8909,W2583,527,95,67,0,2025-10-28
I8669,P2400,W4454,139,198,93,16,2025-10-04
I8670,P7935,W9256,185,106,73,8,2026-05-23
I8671,P9663,W6126,416,192,86,5,2025-09-10
I8672,P5888,W3689,7,129,97,6,2026-01-06
I8673,P8607,W4640,93,130,27,19,2026-04-17
I8674,P3695,W378,951,132,100,13,2025-11-14
I8675,P6525,W2257,965,18,92,9,2025-12-02
I8676,P258,W3079,797,130,36,2,2026-01-30
I8677,P1727,W6514,647,109,21,0,2026-01-19
I8678,P5784,W7340,455,100,61,11,2025-06-10
I8679,P5222,W6540,153,32,61,11,2026-01-19
I8680,P554,W7267,79,16,6,18,2025-08-21
I8681,P4863,W8912,161,33,67,19,2025-08-04
I8682,P1026,W4579,180,106,60,18,2025-06-16
I8683,P5567,W8551,877,180,41,10,2025-09-15
I8684,P4076,W147,138,150,48,9,2025-11-10
I8685,P4718,W4896,215,164,39,1,2026-03-18
I8686,P8698,W1423,146,151,45,18,2026-03-24
I8687,P3468,W7649,549,194,99,12,2025-07-05
I8688,P2412,W1081,24,83,54,13,2026-05-02
I8689,P2847,W4889,383,78,61,15,2025-08-30
I8690,P5128,W4152,522,35,6,10,2025-08-21
I8691,P6189,W1957,49,45,13,1,2025-08-29
I8692,P4461,W7655,757,21,63,2,2025-12-28
I8693,P3787,W4253,758,105,72,5,2025-06-16
I8694,P1013,W1634,979,117,37,13,2025-08-27
I8695,P3601,W6251,683,57,83,18,2025-07-30
I8696,P9810,W5781,350,190,33,13,2026-02-14
I8697,P1345,W9631,720,181,86,19,2025-06-20
I8698,P1496,W2294,117,186,85,3,2025-10-06
I8699,P6565,W6166,574,132,32,7,2025-07-29
I8700,P1592,W8867,440,119,19,14,2025-08-26
I8701,P1195,W6957,975,187,80,11,2025-10-31
I8702,P1539,W2824,73,58,78,2,2025-10-06
I8703,P555,W4519,284,55,47,16,2025-07-05
I8704,P6639,W8480,964,92,34,4,2026-01-04
I8705,P6549,W2493,15,43,84,13,2025-08-12
I8706,P3237,W2388,681,86,90,4,2025-12-07
I8707,P599,W7901,559,119,76,15,2026-05-02
I8708,P1546,W5780,685,148,19,1,2025-10-20
I8709,P8795,W2520,697,85,91,14,2025-12-02
I8710,P468,W9245,639,184,6,8,2025-08-31
I8711,P2474,W5698,978,43,76,6,2026-05-03
I8712,P2914,W2256,184,66,49,9,2025-11-20
I8713,P2495,W314,936,192,31,6,2026-02-22
I8714,P1804,W9308,999,88,92,14,2026-05-27
I8715,P3062,W590,21,122,45,0,2025-08-11
I8716,P7801,W7907,78,51,6,17,2026-05-11
I8717,P298,W503,676,96,54,5,2025-12-27
I8718,P3979,W1816,836,18,61,20,2026-05-03
I8719,P7733,W3404,745,91,7,15,2025-10-29
I8720,P8405,W6594,480,47,58,9,2025-12-06
I8721,P1179,W2772,795,121,71,7,2026-04-21
I8722,P4527,W2375,410,140,85,14,2025-08-28
I8723,P6056,W1802,5,147,50,8,2025-11-09
I8724,P711,W6707,210,183,53,13,2025-11-25
I8725,P3391,W1216,251,106,88,3,2025-07-30
I8726,P2799,W9440,377,179,98,11,2026-01-22
I8727,P4865,W9479,942,22,84,13,2025-08-25
I8728,P770,W7164,700,14,73,9,2025-10-02
I8729,P5994,W1286,762,68,82,1,2025-11-11
I8730,P7325,W9505,13,28,58,6,2025-06-05
I8731,P8585,W2771,688,84,89,13,2025-08-07
I8732,P3526,W2497,228,69,7,17,2026-01-20
I8733,P3800,W8399,969,110,94,8,2025-10-31
I8734,P4174,W3175,580,87,8,15,2026-04-20
I8735,P6086,W1040,854,128,77,5,2025-09-13
I8736,P841,W2756,930,197,54,4,2025-09-17
I8737,P8921,W816,436,112,5,10,2025-11-03
I8738,P112,W3085,740,53,79,8,2026-01-06
I8739,P9412,W7262,146,196,42,17,2026-01-25
I8740,P4168,W7074,230,124,76,3,2026-01-05
I8741,P3487,W5710,12,95,91,6,2026-01-18
I8742,P9800,W6512,333,115,13,16,2025-11-09
I8743,P5249,W6579,679,14,95,6,2026-04-23
I8744,P9803,W107,771,135,74,20,2026-03-22
I8745,P7409,W180,731,107,14,13,2025-08-13
I8746,P8454,W3668,386,42,93,12,2026-02-08
I8747,P6700,W477,802,144,56,16,2025-08-13
I8748,P4491,W4771,814,129,68,16,2025-08-29
I8749,P4944,W233,785,39,83,16,2025-06-08
I8750,P3541,W7190,888,53,32,10,2026-03-09
I8751,P729,W5065,703,143,45,7,2026-05-13
I8752,P4093,W3898,770,68,87,11,2025-05-31
I8753,P3830,W7764,188,100,11,19,2026-02-19
I8754,P5735,W4064,324,73,31,13,2025-10-17
I8755,P126,W7217,450,81,18,8,2026-02-16
I8756,P4132,W9569,396,35,83,19,2026-04-13
I8757,P9742,W2401,843,38,24,19,2025-11-07
I8758,P4733,W5162,286,126,64,20,2025-09-07
I8759,P2404,W9694,476,69,59,9,2026-01-16
I8760,P3598,W7447,39,190,75,10,2025-11-16
I8761,P6485,W9289,935,97,6,2,2025-09-14
I8762,P8110,W5530,773,23,45,0,2026-03-19
I8763,P4144,W7339,450,104,29,7,2026-01-08
I8764,P2638,W8525,815,32,60,4,2026-03-15
I8765,P7631,W7317,111,137,5,8,2025-12-15
I8766,P6018,W1478,291,26,87,16,2025-10-08
I8767,P1890,W6600,624,11,58,0,2026-04-22
I8768,P8252,W9161,37,141,5,19,2026-03-24
I8769,P7617,W3951,988,75,41,7,2026-02-06
I8770,P1863,W6017,666,163,25,17,2026-03-03
I8771,P1160,W6570,783,70,38,14,2025-11-15
I8772,P2765,W222,908,115,87,12,2026-02-16
I8773,P7897,W1554,360,157,57,8,2025-08-17
I8774,P6447,W8128,577,63,19,9,2025-10-05
I8775,P3002,W4158,857,125,59,3,2025-10-23
I8776,P7982,W2912,893,56,28,4,2025-10-18
I8777,P4970,W2309,790,134,59,8,2026-01-11
I8778,P9930,W3529,386,139,70,1,2025-07-29
I8779,P3408,W1693,939,51,68,15,2025-08-05
I8780,P1033,W39,234,123,67,5,2025-11-16
I8781,P6995,W9575,810,111,78,5,2025-12-09
I8782,P5193,W7672,256,192,12,20,2025-11-19
I8783,P2189,W4578,339,161,15,0,2025-10-05
I8784,P260,W4757,112,21,29,4,2025-08-07
I8785,P5714,W1227,279,176,19,5,2025-09-10
I8786,P3834,W7133,888,167,13,3,2025-09-11
I8787,P7961,W6099,837,49,40,11,2026-01-23
I8788,P6179,W7074,45,106,95,6,2025-12-09
I8789,P3369,W9133,550,36,6,2,2025-08-23
I8790,P9710,W236,862,116,64,10,2025-12-18
I8791,P9987,W1663,406,167,51,7,2025-07-09
I8792,P6866,W9520,106,97,38,14,2026-03-23
I8793,P3556,W3859,657,156,11,3,2025-10-29
I8794,P4772,W6743,401,63,28,7,2025-06-19
I8795,P4203,W5644,254,66,93,16,2026-01-19
I8796,P3090,W6011,19,162,79,19,2025-12-18
I8797,P5720,W3930,686,146,71,16,2025-10-16
I8798,P8917,W9562,519,45,24,8,2025-12-03
I8799,P8384,W3455,867,67,52,4,2025-11-24
I8800,P7224,W5680,335,158,66,18,2026-04-09
I8801,P3675,W5767,232,125,67,16,2025-12-17
I8802,P6126,W9707,189,187,15,10,2026-03-24
I8803,P5102,W9147,471,34,52,12,2025-07-28
I8804,P8706,W559,710,132,79,4,2026-01-04
I8805,P8628,W7108,500,134,43,8,2026-03-26
I8806,P200,W7564,91,98,32,13,2025-11-21
I8807,P5195,W3428,433,161,79,11,2025-08-16
I8808,P3510,W1501,937,10,98,10,2026-03-25
I8809,P4874,W6495,326,132,73,18,2026-04-16
I8810,P1639,W2432,835,166,12,19,2025-11-26
I8811,P414,W1156,641,16,74,17,2026-04-05
I8812,P4916,W9729,836,193,24,9,2026-01-21
I8813,P9133,W3100,713,199,72,12,2025-05-28
I8814,P4843,W3073,693,60,79,19,2025-09-24
I8815,P6602,W7500,169,98,83,18,2025-11-22
I8816,P8464,W3853,645,50,61,9,2025-10-15
I8817,P9824,W1152,647,124,37,13,2025-09-12
I8818,P3071,W8925,502,111,97,3,2025-10-09
I8819,P2492,W8952,765,171,69,19,2025-11-21
I8820,P3268,W1588,601,15,91,3,2025-11-17
I8821,P297,W5664,285,99,62,13,2025-07-31
I8822,P210,W4628,290,198,61,5,2026-01-30
I8823,P9069,W1405,382,70,21,10,2025-09-06
I8824,P4970,W7190,486,49,12,8,2025-09-11
I8825,P9065,W1048,728,138,19,2,2026-04-27
I8826,P8305,W1362,347,47,54,14,2025-11-23
I8827,P9551,W1635,947,123,82,18,2026-02-18
I8828,P8493,W956,762,42,22,1,2025-09-06
I8829,P352,W3451,692,187,61,10,2026-04-06
I8830,P7086,W8067,290,55,58,9,2026-01-09
I8831,P7113,W8217,929,103,31,7,2025-06-30
I8832,P8656,W2479,426,192,46,13,2026-02-08
I8833,P813,W9400,55,141,49,17,2025-08-13
I8834,P1998,W526,973,157,31,0,2025-06-07
I8835,P1728,W7101,943,143,31,13,2026-04-29
I8836,P4845,W4228,323,72,14,19,2026-03-16
I8837,P4633,W7506,683,63,65,9,2026-04-23
I8838,P4001,W6679,175,145,34,20,2025-09-02
I8839,P1689,W7502,201,34,58,15,2025-08-11
I8840,P8277,W8368,394,116,78,4,2026-03-07
I8841,P8176,W58,768,75,8,17,2026-05-25
I8842,P6994,W987,372,23,76,6,2025-07-05
I8843,P2842,W7901,90,196,70,5,2025-11-27
I8844,P9911,W3119,406,131,44,16,2025-09-08
I8845,P9612,W9479,832,21,5,0,2026-01-01
I8846,P4061,W544,197,186,12,13,2025-09-28
I8847,P4667,W569,267,83,52,19,2025-10-08
I8848,P1597,W755,798,134,53,12,2026-05-17
I8849,P640,W2811,187,36,26,15,2026-02-25
I8850,P2494,W5160,633,73,6,15,2025-07-25
I8851,P6284,W1352,879,27,76,7,2025-07-15
I8852,P4765,W6106,93,31,56,7,2025-06-28
I8853,P3039,W9561,711,91,5,20,2025-07-25
I8854,P609,W8725,388,163,35,0,2025-07-04
I8855,P556,W2239,613,188,76,14,2025-11-30
I8856,P5665,W7417,24,180,45,8,2025-12-29
I8857,P8950,W8097,757,65,54,18,2026-03-24
I8858,P155,W9587,824,111,51,3,2026-02-24
I8859,P6905,W5552,107,37,14,16,2025-11-12
I8860,P3995,W9851,457,86,36,1,2025-12-05
I8861,P7359,W6209,305,39,90,11,2025-11-17
I8862,P5791,W7210,773,180,18,10,2026-05-03
I8863,P6609,W9695,604,35,53,16,2025-08-30
I8864,P5553,W4526,488,105,83,8,2026-03-17
I8865,P5795,W7442,742,196,20,8,2026-01-20
I8866,P1614,W883,55,49,33,14,2025-08-25
I8867,P9556,W1366,313,20,98,9,2026-04-30
I8868,P8497,W5970,935,95,85,3,2026-03-23
I8869,P1696,W9771,813,75,68,8,2025-07-09
I8870,P5884,W2625,650,121,42,8,2025-11-12
I8871,P7272,W9765,830,95,96,5,2025-09-27
I8872,P7533,W5303,170,184,76,7,2026-04-10
I8873,P6829,W6629,66,108,72,12,2025-11-21
I8874,P1275,W5939,453,85,10,8,2025-06-01
I8875,P5850,W327,434,122,97,1,2025-10-17
I8876,P6436,W841,48,84,53,7,2025-06-21
I8877,P927,W8161,139,193,90,3,2026-02-13
I8878,P3101,W8086,352,185,45,18,2025-10-22
I8879,P6641,W754,152,155,47,10,2026-04-16
I8880,P3279,W9961,777,53,69,4,2025-06-16
I8881,P1250,W2290,314,137,85,2,2025-10-06
I8882,P1340,W5499,394,52,53,1,2026-04-11
I8883,P6639,W8489,515,187,17,11,2025-10-03
I8884,P5608,W7308,705,44,58,15,2026-03-16
I8885,P5809,W1773,377,90,23,20,2025-10-31
I8886,P3208,W7466,871,135,87,3,2025-09-07
I8887,P6548,W8460,541,100,76,1,2025-09-15
I8888,P8714,W6555,424,57,49,6,2025-08-04
I8889,P6663,W6018,564,90,21,4,2025-12-18
I8890,P193,W4210,169,191,84,10,2026-01-04
I8891,P8348,W4953,177,98,89,7,2025-11-15
I8892,P2330,W9047,549,184,50,13,2025-11-17
I8893,P1544,W4843,338,183,68,13,2025-07-27
I8894,P573,W7344,713,192,53,11,2025-09-14
I8895,P8623,W6528,236,43,41,17,2026-01-01
I8896,P5593,W4234,783,44,27,17,2025-10-31
I8897,P4689,W8504,541,195,44,2,2026-02-20
I8898,P8404,W3576,50,96,89,14,2025-10-23
I8899,P2744,W8582,374,185,5,15,2026-04-27
I8900,P2942,W9121,337,155,66,13,2025-09-17
I8901,P9983,W663,891,166,32,9,2025-10-20
I8902,P956,W3253,493,175,10,7,2026-02-25
I8903,P6426,W7685,493,80,93,16,2026-01-26
I8904,P9406,W6239,108,83,21,6,2025-09-07
I8905,P6104,W1403,384,161,11,4,2025-07-31
I8906,P5464,W324,577,113,68,15,2026-03-26
I8907,P9862,W9637,580,69,80,4,2025-11-27
I8908,P6754,W805,87,139,54,10,2026-01-14
I8909,P6094,W8804,155,96,38,1,2025-09-27
I8910,P1323,W4527,537,11,19,12,2026-04-28
I8911,P349,W426,555,65,16,6,2025-08-28
I8912,P2130,W7891,248,82,93,4,2025-06-27
I8913,P5085,W5204,467,74,98,10,2026-05-16
I8914,P623,W8543,473,40,81,9,2026-04-12
I8915,P9868,W7602,125,99,26,16,2025-07-08
I8916,P7062,W1443,822,16,40,1,2026-01-05
I8917,P3968,W2851,771,197,53,19,2026-04-24
I8918,P5587,W2580,343,162,27,16,2026-01-25
I8919,P2930,W7480,584,48,17,9,2025-08-30
I8920,P8989,W3912,522,153,36,3,2025-10-02
I8921,P2302,W4001,695,186,45,15,2026-03-26
I8922,P3578,W6024,489,148,10,17,2026-03-21
I8923,P8379,W6989,966,56,88,17,2026-02-13
I8924,P425,W8638,667,140,75,17,2026-03-05
I8925,P2903,W8500,644,184,70,2,2026-05-27
I8926,P2557,W4471,71,61,65,20,2026-01-30
I8927,P536,W2617,31,198,39,1,2026-05-20
I8928,P2117,W9323,53,145,98,17,2025-12-11
I8929,P732,W6690,992,149,94,8,2026-04-30
I8930,P4623,W3993,569,45,5,13,2025-10-20
I8931,P3853,W5304,293,149,16,10,2025-11-15
I8932,P3378,W343,340,199,21,19,2026-04-09
I8933,P3494,W3938,626,71,7,1,2026-05-24
I8934,P2662,W615,961,15,99,10,2026-04-18
I8935,P534,W1531,760,38,25,8,2026-01-08
I8936,P9220,W1767,697,133,80,1,2025-10-12
I8937,P6545,W9626,108,39,5,1,2025-08-29
I8938,P9307,W2286,775,182,59,19,2025-07-13
I8939,P7680,W5485,502,28,88,11,2025-12-14
I8940,P2029,W9811,915,12,55,10,2026-04-12
I8941,P8416,W4745,141,193,13,18,2026-03-23
I8942,P4326,W3419,484,140,21,17,2026-05-22
I8943,P7601,W8995,273,191,71,10,2025-08-10
I8944,P4139,W2940,568,85,57,11,2025-09-14
I8945,P1837,W2025,394,25,89,3,2025-12-27
I8946,P1743,W9453,282,113,44,19,2025-06-25
I8947,P727,W5785,685,32,68,16,2025-09-20
I8948,P8894,W842,665,26,66,6,2025-10-06
I8949,P2048,W2913,85,39,15,4,2025-12-16
I8950,P3573,W204,275,22,80,4,2026-01-13
I8951,P4888,W5440,104,103,39,2,2025-10-20
I8952,P7534,W4744,30,176,95,11,2026-05-24
I8953,P5518,W8407,601,29,88,20,2025-09-10
I8954,P3052,W9202,277,168,78,14,2026-02-07
I8955,P8328,W1392,240,166,95,19,2025-06-10
I8956,P899,W8299,934,66,10,9,2025-11-09
I8957,P1525,W7813,959,112,14,6,2025-08-25
I8958,P666,W9083,440,199,77,5,2025-07-27
I8959,P7961,W1424,493,145,58,3,2025-12-30
I8960,P3383,W3767,183,95,40,3,2026-01-11
I8961,P2920,W4103,34,195,18,10,2025-10-17
I8962,P8907,W8420,0,98,32,12,2025-12-07
I8963,P2415,W3761,985,27,34,3,2026-02-02
I8964,P7235,W9785,332,188,68,16,2025-08-23
I8965,P7366,W5489,875,91,9,14,2025-12-05
I8966,P5092,W1166,52,68,65,1,2026-03-31
I8967,P4641,W8772,606,55,78,18,2025-09-13
I8968,P3491,W8258,902,47,60,11,2026-03-28
I8969,P5085,W2853,40,40,87,20,2026-03-13
I8970,P7808,W2258,875,85,75,10,2025-11-18
I8971,P1876,W7000,727,92,51,14,2026-03-20
I8972,P3213,W5304,128,73,81,18,2025-08-23
I8973,P2107,W313,129,132,74,18,2026-01-21
I8974,P9992,W2163,767,149,65,2,2025-11-17
I8975,P9978,W548,970,121,86,9,2025-12-18
I8976,P9165,W3908,845,169,46,19,2025-06-20
I8977,P7081,W6126,723,199,47,7,2026-01-02
I8978,P5310,W8188,458,22,48,12,2026-04-21
I8979,P3473,W1541,503,57,69,20,2025-08-18
I8980,P3436,W3903,45,112,36,6,2026-01-05
I8981,P8643,W1054,77,179,86,10,2025-12-08
I8982,P840,W4182,132,33,71,8,2025-11-05
I8983,P7621,W9104,844,137,90,0,2026-04-23
I8984,P7949,W2477,916,86,89,18,2026-04-05
I8985,P810,W4436,348,176,42,15,2025-08-24
I8986,P8276,W4107,917,136,90,7,2025-10-16
I8987,P613,W2241,261,25,87,14,2026-03-18
I8988,P8924,W8262,608,165,37,1,2025-06-03
I8989,P1534,W4553,938,186,21,8,2026-01-28
I8990,P5243,W3430,373,148,47,16,2025-09-01
I8991,P9499,W7607,565,79,42,8,2026-04-12
I8992,P5010,W7100,265,80,39,10,2025-07-10
I8993,P9669,W8905,876,199,48,6,2025-08-03
I8994,P4450,W9008,17,191,9,14,2026-05-09
I8995,P7760,W9725,745,73,49,13,2026-04-02
I8996,P858,W2254,865,82,94,9,2026-03-28
I8997,P2995,W696,816,176,16,5,2026-01-06
I8998,P790,W8275,217,20,69,8,2026-03-09
I8999,P3822,W2727,971,49,48,15,2026-02-07
I9000,P4026,W5268,597,184,15,9,2025-09-21
I9001,P7378,W6187,262,180,84,11,2026-05-01
I9002,P522,W2066,651,68,53,4,2026-02-15
I9003,P3688,W947,616,130,96,8,2025-07-09
I9004,P5589,W4723,576,17,69,0,2025-11-09
I9005,P6662,W5765,540,10,18,19,2026-01-25
I9006,P6918,W8079,311,98,99,1,2025-06-02
I9007,P8096,W4670,444,12,60,17,2025-11-18
I9008,P9067,W7815,106,125,41,12,2026-01-09
I9009,P9871,W2097,549,16,82,0,2025-07-23
I9010,P4867,W7232,649,173,23,10,2025-10-10
I9011,P643,W8765,305,117,68,10,2026-04-05
I9012,P2316,W9978,630,82,37,7,2025-07-25
I9013,P6885,W7558,478,158,80,20,2026-05-26
I9014,P1111,W7886,97,147,91,20,2025-10-06
I9015,P5800,W9649,630,156,77,12,2025-11-14
I9016,P1708,W2149,8,190,16,19,2025-12-15
I9017,P4890,W3475,333,189,51,3,2026-04-12
I9018,P9999,W2840,314,120,41,16,2026-05-12
I9019,P9646,W8176,648,188,41,4,2026-04-04
I9020,P3348,W5694,690,137,85,12,2025-09-27
I9021,P4392,W4417,520,135,31,6,2025-09-03
I9022,P3877,W4687,463,15,45,9,2025-06-04
I9023,P297,W6666,972,68,43,1,2026-05-18
I9024,P6608,W6220,226,133,39,2,2025-10-04
I9025,P8487,W1869,502,172,81,19,2026-02-25
I9026,P7256,W1983,780,35,98,20,2026-05-20
I9027,P4326,W4314,720,16,93,10,2025-11-15
I9028,P622,W2609,256,113,20,2,2026-03-03
I9029,P7606,W111,853,121,63,10,2025-06-29
I9030,P7313,W8813,145,19,41,14,2025-11-21
I9031,P2915,W9103,653,18,80,20,2026-03-16
I9032,P3601,W4708,159,106,29,1,2025-06-23
I9033,P4266,W4027,352,134,37,0,2026-02-07
I9034,P1457,W4757,569,54,81,20,2026-05-24
I9035,P6193,W2229,126,167,43,9,2026-02-25
I9036,P9069,W8175,677,189,87,15,2025-08-17
I9037,P1566,W4076,902,169,70,18,2026-02-24
I9038,P3923,W2437,901,19,24,1,2025-10-19
I9039,P1302,W8365,548,39,97,19,2026-03-22
I9040,P453,W7078,555,163,59,7,2025-08-03
I9041,P7969,W5601,736,80,5,0,2025-12-11
I9042,P5036,W6222,375,158,63,19,2026-02-02
I9043,P333,W2658,737,30,86,6,2025-08-10
I9044,P9416,W1704,574,181,84,5,2025-09-02
I9045,P4647,W2218,869,47,74,2,2025-10-15
I9046,P6101,W5129,75,172,6,5,2025-08-22
I9047,P5602,W1952,249,35,22,7,2026-04-06
I9048,P5774,W4788,832,12,10,20,2025-11-25
I9049,P236,W6359,454,135,67,18,2025-09-09
I9050,P5514,W9200,279,73,81,6,2025-07-08
I9051,P2984,W6351,889,88,14,0,2025-12-01
I9052,P9197,W5823,813,149,87,8,2026-01-21
I9053,P5476,W4695,749,53,94,2,2025-07-07
I9054,P8727,W9224,549,191,62,14,2026-02-01
I9055,P8346,W8361,134,105,68,18,2025-08-10
I9056,P7314,W9206,771,144,77,15,2025-10-06
I9057,P2338,W2943,276,115,26,7,2025-09-26
I9058,P7219,W7807,0,172,87,6,2025-11-21
I9059,P2048,W1212,248,113,45,20,2025-09-26
I9060,P4256,W773,323,176,77,6,2025-11-20
I9061,P717,W272,427,27,91,9,2025-07-21
I9062,P7317,W2876,998,18,87,18,2025-09-18
I9063,P9979,W1559,473,34,38,3,2026-01-02
I9064,P1513,W664,382,186,43,14,2026-05-27
I9065,P9792,W9646,631,78,54,19,2026-01-06
I9066,P5777,W8414,898,191,11,18,2025-10-31
I9067,P9771,W9478,936,53,9,1,2025-11-22
I9068,P7483,W5714,417,28,57,8,2026-01-15
I9069,P6844,W3231,17,191,9,12,2025-06-27
I9070,P3283,W9979,741,200,43,15,2025-12-04
I9071,P1658,W2428,640,192,37,16,2026-03-01
I9072,P2862,W1178,22,20,67,13,2025-06-16
I9073,P9730,W6026,147,54,62,0,2026-02-17
I9074,P2778,W3398,667,129,66,16,2025-12-07
I9075,P9352,W1514,93,113,84,9,2026-04-06
I9076,P5115,W176,287,84,21,13,2026-01-06
I9077,P5690,W6342,907,61,39,6,2025-10-30
I9078,P4680,W8807,467,135,49,12,2025-08-15
I9079,P8375,W44,525,42,5,15,2025-09-11
I9080,P6247,W5082,667,113,59,0,2025-11-23
I9081,P1811,W2454,712,108,8,0,2026-04-29
I9082,P9524,W2559,445,150,45,1,2025-09-11
I9083,P860,W5944,870,169,43,20,2025-08-21
I9084,P7331,W4331,942,127,53,7,2025-08-10
I9085,P8716,W6177,497,126,80,17,2026-04-18
I9086,P4933,W7860,726,74,18,17,2025-07-08
I9087,P264,W7492,522,171,22,1,2026-05-22
I9088,P8494,W2155,551,111,22,0,2025-08-30
I9089,P541,W6946,271,53,80,5,2025-08-27
I9090,P4945,W9994,23,37,65,11,2025-10-25
I9091,P7318,W1857,883,166,92,12,2026-05-09
I9092,P7896,W1811,764,135,45,1,2026-01-25
I9093,P2513,W9607,892,79,75,9,2025-11-26
I9094,P7939,W9848,26,182,18,15,2025-10-06
I9095,P2263,W4958,412,132,67,2,2025-06-03
I9096,P3585,W3864,592,53,9,17,2025-08-25
I9097,P5953,W8892,603,49,31,4,2026-03-21
I9098,P2845,W2917,922,30,81,10,2026-04-12
I9099,P6346,W6997,766,26,55,20,2025-06-29
I9100,P7484,W9703,0,118,81,4,2025-09-04
I9101,P9846,W8911,472,45,50,3,2026-04-28
I9102,P6205,W1252,434,22,97,1,2025-12-01
I9103,P5967,W254,690,161,17,0,2025-09-23
I9104,P7409,W4440,353,36,14,14,2025-08-07
I9105,P6421,W2958,587,105,39,14,2026-03-12
I9106,P5042,W8685,23,138,8,12,2025-12-03
I9107,P7516,W8599,82,133,94,18,2026-04-23
I9108,P3763,W6233,862,66,15,19,2026-03-01
I9109,P92,W9108,158,59,42,13,2026-05-12
I9110,P3435,W5495,415,150,69,9,2026-03-03
I9111,P6676,W7417,694,89,84,4,2026-02-25
I9112,P8164,W3498,900,102,63,14,2025-05-28
I9113,P6217,W9007,595,197,29,11,2025-08-03
I9114,P5069,W8897,681,83,55,17,2025-06-12
I9115,P849,W4939,548,21,22,9,2026-02-01
I9116,P627,W3427,706,107,69,3,2026-02-07
I9117,P5428,W5272,650,57,69,5,2025-06-12
I9118,P2728,W6459,532,200,27,19,2026-03-04
I9119,P3039,W9675,416,194,47,18,2026-03-15
I9120,P5519,W3619,837,67,87,20,2025-12-11
I9121,P2660,W6443,689,85,16,7,2025-11-08
I9122,P4451,W6202,503,21,60,3,2026-05-07
I9123,P9268,W4821,990,122,69,15,2026-02-24
I9124,P4877,W3235,548,188,91,16,2025-07-02
I9125,P2771,W1915,302,161,44,18,2026-05-11
I9126,P5305,W5271,248,114,88,15,2025-07-16
I9127,P7983,W9802,796,102,54,2,2025-07-27
I9128,P4020,W3881,858,81,93,9,2026-04-08
I9129,P100,W1414,694,191,41,20,2026-01-01
I9130,P1424,W6386,480,198,95,5,2025-12-12
I9131,P3675,W5528,47,87,23,4,2026-03-23
I9132,P9159,W3164,571,139,28,10,2026-02-26
I9133,P5225,W832,870,66,92,2,2025-12-24
I9134,P1408,W7103,83,86,69,18,2025-08-17
I9135,P9687,W5638,554,83,30,4,2025-05-28
I9136,P8236,W975,575,161,21,15,2025-10-11
I9137,P4933,W7332,680,61,100,12,2025-10-22
I9138,P2660,W2637,729,29,10,16,2025-11-01
I9139,P8859,W5808,912,87,82,10,2026-02-04
I9140,P9428,W9131,330,32,78,0,2025-07-21
I9141,P9571,W4493,291,128,39,6,2025-07-23
I9142,P2893,W5679,987,16,96,9,2025-08-17
I9143,P8357,W3841,186,134,38,16,2026-03-29
I9144,P1781,W9717,399,24,37,10,2025-10-03
I9145,P4342,W6327,889,147,20,17,2025-06-06
I9146,P1193,W3067,87,82,54,16,2025-06-02
I9147,P8789,W1430,703,88,52,11,2026-02-17
I9148,P1658,W1882,246,41,31,19,2025-06-28
I9149,P9353,W3752,323,200,74,4,2025-05-29
I9150,P35,W2677,844,153,100,18,2025-09-03
I9151,P2974,W2261,672,107,99,5,2025-07-24
I9152,P5908,W969,572,164,12,15,2025-11-14
I9153,P9406,W7816,480,113,58,17,2026-04-14
I9154,P4837,W569,931,112,7,11,2025-06-01
I9155,P4278,W1625,729,49,49,15,2026-03-18
I9156,P5436,W4405,154,64,58,9,2025-08-11
I9157,P2795,W7878,806,92,76,1,2025-12-04
I9158,P5992,W8851,939,63,45,9,2025-11-16
I9159,P3273,W4145,875,140,77,12,2026-02-07
I9160,P6356,W4889,107,41,77,9,2025-11-18
I9161,P112,W34,883,91,71,4,2026-04-30
I9162,P3525,W4467,505,193,89,5,2025-11-09
I9163,P1482,W6488,460,112,75,9,2026-01-24
I9164,P5497,W431,393,146,73,19,2025-11-22
I9165,P8923,W6770,699,100,80,1,2026-05-15
I9166,P3235,W1387,972,74,97,12,2025-09-02
I9167,P8241,W8892,570,162,23,10,2026-03-22
I9168,P5453,W4581,57,119,40,7,2026-03-18
I9169,P2237,W2890,867,122,79,13,2025-11-10
I9170,P7603,W9551,812,121,81,11,2025-06-09
I9171,P5795,W5895,510,53,10,14,2026-03-06
I9172,P9026,W2435,496,19,59,11,2025-06-29
I9173,P1988,W9792,701,105,45,8,2026-05-07
I9174,P5559,W8535,539,40,31,17,2026-03-10
I9175,P4128,W8949,204,123,15,9,2026-02-05
I9176,P3516,W5060,642,177,100,8,2025-07-29
I9177,P8495,W9728,221,74,43,4,2025-10-29
I9178,P4675,W9091,883,183,77,18,2025-07-08
I9179,P4571,W8157,486,199,94,16,2026-04-24
I9180,P9635,W1309,754,191,72,9,2025-11-18
I9181,P7851,W1945,552,169,36,1,2026-03-29
I9182,P2291,W72,405,51,72,9,2026-01-20
I9183,P6020,W2141,33,49,81,5,2026-02-03
I9184,P7885,W905,104,190,64,7,2026-04-06
I9185,P3409,W6830,402,88,47,4,2025-10-24
I9186,P466,W276,579,120,94,16,2025-12-14
I9187,P7880,W309,473,68,38,10,2025-06-03
I9188,P5235,W3810,719,10,74,9,2026-03-20
I9189,P3699,W8890,145,150,75,0,2025-12-27
I9190,P8779,W2639,823,16,32,14,2025-07-25
I9191,P579,W9486,278,21,27,10,2025-11-21
I9192,P2981,W5206,921,65,69,15,2026-04-15
I9193,P3868,W6637,947,71,23,9,2025-06-28
I9194,P3835,W1272,172,55,19,2,2025-12-02
I9195,P4376,W1359,441,36,52,11,2025-09-18
I9196,P921,W6554,179,97,51,4,2025-07-24
I9197,P393,W1311,819,121,25,11,2025-10-28
I9198,P4881,W1069,317,199,44,14,2025-06-12
I9199,P1172,W5507,406,94,70,1,2025-06-09
I9200,P4926,W2794,666,122,15,7,2026-02-22
I9201,P9014,W6446,258,83,41,14,2025-09-02
I9202,P3488,W1649,200,181,79,6,2025-06-12
I9203,P8884,W5443,257,141,40,1,2025-12-30
I9204,P2955,W4875,557,18,27,19,2025-07-09
I9205,P8214,W7938,900,14,72,10,2025-08-01
I9206,P9144,W3771,433,61,98,15,2026-03-29
I9207,P2573,W4123,77,19,23,9,2025-06-09
I9208,P411,W8785,255,153,38,9,2025-08-02
I9209,P3121,W7060,860,122,7,12,2026-01-31
I9210,P2435,W2590,974,61,9,13,2025-09-14
I9211,P9348,W2955,802,181,60,1,2026-01-21
I9212,P3997,W4098,635,94,91,6,2025-07-01
I9213,P6515,W5364,161,103,10,12,2025-10-19
I9214,P5655,W4327,39,164,75,1,2025-10-31
I9215,P3279,W1478,855,132,28,3,2025-12-16
I9216,P7783,W4111,50,110,22,7,2026-03-21
I9217,P2882,W1636,122,175,68,2,2026-01-27
I9218,P3362,W7830,241,135,74,3,2025-10-11
I9219,P7423,W6874,168,77,95,19,2026-02-16
I9220,P7774,W4060,773,20,69,7,2026-01-05
I9221,P6472,W410,944,200,92,15,2026-02-26
I9222,P628,W9330,219,116,31,1,2026-01-30
I9223,P8852,W5520,163,144,14,16,2026-04-06
I9224,P6835,W2817,979,178,16,9,2026-03-11
I9225,P6064,W5388,786,175,87,19,2026-01-15
I9226,P8810,W2171,333,193,33,14,2026-04-29
I9227,P8398,W6672,306,199,16,17,2025-11-19
I9228,P845,W9469,786,72,45,15,2026-05-17
I9229,P8456,W4579,2,116,25,17,2025-08-24
I9230,P649,W7733,975,95,46,14,2026-02-23
I9231,P8884,W9915,917,155,64,9,2026-05-26
I9232,P9423,W9142,354,35,30,17,2025-07-31
I9233,P1827,W2803,900,189,14,16,2025-08-15
I9234,P313,W1608,686,113,5,19,2025-12-08
I9235,P6861,W8631,266,134,40,15,2026-03-05
I9236,P8342,W6119,534,169,87,17,2025-07-08
I9237,P81,W6506,921,45,74,3,2025-10-02
I9238,P6169,W5566,824,158,89,3,2025-08-20
I9239,P4812,W2994,441,15,61,5,2025-07-05
I9240,P3938,W1352,717,153,43,8,2026-04-09
I9241,P2702,W8448,985,123,29,16,2025-09-29
I9242,P1683,W2729,744,51,90,8,2026-03-06
I9243,P4105,W104,437,137,58,14,2026-03-18
I9244,P4498,W7244,753,138,96,18,2026-03-27
I9245,P9753,W9323,509,160,73,4,2025-11-01
I9246,P2884,W1450,293,121,58,18,2026-03-29
I9247,P2802,W1631,437,173,83,20,2025-07-15
I9248,P7694,W7904,831,23,23,12,2025-12-17
I9249,P3423,W1415,911,73,89,20,2026-01-16
I9250,P3199,W952,931,134,26,19,2026-05-09
I9251,P4164,W3920,330,109,42,14,2026-03-28
I9252,P1761,W5156,13,182,40,13,2026-04-06
I9253,P6391,W5570,665,86,29,19,2025-12-07
I9254,P1558,W699,776,198,86,7,2025-07-13
I9255,P8528,W9475,817,163,99,13,2025-11-20
I9256,P8694,W1274,968,57,58,20,2025-08-14
I9257,P6979,W8989,409,12,43,0,2026-03-07
I9258,P1364,W9215,513,145,50,15,2026-05-13
I9259,P2419,W9217,872,57,69,2,2025-08-29
I9260,P9550,W6410,721,65,23,2,2025-12-14
I9261,P8963,W3295,60,127,25,17,2025-07-04
I9262,P3323,W4632,979,98,34,6,2025-08-03
I9263,P7597,W4250,513,61,6,18,2026-05-16
I9264,P5089,W3884,202,23,77,15,2026-02-17
I9265,P184,W5780,809,50,39,2,2026-02-15
I9266,P6511,W6242,411,28,59,19,2026-02-14
I9267,P5347,W281,506,98,31,5,2026-02-23
I9268,P9213,W4378,753,177,99,19,2025-11-02
I9269,P7031,W8596,450,88,41,1,2026-01-15
I9270,P7095,W5596,529,98,86,8,2025-08-20
I9271,P8836,W3833,659,162,70,1,2025-10-22
I9272,P628,W8012,268,29,54,8,2026-05-15
I9273,P6997,W4810,430,188,84,9,2026-02-22
I9274,P4177,W301,21,145,52,8,2026-05-05
I9275,P1624,W7203,990,133,25,1,2025-12-06
I9276,P6095,W3868,882,108,45,0,2026-01-10
I9277,P2833,W4324,338,33,27,10,2025-08-19
I9278,P9778,W9331,362,161,37,10,2025-06-02
I9279,P7885,W9431,493,180,93,15,2026-04-18
I9280,P9732,W5614,916,31,53,17,2026-04-20
I9281,P8616,W5248,775,161,66,20,2025-07-25
I9282,P9315,W4217,304,133,58,3,2026-02-23
I9283,P9962,W1871,163,51,26,16,2025-10-26
I9284,P3372,W5685,882,69,9,8,2025-12-11
I9285,P1253,W4794,890,34,35,19,2025-08-21
I9286,P1648,W642,396,155,62,1,2025-09-29
I9287,P4566,W1696,740,26,61,20,2025-12-31
I9288,P673,W6509,654,63,72,20,2025-08-05
I9289,P7783,W8472,831,57,35,5,2026-04-20
I9290,P1789,W2094,507,131,93,13,2025-06-20
I9291,P5054,W2613,960,81,49,0,2026-02-07
I9292,P1743,W4254,868,33,58,12,2026-03-19
I9293,P1892,W2326,389,50,45,3,2025-07-10
I9294,P7170,W5935,907,182,57,17,2025-08-10
I9295,P9208,W3883,511,155,100,5,2025-11-20
I9296,P6614,W8001,130,175,80,18,2026-05-16
I9297,P1225,W8153,725,161,21,17,2026-05-16
I9298,P6257,W4132,32,66,49,5,2026-03-22
I9299,P3230,W2306,463,25,90,15,2025-11-27
I9300,P9049,W5573,73,181,23,13,2025-08-22
I9301,P9238,W9988,519,167,51,16,2025-08-06
I9302,P3073,W4367,344,127,36,6,2026-03-10
I9303,P3993,W6801,664,188,62,2,2025-08-26
I9304,P7460,W1801,326,79,50,18,2025-12-26
I9305,P5430,W4753,238,95,33,13,2025-06-12
I9306,P9659,W7615,258,133,36,1,2025-06-02
I9307,P1885,W3367,678,50,42,1,2025-07-11
I9308,P6947,W888,71,153,66,12,2026-01-25
I9309,P8199,W1217,102,14,82,4,2026-03-06
I9310,P3104,W3218,995,105,91,0,2026-05-10
I9311,P1739,W2449,286,196,51,5,2026-02-10
I9312,P5236,W5582,788,73,98,19,2025-11-26
I9313,P6064,W9278,409,90,55,19,2025-10-08
I9314,P9416,W3438,526,111,34,13,2025-06-29
I9315,P7206,W8247,256,70,18,14,2025-10-05
I9316,P899,W9701,717,70,92,15,2025-10-30
I9317,P291,W721,607,112,64,8,2025-11-17
I9318,P5146,W3593,695,168,44,3,2026-05-08
I9319,P8289,W2486,304,113,92,12,2026-03-31
I9320,P1807,W732,835,134,90,11,2025-07-22
I9321,P6745,W8765,720,32,67,3,2025-10-10
I9322,P6851,W1850,171,54,56,10,2026-01-13
I9323,P8397,W4854,774,67,28,9,2025-07-29
I9324,P2483,W6736,224,136,24,18,2025-06-03
I9325,P1040,W7164,784,144,45,19,2026-04-07
I9326,P5461,W5870,95,162,30,15,2025-10-13
I9327,P2936,W3628,288,68,69,2,2025-09-23
I9328,P4527,W8005,644,102,85,12,2026-02-19
I9329,P9346,W9310,536,167,20,5,2025-08-06
I9330,P4798,W5394,563,157,61,16,2025-09-06
I9331,P1114,W7270,636,15,100,1,2025-06-21
I9332,P9636,W9368,932,179,37,3,2026-04-28
I9333,P6762,W7206,599,162,57,1,2026-04-07
I9334,P646,W8759,580,62,53,3,2025-12-04
I9335,P2830,W223,673,31,44,20,2026-02-12
I9336,P2837,W6290,327,42,90,8,2026-04-11
I9337,P633,W6274,924,96,66,5,2025-07-06
I9338,P1013,W7637,403,125,47,20,2025-07-27
I9339,P7183,W8775,65,68,67,19,2025-11-12
I9340,P4851,W4137,106,20,56,14,2026-01-21
I9341,P3778,W3428,382,80,81,10,2025-11-27
I9342,P6459,W3008,142,107,5,6,2026-04-10
I9343,P5107,W6547,54,22,50,16,2025-07-18
I9344,P2440,W5574,403,68,25,18,2025-07-07
I9345,P3846,W7375,62,18,76,0,2025-07-10
I9346,P7093,W3082,875,42,47,20,2026-01-08
I9347,P5094,W88,258,25,99,16,2026-04-02
I9348,P5316,W9937,515,141,57,17,2025-08-21
I9349,P8313,W5926,786,66,63,12,2025-10-26
I9350,P5530,W1075,651,150,66,0,2025-09-16
I9351,P170,W5032,804,105,16,11,2026-04-21
I9352,P6243,W9000,533,175,11,14,2026-01-12
I9353,P632,W1069,953,60,94,17,2026-01-27
I9354,P103,W8314,682,190,37,20,2026-02-14
I9355,P354,W4131,7,25,6,4,2025-09-30
I9356,P9957,W9738,925,32,77,4,2025-10-22
I9357,P4140,W1846,743,179,35,10,2025-11-04
I9358,P3865,W863,363,168,85,17,2025-08-06
I9359,P5815,W9186,558,28,70,5,2025-09-24
I9360,P4923,W4445,526,73,53,12,2025-07-15
I9361,P6710,W9442,218,26,58,12,2025-12-14
I9362,P9213,W4949,94,166,57,9,2025-05-28
I9363,P7596,W1934,585,92,34,7,2026-02-16
I9364,P3673,W2277,863,63,36,4,2025-09-21
I9365,P7088,W6102,166,53,90,17,2026-05-25
I9366,P7293,W5023,236,131,90,10,2025-06-08
I9367,P9774,W2262,889,47,6,2,2026-03-20
I9368,P5811,W5110,976,83,47,4,2026-02-08
I9369,P8782,W3917,450,183,60,4,2025-06-28
I9370,P2327,W715,929,46,31,12,2025-11-29
I9371,P2534,W8683,720,19,44,16,2026-05-27
I9372,P7766,W35,618,28,73,18,2025-09-27
I9373,P1335,W4794,392,184,47,3,2026-03-28
I9374,P921,W9947,666,128,31,11,2026-01-28
I9375,P2946,W3481,25,122,85,19,2026-03-27
I9376,P1177,W6030,834,127,5,16,2025-11-29
I9377,P9118,W1791,114,100,47,5,2025-07-29
I9378,P8223,W4105,345,106,53,14,2025-06-10
I9379,P4627,W7808,227,30,56,16,2026-05-13
I9380,P7134,W2231,857,56,66,4,2025-06-01
I9381,P6743,W8893,720,172,42,16,2025-08-03
I9382,P6782,W7058,272,67,61,16,2025-11-07
I9383,P7688,W4827,615,98,70,1,2025-11-28
I9384,P9759,W2899,923,45,88,11,2025-12-04
I9385,P515,W4186,542,72,34,15,2025-07-19
I9386,P9091,W4568,897,160,50,0,2025-09-15
I9387,P9665,W9653,332,93,98,20,2026-04-23
I9388,P5147,W7359,68,151,71,3,2026-03-11
I9389,P4314,W5178,62,85,31,17,2025-11-07
I9390,P5010,W9154,987,174,39,3,2025-10-26
I9391,P125,W9516,188,92,74,3,2025-06-04
I9392,P424,W6814,358,146,17,0,2026-04-06
I9393,P49,W9488,956,136,62,18,2025-07-21
I9394,P8125,W4940,900,142,21,9,2025-11-09
I9395,P8077,W5832,229,20,76,1,2025-09-08
I9396,P9590,W4844,877,30,66,8,2025-11-07
I9397,P4408,W3887,719,46,72,10,2025-09-07
I9398,P4128,W869,860,125,70,13,2026-05-02
I9399,P7448,W4989,675,21,61,5,2025-07-18
I9400,P6612,W6482,158,152,41,6,2026-01-02
I9401,P1212,W2508,160,198,72,15,2025-09-04
I9402,P827,W3074,690,172,26,6,2025-07-02
I9403,P4198,W5730,273,79,36,5,2026-02-06
I9404,P964,W2370,3,47,13,12,2025-11-05
I9405,P2504,W8588,900,180,80,20,2026-01-19
I9406,P4909,W5620,405,13,28,17,2026-03-19
I9407,P662,W4327,493,189,66,16,2026-02-13
I9408,P4774,W1376,571,70,8,6,2026-01-07
I9409,P8447,W7405,746,101,39,16,2026-03-08
I9410,P9390,W1149,411,119,43,2,2025-11-08
I9411,P5524,W9201,249,111,43,0,2025-12-03
I9412,P2141,W2381,931,76,45,4,2026-04-11
I9413,P1818,W6867,920,38,54,4,2026-01-17
I9414,P2117,W8931,225,179,87,6,2025-10-27
I9415,P4470,W7189,415,124,41,1,2025-08-15
I9416,P1863,W9254,98,108,11,4,2026-02-19
I9417,P2276,W5141,190,98,5,16,2026-01-26
I9418,P5017,W3135,225,120,20,19,2025-10-11
I9419,P901,W8749,658,26,41,17,2026-03-02
I9420,P1601,W1394,613,45,80,19,2026-05-19
I9421,P4832,W8176,715,164,24,16,2025-07-30
I9422,P4005,W9842,544,146,90,14,2026-05-10
I9423,P4497,W7590,790,36,71,16,2026-01-27
I9424,P80,W7818,488,60,69,7,2025-07-01
I9425,P3040,W9247,781,81,60,8,2025-11-23
I9426,P8804,W51,275,15,35,6,2026-01-04
I9427,P641,W6482,861,23,58,1,2026-01-21
I9428,P416,W5002,813,60,94,2,2025-12-09
I9429,P1343,W241,825,43,42,10,2025-08-15
I9430,P7400,W666,149,140,28,8,2025-07-07
I9431,P2040,W3762,828,177,7,20,2025-10-04
I9432,P6474,W6736,167,114,49,15,2026-05-20
I9433,P9989,W5853,515,174,55,11,2026-02-10
I9434,P2452,W8853,606,134,25,15,2025-10-16
I9435,P1678,W2181,906,147,63,15,2025-08-15
I9436,P146,W3083,904,127,60,1,2025-09-22
I9437,P6260,W8545,839,108,39,18,2026-05-18
I9438,P6605,W3524,130,30,11,10,2025-09-08
I9439,P1972,W9642,445,178,70,15,2025-09-20
I9440,P3519,W117,140,100,33,4,2026-04-20
I9441,P8981,W8030,621,115,100,6,2025-06-18
I9442,P3632,W7936,230,28,7,18,2026-02-09
I9443,P9671,W7990,786,122,49,16,2025-09-17
I9444,P170,W6401,470,173,18,18,2026-03-11
I9445,P6111,W6768,6,144,28,4,2026-03-07
I9446,P5911,W141,510,65,19,11,2026-04-21
I9447,P4816,W2155,811,95,85,15,2025-11-14
I9448,P8167,W7563,798,22,67,4,2025-09-17
I9449,P1735,W7052,663,200,81,19,2025-08-21
I9450,P9918,W9184,483,13,38,8,2025-08-31
I9451,P731,W7736,739,20,54,15,2025-11-03
I9452,P7159,W6056,822,135,30,13,2025-08-31
I9453,P687,W6606,243,170,5,17,2025-06-02
I9454,P1117,W1394,49,40,9,11,2026-03-17
I9455,P5625,W9110,476,140,48,14,2026-02-09
I9456,P4910,W7219,465,100,30,4,2025-12-08
I9457,P9793,W3019,315,159,57,16,2026-01-22
I9458,P849,W9988,159,103,67,9,2026-03-18
I9459,P5516,W2582,813,95,97,18,2025-11-29
I9460,P1095,W7917,513,124,50,9,2025-07-11
I9461,P1167,W6619,913,125,39,0,2026-02-28
I9462,P4555,W7542,506,157,18,10,2026-01-10
I9463,P7586,W664,651,64,64,4,2026-04-22
I9464,P2542,W9984,179,56,54,14,2025-09-05
I9465,P6037,W5495,409,60,35,12,2026-02-12
I9466,P2766,W8776,691,131,99,16,2025-11-14
I9467,P8936,W8406,514,57,64,3,2026-01-04
I9468,P9484,W181,464,196,83,6,2025-10-22
I9469,P3282,W2160,272,119,63,18,2026-05-20
I9470,P6507,W1571,173,49,91,9,2025-10-12
I9471,P568,W300,234,78,57,8,2026-01-23
I9472,P7692,W7247,57,132,78,8,2025-08-12
I9473,P4342,W3573,180,132,89,8,2025-11-08
I9474,P5441,W3174,854,184,29,2,2025-11-08
I9475,P6516,W9721,597,37,52,10,2025-12-19
I9476,P7731,W5470,624,176,70,6,2025-09-11
I9477,P7328,W9627,441,136,60,11,2026-04-11
I9478,P8581,W8225,89,164,71,17,2025-06-11
I9479,P8322,W7104,486,179,25,4,2025-09-16
I9480,P9645,W76,702,95,68,7,2025-06-15
I9481,P8008,W335,794,199,70,6,2026-02-12
I9482,P7020,W3005,818,180,64,6,2025-06-04
I9483,P8279,W8733,842,61,41,15,2026-02-09
I9484,P707,W9248,683,161,9,9,2026-03-05
I9485,P8380,W8343,813,71,96,1,2025-08-31
I9486,P2504,W2066,875,183,18,3,2025-12-03
I9487,P4633,W611,943,26,38,13,2025-08-13
I9488,P3897,W7893,27,49,12,3,2026-05-21
I9489,P7230,W1029,95,177,41,11,2025-12-04
I9490,P6440,W3554,568,131,53,16,2025-05-30
I9491,P941,W3656,750,154,47,19,2025-12-10
I9492,P533,W8947,191,78,22,8,2025-12-25
I9493,P6164,W3237,445,172,21,2,2026-04-13
I9494,P1324,W6625,599,38,44,10,2026-03-15
I9495,P6921,W4495,500,10,59,13,2025-10-23
I9496,P845,W1242,143,14,84,8,2025-05-29
I9497,P9254,W7038,3,87,80,16,2026-02-13
I9498,P4282,W9022,167,57,57,3,2025-11-03
I9499,P1889,W9518,324,185,21,4,2026-02-16
I9500,P2458,W500,524,11,39,5,2026-01-19
I9501,P9665,W8589,482,70,91,8,2026-03-10
I9502,P1922,W8135,460,177,26,19,2025-12-01
I9503,P899,W2533,572,170,82,12,2026-03-09
I9504,P7471,W494,3,107,67,0,2025-08-13
I9505,P5980,W5663,888,112,62,3,2026-05-08
I9506,P1635,W5845,680,55,78,14,2025-12-07
I9507,P1477,W1907,798,198,67,20,2026-02-23
I9508,P6706,W5751,429,94,62,5,2025-06-14
I9509,P5465,W104,324,38,100,3,2025-06-05
I9510,P349,W7247,649,75,30,9,2025-07-03
I9511,P272,W537,568,138,34,17,2026-03-26
I9512,P9912,W9463,881,65,44,11,2026-04-24
I9513,P4827,W5129,129,113,80,5,2026-04-23
I9514,P7673,W1150,532,65,48,6,2026-04-12
I9515,P3354,W7644,822,41,7,6,2025-10-14
I9516,P6617,W8987,935,77,66,4,2025-07-03
I9517,P5818,W3508,554,172,75,10,2026-05-15
I9518,P5676,W4061,739,110,72,11,2026-04-07
I9519,P7176,W5094,304,199,81,10,2025-08-17
I9520,P8069,W9986,263,174,65,3,2025-11-10
I9521,P8261,W7712,661,172,41,4,2026-04-23
I9522,P4272,W7413,626,44,28,8,2025-09-22
I9523,P81,W28,184,24,95,0,2025-06-28
I9524,P4389,W3991,666,14,55,19,2026-02-26
I9525,P8680,W337,364,43,92,17,2025-07-30
I9526,P6651,W2900,582,89,84,8,2026-02-03
I9527,P3047,W6851,576,70,95,18,2025-07-11
I9528,P2501,W1367,499,142,15,6,2026-03-05
I9529,P7885,W2314,121,124,25,18,2025-10-12
I9530,P322,W6420,435,150,92,20,2025-06-14
I9531,P2955,W788,611,30,96,1,2026-03-04
I9532,P5171,W2580,453,186,18,8,2025-06-29
I9533,P3573,W1977,399,17,88,5,2025-09-12
I9534,P8945,W6577,580,151,15,14,2025-11-29
I9535,P8513,W6881,710,69,90,19,2025-08-13
I9536,P988,W3419,170,194,11,0,2026-03-25
I9537,P6368,W8792,66,148,48,4,2025-10-03
I9538,P1831,W2670,366,66,16,12,2026-03-03
I9539,P4658,W54,437,114,96,0,2026-05-04
I9540,P5921,W5823,245,159,87,13,2026-04-08
I9541,P1152,W4580,656,107,30,2,2025-11-13
I9542,P5026,W1997,870,198,17,4,2026-04-23
I9543,P4219,W1514,104,116,47,18,2026-01-07
I9544,P223,W3614,738,49,9,5,2026-03-16
I9545,P8302,W4025,590,121,19,18,2026-03-30
I9546,P4386,W5565,218,90,8,14,2025-07-11
I9547,P920,W2406,676,45,89,16,2025-12-29
I9548,P6261,W7964,712,57,93,6,2025-06-30
I9549,P7280,W1665,583,168,91,12,2025-08-30
I9550,P4523,W4525,777,116,29,3,2025-10-25
I9551,P8374,W5664,871,33,23,2,2025-09-21
I9552,P526,W2523,131,175,33,4,2026-03-24
I9553,P2330,W3122,660,88,27,10,2025-09-22
I9554,P535,W4129,165,61,14,16,2025-06-23
I9555,P1854,W7900,558,93,16,7,2026-03-17
I9556,P6371,W2313,450,133,15,15,2025-12-23
I9557,P1060,W7395,9,175,11,14,2025-06-10
I9558,P4078,W1976,701,108,61,7,2025-10-11
I9559,P3915,W644,131,98,69,12,2025-09-10
I9560,P3715,W6162,390,134,27,6,2026-01-27
I9561,P5913,W4516,506,143,38,14,2026-05-04
I9562,P8290,W4933,15,102,53,10,2025-11-09
I9563,P4022,W4676,910,96,96,4,2026-03-10
I9564,P7515,W5993,428,39,32,10,2025-06-11
I9565,P7662,W449,839,154,53,2,2026-04-14
I9566,P1653,W1982,841,136,87,2,2025-09-14
I9567,P2732,W6910,662,178,59,2,2025-12-16
I9568,P6592,W5187,786,113,50,7,2026-01-13
I9569,P1687,W5320,964,173,68,18,2025-09-29
I9570,P5649,W6464,671,99,90,15,2025-08-14
I9571,P54,W3841,93,124,67,1,2025-12-18
I9572,P6271,W2868,168,50,63,6,2026-03-12
I9573,P8856,W2805,574,82,23,13,2026-05-13
I9574,P5837,W2484,774,164,48,7,2025-09-26
I9575,P3747,W7637,537,146,43,6,2025-10-21
I9576,P2403,W5935,89,115,56,11,2025-11-22
I9577,P3957,W2214,858,36,51,9,2025-12-09
I9578,P3748,W7482,813,168,11,0,2025-06-15
I9579,P8630,W5902,964,55,63,17,2025-11-08
I9580,P5753,W1809,210,37,6,15,2025-10-22
I9581,P3257,W4983,53,151,50,20,2025-09-05
I9582,P1627,W1525,800,10,35,15,2026-03-10
I9583,P8516,W1847,642,91,75,8,2025-08-29
I9584,P8329,W4507,203,99,73,17,2025-06-28
I9585,P9847,W3815,304,20,5,6,2026-02-17
I9586,P9386,W4103,581,153,94,10,2025-12-31
I9587,P9787,W8201,963,61,56,9,2025-10-16
I9588,P4959,W4927,689,11,29,7,2026-05-07
I9589,P7584,W8712,307,158,12,7,2026-05-01
I9590,P5267,W8997,414,73,98,13,2025-10-12
I9591,P5884,W4979,571,46,66,3,2026-04-25
I9592,P1835,W9267,202,64,5,2,2025-06-16
I9593,P9642,W5921,6,148,14,8,2025-10-01
I9594,P308,W5017,794,126,11,5,2026-05-24
I9595,P4036,W7814,298,100,45,18,2025-10-10
I9596,P3421,W9616,651,58,72,3,2025-08-22
I9597,P1220,W6112,366,153,16,20,2025-07-08
I9598,P4124,W5385,924,92,32,11,2025-09-08
I9599,P7149,W7676,286,54,97,11,2025-06-18
I9600,P4427,W3835,809,87,29,20,2025-06-03
I9601,P1664,W5670,838,64,41,7,2026-05-27
I9602,P380,W5702,147,98,83,6,2026-01-18
I9603,P8259,W2505,75,87,65,14,2025-07-25
I9604,P5457,W3535,605,179,29,5,2026-02-27
I9605,P6667,W9353,482,60,81,12,2026-03-15
I9606,P6029,W8344,376,102,32,12,2026-01-05
I9607,P5757,W7928,651,105,87,1,2025-09-15
I9608,P8655,W2505,722,105,27,10,2025-10-10
I9609,P3266,W2362,436,149,67,13,2025-08-12
I9610,P3642,W3521,805,193,93,5,2025-10-02
I9611,P2161,W7024,558,156,45,20,2025-06-13
I9612,P6869,W1012,346,199,28,13,2025-08-30
I9613,P2579,W4827,185,142,68,7,2026-01-13
I9614,P5084,W1686,574,188,93,15,2026-05-26
I9615,P4333,W9745,473,58,62,9,2025-08-10
I9616,P5542,W3015,179,17,39,7,2025-12-07
I9617,P3628,W8843,12,150,96,12,2026-04-05
I9618,P4808,W3858,82,50,12,4,2026-03-09
I9619,P7880,W4192,974,19,30,3,2025-10-26
I9620,P2335,W8011,755,113,8,1,2025-09-13
I9621,P887,W6952,951,14,43,7,2025-06-25
I9622,P5459,W4377,857,125,28,4,2025-07-20
I9623,P5320,W6912,627,47,67,3,2026-03-03
I9624,P9354,W4555,264,192,41,1,2026-01-14
I9625,P1294,W1630,209,21,36,1,2026-02-19
I9626,P6193,W2236,124,94,91,8,2025-09-27
I9627,P3927,W9793,286,30,74,6,2025-12-20
I9628,P2359,W9691,411,37,28,16,2025-09-16
I9629,P593,W2837,564,182,66,12,2025-08-17
I9630,P9573,W7054,536,12,90,20,2026-04-28
I9631,P5757,W6583,658,171,22,18,2026-02-09
I9632,P4751,W2184,550,109,97,12,2026-01-14
I9633,P5993,W5965,917,200,5,4,2025-08-24
I9634,P3398,W354,777,75,78,8,2025-11-30
I9635,P540,W3199,107,134,80,15,2025-09-22
I9636,P2243,W5988,167,47,14,8,2025-06-02
I9637,P4625,W4869,16,156,91,19,2025-10-09
I9638,P2141,W2921,178,110,5,6,2026-05-23
I9639,P9487,W5025,451,119,34,18,2026-03-31
I9640,P5617,W2520,333,141,69,20,2025-12-04
I9641,P5666,W613,975,61,79,16,2025-12-27
I9642,P6127,W326,654,38,73,7,2026-04-19
I9643,P7942,W5642,223,17,10,10,2025-12-31
I9644,P9290,W5242,160,168,12,16,2025-07-12
I9645,P7279,W9938,584,57,85,9,2026-05-07
I9646,P1408,W1777,803,13,89,4,2025-06-10
I9647,P707,W8476,829,71,66,18,2026-05-04
I9648,P2975,W2720,735,158,90,8,2025-12-15
I9649,P3271,W679,189,122,70,19,2025-11-22
I9650,P1184,W5069,816,197,16,6,2025-08-24
I9651,P5586,W1476,240,178,38,14,2026-05-01
I9652,P4080,W547,115,17,100,8,2026-03-12
I9653,P7803,W4991,99,187,94,17,2026-02-11
I9654,P1845,W3398,283,182,95,13,2026-04-09
I9655,P8744,W6008,225,98,24,2,2025-09-06
I9656,P3042,W3430,505,32,86,0,2025-11-01
I9657,P4964,W3623,19,119,24,8,2025-07-27
I9658,P4507,W7855,117,172,69,2,2025-06-29
I9659,P9379,W1799,434,14,46,15,2026-02-01
I9660,P7394,W8501,999,128,90,6,2025-10-30
I9661,P3562,W8662,569,80,84,8,2026-02-19
I9662,P2990,W3716,789,59,91,10,2026-02-18
I9663,P4335,W6336,130,168,84,8,2026-05-01
I9664,P6518,W4706,366,75,72,4,2026-03-06
I9665,P5253,W1710,134,123,61,18,2025-06-22
I9666,P3525,W6539,655,61,31,1,2025-08-20
I9667,P7311,W2542,117,54,24,8,2025-10-19
I9668,P2771,W7892,203,89,42,12,2026-04-08
I9669,P6048,W9268,754,189,57,6,2026-05-08
I9670,P1602,W9835,120,17,9,10,2026-05-20
I9671,P522,W2443,840,59,79,11,2026-03-10
I9672,P4951,W3034,867,111,92,17,2026-02-25
I9673,P9914,W9531,761,200,45,7,2025-05-31
I9674,P6637,W8880,173,159,75,5,2025-12-19
I9675,P7825,W4006,43,138,10,4,2025-12-27
I9676,P9926,W2177,584,128,88,10,2026-02-02
I9677,P2293,W5178,771,127,20,1,2026-01-20
I9678,P7672,W4024,82,82,70,20,2026-03-10
I9679,P8191,W8420,122,140,73,8,2026-05-25
I9680,P913,W2475,572,44,27,10,2026-03-16
I9681,P4624,W6558,453,114,11,10,2025-12-14
I9682,P4732,W6306,243,131,77,3,2025-07-29
I9683,P8103,W3492,901,105,12,15,2025-11-17
I9684,P1837,W6655,148,37,70,18,2025-06-28
I9685,P5845,W6827,420,68,45,17,2025-11-21
I9686,P477,W1698,773,188,57,1,2025-08-21
I9687,P8644,W3975,514,25,49,18,2026-04-27
I9688,P8762,W5474,75,73,99,15,2025-07-13
I9689,P7176,W8852,335,110,63,5,2025-06-29
I9690,P4512,W5259,433,113,90,1,2025-07-28
I9691,P2602,W5738,932,80,90,13,2025-11-13
I9692,P3035,W9209,650,76,88,15,2025-09-17
I9693,P2738,W2287,69,78,70,5,2026-04-05
I9694,P6582,W3972,526,151,96,11,2025-08-28
I9695,P871,W3620,724,49,81,18,2025-12-30
I9696,P2672,W6339,268,12,37,14,2025-10-17
I9697,P1007,W4408,114,14,24,9,2025-09-15
I9698,P2935,W6491,368,16,30,19,2025-11-22
I9699,P1543,W3521,978,106,39,18,2026-02-15
I9700,P4025,W8873,225,83,76,7,2025-07-23
I9701,P3002,W532,670,154,9,4,2025-10-20
I9702,P6283,W9278,228,80,41,18,2026-02-16
I9703,P2527,W2847,534,50,56,17,2025-08-25
I9704,P9646,W902,491,35,53,2,2025-07-17
I9705,P6808,W4759,238,123,57,12,2025-10-11
I9706,P4523,W3394,945,31,100,10,2025-08-20
I9707,P7767,W9190,681,90,28,0,2025-10-09
I9708,P5424,W3639,571,195,50,14,2025-09-26
I9709,P5587,W9096,400,54,43,11,2026-04-15
I9710,P2243,W9823,712,19,17,11,2025-06-27
I9711,P4052,W6330,395,31,70,12,2026-01-23
I9712,P5386,W341,743,199,26,1,2026-05-10
I9713,P3600,W4514,668,123,65,20,2025-09-23
I9714,P6916,W4807,455,163,84,3,2026-05-03
I9715,P7957,W3878,463,12,72,14,2025-09-06
I9716,P3024,W7719,277,10,23,8,2026-01-18
I9717,P4534,W6260,383,162,74,16,2025-09-29
I9718,P2653,W7415,967,55,17,2,2026-01-27
I9719,P8639,W5350,740,50,71,20,2026-03-20
I9720,P650,W3978,600,197,80,15,2026-01-12
I9721,P4257,W5185,617,128,53,10,2025-12-16
I9722,P7454,W1967,624,167,78,0,2025-10-07
I9723,P1644,W6222,85,166,61,18,2025-08-01
I9724,P1826,W6383,295,138,58,4,2025-10-05
I9725,P8188,W84,843,55,6,13,2026-03-24
I9726,P5551,W1205,136,157,26,15,2025-08-06
I9727,P6960,W3032,279,175,80,14,2025-11-29
I9728,P9816,W2028,674,104,41,18,2026-05-21
I9729,P9815,W79,143,200,75,6,2026-05-24
I9730,P3001,W341,189,14,50,18,2026-02-15
I9731,P9698,W8979,390,135,22,7,2025-08-18
I9732,P5937,W9549,101,17,90,15,2025-05-31
I9733,P8063,W5389,58,38,40,19,2026-02-06
I9734,P7282,W7096,511,57,88,15,2025-08-21
I9735,P3238,W2711,318,38,25,19,2025-11-13
I9736,P434,W4216,693,35,32,9,2025-09-16
I9737,P2142,W5939,864,125,70,18,2025-06-30
I9738,P8804,W7034,197,169,9,1,2025-05-30
I9739,P2828,W296,260,17,73,20,2026-05-13
I9740,P4224,W3537,717,37,96,1,2025-10-06
I9741,P7569,W8051,205,116,41,16,2026-05-19
I9742,P6159,W7216,413,70,42,8,2025-08-02
I9743,P8533,W2938,280,57,71,16,2025-11-27
I9744,P1008,W2429,995,46,41,0,2025-10-22
I9745,P1854,W7776,960,142,67,18,2026-01-02
I9746,P6738,W2778,76,62,8,1,2025-06-22
I9747,P1689,W5765,826,22,80,20,2026-03-21
I9748,P6329,W8712,956,141,62,15,2026-05-14
I9749,P350,W5626,843,133,8,0,2026-03-17
I9750,P2019,W8110,840,147,39,6,2026-02-03
I9751,P8021,W1668,134,131,54,13,2025-10-05
I9752,P8220,W3280,50,107,65,12,2026-02-15
I9753,P8245,W1964,76,194,81,15,2025-06-22
I9754,P5246,W2741,54,122,6,1,2025-12-05
I9755,P8367,W4854,329,84,82,1,2026-02-27
I9756,P871,W8980,545,107,71,12,2026-05-17
I9757,P5566,W6397,328,111,94,15,2025-08-09
I9758,P2770,W8595,422,58,26,13,2025-11-11
I9759,P6603,W474,533,196,96,13,2025-09-18
I9760,P7602,W2905,949,128,98,10,2026-02-20
I9761,P5743,W2776,71,161,100,7,2025-08-18
I9762,P5839,W3037,946,125,69,1,2025-09-26
I9763,P7757,W4461,39,125,55,10,2026-03-14
I9764,P5320,W4726,234,50,28,4,2025-06-26
I9765,P3554,W1129,82,190,20,17,2025-12-15
I9766,P4854,W2236,263,111,8,9,2026-03-04
I9767,P1495,W9312,107,65,36,17,2026-05-08
I9768,P2039,W5118,609,125,97,14,2025-09-14
I9769,P5987,W2860,646,195,80,5,2025-10-29
I9770,P4372,W5745,210,22,97,13,2025-11-25
I9771,P9344,W8381,353,90,23,9,2025-07-30
I9772,P8774,W891,765,16,82,11,2025-12-20
I9773,P9062,W2956,279,146,24,10,2026-04-04
I9774,P7981,W2120,863,147,32,6,2025-09-10
I9775,P6804,W5564,181,147,80,5,2025-07-11
I9776,P901,W3715,253,102,20,4,2026-02-23
I9777,P9764,W1959,260,122,86,18,2026-02-28
I9778,P9438,W89,532,47,31,6,2026-05-22
I9779,P9482,W2157,998,45,81,1,2026-01-10
I9780,P4074,W2046,727,45,31,5,2026-05-13
I9781,P1052,W2717,805,156,95,1,2025-08-13
I9782,P5107,W6948,546,71,36,17,2026-02-28
I9783,P3909,W8741,490,163,15,20,2025-06-28
I9784,P5830,W7267,45,183,86,18,2025-07-30
I9785,P1004,W1758,143,75,60,11,2025-10-21
I9786,P8717,W4971,426,166,96,20,2025-07-22
I9787,P4262,W1368,74,154,46,16,2025-12-19
I9788,P7506,W2557,539,33,90,18,2025-06-08
I9789,P3915,W5387,356,151,53,16,2025-12-14
I9790,P7859,W7122,949,22,32,8,2025-07-01
I9791,P5672,W7384,596,41,38,15,2025-08-18
I9792,P1461,W3023,438,97,34,13,2025-07-01
I9793,P5265,W3015,33,77,72,11,2026-03-12
I9794,P9710,W7605,807,18,92,4,2026-05-13
I9795,P9491,W7395,963,52,38,1,2025-11-13
I9796,P9202,W2184,789,82,72,10,2025-07-08
I9797,P9504,W6018,565,105,14,7,2025-12-04
I9798,P3974,W6879,860,151,72,18,2025-06-07
I9799,P155,W3498,46,112,84,3,2025-06-03
I9800,P4690,W6863,552,140,55,15,2025-09-25
I9801,P7018,W8414,581,105,28,5,2025-09-02
I9802,P1435,W2798,430,151,95,4,2026-01-16
I9803,P9243,W729,422,149,62,8,2025-11-13
I9804,P1661,W4521,139,47,96,3,2025-08-20
I9805,P6702,W5524,972,74,84,7,2025-10-05
I9806,P6305,W8776,850,140,6,17,2025-11-10
I9807,P3241,W8413,305,81,98,6,2026-02-22
I9808,P6798,W3786,347,139,34,11,2025-11-09
I9809,P571,W8598,376,47,87,15,2026-01-17
I9810,P5599,W8553,219,55,90,0,2026-04-17
I9811,P1298,W4465,744,79,83,2,2025-08-28
I9812,P8026,W4517,139,36,87,10,2025-10-16
I9813,P6450,W1394,47,85,43,9,2026-01-19
I9814,P6694,W3427,318,111,45,8,2025-10-24
I9815,P7411,W2788,245,112,63,17,2026-05-14
I9816,P5660,W2636,539,25,20,13,2026-04-22
I9817,P2915,W727,669,150,31,12,2026-02-25
I9818,P4294,W505,6,88,38,0,2025-09-25
I9819,P9999,W9506,643,170,74,5,2026-01-15
I9820,P1208,W8002,654,138,90,12,2026-02-07
I9821,P6890,W3497,992,112,56,12,2025-06-19
I9822,P6114,W9189,159,74,69,14,2025-12-31
I9823,P3975,W4932,525,119,24,8,2026-01-01
I9824,P6063,W5408,848,175,82,13,2025-07-26
I9825,P7233,W3946,294,189,79,12,2026-01-24
I9826,P1995,W5280,929,44,58,3,2026-01-09
I9827,P6956,W1120,196,185,92,0,2026-02-14
I9828,P13,W9118,171,115,46,11,2026-04-22
I9829,P5862,W4788,409,66,90,6,2025-12-08
I9830,P9565,W6429,656,52,13,14,2025-07-17
I9831,P6669,W2778,159,42,21,13,2025-10-29
I9832,P2676,W4317,2,124,52,9,2026-05-09
I9833,P9206,W7491,924,184,77,14,2026-03-26
I9834,P1729,W6743,129,105,41,19,2025-12-29
I9835,P1930,W8059,477,26,69,17,2025-08-21
I9836,P1802,W4618,464,82,26,11,2025-07-04
I9837,P9820,W532,561,84,33,7,2026-03-30
I9838,P9384,W9097,220,85,44,6,2025-07-31
I9839,P2148,W2573,544,148,8,9,2025-11-28
I9840,P1467,W8373,95,89,54,15,2026-03-06
I9841,P4137,W3574,404,94,86,19,2025-09-11
I9842,P8075,W4607,595,53,27,1,2025-08-20
I9843,P8717,W7241,718,175,41,3,2026-03-18
I9844,P3868,W2607,468,122,99,3,2025-08-16
I9845,P6021,W8843,440,183,94,15,2025-07-06
I9846,P5450,W2161,422,40,78,5,2026-01-03
I9847,P2040,W9521,529,139,7,8,2025-12-30
I9848,P3106,W7416,408,90,8,20,2025-08-06
I9849,P5484,W8128,519,45,46,4,2025-05-30
I9850,P1588,W3596,686,77,92,13,2026-03-24
I9851,P1966,W2324,353,195,30,9,2026-05-15
I9852,P1765,W5745,211,40,95,4,2025-11-24
I9853,P6786,W9490,179,145,55,7,2025-12-26
I9854,P3873,W1219,182,114,63,7,2026-02-01
I9855,P182,W8874,735,187,49,13,2025-10-23
I9856,P3632,W6205,17,17,14,10,2025-08-25
I9857,P528,W9443,51,94,89,18,2026-02-02
I9858,P2994,W8900,723,107,44,1,2026-01-14
I9859,P8649,W2551,964,160,77,2,2025-06-13
I9860,P6678,W3055,544,133,15,13,2026-05-28
I9861,P4420,W3462,698,115,35,20,2026-03-15
I9862,P6219,W2988,497,54,71,8,2026-01-05
I9863,P406,W3297,294,94,38,9,2025-07-09
I9864,P9632,W2116,474,47,37,4,2026-01-17
I9865,P9783,W6206,93,147,80,13,2025-12-27
I9866,P8933,W6002,387,148,40,14,2025-09-25
I9867,P719,W5173,477,191,20,0,2026-04-06
I9868,P8371,W1935,24,175,92,16,2026-02-10
I9869,P7423,W3472,123,44,28,19,2025-06-04
I9870,P3996,W7939,617,190,81,15,2026-03-08
I9871,P900,W3016,228,19,96,1,2026-01-12
I9872,P5406,W6722,490,90,66,19,2025-09-22
I9873,P4214,W5095,46,80,54,18,2026-02-12
I9874,P6281,W6070,95,50,19,8,2026-02-10
I9875,P7709,W811,771,28,27,20,2025-09-06
I9876,P6411,W5245,864,105,46,1,2025-11-08
I9877,P6484,W9088,223,115,72,10,2025-11-25
I9878,P7782,W6286,103,98,39,9,2026-05-25
I9879,P2518,W5924,844,111,42,1,2025-06-24
I9880,P2612,W9824,765,105,58,9,2026-02-21
I9881,P2818,W5717,25,125,74,17,2025-06-09
I9882,P2566,W2167,544,122,30,3,2026-03-08
I9883,P9635,W3049,344,31,80,8,2025-08-21
I9884,P4718,W727,568,164,74,11,2025-08-05
I9885,P1681,W3247,411,28,81,17,2026-04-28
I9886,P7024,W5225,384,30,97,0,2025-11-27
I9887,P6643,W9642,211,130,75,0,2026-05-02
I9888,P170,W2226,195,70,58,17,2025-07-05
I9889,P7111,W7531,387,139,37,14,2025-10-02
I9890,P3103,W2464,18,49,57,18,2026-01-08
I9891,P3257,W1191,824,186,16,19,2025-12-24
I9892,P654,W1989,440,45,6,19,2026-04-12
I9893,P4645,W2756,191,181,27,3,2025-06-07
I9894,P4888,W7930,76,170,34,11,2026-05-07
I9895,P1206,W9384,205,198,34,6,2025-09-12
I9896,P21,W4199,164,100,38,6,2026-05-09
I9897,P1297,W8149,800,34,34,14,2026-02-22
I9898,P8094,W5567,946,72,37,9,2025-09-23
I9899,P4208,W8428,646,113,39,19,2025-07-07
I9900,P7799,W3115,949,107,11,12,2025-10-26
I9901,P983,W9334,406,138,84,18,2025-07-23
I9902,P4478,W9839,328,88,54,4,2025-07-18
I9903,P581,W6599,817,39,55,18,2026-01-31
I9904,P4480,W3026,127,38,37,19,2026-04-23
I9905,P2137,W359,959,79,38,16,2026-05-22
I9906,P4894,W6640,777,189,96,9,2025-06-03
I9907,P5008,W1441,163,18,61,20,2025-07-16
I9908,P5115,W1521,765,200,46,13,2025-09-12
I9909,P3478,W828,385,89,51,3,2026-03-29
I9910,P825,W7864,575,49,67,2,2025-10-03
I9911,P6584,W8269,432,195,60,19,2025-06-09
I9912,P1048,W8164,972,55,60,4,2025-06-23
I9913,P5374,W5896,153,137,83,14,2025-06-13
I9914,P4491,W5698,456,23,67,17,2026-02-01
I9915,P9227,W2620,344,72,91,12,2025-12-28
I9916,P7378,W8560,905,60,95,6,2025-10-23
I9917,P7630,W2016,701,64,15,3,2025-12-13
I9918,P8831,W5294,380,125,76,10,2025-09-15
I9919,P8622,W6516,35,177,49,0,2026-04-05
I9920,P5016,W1830,496,50,12,18,2025-10-02
I9921,P9896,W1718,936,39,44,17,2025-11-12
I9922,P4606,W1395,981,89,68,8,2025-10-31
I9923,P7681,W5962,74,157,12,18,2025-05-30
I9924,P4617,W2188,674,39,46,13,2025-09-22
I9925,P9194,W2089,338,103,33,11,2026-04-27
I9926,P2433,W1417,4,99,19,15,2025-07-30
I9927,P2929,W896,860,180,87,20,2026-05-09
I9928,P6018,W1042,277,38,100,16,2026-05-19
I9929,P6181,W9201,492,57,72,9,2025-07-01
I9930,P7550,W3483,274,157,91,4,2025-09-28
I9931,P8601,W3152,765,57,23,6,2025-05-28
I9932,P7209,W4174,632,183,9,1,2025-07-30
I9933,P7609,W931,990,146,40,3,2026-05-04
I9934,P2248,W6283,483,143,78,15,2026-04-27
I9935,P3437,W605,561,70,23,4,2025-06-16
I9936,P552,W3193,82,138,63,13,2025-12-26
I9937,P4645,W2306,281,128,96,16,2025-07-16
I9938,P9713,W7910,110,94,75,18,2025-10-20
I9939,P7099,W5354,420,155,41,15,2025-05-31
I9940,P5794,W8728,556,31,56,17,2025-08-29
I9941,P2790,W5644,187,143,24,18,2025-08-03
I9942,P4328,W4787,647,139,55,15,2025-06-13
I9943,P1331,W4324,790,14,56,3,2026-04-04
I9944,P2775,W5860,788,96,77,2,2026-01-03
I9945,P3138,W6965,713,174,21,20,2026-02-13
I9946,P3495,W1234,218,133,11,8,2026-02-22
I9947,P8956,W5205,902,36,15,12,2026-04-28
I9948,P3145,W1385,806,103,73,11,2025-07-06
I9949,P5200,W1909,237,159,43,14,2025-10-20
I9950,P1012,W6799,29,169,96,14,2026-05-20
I9951,P8352,W609,843,131,91,4,2026-01-29
I9952,P3923,W3318,1000,82,39,9,2026-05-10
I9953,P7280,W3312,890,174,44,3,2025-10-12
I9954,P2596,W6541,881,84,36,5,2026-04-18
I9955,P6197,W9941,7,112,13,18,2026-05-28
I9956,P5458,W9336,11,83,52,14,2026-01-28
I9957,P6240,W1984,616,45,32,6,2026-01-01
I9958,P5075,W1919,310,29,15,4,2026-04-07
I9959,P5514,W4842,917,137,99,4,2026-05-21
I9960,P4902,W7769,763,170,39,14,2025-08-04
I9961,P6167,W5303,803,24,78,7,2025-09-06
I9962,P8063,W9525,488,192,5,2,2026-05-10
I9963,P5673,W1985,625,95,36,1,2025-10-05
I9964,P7641,W7784,900,146,47,10,2026-05-03
I9965,P796,W2739,880,152,19,7,2025-08-16
I9966,P7615,W2899,402,133,52,4,2025-08-12
I9967,P634,W8579,359,163,85,7,2025-06-23
I9968,P1523,W9213,485,93,61,1,2025-10-22
I9969,P1756,W9987,445,105,54,0,2026-01-09
I9970,P8724,W6340,481,178,82,12,2025-07-13
I9971,P2739,W2936,533,189,16,13,2025-11-13
I9972,P8144,W306,19,84,82,0,2025-11-08
I9973,P9166,W4011,136,71,32,2,2026-04-02
I9974,P8746,W3983,44,134,84,9,2025-09-13
I9975,P6592,W5609,393,54,48,14,2026-03-10
I9976,P1809,W8709,900,45,95,20,2025-12-26
I9977,P7724,W6274,303,127,45,13,2025-12-07
I9978,P767,W1512,550,68,91,5,2025-07-03
I9979,P7778,W6094,351,78,99,10,2025-09-16
I9980,P9776,W7020,886,193,95,18,2026-02-01
I9981,P5097,W1475,816,100,18,1,2026-05-01
I9982,P7732,W1003,93,174,38,6,2025-08-08
I9983,P6444,W4524,359,22,5,11,2025-08-09
I9984,P7497,W8509,797,125,71,2,2025-10-24
I9985,P3133,W9840,454,163,94,19,2025-10-20
I9986,P1966,W619,584,74,63,14,2025-08-21
I9987,P4645,W7064,372,153,80,7,2025-11-05
I9988,P7669,W1982,80,83,80,12,2026-05-03
I9989,P341,W8113,458,123,49,3,2025-06-18
I9990,P7460,W5853,268,192,74,2,2025-07-29
I9991,P5338,W3843,607,184,16,15,2025-11-10
I9992,P8089,W1639,869,36,68,2,2025-08-18
I9993,P5201,W4369,610,82,70,1,2025-09-19
I9994,P6628,W48,77,31,22,1,2026-02-18
I9995,P7229,W5043,341,100,33,15,2025-06-23
I9996,P1485,W9726,152,195,17,13,2025-11-26
I9997,P4349,W9617,118,108,28,7,2026-02-13
I9998,P2646,W2199,990,170,26,14,2025-10-26
I9999,P2834,W5481,67,84,17,19,2025-09-16
I10000,P2271,W5426,775,167,5,6,2025-12-26
