order_id,product_id,order_date,quantity_ordered,expected_delivery_date,actual_delivery_date,delivery_status,order_cost,quantity_delivered,supplier_id
O1,P6145,2026-04-30,323,2026-05-05,2026-05-07,Delayed,4287814,291,SUP956
O2,P6398,2026-01-20,487,2026-01-27,2026-02-01,Delivered,1552972,487,
O3,P3661,2026-02-10,257,2026-02-16,2026-02-20,Delayed,861831,231,SUP3012
O4,P3650,2025-07-12,289,2025-07-20,2025-07-22,Pending,1129754,144,SUP2585
O5,P6021,2025-05-31,104,2025-06-06,2025-06-09,Delayed,1591415,94,
O6,P8724,2026-03-19,407,2026-03-23,2026-03-25,Delivered,122956,407,SUP9558
O7,P5549,2025-05-29,143,2025-06-02,2025-06-03,Delivered,4033300,143,
O8,P4908,2025-10-11,330,2025-10-16,2025-10-18,Delivered,1524691,330,SUP7202
O9,P4372,2025-08-07,252,2025-08-12,2025-08-14,Pending,4565927,126,
O10,P5145,2026-05-17,36,2026-05-21,2026-05-25,Delivered,2786237,36,SUP1958
O11,P5609,2025-09-11,133,2025-09-21,2025-09-23,Delivered,1708394,133,SUP3826
O12,P6977,2025-09-11,63,2025-09-14,2025-09-15,Delivered,1593746,63,
O13,P2046,2025-11-04,17,2025-11-14,2025-11-14,Pending,2912736,8,SUP2262
O14,P8139,2025-06-03,226,2025-06-11,2025-06-12,Delivered,1920801,226,
O15,P606,2025-07-28,106,2025-08-05,2025-08-05,Delivered,1488147,106,SUP3398
O16,P1577,2025-07-30,42,2025-08-08,2025-08-09,Delayed,2371514,38,SUP7480
O17,P995,2026-04-12,76,2026-04-16,2026-04-16,Pending,706569,38,
O18,P5944,2025-08-25,440,2025-08-31,2025-08-31,Delayed,1435059,396,
O19,P4671,2026-03-20,266,2026-03-26,2026-03-29,Delivered,496763,266,SUP2672
O20,P5263,2026-03-29,198,2026-04-03,2026-04-03,Delayed,3401382,178,
O21,P8310,2026-01-30,123,2026-02-09,2026-02-13,Pending,1430489,62,
O22,P1801,2026-01-04,181,2026-01-13,2026-01-18,Delivered,896897,181,SUP2003
O23,P4330,2026-03-29,485,2026-04-07,2026-04-07,Delayed,3813791,436,
O24,P590,2026-03-09,488,2026-03-19,2026-03-24,Delivered,1116630,488,SUP8086
O25,P8087,2026-04-14,130,2026-04-18,2026-04-20,Delivered,667982,130,SUP2312
O26,P1222,2025-06-23,117,2025-07-03,2025-07-08,Pending,870418,58,
O27,P6188,2025-11-21,151,2025-11-29,2025-12-01,Delivered,4381258,151,SUP5322
O28,P5488,2026-04-30,447,2026-05-08,2026-05-11,Delayed,133896,402,
O29,P988,2026-01-28,325,2026-02-01,2026-02-02,Delivered,3247786,325,SUP6942
O30,P3503,2025-07-24,389,2025-07-27,2025-07-29,Pending,2016447,194,SUP7539
O31,P2842,2025-06-13,57,2025-06-17,2025-06-18,Delayed,270738,51,SUP4154
O32,P8360,2025-09-11,156,2025-09-19,2025-09-19,Delivered,1217733,156,SUP2798
O33,P6423,2025-12-24,29,2025-12-30,2026-01-04,Delayed,2310063,26,SUP255
O34,P5787,2026-04-07,400,2026-04-12,2026-04-15,Pending,1863287,200,SUP8735
O35,P2053,2026-04-03,417,2026-04-10,2026-04-15,Delayed,4092752,375,SUP6401
O36,P4740,2026-01-22,443,2026-01-29,2026-02-02,Pending,2651696,222,
O37,P3742,2025-11-04,138,2025-11-10,2025-11-10,Delivered,1728930,138,
O38,P7421,2026-03-29,189,2026-04-07,2026-04-09,Delivered,4224524,189,
O39,P1100,2026-02-07,36,2026-02-16,2026-02-16,Delayed,3890405,32,SUP9821
O40,P8121,2026-04-28,415,2026-05-08,2026-05-09,Delivered,3825607,415,SUP4349
O41,P7223,2025-09-11,419,2025-09-20,2025-09-25,Pending,3713128,210,SUP8063
O42,P3307,2025-11-18,448,2025-11-27,2025-12-02,Pending,3916401,224,SUP8067
O43,P2328,2025-11-30,74,2025-12-04,2025-12-06,Pending,915169,37,SUP1498
O44,P6736,2025-09-28,100,2025-10-04,2025-10-06,Delayed,812557,90,SUP9740
O45,P8162,2026-01-24,91,2026-02-01,2026-02-02,Delivered,3577577,91,SUP9519
O46,P8757,2025-08-11,450,2025-08-14,2025-08-17,Pending,2929136,225,
O47,P348,2025-12-11,492,2025-12-21,2025-12-22,Pending,4536502,246,
O48,P3567,2026-02-26,441,2026-03-04,2026-03-06,Pending,4243555,220,SUP6176
O49,P2292,2025-12-03,498,2025-12-06,2025-12-07,Delayed,1384821,448,SUP9975
O50,P3821,2025-10-07,171,2025-10-13,2025-10-16,Delivered,4042238,171,
O51,P4628,2026-05-09,381,2026-05-18,2026-05-21,Delayed,4532752,343,SUP2719
O52,P8859,2025-08-13,215,2025-08-23,2025-08-24,Delivered,3985046,215,SUP889
O53,P1333,2026-03-04,344,2026-03-11,2026-03-14,Delayed,2773270,310,SUP3134
O54,P7705,2025-11-22,412,2025-11-28,2025-11-29,Delivered,4983918,412,SUP6013
O55,P6219,2026-04-22,111,2026-05-02,2026-05-04,Pending,3016173,56,
O56,P2217,2026-02-27,462,2026-03-04,2026-03-06,Delivered,4228766,462,
O57,P3600,2026-05-01,22,2026-05-09,2026-05-10,Delivered,3957627,22,SUP4634
O58,P2995,2025-08-30,254,2025-09-02,2025-09-03,Delayed,3141659,229,
O59,P772,2025-12-16,103,2025-12-25,2025-12-28,Delivered,3965706,103,
O60,P4570,2025-07-04,404,2025-07-07,2025-07-11,Delayed,966726,364,SUP599
O61,P487,2025-10-31,104,2025-11-08,2025-11-10,Pending,366896,52,SUP5239
O62,P5054,2025-11-15,332,2025-11-20,2025-11-23,Delivered,2896236,332,
O63,P2462,2025-12-20,328,2025-12-24,2025-12-28,Pending,1305414,164,
O64,P5250,2026-04-10,322,2026-04-20,2026-04-24,Delayed,1735878,290,SUP3789
O65,P6743,2025-12-21,257,2025-12-25,2025-12-27,Pending,4582086,128,SUP2959
O66,P1496,2025-09-15,256,2025-09-23,2025-09-24,Delayed,4864794,230,
O67,P5314,2026-04-02,372,2026-04-11,2026-04-14,Delayed,4980654,335,
O68,P188,2026-02-21,292,2026-03-03,2026-03-05,Delayed,814252,263,SUP3123
O69,P1727,2026-02-22,307,2026-03-04,2026-03-05,Pending,3171984,154,SUP8099
O70,P2221,2026-03-01,486,2026-03-07,2026-03-08,Delayed,4897861,437,SUP5499
O71,P4520,2025-12-17,464,2025-12-24,2025-12-25,Delayed,458161,418,
O72,P3465,2026-01-02,89,2026-01-12,2026-01-15,Pending,292167,44,SUP787
O73,P9457,2026-02-02,41,2026-02-05,2026-02-09,Delayed,2039607,37,SUP1577
O74,P8991,2026-05-17,299,2026-05-20,2026-05-20,Delivered,597866,299,SUP2514
O75,P9136,2025-09-17,312,2025-09-20,2025-09-23,Pending,4275564,156,
O76,P8695,2025-06-24,355,2025-07-04,2025-07-05,Delayed,579966,320,SUP9379
O77,P8937,2025-12-21,491,2025-12-25,2025-12-29,Delayed,3356991,442,
O78,P8457,2025-09-03,477,2025-09-10,2025-09-12,Delayed,4622845,429,SUP4707
O79,P4256,2026-03-03,289,2026-03-12,2026-03-16,Delayed,4183482,260,
O80,P3999,2025-12-29,348,2026-01-02,2026-01-06,Pending,1283867,174,SUP5031
O81,P3828,2026-01-10,12,2026-01-13,2026-01-15,Delayed,1473292,11,SUP1973
O82,P5138,2026-02-16,209,2026-02-24,2026-02-25,Delayed,3809242,188,SUP5347
O83,P8245,2026-02-16,59,2026-02-26,2026-03-02,Pending,899969,30,SUP5769
O84,P5443,2025-10-15,241,2025-10-24,2025-10-25,Delivered,2618724,241,SUP45
O85,P5881,2026-03-18,109,2026-03-26,2026-03-31,Pending,4513106,54,
O86,P1047,2025-06-12,416,2025-06-20,2025-06-20,Delayed,1504614,374,
O87,P2773,2026-04-11,208,2026-04-15,2026-04-20,Pending,2726471,104,SUP502
O88,P3615,2026-03-03,241,2026-03-09,2026-03-12,Pending,2048317,120,SUP4307
O89,P7103,2025-09-06,67,2025-09-13,2025-09-18,Delayed,4710007,60,
O90,P7958,2025-12-26,120,2026-01-01,2026-01-01,Pending,1736577,60,
O91,P1692,2025-08-23,161,2025-08-26,2025-08-29,Delayed,2682361,145,SUP6634
O92,P6859,2025-10-14,337,2025-10-19,2025-10-21,Delivered,4762345,337,SUP953
O93,P3940,2026-03-06,14,2026-03-16,2026-03-17,Delivered,3533972,14,
O94,P3714,2025-07-06,185,2025-07-16,2025-07-18,Delayed,31690,166,SUP30
O95,P8734,2026-05-22,242,2026-05-28,2026-05-30,Delayed,2250577,218,SUP1104
O96,P1063,2026-04-18,374,2026-04-27,2026-04-28,Delayed,2762793,337,SUP5377
O97,P2747,2026-01-14,139,2026-01-23,2026-01-23,Delivered,4700986,139,SUP6605
O98,P5438,2026-02-14,297,2026-02-20,2026-02-22,Pending,2921591,148,SUP2659
O99,P3692,2025-10-20,33,2025-10-26,2025-10-26,Delayed,3225833,30,SUP1524
O100,P5656,2026-01-11,36,2026-01-17,2026-01-19,Delivered,4543711,36,SUP2084
O101,P4714,2025-09-02,208,2025-09-10,2025-09-12,Delivered,4655065,208,SUP6416
O102,P2237,2026-03-29,82,2026-04-08,2026-04-09,Delivered,1960396,82,
O103,P7123,2026-02-14,268,2026-02-21,2026-02-24,Delayed,3575373,241,SUP4425
O104,P9081,2026-02-26,344,2026-03-07,2026-03-10,Delayed,4004503,310,SUP7284
O105,P7009,2025-06-23,431,2025-07-02,2025-07-05,Delivered,1958647,431,
O106,P7804,2026-01-07,315,2026-01-16,2026-01-21,Pending,485555,158,
O107,P6801,2025-12-20,287,2025-12-23,2025-12-23,Delayed,2797493,258,SUP1198
O108,P9050,2025-07-21,216,2025-07-25,2025-07-26,Delayed,2649082,194,SUP3417
O109,P4332,2025-09-10,424,2025-09-17,2025-09-20,Delivered,2207138,424,SUP3512
O110,P8603,2025-08-24,445,2025-08-30,2025-09-04,Delivered,827266,445,SUP2859
O111,P3805,2026-02-18,362,2026-02-23,2026-02-24,Delivered,1564610,362,
O112,P1342,2025-11-15,176,2025-11-21,2025-11-25,Delayed,4313589,158,SUP6918
O113,P7286,2025-08-13,290,2025-08-17,2025-08-22,Pending,4125425,145,SUP7935
O114,P6256,2025-08-18,67,2025-08-28,2025-08-29,Delayed,3172274,60,SUP1984
O115,P5306,2026-02-14,190,2026-02-24,2026-02-28,Delivered,3032400,190,SUP112
O116,P9631,2025-07-02,84,2025-07-07,2025-07-10,Pending,2408228,42,SUP2769
O117,P6470,2026-05-21,317,2026-05-30,2026-06-04,Pending,3950771,158,SUP5123
O118,P9272,2025-09-10,84,2025-09-15,2025-09-18,Pending,4237725,42,SUP4461
O119,P2377,2025-09-28,10,2025-10-03,2025-10-05,Pending,2225208,5,
O120,P3144,2025-12-22,385,2025-12-28,2025-12-28,Delivered,1342741,385,SUP5273
O121,P8550,2025-09-02,318,2025-09-07,2025-09-10,Delayed,3134985,286,
O122,P6678,2025-11-28,340,2025-12-02,2025-12-07,Pending,831716,170,SUP4178
O123,P3623,2025-12-01,204,2025-12-05,2025-12-09,Delayed,3028136,184,SUP7026
O124,P2529,2025-08-22,416,2025-08-28,2025-08-31,Delivered,2790637,416,SUP4024
O125,P5755,2026-02-11,281,2026-02-21,2026-02-26,Delayed,529816,253,SUP1797
O126,P981,2026-02-28,99,2026-03-08,2026-03-09,Delayed,286824,89,SUP5308
O127,P8951,2026-05-05,295,2026-05-08,2026-05-10,Delivered,1478500,295,SUP1206
O128,P7887,2025-12-15,29,2025-12-22,2025-12-23,Delayed,2115766,26,SUP803
O129,P1541,2025-09-12,341,2025-09-20,2025-09-21,Pending,1398396,170,SUP6106
O130,P9007,2025-07-30,18,2025-08-05,2025-08-07,Delivered,2888783,18,SUP3524
O131,P4008,2025-05-29,154,2025-06-02,2025-06-04,Delayed,292786,139,
O132,P8505,2026-05-20,385,2026-05-26,2026-05-26,Delayed,3972254,346,SUP3035
O133,P104,2025-10-04,97,2025-10-07,2025-10-10,Pending,134865,48,SUP1985
O134,P2780,2026-05-16,346,2026-05-26,2026-05-28,Pending,545472,173,SUP1069
O135,P160,2025-09-15,468,2025-09-19,2025-09-23,Delivered,4639217,468,SUP331
O136,P7807,2026-03-24,434,2026-03-28,2026-03-31,Pending,3990217,217,SUP8989
O137,P3830,2026-05-23,439,2026-05-30,2026-06-04,Delivered,874918,439,
O138,P8076,2025-06-07,292,2025-06-16,2025-06-18,Delayed,3906250,263,SUP4189
O139,P3745,2025-08-11,243,2025-08-16,2025-08-17,Delayed,1762109,219,SUP1101
O140,P4800,2026-04-25,195,2026-05-05,2026-05-08,Pending,4917726,98,
O141,P3154,2026-03-17,121,2026-03-22,2026-03-24,Pending,3260453,60,SUP4549
O142,P4746,2025-08-16,84,2025-08-21,2025-08-25,Delayed,4191202,76,SUP7630
O143,P8580,2026-03-01,312,2026-03-09,2026-03-11,Delivered,2491864,312,SUP1300
O144,P311,2025-12-22,148,2026-01-01,2026-01-01,Pending,126631,74,SUP2738
O145,P1624,2025-11-20,361,2025-11-24,2025-11-28,Delayed,1992127,325,SUP8088
O146,P4089,2025-10-20,147,2025-10-29,2025-11-03,Delivered,3689317,147,SUP9736
O147,P6289,2025-10-04,486,2025-10-07,2025-10-07,Pending,1891081,243,SUP1457
O148,P508,2025-10-14,247,2025-10-17,2025-10-19,Pending,4530749,124,SUP2074
O149,P3723,2025-06-26,46,2025-07-04,2025-07-04,Pending,3482673,23,
O150,P68,2025-10-26,330,2025-11-04,2025-11-05,Pending,832043,165,SUP5033
O151,P4069,2025-09-16,312,2025-09-24,2025-09-26,Delivered,845600,312,SUP9129
O152,P9304,2025-07-28,215,2025-08-05,2025-08-05,Delivered,4250351,215,
O153,P3313,2026-01-14,141,2026-01-19,2026-01-21,Delayed,4176523,127,
O154,P9333,2026-01-08,433,2026-01-13,2026-01-16,Pending,63861,216,
O155,P2315,2025-07-13,471,2025-07-18,2025-07-18,Pending,827392,236,
O156,P1834,2025-07-20,436,2025-07-26,2025-07-29,Delayed,1249467,392,
O157,P9947,2025-06-28,69,2025-07-02,2025-07-05,Delayed,4513117,62,SUP6169
O158,P5513,2025-11-13,49,2025-11-17,2025-11-22,Pending,3583222,24,SUP9756
O159,P8440,2025-09-24,40,2025-10-03,2025-10-03,Delivered,1578752,40,SUP8986
O160,P2480,2026-01-05,144,2026-01-10,2026-01-12,Delivered,2140133,144,SUP8225
O161,P6944,2026-05-28,184,2026-06-07,2026-06-07,Pending,255160,92,SUP660
O162,P8702,2026-01-28,405,2026-02-06,2026-02-10,Delayed,1050872,364,SUP5143
O163,P2917,2025-06-23,153,2025-06-30,2025-07-05,Pending,2160245,76,
O164,P6226,2026-05-02,125,2026-05-08,2026-05-08,Delivered,2084617,125,SUP2854
O165,P8893,2025-08-29,255,2025-09-08,2025-09-11,Delivered,59685,255,
O166,P4704,2025-12-02,360,2025-12-06,2025-12-10,Pending,1711789,180,
O167,P4688,2026-04-20,241,2026-04-25,2026-04-28,Pending,1704924,120,
O168,P956,2026-05-12,489,2026-05-15,2026-05-16,Delayed,4154706,440,
O169,P1914,2025-10-24,427,2025-11-01,2025-11-06,Delivered,1476938,427,SUP2556
O170,P6613,2026-01-09,382,2026-01-12,2026-01-16,Pending,2433400,191,SUP4975
O171,P4025,2025-06-26,325,2025-07-06,2025-07-08,Delivered,119173,325,
O172,P7213,2025-09-12,221,2025-09-18,2025-09-21,Pending,3254062,110,SUP1034
O173,P2208,2026-01-11,143,2026-01-20,2026-01-20,Delayed,1887683,129,SUP8583
O174,P9052,2025-06-20,113,2025-06-24,2025-06-26,Delayed,4562374,102,SUP8004
O175,P3943,2026-05-20,324,2026-05-25,2026-05-30,Pending,550917,162,
O176,P9133,2026-02-14,108,2026-02-21,2026-02-24,Pending,2860319,54,SUP2986
O177,P571,2025-06-11,410,2025-06-16,2025-06-19,Pending,3280201,205,
O178,P9081,2025-08-04,362,2025-08-13,2025-08-14,Delayed,3364903,326,SUP7284
O179,P2095,2025-12-04,394,2025-12-13,2025-12-14,Pending,1569774,197,SUP6838
O180,P4205,2025-07-24,58,2025-08-01,2025-08-02,Pending,1701378,29,
O181,P6463,2025-09-03,144,2025-09-09,2025-09-09,Delayed,741688,130,
O182,P7441,2025-06-30,268,2025-07-09,2025-07-14,Pending,3747576,134,
O183,P9005,2026-01-05,57,2026-01-13,2026-01-14,Delivered,3582704,57,SUP490
O184,P3289,2026-01-31,303,2026-02-05,2026-02-08,Delayed,4192366,273,
O185,P2963,2026-04-01,59,2026-04-10,2026-04-12,Delayed,3302366,53,
O186,P3143,2025-06-03,395,2025-06-07,2025-06-07,Pending,3838336,198,SUP8499
O187,P3167,2026-05-07,275,2026-05-15,2026-05-20,Delayed,3904656,248,SUP2432
O188,P6137,2026-01-03,356,2026-01-11,2026-01-12,Pending,1098381,178,SUP9148
O189,P5462,2025-08-23,38,2025-08-28,2025-08-30,Delayed,1689420,34,
O190,P3737,2025-09-04,103,2025-09-07,2025-09-12,Pending,2405751,52,SUP1140
O191,P8947,2026-01-25,35,2026-02-02,2026-02-07,Pending,4408135,18,
O192,P1951,2025-07-02,446,2025-07-07,2025-07-09,Delayed,2890639,401,SUP7374
O193,P1019,2026-02-15,215,2026-02-23,2026-02-23,Delivered,2077881,215,SUP7990
O194,P1781,2025-11-13,112,2025-11-17,2025-11-18,Pending,3811187,56,
O195,P3652,2026-01-04,443,2026-01-11,2026-01-14,Pending,3385210,222,SUP2907
O196,P14,2026-04-29,383,2026-05-09,2026-05-09,Delayed,1000588,345,SUP1146
O197,P8907,2026-02-12,172,2026-02-15,2026-02-18,Delayed,190685,155,
O198,P3277,2025-07-13,64,2025-07-17,2025-07-19,Delivered,2977446,64,SUP4266
O199,P9275,2025-07-05,294,2025-07-09,2025-07-12,Delivered,4989665,294,SUP3044
O200,P8171,2026-01-18,186,2026-01-24,2026-01-28,Delivered,2730343,186,SUP8170
O201,P2245,2026-04-27,102,2026-05-04,2026-05-06,Delayed,1155123,92,SUP4217
O202,P6461,2025-06-28,101,2025-07-08,2025-07-08,Delivered,1144646,101,
O203,P1971,2026-04-11,108,2026-04-14,2026-04-19,Pending,1186965,54,SUP1892
O204,P7844,2025-07-27,133,2025-08-06,2025-08-11,Delayed,2475931,120,SUP1309
O205,P8495,2026-01-31,177,2026-02-03,2026-02-04,Pending,3718104,88,SUP8645
O206,P5040,2026-04-25,360,2026-04-28,2026-04-28,Pending,3589772,180,
O207,P7220,2025-06-06,329,2025-06-13,2025-06-15,Delivered,2633687,329,
O208,P2325,2026-03-19,67,2026-03-29,2026-04-03,Pending,110881,34,SUP2369
O209,P5778,2025-08-14,95,2025-08-24,2025-08-26,Pending,4136626,48,
O210,P5319,2026-01-16,408,2026-01-20,2026-01-25,Delivered,2672018,408,SUP5416
O211,P2009,2025-08-25,336,2025-08-29,2025-08-30,Delayed,3687224,302,
O212,P2644,2026-02-02,159,2026-02-10,2026-02-11,Pending,1389799,80,SUP10
O213,P4993,2026-02-28,301,2026-03-03,2026-03-05,Delayed,315199,271,
O214,P8633,2025-06-12,491,2025-06-21,2025-06-24,Delivered,596915,491,SUP3736
O215,P4415,2025-09-05,19,2025-09-11,2025-09-14,Delayed,2036557,17,SUP3426
O216,P6191,2025-10-27,262,2025-11-01,2025-11-04,Delayed,4968770,236,SUP9045
O217,P6377,2025-06-18,79,2025-06-27,2025-06-29,Pending,665135,40,SUP3013
O218,P3372,2026-02-08,105,2026-02-13,2026-02-14,Delivered,4991209,105,SUP6618
O219,P890,2025-05-28,109,2025-06-02,2025-06-04,Pending,2843641,54,SUP4015
O220,P4303,2025-07-27,128,2025-08-05,2025-08-10,Pending,92145,64,
O221,P4006,2025-12-25,320,2025-12-28,2026-01-02,Delivered,3967600,320,SUP9342
O222,P5677,2025-10-12,287,2025-10-15,2025-10-19,Pending,4090675,144,SUP442
O223,P6100,2025-06-24,382,2025-06-28,2025-07-03,Pending,3123539,191,SUP1049
O224,P5989,2026-01-11,52,2026-01-18,2026-01-18,Delivered,3472741,52,SUP4034
O225,P96,2026-03-10,268,2026-03-18,2026-03-19,Delayed,3373062,241,
O226,P8254,2025-10-13,133,2025-10-21,2025-10-22,Delivered,1641940,133,
O227,P3259,2025-10-17,472,2025-10-20,2025-10-24,Pending,918361,236,
O228,P7151,2025-06-02,34,2025-06-07,2025-06-08,Pending,1398663,17,SUP5618
O229,P8056,2026-05-22,409,2026-05-31,2026-05-31,Pending,4654206,204,
O230,P1594,2025-10-28,101,2025-11-05,2025-11-06,Pending,3779215,50,SUP8054
O231,P3759,2026-05-27,398,2026-06-04,2026-06-04,Delivered,4836626,398,SUP2814
O232,P2841,2025-10-17,182,2025-10-24,2025-10-25,Delayed,32176,164,SUP5275
O233,P2609,2026-04-12,412,2026-04-22,2026-04-26,Delivered,4959213,412,SUP4269
O234,P7190,2026-04-23,219,2026-05-03,2026-05-08,Delivered,2828180,219,SUP1887
O235,P1474,2025-07-27,421,2025-07-30,2025-07-30,Delivered,71214,421,SUP9723
O236,P9746,2026-03-28,169,2026-04-04,2026-04-09,Pending,566095,84,SUP1653
O237,P3029,2025-11-22,476,2025-11-29,2025-12-03,Delivered,624931,476,SUP5625
O238,P7725,2026-03-18,440,2026-03-28,2026-04-02,Pending,3171019,220,
O239,P9289,2026-01-05,94,2026-01-14,2026-01-18,Delivered,704713,94,SUP346
O240,P1530,2026-01-11,356,2026-01-21,2026-01-26,Pending,3281807,178,SUP2677
O241,P4147,2025-11-24,316,2025-11-30,2025-11-30,Delayed,1385135,284,SUP4559
O242,P9760,2025-12-27,450,2026-01-06,2026-01-09,Pending,4693042,225,
O243,P396,2026-01-19,178,2026-01-28,2026-02-01,Delivered,4814435,178,SUP3006
O244,P6005,2025-11-02,303,2025-11-12,2025-11-17,Delayed,3783764,273,SUP2665
O245,P4675,2026-01-25,187,2026-01-29,2026-01-29,Delivered,1012596,187,SUP8549
O246,P324,2025-10-12,469,2025-10-17,2025-10-17,Delayed,552447,422,SUP6377
O247,P6588,2025-12-21,348,2025-12-27,2025-12-28,Delivered,1519021,348,
O248,P7813,2026-02-11,243,2026-02-20,2026-02-22,Pending,4918085,122,
O249,P6273,2025-08-29,170,2025-09-06,2025-09-10,Delayed,1450327,153,
O250,P7683,2025-09-24,372,2025-09-30,2025-10-03,Delayed,1207564,335,SUP422
O251,P6840,2026-04-13,261,2026-04-20,2026-04-25,Delivered,1690651,261,SUP1015
O252,P8176,2026-01-04,324,2026-01-10,2026-01-11,Delivered,1016661,324,
O253,P9726,2026-04-02,141,2026-04-06,2026-04-11,Delivered,3841510,141,SUP3763
O254,P1518,2026-03-22,218,2026-03-26,2026-03-28,Delayed,1776950,196,SUP2058
O255,P2719,2026-05-18,80,2026-05-22,2026-05-25,Pending,1419181,40,SUP2544
O256,P4369,2026-02-07,204,2026-02-11,2026-02-13,Pending,2900966,102,
O257,P662,2025-12-13,223,2025-12-23,2025-12-26,Delayed,2673478,201,SUP6438
O258,P1184,2025-12-10,85,2025-12-14,2025-12-18,Pending,3965883,42,SUP6378
O259,P1440,2026-01-11,58,2026-01-16,2026-01-16,Delayed,859820,52,SUP3479
O260,P2202,2026-05-25,142,2026-06-01,2026-06-05,Pending,2607474,71,
O261,P9253,2025-10-12,48,2025-10-20,2025-10-23,Delayed,150228,43,SUP5643
O262,P6243,2025-07-17,126,2025-07-27,2025-08-01,Delayed,3961075,113,
O263,P2147,2025-12-25,113,2025-12-31,2026-01-02,Delayed,85073,102,SUP2462
O264,P5823,2026-03-09,421,2026-03-16,2026-03-21,Delivered,4900347,421,SUP4443
O265,P7162,2025-10-02,104,2025-10-05,2025-10-08,Delayed,3105289,94,
O266,P7545,2025-09-14,104,2025-09-17,2025-09-22,Delayed,1674063,94,SUP2561
O267,P6647,2025-06-19,362,2025-06-27,2025-06-30,Delayed,1954577,326,SUP5000
O268,P5739,2026-04-23,100,2026-05-01,2026-05-02,Delayed,3564764,90,SUP2448
O269,P3441,2026-03-16,404,2026-03-23,2026-03-26,Delivered,4008225,404,SUP4694
O270,P1046,2025-08-03,91,2025-08-06,2025-08-09,Delivered,2052682,91,
O271,P4275,2026-03-11,80,2026-03-21,2026-03-25,Delayed,2774275,72,
O272,P2058,2025-12-08,107,2025-12-13,2025-12-13,Pending,2400881,54,SUP1933
O273,P5449,2025-07-01,213,2025-07-04,2025-07-09,Delayed,3509569,192,SUP7955
O274,P4426,2026-01-27,335,2026-02-03,2026-02-06,Delayed,1274710,302,
O275,P436,2026-04-11,495,2026-04-17,2026-04-20,Delivered,652240,495,SUP744
O276,P3112,2026-01-02,96,2026-01-12,2026-01-15,Delayed,1318586,86,SUP7330
O277,P3129,2025-08-17,170,2025-08-20,2025-08-23,Delivered,4008036,170,
O278,P1688,2025-11-16,435,2025-11-20,2025-11-23,Pending,3065318,218,
O279,P6340,2025-12-07,188,2025-12-14,2025-12-14,Delayed,2604535,169,SUP4946
O280,P9168,2025-09-26,173,2025-10-01,2025-10-01,Delivered,2505125,173,SUP1922
O281,P4858,2026-04-20,484,2026-04-25,2026-04-25,Delayed,3803564,436,SUP808
O282,P9072,2026-01-28,31,2026-02-06,2026-02-09,Delivered,4029707,31,SUP2104
O283,P3903,2025-09-17,118,2025-09-20,2025-09-25,Pending,4907262,59,SUP7244
O284,P9074,2026-05-23,245,2026-06-02,2026-06-04,Pending,2816448,122,SUP5724
O285,P630,2025-09-27,176,2025-10-06,2025-10-11,Delivered,4920590,176,SUP140
O286,P8138,2026-05-18,418,2026-05-23,2026-05-24,Pending,1867902,209,
O287,P8960,2025-12-16,262,2025-12-26,2025-12-30,Pending,380643,131,
O288,P9437,2026-04-02,176,2026-04-05,2026-04-08,Delayed,2865128,158,SUP2090
O289,P5598,2025-09-21,373,2025-09-24,2025-09-26,Delivered,113472,373,
O290,P8721,2026-04-23,176,2026-05-02,2026-05-05,Delivered,803206,176,SUP2218
O291,P827,2026-01-31,306,2026-02-04,2026-02-06,Pending,66217,153,SUP8555
O292,P6676,2025-08-22,140,2025-08-29,2025-09-01,Delayed,1117019,126,SUP234
O293,P1659,2026-02-04,45,2026-02-10,2026-02-13,Delivered,4603777,45,
O294,P7493,2025-10-01,175,2025-10-04,2025-10-05,Pending,2494231,88,SUP1395
O295,P575,2026-03-18,451,2026-03-24,2026-03-27,Delivered,40254,451,SUP7271
O296,P2501,2025-09-12,478,2025-09-22,2025-09-27,Delayed,2573743,430,SUP4401
O297,P9487,2026-04-09,471,2026-04-14,2026-04-16,Delivered,1110665,471,
O298,P2613,2026-01-19,45,2026-01-29,2026-02-01,Pending,1256853,22,SUP4097
O299,P8831,2026-05-16,374,2026-05-25,2026-05-30,Pending,1755911,187,SUP8342
O300,P678,2026-03-10,49,2026-03-18,2026-03-19,Pending,3489424,24,
O301,P7118,2025-10-27,396,2025-11-03,2025-11-08,Delayed,2965610,356,SUP243
O302,P1238,2026-01-20,195,2026-01-26,2026-01-26,Delayed,282234,176,SUP1268
O303,P6526,2025-08-20,385,2025-08-27,2025-08-29,Delayed,3194487,346,SUP7834
O304,P3583,2026-02-16,259,2026-02-26,2026-03-03,Delayed,4926087,233,SUP7048
O305,P7418,2025-06-18,17,2025-06-24,2025-06-26,Delivered,1800516,17,SUP3794
O306,P3264,2026-03-19,86,2026-03-27,2026-04-01,Delayed,2226417,77,
O307,P9091,2025-06-20,262,2025-06-26,2025-06-30,Delivered,3159202,262,SUP4006
O308,P6035,2026-03-28,317,2026-03-31,2026-04-01,Delayed,4874529,285,SUP4804
O309,P2781,2025-11-12,145,2025-11-20,2025-11-24,Delayed,1969390,130,SUP4639
O310,P3499,2026-04-28,412,2026-05-04,2026-05-09,Delayed,469048,371,
O311,P1540,2025-12-30,466,2026-01-07,2026-01-09,Delivered,2110280,466,SUP8917
O312,P1866,2025-08-23,123,2025-09-02,2025-09-07,Delivered,2798265,123,SUP7648
O313,P8118,2026-02-15,353,2026-02-24,2026-02-27,Pending,1970384,176,
O314,P7119,2025-12-30,355,2026-01-06,2026-01-08,Delivered,2036837,355,SUP1936
O315,P2063,2026-01-21,356,2026-01-25,2026-01-28,Pending,2998186,178,SUP8896
O316,P6878,2025-11-23,471,2025-12-03,2025-12-04,Delivered,2653741,471,SUP1214
O317,P865,2026-01-21,393,2026-01-26,2026-01-28,Pending,2128909,196,
O318,P2226,2026-01-08,389,2026-01-18,2026-01-18,Pending,4598153,194,SUP911
O319,P5812,2025-07-31,431,2025-08-10,2025-08-11,Delayed,3650725,388,SUP7317
O320,P1443,2026-03-23,256,2026-03-26,2026-03-29,Delivered,3346845,256,SUP8296
O321,P8744,2026-03-26,137,2026-04-02,2026-04-03,Delivered,4262301,137,
O322,P235,2025-08-11,284,2025-08-20,2025-08-22,Pending,2194924,142,
O323,P375,2026-01-04,325,2026-01-07,2026-01-10,Delayed,1380916,292,SUP5293
O324,P6706,2026-02-01,497,2026-02-06,2026-02-07,Pending,1334929,248,
O325,P3110,2025-08-26,317,2025-09-03,2025-09-05,Delivered,1970014,317,SUP1765
O326,P1182,2025-07-22,385,2025-07-27,2025-07-31,Delivered,3979302,385,SUP741
O327,P9263,2025-07-17,290,2025-07-21,2025-07-21,Pending,4102518,145,
O328,P9250,2025-05-30,164,2025-06-08,2025-06-10,Delivered,4063813,164,SUP225
O329,P9731,2026-02-16,231,2026-02-26,2026-02-28,Pending,3069219,116,
O330,P2739,2025-06-09,239,2025-06-19,2025-06-21,Delivered,3652223,239,SUP561
O331,P3292,2026-05-05,390,2026-05-15,2026-05-16,Pending,4896032,195,SUP9056
O332,P3179,2026-01-28,81,2026-02-07,2026-02-07,Delayed,2243306,73,SUP1544
O333,P2900,2025-12-30,116,2026-01-09,2026-01-11,Delayed,1231762,104,SUP5610
O334,P9171,2025-08-07,122,2025-08-13,2025-08-15,Delayed,271682,110,SUP6703
O335,P8557,2026-02-22,427,2026-02-27,2026-02-27,Delayed,247208,384,SUP3965
O336,P2264,2025-12-15,122,2025-12-21,2025-12-23,Delayed,743441,110,SUP1419
O337,P278,2025-09-10,371,2025-09-15,2025-09-15,Pending,1628942,186,SUP1012
O338,P4599,2025-09-28,463,2025-10-07,2025-10-12,Pending,897743,232,SUP7967
O339,P4172,2025-09-21,469,2025-09-25,2025-09-26,Pending,2189662,234,
O340,P5310,2025-10-29,17,2025-11-03,2025-11-05,Delivered,981215,17,SUP5319
O341,P5370,2025-09-17,349,2025-09-27,2025-09-28,Delayed,1639431,314,
O342,P5829,2025-09-14,194,2025-09-17,2025-09-21,Pending,1162711,97,SUP2133
O343,P4064,2026-03-25,353,2026-04-01,2026-04-03,Delayed,4888509,318,
O344,P6253,2025-12-31,220,2026-01-03,2026-01-05,Pending,2742105,110,SUP4680
O345,P4852,2025-09-18,262,2025-09-27,2025-09-29,Delivered,1827811,262,SUP6584
O346,P3557,2025-09-02,298,2025-09-05,2025-09-08,Delayed,1543029,268,SUP2307
O347,P3554,2026-01-22,375,2026-01-31,2026-02-05,Delayed,4973241,338,
O348,P5304,2026-03-27,432,2026-04-04,2026-04-05,Pending,4688022,216,
O349,P4703,2025-07-15,249,2025-07-22,2025-07-23,Pending,1294109,124,SUP2290
O350,P5872,2025-08-01,313,2025-08-11,2025-08-13,Pending,2336975,156,
O351,P7901,2026-01-13,104,2026-01-21,2026-01-21,Delayed,4500999,94,SUP2841
O352,P5399,2025-07-15,266,2025-07-23,2025-07-28,Delivered,621143,266,
O353,P32,2025-10-08,425,2025-10-13,2025-10-15,Delivered,2112745,425,SUP4223
O354,P6149,2026-03-03,210,2026-03-06,2026-03-09,Pending,2254184,105,
O355,P1080,2026-01-23,422,2026-01-29,2026-01-31,Pending,4988376,211,SUP8776
O356,P5625,2026-01-17,285,2026-01-25,2026-01-25,Delayed,623299,256,SUP554
O357,P1433,2025-08-16,448,2025-08-24,2025-08-27,Pending,3921469,224,SUP3796
O358,P2218,2025-08-06,427,2025-08-16,2025-08-16,Delivered,2285036,427,SUP6884
O359,P7393,2025-07-21,243,2025-07-28,2025-08-02,Delivered,1733877,243,SUP5810
O360,P4283,2025-09-01,188,2025-09-09,2025-09-13,Delivered,4054742,188,
O361,P2636,2026-05-01,437,2026-05-11,2026-05-13,Pending,4615012,218,
O362,P3389,2026-02-19,41,2026-02-22,2026-02-23,Pending,91580,20,SUP3275
O363,P3558,2025-08-08,470,2025-08-18,2025-08-23,Delayed,3065112,423,SUP4407
O364,P8538,2025-09-25,222,2025-10-05,2025-10-08,Delivered,1337085,222,SUP218
O365,P7770,2025-07-25,429,2025-07-30,2025-08-03,Pending,912118,214,SUP2338
O366,P4426,2025-07-01,229,2025-07-04,2025-07-09,Pending,3677631,114,
O367,P4143,2025-07-12,460,2025-07-16,2025-07-17,Delivered,4994076,460,SUP7144
O368,P3299,2026-05-19,32,2026-05-24,2026-05-28,Delivered,2774762,32,SUP3592
O369,P3424,2025-09-23,125,2025-10-01,2025-10-02,Delayed,3495265,112,SUP3277
O370,P9208,2025-07-15,105,2025-07-20,2025-07-25,Delivered,3067516,105,
O371,P9985,2026-05-17,141,2026-05-20,2026-05-20,Delivered,3295611,141,SUP641
O372,P6110,2025-07-02,428,2025-07-05,2025-07-10,Pending,4657316,214,SUP1185
O373,P3858,2025-07-04,108,2025-07-12,2025-07-13,Delayed,1575434,97,
O374,P2223,2026-03-12,438,2026-03-21,2026-03-22,Pending,1089549,219,SUP9701
O375,P3621,2026-04-28,245,2026-05-06,2026-05-09,Pending,2515412,122,SUP9548
O376,P6001,2026-05-06,384,2026-05-09,2026-05-11,Pending,1193420,192,SUP7683
O377,P4079,2026-02-24,325,2026-03-05,2026-03-07,Delivered,3578865,325,SUP6635
O378,P9900,2025-10-10,149,2025-10-17,2025-10-20,Pending,293350,74,SUP683
O379,P4298,2026-01-11,327,2026-01-20,2026-01-25,Pending,4973994,164,SUP9132
O380,P45,2026-04-23,30,2026-04-27,2026-04-28,Delivered,442097,30,SUP3637
O381,P3343,2026-04-29,356,2026-05-09,2026-05-12,Delayed,538117,320,SUP1864
O382,P5193,2025-07-12,430,2025-07-21,2025-07-25,Delivered,3421699,430,SUP5254
O383,P7706,2026-01-23,482,2026-01-27,2026-01-30,Delivered,4341871,482,SUP9619
O384,P3300,2026-03-08,471,2026-03-13,2026-03-13,Delayed,4304778,424,
O385,P8653,2026-05-07,149,2026-05-12,2026-05-16,Pending,3563406,74,SUP1007
O386,P2635,2026-04-29,209,2026-05-02,2026-05-06,Pending,4512788,104,SUP3576
O387,P9490,2025-08-04,142,2025-08-14,2025-08-15,Delivered,3779217,142,SUP1476
O388,P4602,2025-06-06,66,2025-06-15,2025-06-19,Delivered,43647,66,
O389,P1086,2025-11-14,34,2025-11-19,2025-11-20,Pending,4897868,17,
O390,P4761,2026-04-12,193,2026-04-20,2026-04-24,Pending,3094025,96,SUP733
O391,P4984,2026-01-30,331,2026-02-07,2026-02-11,Pending,2701151,166,
O392,P4104,2025-09-04,271,2025-09-09,2025-09-11,Delayed,478936,244,SUP9368
O393,P9370,2026-04-01,108,2026-04-11,2026-04-11,Delivered,581743,108,
O394,P7725,2026-04-06,274,2026-04-11,2026-04-15,Pending,4376251,137,
O395,P9980,2025-09-30,364,2025-10-05,2025-10-09,Pending,598836,182,SUP8327
O396,P2843,2026-01-15,87,2026-01-21,2026-01-25,Delivered,2172653,87,SUP4769
O397,P847,2026-02-06,239,2026-02-15,2026-02-18,Delivered,4649876,239,SUP2152
O398,P8593,2026-05-07,18,2026-05-11,2026-05-12,Delayed,2817180,16,SUP7214
O399,P6204,2026-03-22,248,2026-03-26,2026-03-28,Pending,2521576,124,SUP2203
O400,P2796,2026-05-27,233,2026-06-04,2026-06-04,Pending,4789417,116,
O401,P2883,2025-11-14,463,2025-11-23,2025-11-23,Delayed,4048993,417,SUP2375
O402,P7823,2025-09-12,250,2025-09-17,2025-09-18,Delayed,2478959,225,SUP838
O403,P990,2026-05-28,70,2026-06-01,2026-06-04,Delayed,2573588,63,
O404,P543,2026-04-26,268,2026-05-06,2026-05-10,Delayed,943593,241,
O405,P7249,2025-08-13,403,2025-08-20,2025-08-24,Pending,1070594,202,SUP4873
O406,P7090,2025-07-25,69,2025-07-28,2025-07-30,Delivered,3369191,69,
O407,P3264,2025-10-06,189,2025-10-11,2025-10-15,Delayed,4279145,170,
O408,P4155,2025-11-02,104,2025-11-09,2025-11-09,Pending,4122809,52,SUP1452
O409,P9429,2026-04-19,203,2026-04-27,2026-04-30,Delivered,437619,203,SUP1059
O410,P5060,2026-01-16,235,2026-01-19,2026-01-21,Pending,1325938,118,
O411,P709,2025-07-21,93,2025-07-30,2025-08-02,Delivered,3167527,93,
O412,P9208,2025-05-29,189,2025-06-01,2025-06-06,Delivered,3306586,189,
O413,P549,2025-10-07,412,2025-10-13,2025-10-18,Pending,3252758,206,
O414,P9058,2025-06-19,262,2025-06-23,2025-06-25,Delayed,151556,236,SUP2187
O415,P5714,2025-08-27,175,2025-09-04,2025-09-05,Delayed,3511704,158,SUP7381
O416,P6717,2025-08-05,286,2025-08-12,2025-08-17,Delayed,3639869,257,SUP7442
O417,P2992,2026-03-03,344,2026-03-12,2026-03-15,Pending,1273134,172,
O418,P3218,2025-11-09,434,2025-11-16,2025-11-16,Delayed,4193711,391,
O419,P3404,2025-11-15,221,2025-11-19,2025-11-24,Pending,1923938,110,
O420,P6086,2026-04-30,307,2026-05-07,2026-05-07,Delivered,3135951,307,
O421,P1008,2026-04-09,369,2026-04-14,2026-04-19,Delayed,2789137,332,
O422,P8103,2026-01-21,465,2026-01-30,2026-02-03,Delayed,3219392,418,SUP5003
O423,P3763,2025-09-03,318,2025-09-08,2025-09-11,Delayed,4056294,286,
O424,P9348,2025-09-14,177,2025-09-23,2025-09-25,Delivered,2503450,177,
O425,P6785,2025-11-03,248,2025-11-11,2025-11-15,Delayed,1045017,223,
O426,P9071,2025-07-08,210,2025-07-13,2025-07-18,Pending,3701783,105,SUP1782
O427,P1983,2025-08-21,451,2025-08-30,2025-09-04,Delayed,2847169,406,
O428,P974,2026-01-23,266,2026-02-01,2026-02-02,Delayed,1929764,239,SUP54
O429,P9304,2026-03-13,158,2026-03-23,2026-03-24,Pending,1664709,79,
O430,P4879,2025-06-22,122,2025-07-01,2025-07-06,Delivered,4634808,122,SUP1934
O431,P9955,2025-11-30,247,2025-12-10,2025-12-13,Delayed,4251046,222,SUP6449
O432,P6736,2026-04-09,368,2026-04-14,2026-04-16,Delayed,2046896,331,SUP9740
O433,P4334,2025-06-21,136,2025-06-28,2025-07-02,Delivered,4356914,136,SUP1385
O434,P5840,2025-09-02,299,2025-09-08,2025-09-08,Delivered,4978646,299,SUP3103
O435,P43,2026-01-29,126,2026-02-05,2026-02-10,Pending,2494984,63,SUP4362
O436,P7049,2026-04-08,482,2026-04-11,2026-04-15,Delayed,4144095,434,
O437,P7150,2025-06-17,70,2025-06-25,2025-06-26,Delayed,4779046,63,SUP9977
O438,P3973,2026-05-24,233,2026-06-03,2026-06-08,Delivered,4187224,233,SUP6820
O439,P7737,2025-11-11,337,2025-11-14,2025-11-14,Delayed,2681209,303,
O440,P8804,2025-07-03,101,2025-07-06,2025-07-07,Delayed,3774641,91,
O441,P8658,2025-06-05,125,2025-06-15,2025-06-19,Pending,616638,62,SUP1160
O442,P9449,2025-06-09,310,2025-06-12,2025-06-13,Delayed,1218030,279,SUP9855
O443,P5773,2025-06-30,211,2025-07-08,2025-07-08,Delivered,752103,211,
O444,P1120,2026-03-07,429,2026-03-11,2026-03-14,Delivered,3735368,429,
O445,P8650,2025-12-12,345,2025-12-16,2025-12-18,Delayed,1680257,310,
O446,P928,2025-12-14,407,2025-12-23,2025-12-28,Delivered,3903017,407,
O447,P6400,2026-03-04,139,2026-03-09,2026-03-10,Delayed,2213501,125,SUP4722
O448,P4547,2025-12-16,347,2025-12-25,2025-12-27,Delivered,4350520,347,SUP3088
O449,P3378,2025-08-31,60,2025-09-04,2025-09-09,Pending,2596515,30,SUP3531
O450,P1430,2026-02-15,39,2026-02-25,2026-02-28,Pending,2208293,20,
O451,P9331,2025-09-17,121,2025-09-26,2025-09-29,Delivered,1845816,121,SUP6241
O452,P9402,2025-09-05,27,2025-09-14,2025-09-16,Delayed,2945667,24,SUP55
O453,P8610,2025-10-20,10,2025-10-27,2025-10-28,Pending,4333487,5,
O454,P3302,2025-12-13,277,2025-12-22,2025-12-25,Delayed,2841700,249,SUP4671
O455,P341,2026-02-05,87,2026-02-15,2026-02-19,Pending,4088044,44,SUP7427
O456,P7577,2025-07-13,357,2025-07-19,2025-07-24,Delayed,1759520,321,
O457,P9053,2026-02-24,384,2026-03-03,2026-03-04,Pending,2312535,192,SUP4879
O458,P5244,2025-07-02,433,2025-07-06,2025-07-06,Delayed,1755343,390,SUP9207
O459,P4888,2025-12-05,410,2025-12-11,2025-12-11,Pending,1847601,205,SUP2241
O460,P4021,2025-07-16,388,2025-07-20,2025-07-25,Delayed,4333269,349,SUP4780
O461,P8563,2025-07-10,314,2025-07-20,2025-07-25,Pending,3655075,157,SUP1434
O462,P4651,2026-03-11,99,2026-03-14,2026-03-19,Delayed,3532381,89,
O463,P3607,2025-05-29,122,2025-06-08,2025-06-10,Delivered,563960,122,SUP848
O464,P3834,2025-06-27,466,2025-07-05,2025-07-09,Pending,314256,233,SUP7015
O465,P689,2025-11-03,393,2025-11-09,2025-11-12,Delivered,985891,393,
O466,P7344,2025-06-12,13,2025-06-20,2025-06-24,Pending,86754,6,
O467,P6386,2026-03-11,315,2026-03-20,2026-03-21,Delayed,3295961,284,SUP7975
O468,P7591,2025-11-26,119,2025-11-29,2025-11-29,Delivered,801192,119,
O469,P4702,2025-09-21,283,2025-09-26,2025-09-26,Pending,3636801,142,SUP4214
O470,P9712,2026-05-13,249,2026-05-22,2026-05-22,Delayed,820472,224,SUP469
O471,P3617,2026-04-24,477,2026-04-30,2026-05-02,Pending,618807,238,SUP7559
O472,P8266,2025-08-19,481,2025-08-27,2025-08-29,Pending,3256926,240,SUP220
O473,P2490,2025-07-26,487,2025-08-04,2025-08-07,Delivered,470489,487,SUP3201
O474,P9571,2026-02-28,66,2026-03-08,2026-03-10,Delayed,1193657,59,SUP4360
O475,P5364,2026-01-16,283,2026-01-26,2026-01-29,Delivered,2475286,283,
O476,P5456,2025-11-13,73,2025-11-22,2025-11-24,Delivered,1585818,73,
O477,P1386,2025-11-25,237,2025-12-01,2025-12-02,Pending,2907414,118,SUP5404
O478,P2022,2026-05-24,423,2026-06-03,2026-06-07,Delayed,628763,381,SUP8728
O479,P3559,2025-07-01,184,2025-07-07,2025-07-10,Delayed,3781847,166,
O480,P2115,2026-04-01,488,2026-04-06,2026-04-06,Pending,2831892,244,SUP1218
O481,P5311,2025-07-13,475,2025-07-21,2025-07-21,Pending,3515551,238,
O482,P7702,2025-10-24,414,2025-10-31,2025-11-02,Pending,937135,207,
O483,P4666,2026-02-01,201,2026-02-10,2026-02-11,Delayed,4420210,181,SUP4226
O484,P3750,2026-05-12,340,2026-05-17,2026-05-21,Pending,2531470,170,
O485,P9226,2026-02-04,274,2026-02-14,2026-02-14,Delayed,1532837,247,
O486,P6320,2025-05-28,315,2025-05-31,2025-06-04,Pending,1080326,158,
O487,P8163,2025-10-05,243,2025-10-15,2025-10-20,Delayed,4930891,219,
O488,P4619,2026-03-23,394,2026-04-01,2026-04-04,Pending,3177637,197,SUP4026
O489,P5442,2026-02-16,401,2026-02-20,2026-02-23,Pending,2507139,200,SUP7788
O490,P2453,2026-01-15,159,2026-01-20,2026-01-21,Delivered,3529875,159,SUP2229
O491,P931,2026-01-15,307,2026-01-21,2026-01-22,Delivered,2792764,307,SUP383
O492,P2178,2026-04-05,466,2026-04-13,2026-04-16,Delivered,874333,466,
O493,P1190,2025-11-08,65,2025-11-13,2025-11-18,Pending,240689,32,
O494,P8688,2026-05-06,263,2026-05-11,2026-05-13,Delayed,3639186,237,SUP205
O495,P9406,2026-02-14,114,2026-02-21,2026-02-24,Pending,4439703,57,
O496,P5976,2025-11-04,278,2025-11-08,2025-11-09,Delayed,4367572,250,
O497,P7021,2025-09-25,189,2025-10-04,2025-10-07,Pending,3381787,94,
O498,P446,2025-12-27,477,2026-01-04,2026-01-06,Delivered,1833108,477,SUP2629
O499,P1267,2025-10-28,372,2025-11-02,2025-11-03,Pending,4688405,186,SUP295
O500,P2133,2026-03-24,480,2026-04-01,2026-04-04,Delivered,3732446,480,
O501,P584,2026-04-22,438,2026-04-28,2026-05-03,Delivered,2649404,438,SUP6388
O502,P5698,2026-01-31,136,2026-02-03,2026-02-08,Delayed,2359918,122,SUP1787
O503,P8465,2025-12-16,219,2025-12-24,2025-12-29,Pending,2893946,110,SUP6797
O504,P3846,2026-03-29,282,2026-04-04,2026-04-08,Delivered,3633699,282,SUP1939
O505,P5021,2026-01-02,418,2026-01-07,2026-01-09,Delayed,2964018,376,SUP7698
O506,P8420,2025-08-11,384,2025-08-16,2025-08-16,Delayed,347068,346,
O507,P6737,2025-08-25,186,2025-08-28,2025-08-28,Delayed,2310148,167,
O508,P9351,2025-06-23,223,2025-06-30,2025-07-05,Delivered,3372506,223,SUP3363
O509,P9976,2025-09-11,137,2025-09-14,2025-09-15,Delivered,2441113,137,SUP7663
O510,P8514,2025-11-06,361,2025-11-10,2025-11-14,Delivered,4298881,361,SUP3873
O511,P6487,2026-04-01,333,2026-04-04,2026-04-04,Delayed,1356230,300,SUP8884
O512,P7742,2025-07-13,39,2025-07-16,2025-07-19,Pending,3139861,20,
O513,P8226,2025-10-07,442,2025-10-16,2025-10-18,Delayed,35312,398,SUP162
O514,P7423,2025-10-27,43,2025-11-03,2025-11-05,Delivered,2980316,43,SUP13
O515,P8101,2025-09-28,460,2025-10-04,2025-10-06,Delivered,3959724,460,SUP1966
O516,P3178,2026-03-12,483,2026-03-20,2026-03-20,Pending,2449448,242,SUP4666
O517,P5044,2026-02-12,466,2026-02-19,2026-02-24,Pending,3375761,233,SUP5761
O518,P6685,2025-12-09,411,2025-12-13,2025-12-13,Delayed,1827922,370,SUP9054
O519,P6133,2025-08-16,233,2025-08-25,2025-08-25,Delayed,77438,210,
O520,P1009,2026-02-03,407,2026-02-10,2026-02-14,Pending,2478578,204,SUP621
O521,P3122,2026-02-05,20,2026-02-09,2026-02-13,Pending,809615,10,SUP212
O522,P7218,2025-09-30,184,2025-10-05,2025-10-05,Pending,1133857,92,
O523,P6593,2025-11-12,71,2025-11-17,2025-11-19,Delivered,2471558,71,SUP7197
O524,P4733,2025-08-14,30,2025-08-20,2025-08-23,Delayed,4173953,27,SUP3155
O525,P9789,2025-08-02,27,2025-08-10,2025-08-13,Pending,1100200,14,SUP7536
O526,P5304,2026-05-01,68,2026-05-09,2026-05-09,Delayed,1694138,61,
O527,P2742,2025-10-19,104,2025-10-29,2025-11-01,Delayed,934318,94,SUP2168
O528,P9007,2025-12-01,134,2025-12-08,2025-12-08,Delayed,283841,121,SUP3524
O529,P6784,2025-12-26,217,2025-12-31,2026-01-01,Delivered,2912886,217,SUP9930
O530,P2973,2026-03-01,405,2026-03-07,2026-03-11,Delivered,1446441,405,SUP6721
O531,P5,2025-08-22,231,2025-08-28,2025-08-29,Pending,2173548,116,SUP9014
O532,P3559,2025-09-18,372,2025-09-21,2025-09-21,Pending,3383107,186,
O533,P2530,2025-09-19,182,2025-09-24,2025-09-25,Delivered,809510,182,SUP5330
O534,P9755,2025-07-30,269,2025-08-05,2025-08-07,Pending,383339,134,SUP767
O535,P1945,2025-10-28,107,2025-11-03,2025-11-04,Delivered,3627450,107,SUP3397
O536,P9887,2026-02-21,70,2026-03-03,2026-03-08,Delayed,4448812,63,SUP2797
O537,P6853,2026-03-01,379,2026-03-04,2026-03-05,Delayed,4481297,341,
O538,P3763,2025-09-04,419,2025-09-13,2025-09-18,Pending,1889717,210,
O539,P7446,2025-09-28,276,2025-10-02,2025-10-07,Delayed,1083725,248,SUP5152
O540,P8393,2025-10-06,398,2025-10-15,2025-10-18,Delivered,2544200,398,SUP3299
O541,P1104,2026-04-08,342,2026-04-18,2026-04-20,Delivered,77725,342,SUP8198
O542,P8265,2025-09-29,311,2025-10-04,2025-10-05,Delivered,284209,311,SUP676
O543,P9218,2025-07-31,386,2025-08-07,2025-08-12,Delivered,2761628,386,SUP2837
O544,P5686,2026-03-13,304,2026-03-21,2026-03-22,Delivered,4405963,304,
O545,P9430,2025-10-15,446,2025-10-18,2025-10-18,Delayed,3421896,401,SUP3996
O546,P7612,2025-08-21,62,2025-08-26,2025-08-28,Delivered,4259403,62,SUP1097
O547,P9422,2025-10-17,200,2025-10-25,2025-10-26,Pending,3051992,100,SUP7350
O548,P1082,2025-11-18,268,2025-11-24,2025-11-25,Delayed,2497650,241,SUP4868
O549,P7463,2025-09-19,264,2025-09-25,2025-09-30,Delayed,447002,238,SUP8605
O550,P5419,2025-08-04,100,2025-08-14,2025-08-14,Delayed,4258501,90,
O551,P9896,2025-08-04,150,2025-08-14,2025-08-16,Delivered,4144875,150,
O552,P2747,2025-07-24,439,2025-07-31,2025-08-01,Delayed,479123,395,SUP6605
O553,P5021,2025-10-13,494,2025-10-18,2025-10-20,Delivered,4434435,494,SUP7698
O554,P980,2026-05-23,14,2026-06-01,2026-06-01,Pending,1058144,7,
O555,P6790,2025-09-26,102,2025-09-29,2025-09-29,Pending,1773142,51,
O556,P8209,2025-10-05,25,2025-10-10,2025-10-11,Delayed,2203484,22,SUP1877
O557,P3734,2025-09-11,234,2025-09-19,2025-09-24,Delivered,3656803,234,
O558,P1437,2025-12-09,256,2025-12-18,2025-12-18,Delayed,1656159,230,SUP1020
O559,P4626,2026-05-02,186,2026-05-08,2026-05-10,Pending,342441,93,SUP5217
O560,P5330,2026-01-06,112,2026-01-09,2026-01-11,Delivered,2153951,112,
O561,P6654,2026-02-17,117,2026-02-27,2026-02-28,Pending,3981922,58,
O562,P4997,2026-03-02,341,2026-03-06,2026-03-10,Pending,4161341,170,SUP3809
O563,P6454,2025-07-03,130,2025-07-09,2025-07-12,Delivered,133621,130,SUP6472
O564,P4751,2025-11-30,101,2025-12-05,2025-12-06,Pending,1408515,50,
O565,P6062,2026-05-01,133,2026-05-04,2026-05-04,Pending,1729668,66,SUP2913
O566,P6173,2026-04-21,497,2026-04-27,2026-05-02,Delayed,1153289,447,
O567,P5691,2026-03-03,151,2026-03-12,2026-03-15,Pending,3941823,76,SUP1687
O568,P1691,2026-05-27,57,2026-06-04,2026-06-08,Pending,2210937,28,
O569,P4304,2025-07-05,394,2025-07-15,2025-07-20,Delayed,3697121,355,
O570,P2517,2025-07-12,251,2025-07-20,2025-07-22,Delayed,2668687,226,SUP1641
O571,P3666,2026-01-20,160,2026-01-30,2026-02-02,Delivered,2032493,160,
O572,P3884,2026-01-21,172,2026-01-31,2026-02-03,Delivered,111453,172,SUP152
O573,P6251,2026-02-27,381,2026-03-06,2026-03-06,Delivered,1677480,381,
O574,P9435,2025-12-01,320,2025-12-04,2025-12-06,Delivered,3044385,320,
O575,P6602,2026-01-20,243,2026-01-28,2026-02-02,Pending,3892451,122,SUP2302
O576,P3803,2025-08-09,377,2025-08-17,2025-08-18,Delayed,202651,339,
O577,P6077,2025-10-10,491,2025-10-17,2025-10-22,Delayed,4825288,442,SUP7224
O578,P7073,2025-10-08,89,2025-10-11,2025-10-11,Delayed,3750775,80,
O579,P7424,2025-11-30,367,2025-12-06,2025-12-10,Delivered,4439099,367,SUP6042
O580,P3638,2026-01-15,248,2026-01-20,2026-01-21,Pending,1604335,124,SUP4101
O581,P8140,2025-12-29,149,2026-01-05,2026-01-07,Pending,933256,74,SUP7932
O582,P2325,2025-06-17,329,2025-06-24,2025-06-28,Pending,1458749,164,SUP2369
O583,P2150,2026-05-19,116,2026-05-23,2026-05-28,Delayed,2534743,104,SUP6769
O584,P1789,2025-06-18,126,2025-06-22,2025-06-25,Pending,719949,63,SUP1963
O585,P834,2026-03-26,343,2026-04-03,2026-04-04,Delivered,741201,343,SUP1301
O586,P7734,2025-12-17,396,2025-12-24,2025-12-25,Delayed,1680175,356,SUP6010
O587,P5450,2025-08-23,367,2025-08-30,2025-09-04,Delayed,2641259,330,
O588,P5625,2025-12-17,190,2025-12-27,2025-12-31,Pending,4985008,95,SUP554
O589,P6302,2025-12-17,482,2025-12-22,2025-12-27,Delayed,4149343,434,
O590,P2955,2026-04-06,142,2026-04-11,2026-04-15,Delivered,3584284,142,
O591,P8707,2026-03-03,95,2026-03-12,2026-03-13,Pending,264144,48,
O592,P6627,2026-02-25,186,2026-02-28,2026-03-02,Delivered,495629,186,SUP7371
O593,P4521,2025-09-18,287,2025-09-23,2025-09-23,Delivered,4257142,287,
O594,P8521,2025-10-27,246,2025-11-02,2025-11-02,Pending,3969852,123,
O595,P426,2026-02-16,43,2026-02-22,2026-02-22,Delivered,2124195,43,
O596,P6238,2025-06-16,415,2025-06-22,2025-06-27,Delivered,2327289,415,SUP5824
O597,P6107,2026-02-22,91,2026-03-01,2026-03-06,Delayed,3390341,82,SUP3885
O598,P1720,2025-10-21,101,2025-10-30,2025-11-02,Delivered,2237998,101,SUP182
O599,P2697,2026-05-12,356,2026-05-15,2026-05-19,Delivered,3442046,356,SUP6539
O600,P6138,2026-03-02,207,2026-03-09,2026-03-12,Delayed,166338,186,
O601,P1367,2026-02-05,34,2026-02-10,2026-02-10,Delivered,2354643,34,SUP2380
O602,P5808,2025-06-07,44,2025-06-12,2025-06-15,Pending,2645879,22,
O603,P9756,2026-03-20,153,2026-03-28,2026-03-29,Delayed,1150983,138,
O604,P6412,2025-11-11,358,2025-11-17,2025-11-20,Delivered,1289990,358,SUP6411
O605,P1892,2025-08-05,387,2025-08-09,2025-08-14,Delivered,3597895,387,SUP76
O606,P5782,2026-03-05,298,2026-03-13,2026-03-14,Delayed,91726,268,SUP1470
O607,P2913,2026-01-14,209,2026-01-19,2026-01-23,Delivered,4890458,209,SUP1294
O608,P3986,2025-09-25,119,2025-10-04,2025-10-08,Delivered,3635971,119,
O609,P5266,2025-07-23,41,2025-07-26,2025-07-27,Delayed,4287743,37,SUP4556
O610,P2278,2025-11-19,416,2025-11-27,2025-11-30,Delivered,4741371,416,
O611,P5874,2025-09-22,364,2025-09-27,2025-10-02,Delivered,1767666,364,
O612,P9178,2025-06-08,171,2025-06-16,2025-06-17,Delayed,3786916,154,SUP875
O613,P2996,2025-09-20,280,2025-09-29,2025-09-30,Delivered,2636125,280,SUP3367
O614,P9079,2026-04-01,295,2026-04-11,2026-04-16,Delivered,2089762,295,SUP7094
O615,P7764,2025-09-01,219,2025-09-10,2025-09-14,Pending,4393078,110,
O616,P4093,2025-12-14,358,2025-12-22,2025-12-26,Pending,3389382,179,SUP2381
O617,P3672,2026-05-18,471,2026-05-24,2026-05-28,Delayed,1174217,424,SUP5821
O618,P5432,2026-01-11,153,2026-01-14,2026-01-19,Delayed,1452168,138,SUP6787
O619,P2052,2025-10-04,399,2025-10-09,2025-10-09,Delayed,3472843,359,SUP3165
O620,P348,2025-10-16,234,2025-10-21,2025-10-26,Delivered,4152556,234,
O621,P7406,2026-05-15,422,2026-05-18,2026-05-21,Delivered,4054174,422,SUP1582
O622,P433,2026-01-26,333,2026-01-29,2026-02-02,Delivered,4827625,333,SUP2118
O623,P6400,2025-12-29,182,2026-01-03,2026-01-05,Delivered,3707701,182,SUP4722
O624,P1767,2025-08-18,234,2025-08-28,2025-09-01,Pending,171189,117,SUP8942
O625,P2199,2026-02-27,99,2026-03-09,2026-03-11,Delivered,2159356,99,
O626,P9554,2025-06-22,370,2025-06-27,2025-07-01,Pending,1645803,185,SUP5058
O627,P4919,2025-10-20,355,2025-10-28,2025-11-01,Delivered,294792,355,
O628,P6123,2026-03-19,267,2026-03-24,2026-03-29,Delayed,2440783,240,SUP3425
O629,P8023,2025-09-24,108,2025-10-03,2025-10-07,Delayed,2895173,97,SUP150
O630,P2392,2025-12-05,165,2025-12-08,2025-12-10,Delayed,1158962,148,SUP2258
O631,P4309,2026-05-21,447,2026-05-28,2026-06-01,Delayed,4268762,402,SUP1339
O632,P4063,2026-01-21,418,2026-01-28,2026-01-30,Delayed,178941,376,
O633,P5058,2026-02-18,188,2026-02-25,2026-02-25,Delivered,2230980,188,SUP493
O634,P6889,2025-10-06,226,2025-10-10,2025-10-11,Delivered,2813921,226,SUP2817
O635,P7904,2025-05-31,139,2025-06-03,2025-06-03,Delayed,1512485,125,SUP1364
O636,P6864,2026-01-18,234,2026-01-26,2026-01-26,Delayed,1792466,211,SUP9015
O637,P5224,2025-12-11,226,2025-12-14,2025-12-15,Pending,4475504,113,
O638,P3226,2026-03-07,323,2026-03-17,2026-03-22,Delayed,2534243,291,SUP7161
O639,P9767,2025-10-13,494,2025-10-18,2025-10-22,Delivered,1814228,494,SUP6774
O640,P2704,2025-11-30,162,2025-12-07,2025-12-10,Pending,936613,81,
O641,P6596,2026-04-29,427,2026-05-04,2026-05-05,Delivered,738284,427,SUP7526
O642,P3783,2025-07-13,101,2025-07-19,2025-07-21,Pending,704748,50,
O643,P3753,2026-03-08,276,2026-03-17,2026-03-17,Delayed,2346085,248,SUP5830
O644,P2144,2025-10-26,285,2025-11-05,2025-11-06,Pending,4329811,142,SUP2610
O645,P6767,2025-06-29,359,2025-07-03,2025-07-05,Delivered,3198339,359,SUP1290
O646,P3454,2025-09-13,286,2025-09-20,2025-09-21,Delayed,1040576,257,SUP29
O647,P4498,2025-07-19,433,2025-07-29,2025-08-01,Delayed,152618,390,SUP1048
O648,P5622,2025-07-13,325,2025-07-20,2025-07-20,Delivered,1781667,325,
O649,P9263,2026-01-13,102,2026-01-22,2026-01-27,Pending,4171359,51,
O650,P7963,2025-12-01,136,2025-12-08,2025-12-08,Delivered,1496595,136,SUP7982
O651,P8500,2025-12-05,207,2025-12-12,2025-12-17,Delivered,1925452,207,SUP1704
O652,P5202,2025-09-01,427,2025-09-11,2025-09-13,Pending,3108663,214,SUP8145
O653,P9803,2026-03-20,436,2026-03-25,2026-03-25,Pending,1606003,218,SUP1127
O654,P6148,2025-06-01,76,2025-06-04,2025-06-08,Pending,2174347,38,
O655,P9806,2025-07-22,17,2025-07-25,2025-07-25,Pending,2427640,8,SUP2402
O656,P6524,2025-06-23,37,2025-06-27,2025-07-01,Delayed,172763,33,
O657,P9324,2026-03-17,439,2026-03-20,2026-03-21,Delayed,2741775,395,SUP1372
O658,P4211,2025-07-21,311,2025-07-28,2025-07-31,Pending,3619224,156,SUP5029
O659,P4130,2025-11-03,438,2025-11-12,2025-11-16,Pending,4467810,219,SUP9861
O660,P1387,2025-11-24,407,2025-11-27,2025-12-02,Delayed,2666519,366,SUP965
O661,P3997,2026-04-21,53,2026-04-24,2026-04-27,Delayed,2087285,48,
O662,P5303,2025-11-17,291,2025-11-25,2025-11-27,Pending,1111510,146,SUP5044
O663,P8452,2025-08-08,260,2025-08-12,2025-08-17,Delayed,386809,234,
O664,P9203,2025-09-11,127,2025-09-20,2025-09-24,Delivered,3526084,127,
O665,P928,2025-09-01,213,2025-09-10,2025-09-13,Delivered,3063420,213,
O666,P4490,2025-09-13,408,2025-09-16,2025-09-20,Delayed,43840,367,SUP1445
O667,P8450,2025-08-26,316,2025-09-03,2025-09-06,Delayed,423461,284,
O668,P1184,2026-05-27,125,2026-06-01,2026-06-01,Delayed,3217426,112,SUP6378
O669,P4761,2025-11-20,331,2025-11-30,2025-12-02,Pending,148651,166,SUP733
O670,P1358,2026-01-25,181,2026-02-03,2026-02-08,Delivered,4222556,181,
O671,P7179,2025-08-29,446,2025-09-08,2025-09-12,Pending,1025214,223,SUP3876
O672,P9989,2025-11-21,440,2025-12-01,2025-12-03,Delayed,933546,396,
O673,P6342,2026-02-02,411,2026-02-05,2026-02-08,Delayed,38096,370,SUP5532
O674,P3481,2026-05-16,377,2026-05-19,2026-05-24,Delayed,1954377,339,SUP3813
O675,P4135,2026-03-13,127,2026-03-17,2026-03-22,Pending,929246,64,
O676,P4467,2025-08-14,293,2025-08-17,2025-08-20,Delivered,4983707,293,SUP154
O677,P4160,2025-08-24,344,2025-08-30,2025-08-31,Pending,570805,172,SUP6488
O678,P4342,2026-01-31,472,2026-02-04,2026-02-05,Delivered,64289,472,SUP8842
O679,P3657,2026-02-21,319,2026-03-03,2026-03-04,Delayed,4147786,287,SUP1304
O680,P2352,2025-09-24,22,2025-09-27,2025-09-28,Delivered,4244158,22,SUP3294
O681,P289,2026-05-02,396,2026-05-08,2026-05-09,Delivered,4002782,396,SUP2445
O682,P9574,2026-02-03,152,2026-02-12,2026-02-15,Delayed,4027130,137,SUP102
O683,P1994,2025-07-27,135,2025-08-04,2025-08-09,Delayed,4913928,122,SUP2110
O684,P6418,2025-08-07,40,2025-08-10,2025-08-10,Pending,1810616,20,SUP9469
O685,P734,2026-02-22,14,2026-03-04,2026-03-05,Delivered,1133239,14,SUP3321
O686,P4034,2025-11-04,58,2025-11-07,2025-11-12,Pending,950758,29,SUP6192
O687,P8175,2025-08-11,287,2025-08-16,2025-08-19,Pending,4456224,144,
O688,P2652,2025-12-30,303,2026-01-03,2026-01-05,Pending,4723648,152,SUP2905
O689,P3759,2026-03-24,84,2026-03-28,2026-04-01,Pending,2354367,42,SUP2814
O690,P3834,2025-11-12,461,2025-11-22,2025-11-27,Pending,605527,230,SUP7015
O691,P9346,2025-12-26,403,2026-01-04,2026-01-09,Delayed,4921338,363,SUP2190
O692,P8139,2025-07-09,371,2025-07-16,2025-07-21,Pending,3141418,186,
O693,P423,2026-03-08,166,2026-03-11,2026-03-14,Delayed,2102617,149,SUP3711
O694,P9579,2025-12-19,174,2025-12-26,2025-12-26,Delayed,655519,157,SUP323
O695,P4876,2026-01-22,255,2026-01-26,2026-01-26,Delayed,3363768,230,
O696,P4059,2025-06-05,339,2025-06-10,2025-06-15,Delivered,4035555,339,
O697,P2245,2025-10-04,457,2025-10-08,2025-10-11,Pending,4803284,228,SUP4217
O698,P7947,2025-06-15,52,2025-06-18,2025-06-21,Delayed,1129777,47,
O699,P5361,2025-05-28,283,2025-06-01,2025-06-01,Delivered,2369570,283,
O700,P1833,2025-06-19,59,2025-06-23,2025-06-25,Delayed,158310,53,SUP5538
O701,P6249,2025-07-12,458,2025-07-22,2025-07-22,Pending,1664816,229,
O702,P1198,2025-06-16,99,2025-06-19,2025-06-21,Pending,2996739,50,SUP771
O703,P5137,2025-09-24,143,2025-09-29,2025-10-02,Delayed,1645852,129,
O704,P6980,2026-03-19,129,2026-03-22,2026-03-23,Delayed,1732687,116,SUP7359
O705,P4163,2025-07-07,383,2025-07-12,2025-07-16,Pending,2666757,192,SUP6061
O706,P4687,2025-10-23,157,2025-10-29,2025-10-29,Delivered,2251093,157,SUP3749
O707,P7206,2025-08-15,283,2025-08-24,2025-08-29,Pending,3767987,142,SUP1835
O708,P7696,2025-07-13,241,2025-07-18,2025-07-21,Delayed,1763631,217,
O709,P8953,2026-03-11,85,2026-03-14,2026-03-16,Delayed,4973422,76,
O710,P1436,2025-10-19,459,2025-10-26,2025-10-26,Delayed,733243,413,
O711,P4235,2026-01-05,297,2026-01-14,2026-01-17,Delayed,2204621,267,SUP2163
O712,P5327,2025-09-12,405,2025-09-19,2025-09-20,Delayed,2810773,364,
O713,P5498,2025-11-11,265,2025-11-19,2025-11-20,Delivered,419905,265,
O714,P7393,2025-12-14,363,2025-12-17,2025-12-22,Delayed,3348086,327,SUP5810
O715,P4900,2025-06-19,53,2025-06-27,2025-06-29,Pending,1000691,26,
O716,P6154,2025-07-03,312,2025-07-06,2025-07-09,Delayed,1294417,281,SUP5982
O717,P3563,2026-03-22,414,2026-03-28,2026-03-29,Delivered,70550,414,SUP57
O718,P6655,2026-03-05,411,2026-03-14,2026-03-14,Pending,1528191,206,SUP5629
O719,P221,2026-03-15,282,2026-03-18,2026-03-19,Delivered,4230273,282,SUP7174
O720,P8010,2025-10-29,483,2025-11-03,2025-11-08,Delivered,4657425,483,SUP1843
O721,P7580,2026-01-27,211,2026-02-02,2026-02-03,Pending,4223502,106,SUP9099
O722,P4948,2025-10-16,336,2025-10-21,2025-10-21,Delivered,1893249,336,
O723,P7073,2026-03-16,310,2026-03-26,2026-03-28,Delayed,4169729,279,
O724,P2396,2026-03-09,98,2026-03-16,2026-03-18,Delivered,4116702,98,
O725,P6476,2025-08-11,230,2025-08-18,2025-08-18,Delayed,1319445,207,SUP2351
O726,P3375,2026-03-02,277,2026-03-08,2026-03-11,Delivered,2301096,277,SUP8941
O727,P5311,2026-02-23,453,2026-02-26,2026-03-03,Delayed,3958199,408,
O728,P9671,2026-03-01,457,2026-03-10,2026-03-12,Delayed,2310134,411,
O729,P1552,2026-01-13,423,2026-01-16,2026-01-21,Pending,4706633,212,
O730,P2650,2025-07-05,86,2025-07-13,2025-07-15,Delayed,4917778,77,SUP9911
O731,P5507,2025-12-09,284,2025-12-16,2025-12-21,Delayed,231739,256,SUP2977
O732,P1111,2026-04-30,134,2026-05-06,2026-05-10,Delivered,2961263,134,SUP329
O733,P7204,2025-10-17,397,2025-10-20,2025-10-22,Pending,1382929,198,SUP2447
O734,P2914,2025-12-26,290,2025-12-31,2026-01-04,Delayed,319583,261,SUP492
O735,P3768,2026-03-30,492,2026-04-07,2026-04-12,Delayed,804783,443,SUP5005
O736,P2284,2025-11-14,183,2025-11-17,2025-11-18,Delivered,3433030,183,SUP4098
O737,P9387,2025-07-09,405,2025-07-16,2025-07-21,Pending,333532,202,
O738,P8962,2025-11-12,212,2025-11-18,2025-11-23,Delayed,3615319,191,
O739,P1480,2026-02-14,360,2026-02-17,2026-02-19,Delayed,3800668,324,
O740,P2942,2026-01-27,142,2026-02-02,2026-02-04,Delivered,4247128,142,SUP5160
O741,P1924,2025-07-22,366,2025-07-26,2025-07-30,Pending,3436652,183,SUP2352
O742,P7056,2026-03-09,317,2026-03-16,2026-03-16,Pending,2656249,158,SUP7923
O743,P2038,2025-07-30,166,2025-08-07,2025-08-11,Delivered,4458266,166,SUP6422
O744,P800,2026-04-14,403,2026-04-17,2026-04-19,Delayed,4162922,363,SUP593
O745,P569,2026-02-18,459,2026-02-24,2026-03-01,Delayed,4350826,413,
O746,P9659,2026-02-16,392,2026-02-26,2026-02-28,Delayed,116510,353,SUP652
O747,P360,2025-05-29,119,2025-06-05,2025-06-05,Delayed,3532897,107,SUP3771
O748,P4170,2025-12-01,492,2025-12-10,2025-12-15,Delayed,1879172,443,
O749,P3291,2025-07-03,356,2025-07-12,2025-07-13,Delivered,597065,356,
O750,P244,2026-03-02,14,2026-03-07,2026-03-09,Delayed,864216,13,SUP7508
O751,P6257,2026-05-06,431,2026-05-11,2026-05-13,Pending,2667086,216,SUP1231
O752,P8007,2025-09-20,96,2025-09-29,2025-09-30,Delivered,4943766,96,SUP1789
O753,P3990,2025-06-04,445,2025-06-11,2025-06-14,Delivered,4531963,445,
O754,P5436,2026-03-25,213,2026-04-03,2026-04-03,Delivered,880121,213,
O755,P4672,2025-12-26,473,2026-01-04,2026-01-05,Delivered,792197,473,SUP8479
O756,P5480,2025-11-03,92,2025-11-06,2025-11-09,Delayed,2905494,83,SUP8397
O757,P9981,2025-06-25,479,2025-07-05,2025-07-05,Delayed,1176982,431,SUP4357
O758,P912,2025-11-17,297,2025-11-23,2025-11-28,Delivered,1517430,297,SUP387
O759,P5566,2026-04-30,34,2026-05-04,2026-05-07,Delayed,2815654,31,SUP1430
O760,P2933,2026-03-24,472,2026-04-01,2026-04-05,Delayed,4025841,425,SUP250
O761,P5542,2025-12-07,11,2025-12-13,2025-12-16,Pending,2843211,6,
O762,P7488,2025-11-02,168,2025-11-06,2025-11-06,Delayed,3960432,151,
O763,P2201,2025-11-19,16,2025-11-23,2025-11-23,Pending,3210266,8,
O764,P2407,2025-09-02,441,2025-09-06,2025-09-11,Pending,2257359,220,
O765,P7704,2025-11-25,24,2025-12-04,2025-12-07,Pending,957995,12,
O766,P7312,2025-11-08,123,2025-11-15,2025-11-20,Delivered,4956271,123,
O767,P6350,2025-11-07,263,2025-11-15,2025-11-18,Delivered,3598767,263,SUP395
O768,P8972,2025-07-24,40,2025-08-02,2025-08-03,Delivered,2460020,40,
O769,P9782,2025-11-07,174,2025-11-12,2025-11-12,Pending,2790547,87,SUP6144
O770,P4634,2025-10-10,353,2025-10-14,2025-10-17,Delayed,4735364,318,
O771,P9313,2026-02-24,229,2026-03-06,2026-03-06,Pending,1899064,114,SUP1
O772,P6517,2025-11-09,409,2025-11-19,2025-11-23,Delayed,2920486,368,
O773,P7763,2025-06-05,439,2025-06-11,2025-06-15,Delayed,3637916,395,SUP4500
O774,P4855,2026-05-16,223,2026-05-26,2026-05-28,Delivered,2333397,223,SUP7294
O775,P3454,2026-05-04,364,2026-05-07,2026-05-10,Pending,1116439,182,SUP29
O776,P8048,2025-11-18,328,2025-11-22,2025-11-25,Delayed,2969240,295,SUP918
O777,P44,2025-10-29,110,2025-11-01,2025-11-03,Delivered,3070411,110,SUP2788
O778,P2832,2025-11-12,425,2025-11-20,2025-11-20,Delivered,2300458,425,
O779,P4648,2025-07-02,444,2025-07-08,2025-07-12,Pending,1053503,222,SUP1398
O780,P9864,2026-02-11,239,2026-02-17,2026-02-22,Pending,2450718,120,SUP5204
O781,P1397,2025-07-08,404,2025-07-13,2025-07-17,Delivered,2224711,404,
O782,P7652,2025-07-06,460,2025-07-13,2025-07-17,Delayed,4061740,414,SUP4577
O783,P1022,2026-03-19,361,2026-03-25,2026-03-26,Delayed,3968875,325,SUP7925
O784,P7657,2025-11-01,251,2025-11-05,2025-11-07,Delayed,137504,226,SUP1654
O785,P4291,2025-10-27,47,2025-11-01,2025-11-01,Pending,4460272,24,
O786,P3107,2026-02-27,154,2026-03-06,2026-03-11,Pending,373687,77,
O787,P113,2026-03-13,450,2026-03-18,2026-03-23,Delayed,3872544,405,
O788,P2463,2025-08-07,443,2025-08-14,2025-08-16,Pending,1444873,222,
O789,P7368,2025-07-19,249,2025-07-28,2025-07-28,Pending,1803653,124,SUP1141
O790,P1130,2025-11-27,427,2025-12-01,2025-12-06,Delivered,2148976,427,
O791,P1895,2025-07-01,337,2025-07-08,2025-07-11,Pending,3893150,168,SUP3498
O792,P5466,2025-08-29,486,2025-09-01,2025-09-05,Pending,945642,243,SUP716
O793,P6160,2025-07-28,388,2025-08-06,2025-08-08,Delayed,2085710,349,
O794,P1244,2025-12-27,203,2025-12-30,2026-01-04,Delivered,4878040,203,SUP3565
O795,P934,2025-12-05,106,2025-12-14,2025-12-15,Delivered,2995651,106,
O796,P2559,2026-01-11,215,2026-01-15,2026-01-16,Pending,3801114,108,
O797,P6552,2025-06-09,398,2025-06-15,2025-06-17,Delivered,33345,398,
O798,P8115,2025-06-09,28,2025-06-13,2025-06-16,Delivered,2120732,28,SUP5381
O799,P6821,2025-07-05,76,2025-07-13,2025-07-18,Delayed,4773606,68,SUP9187
O800,P1282,2026-04-23,453,2026-04-28,2026-04-28,Delayed,1319370,408,SUP8419
O801,P1114,2025-05-28,60,2025-05-31,2025-06-01,Delayed,2682311,54,
O802,P3509,2025-08-30,136,2025-09-03,2025-09-07,Delivered,2504988,136,
O803,P7781,2026-03-05,73,2026-03-11,2026-03-14,Delayed,1849136,66,SUP9405
O804,P2262,2026-02-02,261,2026-02-10,2026-02-15,Delivered,2852918,261,SUP9205
O805,P3228,2025-09-08,466,2025-09-12,2025-09-13,Pending,4270523,233,
O806,P8331,2026-03-12,203,2026-03-18,2026-03-22,Delayed,4335590,183,SUP9409
O807,P9431,2025-08-21,301,2025-08-26,2025-08-30,Pending,730261,150,SUP6134
O808,P2715,2025-11-19,12,2025-11-24,2025-11-25,Pending,1784183,6,
O809,P8709,2026-01-17,303,2026-01-25,2026-01-29,Delivered,1967670,303,
O810,P2907,2026-05-10,154,2026-05-14,2026-05-17,Pending,432009,77,SUP4776
O811,P3659,2025-09-10,394,2025-09-14,2025-09-17,Delayed,3562152,355,SUP475
O812,P4925,2026-05-06,342,2026-05-11,2026-05-16,Delivered,4810495,342,SUP987
O813,P1318,2025-07-12,281,2025-07-21,2025-07-26,Delayed,1315787,253,SUP8178
O814,P9727,2026-02-09,10,2026-02-16,2026-02-18,Delayed,1025954,9,SUP2350
O815,P1695,2025-08-10,270,2025-08-15,2025-08-16,Pending,4604206,135,SUP4923
O816,P4059,2026-04-11,250,2026-04-14,2026-04-16,Delayed,3091793,225,
O817,P1796,2026-01-05,459,2026-01-14,2026-01-18,Delivered,3292958,459,SUP1071
O818,P3869,2026-05-05,26,2026-05-12,2026-05-17,Delayed,3895765,23,
O819,P7142,2026-05-07,208,2026-05-13,2026-05-13,Delayed,4751684,187,SUP6984
O820,P6267,2025-09-11,226,2025-09-21,2025-09-26,Delivered,4822940,226,
O821,P7116,2025-11-08,183,2025-11-14,2025-11-18,Delayed,1486317,165,SUP2400
O822,P8715,2025-06-25,206,2025-07-05,2025-07-10,Delayed,954999,185,SUP3358
O823,P3736,2026-05-23,394,2026-05-28,2026-05-30,Delayed,4232768,355,SUP3581
O824,P7890,2026-05-10,41,2026-05-18,2026-05-20,Delivered,494758,41,SUP4908
O825,P9140,2026-05-12,458,2026-05-18,2026-05-22,Delivered,2895497,458,SUP6909
O826,P6680,2025-11-26,70,2025-11-30,2025-11-30,Delivered,3784035,70,SUP8002
O827,P4626,2026-02-26,141,2026-03-05,2026-03-09,Delivered,2407228,141,SUP5217
O828,P9592,2026-05-20,89,2026-05-27,2026-05-31,Pending,2482504,44,
O829,P2488,2026-01-29,197,2026-02-08,2026-02-12,Delayed,3380048,177,
O830,P6637,2025-11-27,118,2025-12-06,2025-12-08,Delivered,2282458,118,SUP2742
O831,P9794,2025-06-02,193,2025-06-06,2025-06-11,Delivered,1204792,193,SUP2843
O832,P695,2026-04-17,188,2026-04-26,2026-04-26,Pending,3175312,94,
O833,P1329,2026-04-05,124,2026-04-11,2026-04-13,Pending,139200,62,SUP3418
O834,P6929,2026-03-10,269,2026-03-19,2026-03-21,Delivered,1122086,269,
O835,P113,2025-07-21,65,2025-07-26,2025-07-26,Delayed,4903100,58,
O836,P5389,2025-09-03,291,2025-09-11,2025-09-13,Delayed,91205,262,
O837,P8535,2026-05-24,468,2026-06-01,2026-06-02,Delayed,3018433,421,SUP1552
O838,P5948,2026-02-09,216,2026-02-15,2026-02-15,Delayed,4312683,194,SUP5193
O839,P2969,2025-09-12,186,2025-09-18,2025-09-18,Pending,4361556,93,
O840,P9379,2025-10-11,21,2025-10-19,2025-10-23,Pending,3072448,10,SUP1197
O841,P3338,2025-05-30,257,2025-06-09,2025-06-14,Delayed,470087,231,
O842,P326,2026-05-21,113,2026-05-26,2026-05-26,Delayed,4441883,102,SUP6137
O843,P8774,2025-11-03,398,2025-11-11,2025-11-14,Delayed,2187605,358,SUP5311
O844,P614,2026-04-30,274,2026-05-04,2026-05-06,Delayed,3184504,247,
O845,P3166,2026-02-04,347,2026-02-07,2026-02-11,Pending,1211718,174,SUP8428
O846,P4348,2026-02-20,285,2026-03-01,2026-03-04,Pending,486689,142,SUP5349
O847,P6897,2026-04-24,467,2026-05-03,2026-05-04,Pending,1150221,234,SUP3260
O848,P5868,2025-12-19,70,2025-12-25,2025-12-28,Pending,4556283,35,SUP1623
O849,P3881,2025-05-30,64,2025-06-06,2025-06-09,Pending,3492803,32,SUP6694
O850,P9000,2026-02-22,87,2026-03-04,2026-03-04,Delayed,2952969,78,SUP3036
O851,P1637,2025-11-12,442,2025-11-22,2025-11-23,Pending,988234,221,SUP3973
O852,P75,2025-06-16,16,2025-06-21,2025-06-24,Delayed,4967645,14,SUP4615
O853,P2875,2025-06-30,360,2025-07-09,2025-07-11,Delayed,2132732,324,SUP157
O854,P2954,2025-08-10,488,2025-08-19,2025-08-21,Pending,2186694,244,SUP1052
O855,P5689,2026-01-18,170,2026-01-27,2026-02-01,Delivered,3425250,170,SUP6626
O856,P7448,2025-12-25,123,2026-01-03,2026-01-05,Delayed,2844934,111,SUP6005
O857,P1594,2025-05-31,488,2025-06-10,2025-06-13,Delayed,3673410,439,SUP8054
O858,P1537,2025-12-29,114,2026-01-07,2026-01-07,Delivered,757630,114,SUP6290
O859,P1287,2026-02-26,451,2026-03-08,2026-03-09,Pending,2344784,226,
O860,P5091,2026-05-15,254,2026-05-25,2026-05-27,Delivered,4685065,254,SUP1773
O861,P9826,2025-11-20,465,2025-11-25,2025-11-28,Delayed,47006,418,SUP1990
O862,P361,2026-05-22,44,2026-05-30,2026-05-31,Delivered,419462,44,SUP3806
O863,P1022,2025-10-10,171,2025-10-20,2025-10-20,Pending,3867700,86,SUP7925
O864,P1689,2026-03-03,108,2026-03-12,2026-03-15,Pending,282828,54,
O865,P9240,2025-07-08,343,2025-07-17,2025-07-22,Pending,4927746,172,SUP5624
O866,P8697,2026-02-10,57,2026-02-15,2026-02-15,Pending,4813306,28,
O867,P4052,2026-04-06,291,2026-04-11,2026-04-15,Pending,623475,146,SUP559
O868,P4433,2025-12-12,102,2025-12-16,2025-12-17,Delayed,4835783,92,
O869,P603,2026-05-05,477,2026-05-08,2026-05-11,Pending,2011544,238,SUP1927
O870,P5812,2026-04-11,415,2026-04-21,2026-04-26,Delivered,4233484,415,SUP7317
O871,P1644,2026-05-17,126,2026-05-25,2026-05-29,Delivered,4359356,126,SUP2237
O872,P7704,2025-11-02,147,2025-11-05,2025-11-08,Delayed,1685970,132,
O873,P543,2025-06-19,227,2025-06-28,2025-07-01,Delayed,3932286,204,
O874,P121,2026-05-14,418,2026-05-19,2026-05-21,Pending,1487563,209,SUP4171
O875,P6692,2026-02-22,40,2026-02-27,2026-02-27,Pending,726698,20,SUP1699
O876,P9005,2025-12-12,155,2025-12-19,2025-12-23,Delayed,4908751,140,SUP490
O877,P1250,2025-07-17,396,2025-07-21,2025-07-25,Pending,3864106,198,SUP4886
O878,P3998,2025-08-06,131,2025-08-16,2025-08-20,Delivered,4728563,131,SUP84
O879,P1974,2026-04-25,491,2026-04-28,2026-05-01,Delayed,240098,442,
O880,P9290,2025-07-07,488,2025-07-11,2025-07-11,Delayed,1883529,439,SUP9871
O881,P9419,2025-11-08,86,2025-11-16,2025-11-16,Delayed,3895597,77,
O882,P6176,2026-02-21,487,2026-02-24,2026-02-26,Delayed,3068304,438,
O883,P875,2025-11-18,493,2025-11-26,2025-11-29,Delayed,2781557,444,SUP7182
O884,P8514,2025-11-21,46,2025-11-30,2025-12-01,Pending,3270422,23,SUP3873
O885,P210,2025-12-29,227,2026-01-08,2026-01-11,Pending,230215,114,SUP450
O886,P3110,2026-02-18,321,2026-02-27,2026-02-27,Pending,2706348,160,SUP1765
O887,P7757,2025-10-13,231,2025-10-22,2025-10-22,Delayed,3844765,208,SUP8742
O888,P7420,2025-06-21,108,2025-06-27,2025-07-02,Delivered,2970298,108,SUP2063
O889,P2300,2026-04-02,111,2026-04-12,2026-04-16,Delivered,1019399,111,SUP7313
O890,P7255,2025-06-12,338,2025-06-19,2025-06-21,Delivered,4220176,338,
O891,P2137,2025-07-12,435,2025-07-22,2025-07-27,Delayed,371635,392,SUP2706
O892,P4459,2026-05-03,311,2026-05-11,2026-05-16,Pending,2175036,156,SUP328
O893,P308,2025-12-06,351,2025-12-12,2025-12-17,Delayed,4226309,316,SUP934
O894,P9868,2025-10-17,383,2025-10-26,2025-10-31,Delayed,4604634,345,SUP6125
O895,P4065,2025-10-13,257,2025-10-22,2025-10-25,Delayed,375549,231,
O896,P1383,2026-04-13,77,2026-04-23,2026-04-26,Pending,2902193,38,
O897,P798,2025-08-11,480,2025-08-20,2025-08-23,Delivered,4249482,480,
O898,P6193,2026-05-15,30,2026-05-21,2026-05-26,Pending,3745360,15,
O899,P5181,2025-07-26,79,2025-08-02,2025-08-02,Delivered,45914,79,SUP8767
O900,P2585,2025-06-29,283,2025-07-05,2025-07-07,Delayed,202633,255,SUP1711
O901,P6599,2025-09-11,294,2025-09-16,2025-09-19,Delivered,328801,294,
O902,P9405,2025-12-22,366,2025-12-31,2026-01-03,Pending,3775256,183,SUP2989
O903,P9667,2026-01-26,73,2026-02-05,2026-02-05,Delivered,1539087,73,
O904,P8257,2026-02-22,114,2026-02-27,2026-03-02,Pending,2684810,57,SUP4462
O905,P7491,2026-01-31,154,2026-02-08,2026-02-13,Pending,448745,77,
O906,P6264,2025-11-30,10,2025-12-04,2025-12-07,Delivered,1556482,10,SUP5852
O907,P9267,2025-06-23,347,2025-07-02,2025-07-02,Delayed,2802970,312,
O908,P9684,2026-04-19,279,2026-04-22,2026-04-26,Pending,3611921,140,
O909,P5425,2025-08-30,413,2025-09-08,2025-09-08,Pending,4038797,206,
O910,P538,2026-01-05,226,2026-01-14,2026-01-17,Delayed,2326402,203,SUP109
O911,P7990,2025-10-10,381,2025-10-15,2025-10-16,Pending,452070,190,SUP1501
O912,P3883,2025-10-02,300,2025-10-05,2025-10-06,Pending,4232662,150,SUP4414
O913,P7410,2025-06-11,51,2025-06-20,2025-06-21,Pending,754132,26,SUP32
O914,P5812,2025-09-20,56,2025-09-23,2025-09-28,Delivered,4477937,56,SUP7317
O915,P1265,2025-09-15,268,2025-09-19,2025-09-22,Pending,873653,134,SUP8515
O916,P8308,2026-03-17,187,2026-03-26,2026-03-31,Delivered,1640112,187,SUP487
O917,P6707,2026-05-26,371,2026-06-01,2026-06-01,Pending,4703946,186,SUP2684
O918,P5601,2026-05-04,69,2026-05-12,2026-05-12,Pending,1181297,34,
O919,P6415,2025-08-27,359,2025-08-30,2025-09-01,Pending,586015,180,SUP207
O920,P7874,2025-07-07,185,2025-07-10,2025-07-13,Pending,1213060,92,SUP7232
O921,P5562,2026-01-10,188,2026-01-13,2026-01-14,Delivered,3413477,188,SUP7208
O922,P8615,2025-11-15,147,2025-11-21,2025-11-21,Delivered,3501447,147,
O923,P2384,2025-07-20,452,2025-07-30,2025-07-31,Delivered,844875,452,SUP5034
O924,P8809,2026-03-30,251,2026-04-06,2026-04-10,Delayed,3096949,226,SUP1440
O925,P3873,2025-07-05,223,2025-07-13,2025-07-17,Pending,1484429,112,
O926,P1483,2025-05-31,479,2025-06-08,2025-06-12,Delayed,3816909,431,
O927,P6240,2026-01-16,324,2026-01-22,2026-01-26,Pending,488906,162,SUP3705
O928,P68,2026-02-11,122,2026-02-16,2026-02-19,Pending,3693621,61,SUP5033
O929,P8325,2025-10-31,273,2025-11-07,2025-11-09,Pending,4121054,136,SUP1511
O930,P2788,2025-11-08,386,2025-11-13,2025-11-18,Pending,1046981,193,SUP9427
O931,P2852,2026-02-01,393,2026-02-11,2026-02-16,Delivered,1021603,393,
O932,P1639,2025-11-10,84,2025-11-20,2025-11-24,Pending,666071,42,
O933,P16,2026-05-07,406,2026-05-15,2026-05-19,Delivered,3091237,406,SUP6323
O934,P7615,2025-08-22,427,2025-08-26,2025-08-31,Delivered,4849386,427,SUP8538
O935,P7609,2026-03-23,208,2026-03-31,2026-04-05,Delivered,864795,208,
O936,P8807,2025-07-16,392,2025-07-25,2025-07-26,Pending,2426479,196,
O937,P7841,2026-01-05,246,2026-01-08,2026-01-10,Pending,2176663,123,SUP1037
O938,P5368,2026-03-17,427,2026-03-26,2026-03-31,Pending,4122534,214,SUP8177
O939,P2851,2025-09-10,209,2025-09-17,2025-09-21,Delivered,3558009,209,SUP608
O940,P8632,2026-03-09,201,2026-03-16,2026-03-21,Pending,1972614,100,
O941,P1333,2025-12-10,181,2025-12-13,2025-12-14,Delivered,887153,181,SUP3134
O942,P2888,2026-03-06,84,2026-03-15,2026-03-18,Pending,3943715,42,
O943,P653,2025-08-03,444,2025-08-13,2025-08-14,Delivered,4979950,444,
O944,P3638,2026-05-06,85,2026-05-14,2026-05-14,Delayed,2933733,76,SUP4101
O945,P2510,2025-11-22,76,2025-11-27,2025-11-28,Delayed,1081015,68,SUP1036
O946,P5863,2025-07-30,209,2025-08-02,2025-08-02,Pending,1129320,104,SUP6469
O947,P6782,2025-06-02,201,2025-06-08,2025-06-08,Delivered,4549282,201,SUP7964
O948,P204,2026-02-13,321,2026-02-22,2026-02-26,Delayed,800305,289,
O949,P7736,2025-09-07,110,2025-09-16,2025-09-18,Pending,1096084,55,SUP5723
O950,P1789,2026-03-08,78,2026-03-17,2026-03-20,Delivered,2781324,78,SUP1963
O951,P7398,2025-12-29,194,2026-01-01,2026-01-02,Delayed,3702487,175,SUP1981
O952,P6333,2025-12-16,352,2025-12-26,2025-12-30,Pending,4045114,176,
O953,P3924,2026-03-04,402,2026-03-08,2026-03-11,Delivered,440571,402,
O954,P7973,2025-07-02,496,2025-07-09,2025-07-12,Delivered,920403,496,SUP3470
O955,P985,2025-08-25,318,2025-08-31,2025-09-02,Delayed,75330,286,
O956,P4579,2026-02-08,470,2026-02-15,2026-02-18,Delivered,300568,470,SUP4803
O957,P7461,2026-05-18,150,2026-05-25,2026-05-26,Delayed,1340973,135,
O958,P5022,2026-01-17,281,2026-01-27,2026-01-29,Pending,2292507,140,SUP524
O959,P4152,2025-12-06,349,2025-12-09,2025-12-13,Delivered,3663714,349,SUP2847
O960,P7222,2026-01-27,367,2026-02-04,2026-02-04,Delivered,4832445,367,
O961,P6850,2026-05-21,234,2026-05-25,2026-05-27,Pending,421418,117,SUP2000
O962,P5909,2026-03-07,371,2026-03-12,2026-03-17,Pending,2127507,186,
O963,P1124,2026-05-10,456,2026-05-13,2026-05-17,Pending,3493750,228,SUP4961
O964,P1462,2025-12-25,306,2025-12-29,2026-01-02,Delayed,703637,275,SUP9906
O965,P7784,2025-10-02,36,2025-10-06,2025-10-07,Pending,2026362,18,
O966,P7512,2026-02-23,250,2026-03-02,2026-03-04,Delivered,3144864,250,
O967,P9001,2025-11-06,417,2025-11-10,2025-11-13,Delivered,1760384,417,SUP6017
O968,P1814,2026-02-22,298,2026-02-25,2026-02-27,Delayed,2708269,268,SUP3049
O969,P3775,2026-03-16,147,2026-03-23,2026-03-27,Delayed,3718579,132,SUP7366
O970,P6528,2026-05-07,183,2026-05-11,2026-05-12,Pending,3218530,92,
O971,P6767,2025-08-10,465,2025-08-20,2025-08-23,Delayed,2863441,418,SUP1290
O972,P1114,2025-09-03,431,2025-09-08,2025-09-13,Delayed,471923,388,
O973,P4268,2025-08-21,55,2025-08-24,2025-08-25,Delivered,2831818,55,
O974,P1599,2025-08-03,479,2025-08-12,2025-08-16,Delivered,1144686,479,SUP7911
O975,P7651,2025-07-31,455,2025-08-07,2025-08-10,Delivered,1315520,455,
O976,P16,2025-07-19,69,2025-07-23,2025-07-25,Delayed,4938984,62,SUP6323
O977,P2901,2025-12-12,471,2025-12-18,2025-12-23,Delayed,3828322,424,
O978,P7325,2025-09-05,365,2025-09-15,2025-09-16,Delayed,2062478,328,SUP1510
O979,P458,2025-06-05,322,2025-06-11,2025-06-11,Pending,4711787,161,SUP4022
O980,P218,2025-11-03,296,2025-11-09,2025-11-12,Delivered,4923674,296,SUP9816
O981,P4182,2026-04-15,490,2026-04-24,2026-04-24,Delayed,3862193,441,SUP5639
O982,P6722,2025-12-03,321,2025-12-13,2025-12-15,Delivered,4334931,321,
O983,P7888,2025-10-13,493,2025-10-20,2025-10-22,Delivered,1889791,493,SUP8945
O984,P475,2025-11-05,183,2025-11-14,2025-11-16,Pending,50209,92,
O985,P2800,2026-04-20,413,2026-04-29,2026-05-04,Delivered,3194576,413,
O986,P8978,2025-12-10,253,2025-12-19,2025-12-21,Pending,4910060,126,SUP4941
O987,P810,2025-11-04,262,2025-11-12,2025-11-15,Delayed,368968,236,SUP8079
O988,P8492,2025-12-21,244,2025-12-30,2026-01-01,Pending,3061208,122,
O989,P1834,2026-01-28,500,2026-01-31,2026-02-05,Pending,4362060,250,
O990,P6970,2025-12-16,42,2025-12-20,2025-12-25,Delayed,2573672,38,
O991,P9065,2025-12-17,190,2025-12-23,2025-12-23,Delayed,981742,171,SUP6399
O992,P1625,2025-07-18,392,2025-07-27,2025-07-27,Delivered,4616147,392,
O993,P9687,2025-12-08,222,2025-12-16,2025-12-20,Delivered,1599243,222,SUP1830
O994,P1734,2025-10-06,476,2025-10-10,2025-10-12,Pending,4587519,238,
O995,P7654,2025-09-15,88,2025-09-23,2025-09-23,Pending,3903639,44,
O996,P6021,2025-12-16,404,2025-12-21,2025-12-26,Pending,3853301,202,
O997,P4629,2025-10-16,482,2025-10-22,2025-10-22,Pending,4223682,241,SUP3698
O998,P6434,2026-04-27,290,2026-05-03,2026-05-04,Pending,346645,145,
O999,P5734,2025-05-31,398,2025-06-06,2025-06-10,Delayed,1157120,358,SUP1738
O1000,P9934,2025-07-03,108,2025-07-09,2025-07-09,Delivered,4304907,108,
O1001,P7203,2025-07-19,421,2025-07-28,2025-08-01,Pending,4193507,210,SUP445
O1002,P9030,2025-11-28,197,2025-12-06,2025-12-08,Delayed,1913480,177,
O1003,P7740,2025-11-09,241,2025-11-12,2025-11-12,Delayed,4684257,217,
O1004,P8188,2025-08-24,407,2025-08-27,2025-08-27,Pending,4338368,204,SUP4576
O1005,P1647,2025-08-09,360,2025-08-15,2025-08-15,Delivered,2470087,360,SUP2357
O1006,P8867,2025-11-06,337,2025-11-14,2025-11-17,Pending,4478498,168,SUP2026
O1007,P2372,2025-06-12,176,2025-06-16,2025-06-18,Pending,4086688,88,SUP4550
O1008,P3719,2026-03-10,185,2026-03-17,2026-03-18,Delivered,1257574,185,
O1009,P7391,2025-07-19,249,2025-07-29,2025-08-02,Delivered,1064063,249,SUP2391
O1010,P1299,2025-10-10,279,2025-10-14,2025-10-17,Delayed,1052770,251,
O1011,P9114,2025-12-27,225,2026-01-04,2026-01-07,Delivered,1411008,225,
O1012,P8030,2026-01-20,342,2026-01-24,2026-01-29,Pending,3097536,171,
O1013,P4182,2026-04-01,19,2026-04-04,2026-04-06,Pending,4162635,10,SUP5639
O1014,P8193,2026-03-12,438,2026-03-18,2026-03-22,Delayed,4673909,394,SUP9286
O1015,P490,2025-12-13,303,2025-12-22,2025-12-23,Delayed,2925955,273,
O1016,P6580,2025-09-02,492,2025-09-11,2025-09-14,Delayed,4094197,443,
O1017,P4351,2025-09-16,293,2025-09-21,2025-09-26,Pending,142802,146,
O1018,P4967,2025-12-22,465,2025-12-27,2025-12-31,Delayed,1407092,418,SUP2860
O1019,P3193,2025-08-31,98,2025-09-04,2025-09-04,Pending,4698989,49,SUP1722
O1020,P6336,2026-05-23,380,2026-06-01,2026-06-01,Delayed,4283971,342,SUP230
O1021,P673,2025-08-04,409,2025-08-10,2025-08-15,Pending,2414153,204,SUP3503
O1022,P2787,2025-11-08,413,2025-11-18,2025-11-20,Delayed,4537346,372,SUP3655
O1023,P8804,2025-10-24,11,2025-11-03,2025-11-06,Delayed,4934625,10,
O1024,P710,2026-03-23,181,2026-03-31,2026-04-03,Delayed,4249571,163,SUP2461
O1025,P2619,2025-07-10,150,2025-07-13,2025-07-16,Pending,3684616,75,SUP4430
O1026,P341,2025-06-06,475,2025-06-11,2025-06-12,Delivered,2880032,475,SUP7427
O1027,P7173,2025-09-16,344,2025-09-25,2025-09-29,Delivered,1970574,344,
O1028,P9994,2025-09-15,201,2025-09-24,2025-09-24,Delivered,4219414,201,
O1029,P9124,2025-08-22,333,2025-09-01,2025-09-06,Pending,365696,166,
O1030,P497,2026-03-07,429,2026-03-12,2026-03-13,Delayed,2776950,386,SUP2441
O1031,P5054,2025-10-13,326,2025-10-17,2025-10-20,Delayed,3578629,293,
O1032,P6271,2026-05-25,435,2026-05-31,2026-05-31,Pending,558139,218,SUP1306
O1033,P1738,2025-11-03,207,2025-11-09,2025-11-13,Pending,814311,104,
O1034,P4084,2025-08-03,36,2025-08-12,2025-08-14,Delivered,4818039,36,
O1035,P2087,2026-05-26,237,2026-05-30,2026-06-02,Pending,4252901,118,
O1036,P8258,2026-05-19,289,2026-05-29,2026-06-03,Pending,3607940,144,SUP463
O1037,P3337,2025-12-01,65,2025-12-04,2025-12-07,Delayed,182561,58,
O1038,P7919,2025-09-17,215,2025-09-27,2025-10-01,Delivered,4718641,215,SUP2856
O1039,P3213,2025-11-01,483,2025-11-07,2025-11-08,Delayed,4439072,435,SUP62
O1040,P1688,2026-05-24,412,2026-06-03,2026-06-04,Pending,2449693,206,
O1041,P6746,2025-11-14,282,2025-11-18,2025-11-23,Delivered,1794161,282,
O1042,P1400,2025-06-26,408,2025-07-06,2025-07-09,Pending,77698,204,
O1043,P4099,2025-11-04,107,2025-11-12,2025-11-17,Delayed,4008428,96,SUP6716
O1044,P5799,2025-12-30,477,2026-01-07,2026-01-09,Delivered,4547580,477,SUP8115
O1045,P6710,2025-10-13,52,2025-10-18,2025-10-21,Delayed,4453058,47,SUP343
O1046,P295,2025-12-04,235,2025-12-10,2025-12-12,Pending,1234414,118,SUP7052
O1047,P5879,2026-04-12,372,2026-04-18,2026-04-19,Delayed,2374856,335,SUP3151
O1048,P2150,2025-06-04,494,2025-06-09,2025-06-11,Pending,4385673,247,SUP6769
O1049,P6746,2026-04-29,35,2026-05-06,2026-05-10,Pending,1116763,18,
O1050,P5564,2026-05-06,13,2026-05-11,2026-05-15,Delayed,4617532,12,
O1051,P247,2025-12-19,449,2025-12-25,2025-12-30,Delayed,4695712,404,SUP1388
O1052,P4512,2026-04-26,58,2026-05-06,2026-05-10,Delayed,2630639,52,SUP8717
O1053,P4048,2026-02-23,43,2026-02-27,2026-03-02,Pending,2321409,22,SUP476
O1054,P2376,2025-07-21,240,2025-07-26,2025-07-30,Delivered,1786190,240,
O1055,P8636,2025-12-29,105,2026-01-06,2026-01-07,Delivered,189330,105,
O1056,P4647,2026-02-20,39,2026-02-23,2026-02-27,Delayed,2839866,35,SUP7884
O1057,P4648,2026-05-18,389,2026-05-26,2026-05-30,Delivered,4197368,389,SUP1398
O1058,P3221,2026-01-14,280,2026-01-19,2026-01-24,Delivered,3952862,280,SUP5251
O1059,P2273,2026-03-10,202,2026-03-13,2026-03-15,Pending,4784649,101,
O1060,P8214,2025-08-29,172,2025-09-08,2025-09-08,Delivered,198167,172,SUP8453
O1061,P9417,2026-04-04,365,2026-04-10,2026-04-11,Pending,2322154,182,
O1062,P6872,2025-11-16,394,2025-11-21,2025-11-25,Pending,1050361,197,SUP8751
O1063,P2559,2025-07-22,187,2025-07-29,2025-07-30,Delivered,4521839,187,
O1064,P4280,2025-05-31,459,2025-06-07,2025-06-10,Delivered,918463,459,
O1065,P3366,2025-12-03,412,2025-12-06,2025-12-10,Pending,2541853,206,SUP5412
O1066,P3590,2026-01-20,451,2026-01-26,2026-01-27,Delivered,2223503,451,
O1067,P2099,2025-09-30,330,2025-10-04,2025-10-07,Pending,1511081,165,
O1068,P5517,2026-02-18,427,2026-02-22,2026-02-27,Delivered,855611,427,SUP9522
O1069,P5113,2025-06-15,13,2025-06-25,2025-06-30,Delayed,975950,12,SUP8363
O1070,P2806,2025-08-23,479,2025-08-30,2025-09-02,Pending,3835789,240,
O1071,P4017,2025-12-03,443,2025-12-11,2025-12-16,Delivered,271411,443,SUP382
O1072,P6169,2026-03-03,30,2026-03-09,2026-03-09,Delayed,2362128,27,SUP4599
O1073,P5923,2026-01-19,90,2026-01-28,2026-01-30,Delayed,2125987,81,
O1074,P2279,2025-12-10,25,2025-12-18,2025-12-19,Pending,1331979,12,SUP2475
O1075,P2638,2025-10-04,163,2025-10-12,2025-10-16,Pending,2013690,82,SUP5557
O1076,P7277,2026-01-09,441,2026-01-16,2026-01-21,Delayed,4754781,397,SUP8017
O1077,P8187,2025-11-19,268,2025-11-22,2025-11-27,Delayed,2342947,241,SUP2555
O1078,P1646,2026-05-12,182,2026-05-21,2026-05-24,Delayed,2945318,164,
O1079,P5860,2025-12-21,447,2025-12-29,2025-12-29,Delayed,4511589,402,
O1080,P5143,2025-11-17,299,2025-11-22,2025-11-22,Pending,2975122,150,SUP5555
O1081,P9302,2026-01-31,28,2026-02-07,2026-02-12,Delayed,1234485,25,SUP2148
O1082,P1697,2025-12-22,355,2026-01-01,2026-01-01,Pending,42665,178,
O1083,P3774,2025-08-01,463,2025-08-04,2025-08-08,Pending,4050514,232,
O1084,P7456,2025-06-07,164,2025-06-10,2025-06-14,Delayed,4215202,148,SUP4797
O1085,P9686,2025-09-05,471,2025-09-08,2025-09-10,Delayed,4440922,424,
O1086,P683,2026-04-16,462,2026-04-23,2026-04-23,Delayed,111988,416,
O1087,P4300,2026-03-11,490,2026-03-20,2026-03-25,Delayed,2844912,441,SUP2857
O1088,P1247,2025-11-30,67,2025-12-04,2025-12-05,Pending,523767,34,SUP8959
O1089,P3147,2026-01-16,29,2026-01-23,2026-01-23,Pending,3388803,14,
O1090,P9172,2025-09-16,83,2025-09-23,2025-09-26,Pending,396284,42,SUP2970
O1091,P287,2025-09-27,364,2025-10-06,2025-10-08,Pending,2773478,182,SUP4682
O1092,P8767,2025-11-18,354,2025-11-21,2025-11-21,Delayed,2294901,319,SUP1250
O1093,P5951,2025-10-19,117,2025-10-26,2025-10-26,Pending,1695758,58,SUP2508
O1094,P1869,2026-03-13,467,2026-03-23,2026-03-26,Delivered,1077347,467,SUP2908
O1095,P6978,2026-04-07,466,2026-04-11,2026-04-15,Pending,1131695,233,SUP2464
O1096,P8437,2026-02-02,468,2026-02-09,2026-02-12,Delivered,2103531,468,
O1097,P7026,2025-09-01,329,2025-09-04,2025-09-09,Pending,664516,164,
O1098,P3515,2025-09-06,60,2025-09-10,2025-09-12,Delayed,271532,54,SUP2071
O1099,P9781,2025-10-26,315,2025-11-03,2025-11-04,Pending,2201734,158,SUP3231
O1100,P4673,2025-06-20,395,2025-06-28,2025-06-28,Delayed,268736,356,SUP3383
O1101,P1236,2025-11-18,460,2025-11-25,2025-11-30,Delivered,2143139,460,SUP5974
O1102,P4724,2026-04-13,453,2026-04-21,2026-04-22,Delayed,846370,408,SUP1601
O1103,P5165,2025-12-01,145,2025-12-04,2025-12-08,Delayed,2480433,130,SUP3690
O1104,P2399,2025-12-06,231,2025-12-16,2025-12-21,Delivered,2383249,231,SUP7805
O1105,P2461,2025-09-02,242,2025-09-09,2025-09-11,Delayed,2276539,218,SUP9105
O1106,P5321,2026-02-07,494,2026-02-12,2026-02-16,Pending,2863286,247,SUP5221
O1107,P4843,2025-09-21,346,2025-09-25,2025-09-29,Pending,4528593,173,SUP183
O1108,P7439,2026-03-14,160,2026-03-18,2026-03-23,Delayed,2793893,144,
O1109,P733,2026-04-27,430,2026-05-01,2026-05-03,Delivered,832931,430,SUP2621
O1110,P5783,2025-10-23,460,2025-10-30,2025-10-30,Delivered,2188007,460,
O1111,P8541,2026-05-01,321,2026-05-07,2026-05-10,Pending,3815198,160,SUP7469
O1112,P802,2026-01-26,286,2026-02-04,2026-02-08,Delayed,4458155,257,
O1113,P2190,2026-03-18,59,2026-03-23,2026-03-24,Pending,2369993,30,SUP4497
O1114,P5196,2025-08-18,457,2025-08-28,2025-08-28,Pending,1405191,228,
O1115,P7543,2025-08-14,92,2025-08-21,2025-08-21,Pending,2398779,46,SUP9350
O1116,P3552,2025-09-04,55,2025-09-12,2025-09-12,Pending,3122751,28,
O1117,P7883,2025-08-15,199,2025-08-22,2025-08-25,Delayed,4123825,179,SUP2172
O1118,P3812,2025-08-07,469,2025-08-14,2025-08-17,Pending,3228672,234,
O1119,P5454,2026-01-03,339,2026-01-08,2026-01-11,Pending,4872510,170,
O1120,P5620,2026-05-21,461,2026-05-30,2026-06-02,Delivered,3676582,461,SUP1621
O1121,P7193,2025-12-18,373,2025-12-23,2025-12-28,Pending,1952533,186,
O1122,P9658,2026-04-03,427,2026-04-13,2026-04-13,Delivered,806906,427,SUP1690
O1123,P5924,2026-05-22,195,2026-05-31,2026-06-01,Delivered,85588,195,SUP367
O1124,P3615,2025-06-25,257,2025-07-05,2025-07-10,Delayed,3728035,231,SUP4307
O1125,P9474,2026-03-28,50,2026-04-07,2026-04-10,Delivered,4261379,50,SUP9865
O1126,P9637,2026-02-23,323,2026-02-28,2026-03-01,Pending,3210798,162,SUP7971
O1127,P1969,2026-01-04,85,2026-01-09,2026-01-10,Delayed,818783,76,SUP4001
O1128,P6912,2026-05-16,434,2026-05-19,2026-05-22,Delivered,2465508,434,
O1129,P8927,2025-11-29,478,2025-12-06,2025-12-11,Delivered,510862,478,SUP5535
O1130,P7172,2025-12-09,286,2025-12-12,2025-12-15,Delivered,1719616,286,
O1131,P3817,2025-10-13,326,2025-10-16,2025-10-16,Delayed,3465602,293,
O1132,P6997,2026-04-27,184,2026-05-07,2026-05-09,Delayed,1170643,166,SUP6152
O1133,P7210,2025-09-23,495,2025-10-03,2025-10-03,Delayed,530236,446,SUP6296
O1134,P9820,2026-04-19,192,2026-04-24,2026-04-29,Delayed,4366486,173,SUP2669
O1135,P6297,2026-03-03,146,2026-03-09,2026-03-11,Delayed,3581018,131,SUP2771
O1136,P5391,2026-05-13,469,2026-05-16,2026-05-19,Pending,4439241,234,
O1137,P5783,2026-04-23,400,2026-04-26,2026-04-27,Pending,1889077,200,
O1138,P3461,2026-05-05,486,2026-05-13,2026-05-14,Delivered,755174,486,SUP5818
O1139,P7967,2025-10-25,346,2025-10-31,2025-11-05,Delayed,73149,311,SUP981
O1140,P8411,2026-04-18,275,2026-04-22,2026-04-26,Delivered,2995713,275,SUP6458
O1141,P397,2026-01-29,221,2026-02-03,2026-02-07,Delivered,3560797,221,SUP7262
O1142,P8571,2025-12-25,324,2026-01-01,2026-01-06,Delivered,4557346,324,SUP5103
O1143,P8731,2026-03-23,416,2026-03-29,2026-04-02,Delayed,3830827,374,SUP4930
O1144,P9140,2025-08-06,133,2025-08-09,2025-08-10,Delivered,3257461,133,SUP6909
O1145,P5172,2025-12-13,44,2025-12-21,2025-12-25,Delivered,4503929,44,SUP3396
O1146,P7304,2025-06-18,365,2025-06-26,2025-06-27,Pending,4369811,182,
O1147,P1203,2025-12-10,405,2025-12-17,2025-12-20,Delivered,3577792,405,
O1148,P2429,2025-12-16,493,2025-12-20,2025-12-22,Delayed,3562634,444,SUP1341
O1149,P2527,2025-09-12,347,2025-09-16,2025-09-19,Delayed,3754355,312,SUP5860
O1150,P9632,2026-02-22,18,2026-03-02,2026-03-03,Delayed,1142656,16,SUP8786
O1151,P7055,2026-05-26,145,2026-06-05,2026-06-10,Delayed,2730181,130,SUP5460
O1152,P154,2025-12-28,149,2025-12-31,2026-01-05,Pending,3675991,74,SUP116
O1153,P6887,2026-02-03,382,2026-02-10,2026-02-14,Delayed,531687,344,
O1154,P4074,2025-12-08,68,2025-12-16,2025-12-17,Pending,3287862,34,SUP4966
O1155,P4656,2025-12-16,106,2025-12-22,2025-12-22,Delivered,4318860,106,
O1156,P6701,2025-08-10,442,2025-08-17,2025-08-21,Pending,434316,221,
O1157,P4450,2026-02-18,233,2026-02-26,2026-02-26,Pending,3342861,116,SUP5902
O1158,P829,2025-12-02,344,2025-12-11,2025-12-11,Delayed,405505,310,SUP8593
O1159,P4328,2025-11-12,151,2025-11-17,2025-11-22,Pending,2041511,76,SUP6907
O1160,P7979,2026-05-11,290,2026-05-15,2026-05-15,Delivered,4462260,290,SUP3739
O1161,P9476,2025-07-28,485,2025-08-02,2025-08-02,Pending,3680255,242,SUP7560
O1162,P3699,2026-05-27,34,2026-06-01,2026-06-06,Pending,4091467,17,SUP1764
O1163,P2633,2026-03-12,307,2026-03-19,2026-03-19,Pending,1623518,154,SUP6578
O1164,P1493,2025-09-06,361,2025-09-16,2025-09-17,Delivered,2008057,361,SUP2424
O1165,P1244,2026-01-22,284,2026-01-30,2026-02-04,Delayed,3666272,256,SUP3565
O1166,P8153,2025-12-20,251,2025-12-28,2025-12-28,Delayed,2331088,226,SUP6631
O1167,P2139,2026-03-16,222,2026-03-19,2026-03-19,Delivered,2169973,222,
O1168,P640,2026-01-29,257,2026-02-08,2026-02-08,Delayed,4936577,231,
O1169,P2676,2025-08-18,69,2025-08-27,2025-08-31,Pending,4441970,34,
O1170,P2362,2026-04-22,64,2026-04-27,2026-04-30,Delivered,1314710,64,
O1171,P9718,2025-07-12,234,2025-07-15,2025-07-17,Delayed,2993246,211,SUP247
O1172,P1106,2025-12-22,242,2025-12-26,2025-12-30,Pending,1896156,121,
O1173,P9062,2025-06-14,255,2025-06-17,2025-06-18,Pending,1824136,128,
O1174,P2778,2026-02-28,467,2026-03-10,2026-03-11,Pending,2063250,234,SUP2457
O1175,P9581,2025-11-23,79,2025-11-30,2025-11-30,Pending,3417888,40,
O1176,P101,2025-11-26,274,2025-12-01,2025-12-02,Delayed,1080483,247,SUP1643
O1177,P7321,2026-01-27,297,2026-02-02,2026-02-06,Pending,1769318,148,
O1178,P7272,2025-12-19,447,2025-12-23,2025-12-26,Pending,3929337,224,SUP1318
O1179,P4988,2026-04-06,216,2026-04-12,2026-04-16,Delayed,100320,194,SUP1357
O1180,P6310,2025-08-17,152,2025-08-21,2025-08-23,Delivered,2001258,152,SUP8033
O1181,P2569,2026-03-02,87,2026-03-09,2026-03-11,Delivered,1330302,87,SUP6766
O1182,P9882,2025-07-21,425,2025-07-28,2025-08-02,Delayed,4833734,382,
O1183,P3324,2025-12-17,205,2025-12-27,2026-01-01,Delayed,2173598,184,
O1184,P3723,2025-11-13,411,2025-11-20,2025-11-21,Pending,1644751,206,
O1185,P481,2026-01-28,31,2026-02-07,2026-02-12,Pending,483711,16,
O1186,P2763,2025-10-21,321,2025-10-26,2025-10-27,Delayed,3043573,289,SUP6286
O1187,P6760,2026-01-03,98,2026-01-06,2026-01-07,Pending,2511049,49,SUP7234
O1188,P2257,2025-07-31,282,2025-08-05,2025-08-07,Delivered,2937752,282,
O1189,P6791,2026-04-14,231,2026-04-23,2026-04-27,Delivered,4603403,231,SUP9804
O1190,P5715,2026-01-31,255,2026-02-05,2026-02-10,Pending,2548846,128,SUP110
O1191,P8961,2025-06-16,146,2025-06-20,2025-06-25,Pending,4746562,73,SUP8618
O1192,P6727,2026-05-16,410,2026-05-24,2026-05-26,Delayed,2380596,369,
O1193,P8718,2025-07-16,65,2025-07-23,2025-07-26,Delivered,3333108,65,SUP1698
O1194,P4516,2026-05-11,393,2026-05-15,2026-05-17,Delivered,2315348,393,SUP5121
O1195,P1550,2025-11-20,496,2025-11-26,2025-11-29,Delivered,3106074,496,SUP1311
O1196,P6772,2026-03-20,152,2026-03-25,2026-03-29,Delayed,4132088,137,SUP2200
O1197,P4198,2025-12-21,275,2025-12-25,2025-12-25,Delayed,4445283,248,
O1198,P7339,2025-06-23,403,2025-07-03,2025-07-06,Delayed,2285676,363,SUP5158
O1199,P566,2025-12-19,404,2025-12-22,2025-12-22,Delayed,4674577,364,SUP894
O1200,P5126,2025-12-04,165,2025-12-10,2025-12-14,Delivered,751004,165,
O1201,P4133,2025-09-28,493,2025-10-05,2025-10-06,Delivered,1378105,493,SUP9204
O1202,P8374,2025-08-28,271,2025-08-31,2025-09-05,Pending,4479057,136,SUP2208
O1203,P3047,2025-12-09,353,2025-12-12,2025-12-13,Pending,4438285,176,SUP4055
O1204,P3821,2026-01-09,167,2026-01-12,2026-01-17,Delivered,3732274,167,
O1205,P385,2025-09-01,382,2025-09-05,2025-09-05,Delivered,776323,382,
O1206,P3691,2025-09-11,464,2025-09-14,2025-09-16,Delivered,1486434,464,SUP5484
O1207,P4346,2025-06-30,45,2025-07-08,2025-07-10,Pending,4424187,22,SUP8511
O1208,P8019,2025-09-28,345,2025-10-02,2025-10-05,Pending,2528057,172,SUP4799
O1209,P720,2026-02-05,215,2026-02-10,2026-02-11,Pending,372667,108,SUP2496
O1210,P3717,2026-04-28,87,2026-05-03,2026-05-07,Pending,3355950,44,SUP2024
O1211,P1163,2025-12-20,229,2025-12-23,2025-12-26,Delivered,4354451,229,SUP4028
O1212,P2770,2026-01-23,335,2026-01-28,2026-02-02,Pending,504440,168,
O1213,P2194,2025-09-07,302,2025-09-15,2025-09-18,Pending,4300968,151,SUP577
O1214,P2960,2025-10-24,498,2025-10-28,2025-10-28,Pending,846001,249,
O1215,P4411,2025-08-23,318,2025-08-27,2025-08-27,Pending,3375515,159,
O1216,P9691,2025-08-18,123,2025-08-25,2025-08-29,Pending,1516713,62,SUP2292
O1217,P6213,2025-06-20,52,2025-06-28,2025-07-02,Delivered,571190,52,SUP5151
O1218,P9825,2025-09-23,59,2025-09-27,2025-10-01,Delivered,1647345,59,SUP415
O1219,P1316,2025-11-13,331,2025-11-18,2025-11-19,Delivered,1234622,331,
O1220,P1392,2025-11-13,106,2025-11-17,2025-11-19,Delayed,2433038,95,SUP15
O1221,P1691,2026-02-07,155,2026-02-11,2026-02-15,Pending,1980198,78,
O1222,P6966,2025-11-09,29,2025-11-19,2025-11-21,Pending,2782059,14,SUP3898
O1223,P1826,2026-05-27,465,2026-06-06,2026-06-09,Pending,4839868,232,SUP1285
O1224,P1650,2025-09-25,133,2025-10-02,2025-10-03,Pending,4558083,66,SUP1030
O1225,P6943,2025-06-24,30,2025-06-27,2025-07-02,Delayed,2858943,27,SUP79
O1226,P879,2025-10-15,62,2025-10-19,2025-10-23,Pending,3815988,31,
O1227,P1547,2025-10-05,29,2025-10-10,2025-10-12,Pending,3342462,14,
O1228,P1246,2025-10-31,456,2025-11-05,2025-11-10,Delivered,1453446,456,SUP6117
O1229,P6270,2025-11-30,219,2025-12-08,2025-12-09,Delayed,838141,197,
O1230,P6192,2025-08-09,302,2025-08-16,2025-08-21,Delivered,1086600,302,SUP8406
O1231,P703,2026-01-13,314,2026-01-20,2026-01-20,Delayed,474245,283,
O1232,P1383,2025-09-29,256,2025-10-04,2025-10-05,Pending,1768237,128,
O1233,P465,2025-07-09,278,2025-07-16,2025-07-16,Delayed,3764155,250,
O1234,P7658,2026-05-13,167,2026-05-23,2026-05-26,Delivered,4971940,167,SUP9814
O1235,P6795,2025-07-09,485,2025-07-15,2025-07-20,Delayed,2870430,436,SUP381
O1236,P5714,2025-12-11,476,2025-12-17,2025-12-20,Delayed,2771825,428,SUP7381
O1237,P3128,2026-05-18,373,2026-05-26,2026-05-31,Delivered,3794249,373,SUP2601
O1238,P5430,2025-12-03,411,2025-12-13,2025-12-14,Pending,4258547,206,SUP7057
O1239,P4771,2026-04-18,116,2026-04-23,2026-04-23,Delivered,913521,116,SUP8216
O1240,P5233,2026-05-23,167,2026-05-28,2026-05-29,Pending,956165,84,
O1241,P4403,2026-05-09,296,2026-05-18,2026-05-18,Pending,4220557,148,SUP6430
O1242,P9573,2026-04-01,440,2026-04-07,2026-04-11,Delivered,3049994,440,
O1243,P2840,2026-01-05,432,2026-01-13,2026-01-18,Delayed,2447954,389,
O1244,P1878,2026-02-24,176,2026-02-28,2026-03-02,Delivered,4831654,176,SUP4481
O1245,P3370,2026-03-09,331,2026-03-14,2026-03-17,Delayed,1062713,298,SUP1833
O1246,P8223,2025-08-18,45,2025-08-28,2025-08-28,Delivered,273386,45,
O1247,P8547,2026-02-09,477,2026-02-18,2026-02-18,Delayed,161595,429,
O1248,P2981,2025-08-26,322,2025-08-30,2025-09-02,Delayed,2569765,290,SUP2027
O1249,P2866,2025-08-25,48,2025-09-02,2025-09-06,Delivered,4003993,48,
O1250,P7996,2026-05-28,267,2026-06-06,2026-06-09,Delayed,1433559,240,SUP4017
O1251,P9808,2026-04-20,345,2026-04-26,2026-04-28,Delivered,2562489,345,
O1252,P8721,2026-03-02,178,2026-03-12,2026-03-14,Delivered,616760,178,SUP2218
O1253,P3322,2026-05-22,127,2026-05-26,2026-05-28,Delayed,2365077,114,SUP1393
O1254,P106,2025-08-11,436,2025-08-16,2025-08-18,Pending,1332940,218,
O1255,P3150,2025-09-28,206,2025-10-04,2025-10-04,Delayed,1447138,185,SUP2711
O1256,P1924,2025-10-18,456,2025-10-27,2025-10-31,Delivered,4032174,456,SUP2352
O1257,P4677,2025-09-01,70,2025-09-08,2025-09-13,Delivered,625717,70,
O1258,P9638,2026-01-10,376,2026-01-13,2026-01-15,Pending,3660319,188,SUP7448
O1259,P1517,2026-03-07,283,2026-03-14,2026-03-14,Pending,2900680,142,SUP3215
O1260,P1747,2026-02-04,331,2026-02-10,2026-02-13,Pending,1943847,166,SUP9279
O1261,P5582,2025-09-23,355,2025-10-01,2025-10-03,Delayed,1253911,320,SUP2179
O1262,P1003,2025-05-30,267,2025-06-09,2025-06-10,Delivered,497936,267,SUP2209
O1263,P8133,2025-12-15,417,2025-12-21,2025-12-22,Pending,2505633,208,SUP5755
O1264,P4134,2026-03-31,304,2026-04-05,2026-04-05,Delayed,4872350,274,SUP6177
O1265,P7600,2025-06-23,313,2025-06-26,2025-06-27,Delivered,4645234,313,SUP6726
O1266,P53,2026-04-11,363,2026-04-15,2026-04-17,Delivered,3526544,363,
O1267,P4214,2025-10-26,257,2025-11-04,2025-11-04,Delivered,3499084,257,
O1268,P1486,2025-11-16,148,2025-11-23,2025-11-27,Delivered,1529945,148,SUP6450
O1269,P6579,2025-08-24,57,2025-09-01,2025-09-05,Pending,646499,28,SUP5897
O1270,P3091,2025-12-28,346,2026-01-07,2026-01-10,Delivered,4596103,346,
O1271,P4166,2025-06-08,67,2025-06-11,2025-06-12,Delayed,424290,60,
O1272,P2937,2025-10-30,76,2025-11-06,2025-11-06,Delivered,1563608,76,
O1273,P9239,2025-12-22,167,2025-12-29,2025-12-31,Pending,3486718,84,SUP1709
O1274,P4471,2025-06-25,119,2025-07-02,2025-07-07,Pending,2609516,60,
O1275,P6717,2026-03-21,194,2026-03-27,2026-03-30,Delayed,2507087,175,SUP7442
O1276,P7540,2026-03-07,131,2026-03-12,2026-03-14,Delivered,3858675,131,
O1277,P2907,2025-11-24,141,2025-11-28,2025-11-29,Pending,1418239,70,SUP4776
O1278,P9298,2026-02-06,387,2026-02-13,2026-02-13,Pending,1466922,194,SUP5461
O1279,P8618,2026-05-23,399,2026-05-28,2026-05-28,Delayed,2063245,359,SUP2155
O1280,P1053,2026-03-17,234,2026-03-20,2026-03-21,Pending,4233379,117,SUP8559
O1281,P1131,2025-08-22,289,2025-08-27,2025-08-31,Delayed,779702,260,SUP24
O1282,P4764,2025-12-14,391,2025-12-18,2025-12-20,Pending,869953,196,SUP380
O1283,P470,2025-11-23,220,2025-11-30,2025-12-02,Pending,1613326,110,SUP7793
O1284,P2419,2026-05-24,397,2026-05-30,2026-06-01,Delivered,1715720,397,
O1285,P8149,2026-02-04,216,2026-02-14,2026-02-19,Pending,2681749,108,SUP1673
O1286,P8517,2025-07-14,211,2025-07-20,2025-07-24,Delayed,2209915,190,SUP3329
O1287,P9055,2026-03-11,189,2026-03-15,2026-03-17,Delivered,208189,189,
O1288,P8594,2025-12-30,481,2026-01-05,2026-01-09,Pending,448406,240,
O1289,P9902,2026-02-09,286,2026-02-17,2026-02-21,Pending,4690011,143,SUP4106
O1290,P6392,2026-05-14,110,2026-05-24,2026-05-27,Delayed,3018167,99,SUP6008
O1291,P9557,2025-10-22,10,2025-10-28,2025-10-30,Pending,1605173,5,
O1292,P5251,2025-12-05,181,2025-12-08,2025-12-11,Delivered,21624,181,
O1293,P3028,2025-08-13,426,2025-08-21,2025-08-24,Delivered,1333133,426,SUP764
O1294,P3121,2025-11-10,217,2025-11-13,2025-11-17,Delayed,4508045,195,SUP6834
O1295,P8882,2025-10-28,72,2025-11-02,2025-11-05,Delayed,360899,65,
O1296,P9093,2025-08-12,310,2025-08-20,2025-08-23,Pending,4344509,155,SUP3883
O1297,P6492,2026-03-29,283,2026-04-07,2026-04-12,Delivered,515663,283,SUP8692
O1298,P6700,2025-09-07,237,2025-09-11,2025-09-14,Delayed,1855123,213,SUP2220
O1299,P7041,2025-10-26,379,2025-11-03,2025-11-05,Delivered,1242616,379,
O1300,P348,2025-08-10,233,2025-08-18,2025-08-20,Pending,3280526,116,
O1301,P788,2026-05-09,334,2026-05-16,2026-05-21,Delivered,1045514,334,
O1302,P7947,2026-02-11,321,2026-02-21,2026-02-22,Pending,2554924,160,
O1303,P2190,2026-05-10,79,2026-05-16,2026-05-17,Delivered,3980433,79,SUP4497
O1304,P8181,2026-01-14,223,2026-01-23,2026-01-26,Delivered,2435921,223,
O1305,P4330,2025-10-22,448,2025-10-31,2025-11-01,Delivered,171969,448,
O1306,P1829,2025-10-21,308,2025-10-24,2025-10-25,Delayed,2859893,277,
O1307,P5266,2025-11-17,86,2025-11-27,2025-11-28,Delayed,2899841,77,SUP4556
O1308,P4475,2026-03-22,397,2026-04-01,2026-04-01,Delivered,4006308,397,SUP4144
O1309,P8698,2026-01-03,189,2026-01-11,2026-01-12,Pending,4791480,94,SUP180
O1310,P5683,2025-11-02,258,2025-11-05,2025-11-10,Pending,4106916,129,SUP5008
O1311,P79,2026-05-28,296,2026-06-01,2026-06-06,Pending,862780,148,SUP246
O1312,P5948,2026-01-23,101,2026-01-29,2026-01-30,Delivered,4729528,101,SUP5193
O1313,P2774,2026-03-04,125,2026-03-11,2026-03-13,Delivered,1592848,125,
O1314,P6761,2025-09-18,463,2025-09-23,2025-09-24,Delivered,3676488,463,
O1315,P614,2026-03-29,183,2026-04-02,2026-04-06,Delayed,1162262,165,
O1316,P3119,2026-01-20,34,2026-01-29,2026-02-03,Delayed,861051,31,SUP7896
O1317,P4930,2026-05-12,208,2026-05-15,2026-05-20,Delivered,4631826,208,SUP7446
O1318,P5075,2025-09-07,185,2025-09-10,2025-09-12,Delivered,87337,185,SUP8356
O1319,P4773,2026-02-15,167,2026-02-20,2026-02-24,Pending,4180089,84,SUP1857
O1320,P3983,2025-07-15,352,2025-07-23,2025-07-26,Delayed,2924909,317,
O1321,P4235,2026-03-24,481,2026-03-30,2026-04-04,Delayed,548760,433,SUP2163
O1322,P5388,2026-03-15,275,2026-03-19,2026-03-24,Delayed,2016039,248,SUP2037
O1323,P7928,2026-02-08,223,2026-02-12,2026-02-14,Delivered,1175524,223,
O1324,P2294,2026-05-14,35,2026-05-24,2026-05-27,Pending,576842,18,SUP3719
O1325,P814,2026-04-18,164,2026-04-22,2026-04-23,Delayed,502222,148,SUP1018
O1326,P7399,2026-05-20,330,2026-05-23,2026-05-24,Delivered,633737,330,SUP1255
O1327,P6908,2025-11-16,237,2025-11-25,2025-11-27,Delayed,364211,213,
O1328,P3481,2025-12-19,174,2025-12-28,2026-01-02,Delivered,4807771,174,SUP3813
O1329,P104,2025-10-06,369,2025-10-10,2025-10-11,Pending,1545905,184,SUP1985
O1330,P594,2025-12-28,378,2026-01-01,2026-01-01,Delivered,3523868,378,
O1331,P4995,2026-03-27,269,2026-04-01,2026-04-05,Delayed,386312,242,SUP6483
O1332,P651,2026-05-24,103,2026-05-30,2026-05-30,Pending,4738510,52,SUP4161
O1333,P7981,2026-04-26,97,2026-05-05,2026-05-08,Delivered,4946668,97,SUP1179
O1334,P5333,2025-08-20,228,2025-08-24,2025-08-26,Delivered,3035580,228,SUP8794
O1335,P6476,2026-05-25,348,2026-05-28,2026-05-28,Pending,4737333,174,SUP2351
O1336,P4628,2025-07-06,121,2025-07-12,2025-07-14,Delayed,1778061,109,SUP2719
O1337,P2465,2025-07-16,67,2025-07-24,2025-07-26,Delayed,2581314,60,SUP2315
O1338,P9146,2026-05-28,101,2026-06-01,2026-06-04,Delivered,4699443,101,SUP3589
O1339,P2052,2025-10-21,22,2025-10-27,2025-10-30,Pending,2886722,11,SUP3165
O1340,P1533,2025-12-10,389,2025-12-17,2025-12-21,Pending,2106252,194,
O1341,P7861,2025-11-06,194,2025-11-12,2025-11-17,Pending,860979,97,
O1342,P1254,2025-07-11,140,2025-07-19,2025-07-21,Delivered,241071,140,SUP5366
O1343,P2695,2025-07-22,467,2025-07-30,2025-08-02,Pending,4583717,234,SUP3483
O1344,P295,2025-11-05,66,2025-11-15,2025-11-18,Delayed,760495,59,SUP7052
O1345,P3846,2025-09-14,337,2025-09-17,2025-09-18,Pending,875134,168,SUP1939
O1346,P1115,2025-10-10,341,2025-10-18,2025-10-23,Delivered,3661436,341,SUP9580
O1347,P4127,2025-06-23,159,2025-07-03,2025-07-05,Pending,653471,80,SUP2752
O1348,P779,2026-04-28,85,2026-05-07,2026-05-12,Pending,230047,42,SUP6622
O1349,P3913,2025-09-26,316,2025-10-06,2025-10-08,Delayed,4024572,284,SUP2362
O1350,P3683,2026-03-10,452,2026-03-14,2026-03-19,Delivered,1747891,452,
O1351,P3417,2026-01-01,147,2026-01-05,2026-01-07,Delayed,2979966,132,SUP8919
O1352,P8645,2026-03-25,47,2026-04-02,2026-04-04,Pending,3288873,24,SUP4929
O1353,P4106,2026-05-09,478,2026-05-15,2026-05-17,Delivered,3312094,478,SUP3233
O1354,P7891,2025-07-27,380,2025-08-04,2025-08-09,Delivered,2075045,380,SUP3347
O1355,P811,2026-04-23,15,2026-04-27,2026-04-28,Delivered,1760705,15,SUP1525
O1356,P2970,2026-01-15,451,2026-01-19,2026-01-23,Delivered,4191945,451,
O1357,P4362,2026-05-21,443,2026-05-27,2026-05-27,Delivered,1165876,443,SUP267
O1358,P5484,2026-03-05,385,2026-03-12,2026-03-12,Delivered,1824770,385,
O1359,P9816,2025-07-01,314,2025-07-04,2025-07-04,Delivered,327356,314,
O1360,P8003,2025-10-15,325,2025-10-25,2025-10-27,Pending,2302569,162,SUP4420
O1361,P7788,2026-01-13,389,2026-01-22,2026-01-24,Delivered,2605056,389,
O1362,P9820,2025-08-15,390,2025-08-19,2025-08-21,Pending,1951695,195,SUP2669
O1363,P4024,2025-12-28,97,2026-01-02,2026-01-07,Pending,4122477,48,SUP5875
O1364,P5864,2025-10-01,173,2025-10-10,2025-10-11,Delayed,2529329,156,
O1365,P9698,2026-05-06,400,2026-05-15,2026-05-17,Delayed,2914220,360,SUP9867
O1366,P6734,2025-07-13,184,2025-07-22,2025-07-25,Delayed,2880836,166,SUP1103
O1367,P5316,2025-10-24,197,2025-10-30,2025-11-01,Delivered,3101586,197,SUP551
O1368,P3077,2025-07-28,89,2025-08-01,2025-08-03,Delayed,434583,80,SUP3980
O1369,P3941,2026-03-03,260,2026-03-12,2026-03-14,Pending,3918525,130,
O1370,P156,2025-10-30,153,2025-11-08,2025-11-10,Delivered,738347,153,
O1371,P6209,2025-11-16,423,2025-11-21,2025-11-26,Delivered,4909546,423,
O1372,P7355,2026-03-20,203,2026-03-27,2026-03-27,Pending,3123840,102,
O1373,P1938,2026-04-05,475,2026-04-08,2026-04-11,Pending,4574028,238,SUP3178
O1374,P8916,2025-08-16,164,2025-08-26,2025-08-31,Pending,266441,82,SUP6677
O1375,P9334,2026-05-01,134,2026-05-11,2026-05-15,Delivered,3685555,134,
O1376,P3562,2025-11-29,160,2025-12-02,2025-12-03,Delayed,3921629,144,SUP546
O1377,P6563,2026-05-15,386,2026-05-22,2026-05-24,Delayed,1689512,347,
O1378,P9962,2026-02-17,100,2026-02-26,2026-03-03,Delayed,957606,90,
O1379,P5585,2026-03-16,377,2026-03-19,2026-03-24,Delivered,2572806,377,SUP7320
O1380,P8726,2025-06-18,355,2025-06-25,2025-06-25,Pending,532575,178,SUP1521
O1381,P886,2025-08-16,404,2025-08-21,2025-08-25,Pending,1539121,202,
O1382,P9469,2025-07-02,200,2025-07-08,2025-07-13,Delivered,3599578,200,
O1383,P466,2025-10-12,186,2025-10-19,2025-10-21,Pending,3310666,93,SUP2139
O1384,P1208,2026-03-01,392,2026-03-05,2026-03-06,Pending,1052090,196,SUP919
O1385,P4758,2025-12-30,374,2026-01-03,2026-01-03,Delivered,1782285,374,SUP1302
O1386,P2573,2025-08-30,281,2025-09-03,2025-09-03,Delivered,3174283,281,
O1387,P5587,2025-08-05,15,2025-08-08,2025-08-10,Delayed,3551980,14,SUP3820
O1388,P3725,2026-03-31,153,2026-04-04,2026-04-09,Pending,4415012,76,SUP6790
O1389,P7048,2025-10-09,240,2025-10-18,2025-10-20,Delayed,1072409,216,SUP7410
O1390,P5046,2026-05-04,202,2026-05-09,2026-05-11,Pending,4959019,101,
O1391,P9488,2026-03-21,85,2026-03-24,2026-03-27,Delivered,2069098,85,
O1392,P7654,2025-12-10,190,2025-12-18,2025-12-22,Delivered,3046942,190,
O1393,P5563,2025-08-31,90,2025-09-10,2025-09-11,Delivered,2544070,90,
O1394,P1631,2026-01-25,349,2026-01-31,2026-02-05,Pending,2273056,174,SUP1337
O1395,P1528,2026-03-23,170,2026-03-30,2026-03-30,Delivered,1615707,170,SUP9848
O1396,P4272,2025-06-02,361,2025-06-05,2025-06-08,Delayed,2637265,325,
O1397,P6533,2025-09-21,485,2025-10-01,2025-10-01,Delayed,4201323,436,SUP6686
O1398,P9898,2026-05-09,468,2026-05-17,2026-05-18,Delayed,4695112,421,SUP4241
O1399,P778,2025-11-05,384,2025-11-09,2025-11-10,Delayed,3327785,346,SUP2078
O1400,P6881,2025-10-03,15,2025-10-13,2025-10-13,Delivered,35576,15,SUP4476
O1401,P4643,2026-02-15,175,2026-02-20,2026-02-22,Pending,1953378,88,SUP8784
O1402,P6049,2025-11-15,67,2025-11-21,2025-11-24,Delivered,1463705,67,
O1403,P6714,2026-04-21,31,2026-04-30,2026-05-03,Delivered,1668332,31,
O1404,P1525,2026-04-27,152,2026-05-05,2026-05-06,Pending,4255133,76,
O1405,P9307,2026-03-23,137,2026-04-02,2026-04-06,Delayed,948518,123,
O1406,P3012,2026-04-13,497,2026-04-21,2026-04-24,Delayed,2959311,447,
O1407,P9733,2026-01-21,306,2026-01-29,2026-01-29,Delayed,1734358,275,SUP1456
O1408,P6824,2026-05-24,207,2026-05-31,2026-06-02,Delivered,2484533,207,
O1409,P6609,2026-03-15,367,2026-03-25,2026-03-27,Delayed,194713,330,
O1410,P4702,2025-06-06,23,2025-06-13,2025-06-16,Delivered,3589409,23,SUP4214
O1411,P1602,2025-11-20,95,2025-11-25,2025-11-25,Delayed,1988015,86,SUP1800
O1412,P8475,2025-07-13,325,2025-07-22,2025-07-22,Delayed,2612843,292,SUP8797
O1413,P749,2025-11-08,446,2025-11-17,2025-11-19,Delayed,4647614,401,SUP858
O1414,P6682,2025-08-06,433,2025-08-16,2025-08-21,Pending,2235656,216,
O1415,P1114,2026-01-08,172,2026-01-11,2026-01-13,Delayed,82855,155,
O1416,P8305,2026-01-14,356,2026-01-23,2026-01-28,Pending,1467298,178,
O1417,P3261,2025-07-29,295,2025-08-04,2025-08-06,Delayed,1869456,266,
O1418,P8270,2026-05-19,31,2026-05-23,2026-05-25,Pending,1509034,16,SUP7252
O1419,P8301,2025-09-22,201,2025-09-26,2025-09-28,Delayed,1316697,181,
O1420,P2053,2026-04-21,26,2026-04-27,2026-05-02,Pending,4184818,13,SUP6401
O1421,P4711,2025-11-25,389,2025-11-28,2025-12-01,Delayed,4197401,350,
O1422,P2874,2026-04-17,288,2026-04-26,2026-04-29,Delivered,4988893,288,SUP8273
O1423,P7383,2025-08-18,123,2025-08-28,2025-08-31,Delivered,755567,123,
O1424,P369,2026-05-26,421,2026-06-03,2026-06-03,Delivered,945139,421,SUP3951
O1425,P3576,2026-02-12,468,2026-02-17,2026-02-19,Delivered,1510035,468,SUP844
O1426,P6497,2025-11-23,136,2025-11-27,2025-11-29,Pending,418989,68,SUP60
O1427,P2603,2025-11-14,386,2025-11-24,2025-11-29,Pending,3630631,193,SUP308
O1428,P6948,2026-01-06,135,2026-01-11,2026-01-12,Pending,4016248,68,SUP1598
O1429,P7824,2025-07-19,98,2025-07-23,2025-07-24,Delayed,4552217,88,SUP2746
O1430,P5293,2026-03-17,367,2026-03-20,2026-03-25,Pending,1070786,184,SUP8944
O1431,P17,2025-08-03,461,2025-08-11,2025-08-14,Delayed,632979,415,SUP6292
O1432,P2922,2026-02-08,31,2026-02-13,2026-02-15,Pending,2156833,16,
O1433,P7802,2025-12-20,460,2025-12-28,2025-12-28,Delayed,4289152,414,
O1434,P9313,2025-09-16,95,2025-09-26,2025-10-01,Delayed,2837856,86,SUP1
O1435,P3117,2025-08-16,15,2025-08-21,2025-08-26,Delivered,2875712,15,SUP6153
O1436,P9696,2025-08-06,190,2025-08-10,2025-08-15,Delayed,1076200,171,SUP5197
O1437,P2947,2025-09-05,293,2025-09-12,2025-09-16,Delayed,2742066,264,
O1438,P1143,2025-12-10,89,2025-12-20,2025-12-23,Delayed,1874772,80,SUP4839
O1439,P2870,2026-04-29,177,2026-05-08,2026-05-12,Pending,810746,88,SUP253
O1440,P2897,2026-02-17,395,2026-02-21,2026-02-22,Delayed,3858269,356,SUP9174
O1441,P1468,2025-07-02,22,2025-07-12,2025-07-15,Delayed,1605250,20,
O1442,P4089,2025-07-11,318,2025-07-16,2025-07-17,Pending,4595530,159,SUP9736
O1443,P2643,2026-02-06,139,2026-02-11,2026-02-16,Delayed,3769426,125,
O1444,P2454,2025-10-12,458,2025-10-22,2025-10-25,Delayed,375734,412,SUP1386
O1445,P1536,2025-08-03,310,2025-08-13,2025-08-14,Delivered,4538639,310,
O1446,P8796,2026-05-08,54,2026-05-16,2026-05-16,Delayed,3517985,49,SUP2902
O1447,P6905,2026-04-20,327,2026-04-28,2026-05-01,Pending,868889,164,SUP9447
O1448,P3953,2026-02-04,237,2026-02-08,2026-02-10,Delayed,2349722,213,SUP6269
O1449,P3288,2025-08-30,101,2025-09-07,2025-09-08,Pending,1801506,50,SUP860
O1450,P9862,2026-04-15,424,2026-04-20,2026-04-22,Delayed,721198,382,SUP2383
O1451,P8868,2025-10-27,263,2025-11-04,2025-11-06,Pending,1687899,132,SUP2589
O1452,P4420,2025-12-14,31,2025-12-23,2025-12-24,Delayed,3424318,28,
O1453,P9828,2026-04-02,290,2026-04-12,2026-04-14,Delivered,4451277,290,SUP1377
O1454,P5990,2025-08-20,152,2025-08-27,2025-08-29,Delayed,2678996,137,SUP1971
O1455,P5281,2026-04-19,122,2026-04-27,2026-04-28,Delayed,3647293,110,
O1456,P3192,2025-07-02,360,2025-07-09,2025-07-13,Delivered,4722079,360,SUP457
O1457,P5923,2025-10-28,111,2025-11-05,2025-11-09,Pending,1097060,56,
O1458,P3346,2026-04-26,138,2026-05-02,2026-05-03,Delayed,1488377,124,
O1459,P2492,2025-09-11,57,2025-09-19,2025-09-19,Pending,2326384,28,
O1460,P1667,2026-02-01,409,2026-02-11,2026-02-14,Delivered,3038893,409,
O1461,P3543,2026-02-05,448,2026-02-10,2026-02-11,Delayed,600127,403,SUP1724
O1462,P6843,2025-08-16,451,2025-08-19,2025-08-19,Pending,1733476,226,SUP50
O1463,P9784,2026-02-09,108,2026-02-13,2026-02-15,Pending,4514986,54,SUP2249
O1464,P2949,2026-01-16,12,2026-01-19,2026-01-21,Delivered,3549281,12,
O1465,P3645,2026-03-04,337,2026-03-13,2026-03-14,Delayed,541625,303,SUP1348
O1466,P2908,2025-11-19,318,2025-11-28,2025-11-28,Delayed,651605,286,
O1467,P3966,2025-06-15,389,2025-06-21,2025-06-22,Pending,1732646,194,SUP1164
O1468,P6835,2026-03-27,34,2026-04-01,2026-04-05,Delivered,419779,34,SUP7423
O1469,P8495,2025-12-02,470,2025-12-09,2025-12-14,Pending,4702399,235,SUP8645
O1470,P637,2026-04-08,136,2026-04-13,2026-04-14,Delivered,3148755,136,
O1471,P8487,2025-09-06,377,2025-09-14,2025-09-19,Delayed,3810930,339,SUP1402
O1472,P6804,2026-03-07,158,2026-03-10,2026-03-10,Delivered,3824996,158,
O1473,P2959,2026-02-23,40,2026-03-04,2026-03-04,Pending,1387206,20,
O1474,P3640,2025-06-06,282,2025-06-11,2025-06-11,Pending,1655625,141,
O1475,P1910,2026-01-25,481,2026-01-28,2026-02-02,Pending,1628863,240,
O1476,P395,2025-06-13,467,2025-06-23,2025-06-26,Delayed,4763081,420,
O1477,P974,2026-04-23,328,2026-04-26,2026-05-01,Delivered,4196570,328,SUP54
O1478,P5723,2025-08-17,150,2025-08-26,2025-08-28,Delivered,4041544,150,SUP40
O1479,P5507,2025-09-22,229,2025-09-25,2025-09-29,Delayed,526747,206,SUP2977
O1480,P5894,2025-12-11,76,2025-12-18,2025-12-21,Pending,4899502,38,SUP4616
O1481,P1909,2025-12-31,455,2026-01-10,2026-01-11,Delayed,1757594,410,
O1482,P1686,2025-12-16,174,2025-12-20,2025-12-23,Delivered,4211037,174,SUP798
O1483,P1143,2025-07-15,355,2025-07-21,2025-07-26,Pending,3459579,178,SUP4839
O1484,P9,2026-05-11,81,2026-05-14,2026-05-17,Delivered,2136949,81,
O1485,P2663,2025-07-20,76,2025-07-27,2025-07-31,Pending,1060770,38,SUP4356
O1486,P1436,2025-09-18,251,2025-09-26,2025-09-27,Delivered,3147315,251,
O1487,P9823,2026-01-20,159,2026-01-23,2026-01-26,Delivered,1576669,159,
O1488,P9419,2026-05-25,347,2026-05-28,2026-05-30,Delivered,3888417,347,
O1489,P6189,2026-03-13,453,2026-03-23,2026-03-24,Delayed,1450768,408,
O1490,P8849,2025-12-27,364,2026-01-06,2026-01-11,Delayed,3143181,328,
O1491,P7117,2025-09-15,475,2025-09-24,2025-09-27,Delayed,1177463,428,SUP6287
O1492,P4000,2025-09-23,262,2025-09-28,2025-09-30,Pending,3242989,131,SUP4175
O1493,P9608,2026-01-28,22,2026-02-05,2026-02-09,Pending,3968819,11,SUP1124
O1494,P4465,2025-10-26,331,2025-10-30,2025-11-02,Delivered,1764576,331,
O1495,P5254,2025-08-12,56,2025-08-22,2025-08-26,Delivered,1964029,56,SUP2341
O1496,P2742,2025-11-16,187,2025-11-25,2025-11-30,Delayed,4938642,168,SUP2168
O1497,P2413,2025-07-11,422,2025-07-14,2025-07-14,Delayed,1803550,380,SUP2663
O1498,P2006,2025-09-27,125,2025-09-30,2025-10-01,Delayed,272619,112,
O1499,P2832,2026-04-12,496,2026-04-20,2026-04-23,Pending,2219351,248,
O1500,P4090,2026-05-16,350,2026-05-24,2026-05-27,Delayed,500123,315,SUP670
O1501,P5344,2025-09-17,390,2025-09-23,2025-09-25,Delivered,1323630,390,SUP8462
O1502,P5900,2025-12-14,180,2025-12-21,2025-12-25,Delayed,2048893,162,SUP7255
O1503,P7750,2025-06-01,366,2025-06-11,2025-06-15,Pending,3236819,183,SUP830
O1504,P6377,2025-09-17,47,2025-09-26,2025-09-26,Delayed,2640786,42,SUP3013
O1505,P9317,2025-07-18,66,2025-07-21,2025-07-22,Delayed,4966819,59,
O1506,P6181,2025-06-13,457,2025-06-16,2025-06-16,Delivered,4835174,457,SUP9834
O1507,P2516,2026-02-15,407,2026-02-22,2026-02-24,Delivered,2450705,407,SUP2103
O1508,P2436,2025-07-19,95,2025-07-24,2025-07-26,Delayed,167194,86,
O1509,P1981,2026-01-06,373,2026-01-14,2026-01-16,Delivered,439476,373,
O1510,P1057,2026-02-06,68,2026-02-12,2026-02-17,Delayed,4254404,61,SUP2314
O1511,P6200,2025-11-13,154,2025-11-21,2025-11-22,Delivered,2467690,154,
O1512,P6582,2025-06-11,100,2025-06-16,2025-06-20,Delayed,2175250,90,SUP136
O1513,P6479,2025-06-04,483,2025-06-07,2025-06-12,Delayed,2542027,435,SUP7621
O1514,P2219,2026-01-19,43,2026-01-23,2026-01-27,Pending,1263548,22,
O1515,P6802,2026-02-23,217,2026-02-27,2026-03-04,Pending,1621439,108,
O1516,P3199,2025-10-11,460,2025-10-16,2025-10-17,Delivered,4736863,460,SUP14
O1517,P7486,2026-03-25,184,2026-04-04,2026-04-04,Delivered,2831023,184,SUP5312
O1518,P4008,2026-02-22,191,2026-03-01,2026-03-02,Pending,3861655,96,
O1519,P4914,2026-01-26,372,2026-02-02,2026-02-06,Delivered,393261,372,SUP4825
O1520,P9415,2026-04-06,16,2026-04-13,2026-04-13,Pending,495879,8,SUP1137
O1521,P8284,2025-07-14,225,2025-07-22,2025-07-27,Delivered,3385416,225,SUP4338
O1522,P1030,2026-05-21,494,2026-05-27,2026-05-28,Delayed,4562772,445,SUP2741
O1523,P1191,2025-07-14,271,2025-07-22,2025-07-23,Delayed,1292914,244,SUP2274
O1524,P7981,2025-09-20,37,2025-09-25,2025-09-25,Delayed,141117,33,SUP1179
O1525,P923,2026-02-11,405,2026-02-14,2026-02-14,Pending,4701527,202,SUP4295
O1526,P7640,2025-09-13,480,2025-09-19,2025-09-21,Delivered,511972,480,SUP9668
O1527,P9911,2026-05-11,18,2026-05-18,2026-05-19,Delivered,2601606,18,SUP1714
O1528,P1030,2025-06-14,311,2025-06-17,2025-06-19,Pending,4755766,156,SUP2741
O1529,P1263,2025-09-03,406,2025-09-10,2025-09-12,Delivered,2262220,406,SUP2453
O1530,P5637,2026-03-24,435,2026-04-03,2026-04-06,Delivered,197143,435,
O1531,P7223,2026-02-26,25,2026-03-04,2026-03-08,Delivered,2207217,25,SUP8063
O1532,P7268,2026-03-11,188,2026-03-17,2026-03-17,Delivered,4519730,188,SUP678
O1533,P57,2025-09-11,134,2025-09-15,2025-09-17,Delivered,4862659,134,SUP6805
O1534,P3934,2026-05-20,322,2026-05-28,2026-05-31,Delayed,43001,290,SUP4823
O1535,P5221,2025-11-02,184,2025-11-10,2025-11-13,Delayed,3548489,166,SUP2458
O1536,P2778,2025-11-24,130,2025-12-02,2025-12-03,Delayed,1493547,117,SUP2457
O1537,P7367,2025-05-31,460,2025-06-09,2025-06-09,Pending,3745006,230,SUP7770
O1538,P5026,2025-12-20,17,2025-12-25,2025-12-26,Delivered,519927,17,SUP2193
O1539,P3364,2026-05-05,465,2026-05-12,2026-05-13,Delivered,982526,465,
O1540,P9634,2026-05-26,249,2026-06-02,2026-06-02,Pending,2676960,124,
O1541,P3811,2025-06-20,484,2025-06-26,2025-06-29,Delayed,1166686,436,SUP5094
O1542,P7918,2026-03-05,317,2026-03-15,2026-03-17,Pending,1419067,158,
O1543,P9539,2025-10-30,438,2025-11-06,2025-11-11,Pending,3957583,219,
O1544,P7890,2025-10-01,343,2025-10-05,2025-10-10,Delivered,1559470,343,SUP4908
O1545,P1539,2025-10-25,316,2025-10-31,2025-11-03,Delayed,1164631,284,SUP4132
O1546,P6408,2025-12-15,342,2025-12-21,2025-12-22,Delivered,797276,342,
O1547,P5613,2025-07-20,468,2025-07-23,2025-07-25,Delivered,2062162,468,
O1548,P7242,2025-07-10,38,2025-07-17,2025-07-20,Delayed,607208,34,SUP3675
O1549,P9583,2026-02-28,264,2026-03-05,2026-03-08,Delivered,1509594,264,
O1550,P7542,2026-05-10,145,2026-05-18,2026-05-19,Delivered,2959363,145,SUP412
O1551,P5290,2026-01-30,413,2026-02-07,2026-02-08,Pending,1783396,206,SUP1212
O1552,P640,2025-07-15,407,2025-07-20,2025-07-21,Delivered,3174007,407,
O1553,P2809,2025-07-19,122,2025-07-22,2025-07-22,Pending,3114168,61,SUP6898
O1554,P3802,2025-07-17,341,2025-07-23,2025-07-26,Delivered,3957929,341,
O1555,P9919,2025-08-24,296,2025-09-02,2025-09-02,Pending,2065287,148,SUP3197
O1556,P2612,2026-04-21,403,2026-04-30,2026-05-02,Pending,1603984,202,SUP7626
O1557,P5378,2026-05-14,427,2026-05-20,2026-05-23,Delivered,3189694,427,SUP8256
O1558,P9896,2026-02-03,237,2026-02-12,2026-02-14,Delayed,2308599,213,
O1559,P6359,2025-11-26,93,2025-11-29,2025-12-03,Delayed,2327372,84,
O1560,P83,2025-07-06,290,2025-07-09,2025-07-11,Pending,1849859,145,
O1561,P624,2025-12-07,159,2025-12-14,2025-12-19,Delayed,1815065,143,SUP4412
O1562,P6212,2025-10-15,162,2025-10-21,2025-10-21,Delayed,1932127,146,SUP9987
O1563,P9347,2025-06-26,477,2025-07-02,2025-07-02,Pending,2576846,238,SUP2098
O1564,P1220,2025-09-24,371,2025-09-27,2025-09-29,Delivered,526987,371,SUP8628
O1565,P9832,2025-09-14,147,2025-09-18,2025-09-21,Pending,4376425,74,SUP3022
O1566,P7868,2026-03-07,496,2026-03-14,2026-03-15,Delivered,1190699,496,
O1567,P7452,2026-03-11,173,2026-03-20,2026-03-22,Pending,3996167,86,SUP8487
O1568,P3631,2026-02-24,108,2026-03-02,2026-03-05,Delivered,4295700,108,SUP7012
O1569,P6665,2026-01-14,298,2026-01-19,2026-01-22,Delayed,4170528,268,
O1570,P2234,2026-01-17,157,2026-01-23,2026-01-26,Delivered,1322208,157,SUP8725
O1571,P3763,2026-04-07,119,2026-04-14,2026-04-15,Delayed,1828384,107,
O1572,P2399,2025-06-18,467,2025-06-21,2025-06-24,Delayed,3793108,420,SUP7805
O1573,P2925,2025-12-14,127,2025-12-21,2025-12-21,Delivered,3692690,127,SUP9240
O1574,P912,2025-09-07,109,2025-09-11,2025-09-15,Delayed,816147,98,SUP387
O1575,P6809,2025-06-10,23,2025-06-18,2025-06-23,Delayed,1622131,21,SUP7380
O1576,P473,2025-10-03,15,2025-10-12,2025-10-14,Delivered,1354284,15,SUP968
O1577,P6619,2025-10-22,341,2025-11-01,2025-11-02,Pending,1874120,170,
O1578,P843,2025-10-12,93,2025-10-19,2025-10-22,Delivered,3968936,93,SUP8282
O1579,P6414,2025-10-16,261,2025-10-21,2025-10-23,Delivered,4515381,261,
O1580,P1750,2025-09-16,323,2025-09-26,2025-10-01,Delivered,2098785,323,SUP8085
O1581,P6849,2025-09-13,307,2025-09-21,2025-09-22,Delivered,2407685,307,SUP2497
O1582,P4665,2026-01-22,341,2026-01-25,2026-01-27,Delayed,238134,307,SUP4369
O1583,P3760,2026-05-28,65,2026-06-01,2026-06-02,Delivered,4965262,65,
O1584,P1369,2026-01-27,363,2026-02-01,2026-02-02,Delivered,1449327,363,SUP1085
O1585,P9616,2026-05-17,317,2026-05-24,2026-05-27,Pending,1281913,158,SUP5173
O1586,P1391,2025-09-02,417,2025-09-09,2025-09-13,Delayed,4348779,375,SUP736
O1587,P1518,2025-10-02,193,2025-10-05,2025-10-09,Delayed,1217164,174,SUP2058
O1588,P9957,2026-01-06,339,2026-01-16,2026-01-16,Delayed,4076521,305,SUP1883
O1589,P8504,2025-06-11,474,2025-06-16,2025-06-21,Delayed,524054,427,SUP2403
O1590,P1106,2025-07-27,144,2025-08-05,2025-08-06,Pending,765168,72,
O1591,P2714,2025-07-12,12,2025-07-15,2025-07-18,Delayed,3298520,11,SUP581
O1592,P2732,2025-06-22,428,2025-07-01,2025-07-04,Delayed,2611120,385,
O1593,P9466,2025-12-28,44,2026-01-07,2026-01-08,Delivered,1530382,44,SUP8508
O1594,P8488,2026-02-10,193,2026-02-15,2026-02-15,Pending,1206502,96,SUP1775
O1595,P3091,2025-07-13,200,2025-07-22,2025-07-27,Delivered,2490564,200,
O1596,P4383,2025-08-26,14,2025-08-29,2025-09-02,Delayed,4271768,13,
O1597,P3226,2026-01-06,51,2026-01-12,2026-01-16,Pending,3276710,26,SUP7161
O1598,P2565,2025-08-30,345,2025-09-04,2025-09-08,Delivered,2466270,345,SUP4415
O1599,P7149,2026-03-30,23,2026-04-04,2026-04-07,Delivered,3240139,23,SUP7077
O1600,P2909,2025-10-03,318,2025-10-11,2025-10-11,Delayed,455554,286,SUP3658
O1601,P7460,2025-10-11,228,2025-10-20,2025-10-25,Delivered,1180476,228,SUP7237
O1602,P7645,2025-09-27,321,2025-10-05,2025-10-08,Pending,4050023,160,SUP134
O1603,P78,2025-10-16,245,2025-10-25,2025-10-30,Delayed,3726354,220,SUP2733
O1604,P8182,2026-05-12,450,2026-05-17,2026-05-19,Delayed,788920,405,SUP5392
O1605,P72,2025-10-23,270,2025-11-02,2025-11-02,Delayed,2692157,243,SUP195
O1606,P2366,2025-06-13,426,2025-06-23,2025-06-26,Pending,3620826,213,SUP4248
O1607,P4461,2025-07-25,464,2025-07-29,2025-07-30,Pending,2081965,232,SUP8553
O1608,P6181,2025-08-17,224,2025-08-24,2025-08-26,Delayed,504589,202,SUP9834
O1609,P1842,2026-01-01,248,2026-01-08,2026-01-11,Delivered,4536104,248,
O1610,P1132,2025-12-18,351,2025-12-25,2025-12-25,Pending,1279280,176,SUP665
O1611,P6315,2026-01-12,71,2026-01-17,2026-01-21,Delivered,2712142,71,SUP7333
O1612,P4349,2026-03-18,130,2026-03-26,2026-03-28,Pending,4660156,65,SUP233
O1613,P9766,2025-11-07,228,2025-11-15,2025-11-15,Delayed,1749192,205,SUP5995
O1614,P6538,2025-07-17,11,2025-07-27,2025-07-31,Pending,4519408,6,SUP4846
O1615,P2231,2026-05-11,426,2026-05-21,2026-05-26,Delivered,4841797,426,SUP4888
O1616,P2130,2025-07-19,339,2025-07-25,2025-07-25,Pending,2223612,170,
O1617,P4986,2026-04-25,384,2026-04-28,2026-05-01,Delivered,4567782,384,SUP5393
O1618,P5106,2026-04-30,167,2026-05-08,2026-05-11,Pending,4592654,84,
O1619,P8418,2025-08-18,453,2025-08-22,2025-08-24,Delayed,762744,408,SUP2479
O1620,P5682,2025-09-21,77,2025-09-25,2025-09-26,Delivered,2289586,77,SUP4193
O1621,P7732,2025-07-06,262,2025-07-09,2025-07-14,Pending,4656785,131,SUP2946
O1622,P9836,2025-10-04,86,2025-10-14,2025-10-17,Pending,2738228,43,
O1623,P5172,2026-04-12,265,2026-04-18,2026-04-22,Delivered,609036,265,SUP3396
O1624,P6233,2025-10-11,213,2025-10-15,2025-10-19,Delayed,4694736,192,SUP4319
O1625,P1515,2025-08-19,45,2025-08-22,2025-08-23,Delivered,2912446,45,
O1626,P3233,2026-01-18,96,2026-01-27,2026-01-30,Delayed,190477,86,
O1627,P3072,2025-11-05,13,2025-11-09,2025-11-13,Delivered,1360622,13,
O1628,P6217,2025-11-26,43,2025-11-29,2025-12-02,Pending,2864478,22,SUP4270
O1629,P8212,2025-10-24,249,2025-10-30,2025-11-01,Pending,917060,124,SUP1159
O1630,P3743,2025-07-14,154,2025-07-17,2025-07-19,Pending,3619983,77,SUP7429
O1631,P9470,2025-08-01,106,2025-08-07,2025-08-09,Pending,195916,53,
O1632,P4471,2026-04-29,387,2026-05-09,2026-05-10,Delayed,2929645,348,
O1633,P3379,2025-10-07,145,2025-10-14,2025-10-14,Delayed,4424865,130,
O1634,P5068,2025-07-14,311,2025-07-22,2025-07-26,Delayed,3635036,280,SUP3173
O1635,P1996,2025-07-04,279,2025-07-07,2025-07-11,Delayed,2191002,251,
O1636,P6308,2025-10-26,126,2025-11-05,2025-11-05,Delayed,334461,113,SUP812
O1637,P3091,2026-05-04,397,2026-05-11,2026-05-13,Delayed,1721065,357,
O1638,P6393,2026-02-02,334,2026-02-07,2026-02-09,Delayed,1676098,301,
O1639,P3884,2025-11-24,391,2025-11-27,2025-11-30,Pending,1937333,196,SUP152
O1640,P9155,2025-09-26,84,2025-10-05,2025-10-09,Delayed,807528,76,SUP75
O1641,P2854,2025-09-16,236,2025-09-23,2025-09-24,Delivered,3215775,236,SUP5145
O1642,P1043,2026-05-22,167,2026-05-27,2026-05-28,Delayed,688935,150,
O1643,P9926,2026-05-07,36,2026-05-13,2026-05-15,Delivered,2581348,36,SUP4750
O1644,P4570,2025-11-12,297,2025-11-18,2025-11-19,Delivered,1496102,297,SUP599
O1645,P2472,2026-03-24,155,2026-04-02,2026-04-02,Delayed,49591,140,SUP3807
O1646,P6235,2026-01-31,95,2026-02-03,2026-02-07,Pending,3104392,48,SUP7360
O1647,P2510,2026-03-09,498,2026-03-19,2026-03-24,Pending,88333,249,SUP1036
O1648,P6530,2026-03-20,103,2026-03-25,2026-03-25,Delivered,4060152,103,
O1649,P4278,2025-09-17,245,2025-09-26,2025-10-01,Delayed,2836935,220,SUP1380
O1650,P7155,2026-02-22,427,2026-03-03,2026-03-04,Delayed,4392354,384,
O1651,P4487,2025-09-07,477,2025-09-15,2025-09-20,Delivered,4898619,477,
O1652,P4881,2026-01-24,342,2026-01-30,2026-02-04,Delivered,1295145,342,
O1653,P461,2026-05-07,334,2026-05-13,2026-05-13,Delayed,4853587,301,SUP5908
O1654,P2191,2026-03-10,381,2026-03-13,2026-03-13,Delivered,2032785,381,
O1655,P9742,2026-04-28,319,2026-05-01,2026-05-03,Delivered,4385210,319,
O1656,P7865,2026-04-19,484,2026-04-27,2026-04-28,Delayed,682520,436,SUP2775
O1657,P1848,2025-06-05,281,2025-06-08,2025-06-10,Delivered,3824889,281,SUP2279
O1658,P7853,2026-02-10,113,2026-02-13,2026-02-14,Pending,1579379,56,SUP339
O1659,P1246,2025-08-04,38,2025-08-13,2025-08-13,Delayed,4536848,34,SUP6117
O1660,P4904,2025-12-02,296,2025-12-05,2025-12-08,Delayed,941567,266,
O1661,P3053,2026-01-26,214,2026-02-04,2026-02-05,Delivered,3927845,214,
O1662,P345,2025-07-22,151,2025-07-31,2025-07-31,Delivered,865648,151,SUP862
O1663,P7867,2025-12-17,461,2025-12-24,2025-12-25,Pending,4700102,230,
O1664,P5021,2025-11-11,369,2025-11-16,2025-11-19,Delayed,4362627,332,SUP7698
O1665,P4113,2025-06-05,55,2025-06-15,2025-06-16,Delayed,1930563,50,SUP7657
O1666,P3443,2026-04-07,499,2026-04-15,2026-04-20,Delivered,3152871,499,SUP6188
O1667,P62,2025-10-13,401,2025-10-16,2025-10-19,Delayed,3511424,361,
O1668,P1793,2025-09-20,199,2025-09-29,2025-09-30,Delayed,3874105,179,SUP5385
O1669,P6689,2026-03-28,67,2026-04-07,2026-04-10,Delayed,1564788,60,SUP1355
O1670,P5360,2025-06-18,236,2025-06-21,2025-06-26,Delayed,1334574,212,SUP33
O1671,P4671,2025-06-11,334,2025-06-19,2025-06-24,Delivered,1959907,334,SUP2672
O1672,P8534,2025-05-30,247,2025-06-02,2025-06-03,Delayed,3103473,222,
O1673,P8824,2026-04-27,444,2026-05-01,2026-05-01,Delayed,1970493,400,SUP6397
O1674,P9740,2025-10-10,189,2025-10-14,2025-10-19,Pending,1952206,94,SUP4765
O1675,P2773,2025-07-16,13,2025-07-22,2025-07-22,Delayed,1134896,12,SUP502
O1676,P2214,2026-04-18,285,2026-04-27,2026-04-30,Delivered,4876710,285,SUP9902
O1677,P5497,2025-12-25,255,2025-12-28,2025-12-29,Pending,2134479,128,SUP3633
O1678,P2870,2026-03-17,79,2026-03-26,2026-03-26,Delayed,4562339,71,SUP253
O1679,P9483,2026-04-23,159,2026-04-27,2026-04-29,Pending,1664518,80,SUP3237
O1680,P8441,2025-09-18,31,2025-09-27,2025-10-01,Delivered,310688,31,SUP4646
O1681,P6426,2025-08-19,415,2025-08-23,2025-08-24,Pending,2704247,208,SUP3801
O1682,P4681,2025-09-22,372,2025-09-30,2025-10-02,Delayed,1991468,335,SUP6572
O1683,P3420,2025-11-09,322,2025-11-12,2025-11-15,Delivered,4706209,322,SUP3579
O1684,P6071,2025-12-16,143,2025-12-20,2025-12-23,Delivered,1685210,143,SUP7033
O1685,P7853,2025-06-24,263,2025-07-02,2025-07-06,Delayed,51077,237,SUP339
O1686,P93,2026-05-04,449,2026-05-09,2026-05-12,Delayed,1121396,404,SUP6332
O1687,P3419,2026-05-21,494,2026-05-24,2026-05-25,Delivered,3567936,494,
O1688,P881,2026-04-01,433,2026-04-08,2026-04-10,Delivered,4492494,433,SUP5219
O1689,P9475,2025-08-06,309,2025-08-12,2025-08-13,Delivered,2393592,309,SUP2674
O1690,P6910,2026-01-22,167,2026-01-31,2026-02-04,Delivered,2581320,167,SUP5182
O1691,P6522,2025-08-29,187,2025-09-04,2025-09-08,Delayed,314958,168,SUP1851
O1692,P2935,2026-01-10,90,2026-01-20,2026-01-23,Pending,4213758,45,SUP2999
O1693,P5909,2025-09-15,11,2025-09-24,2025-09-29,Delayed,4161728,10,
O1694,P6221,2026-03-24,26,2026-03-31,2026-03-31,Delivered,4319429,26,SUP585
O1695,P2948,2025-07-30,294,2025-08-02,2025-08-04,Delayed,649688,265,SUP8700
O1696,P4960,2025-10-29,20,2025-11-02,2025-11-06,Delayed,373000,18,
O1697,P119,2025-09-04,400,2025-09-12,2025-09-14,Delivered,4819161,400,
O1698,P6767,2026-01-13,148,2026-01-18,2026-01-18,Delayed,1711694,133,SUP1290
O1699,P1880,2025-10-18,376,2025-10-23,2025-10-24,Delayed,954427,338,SUP484
O1700,P1023,2026-03-11,240,2026-03-21,2026-03-21,Delivered,1154515,240,SUP9486
O1701,P5871,2025-11-02,103,2025-11-09,2025-11-11,Delayed,1711960,93,
O1702,P162,2025-12-01,153,2025-12-06,2025-12-09,Pending,1067099,76,
O1703,P5449,2025-06-03,295,2025-06-08,2025-06-08,Pending,3726295,148,SUP7955
O1704,P8190,2025-09-08,164,2025-09-12,2025-09-13,Delayed,1377632,148,
O1705,P4567,2026-01-12,166,2026-01-20,2026-01-22,Delivered,199153,166,
O1706,P6801,2025-10-21,173,2025-10-30,2025-10-31,Delayed,4574385,156,SUP1198
O1707,P7443,2025-07-02,355,2025-07-08,2025-07-12,Delayed,1963203,320,
O1708,P1007,2026-04-25,470,2026-04-29,2026-05-03,Pending,1638261,235,SUP5316
O1709,P9247,2025-11-25,245,2025-11-29,2025-12-02,Delayed,3847424,220,
O1710,P6627,2026-04-22,355,2026-04-27,2026-04-30,Delayed,2397627,320,SUP7371
O1711,P5004,2026-01-31,430,2026-02-10,2026-02-12,Delayed,3544344,387,
O1712,P5164,2026-02-02,432,2026-02-11,2026-02-14,Delivered,598054,432,SUP7819
O1713,P697,2025-12-02,380,2025-12-06,2025-12-06,Delivered,3561829,380,SUP8755
O1714,P9011,2026-05-27,239,2026-05-30,2026-06-02,Pending,2473202,120,
O1715,P5754,2026-04-01,122,2026-04-04,2026-04-07,Pending,1434877,61,
O1716,P7068,2025-06-06,54,2025-06-13,2025-06-13,Delivered,4581736,54,SUP2278
O1717,P9926,2025-12-15,290,2025-12-22,2025-12-27,Pending,3906212,145,SUP4750
O1718,P4342,2026-01-01,54,2026-01-06,2026-01-07,Delayed,2703204,49,SUP8842
O1719,P6420,2026-02-14,38,2026-02-23,2026-02-24,Delivered,3543505,38,
O1720,P5510,2025-08-29,398,2025-09-04,2025-09-06,Pending,1363929,199,
O1721,P1224,2025-06-19,381,2025-06-27,2025-06-28,Pending,1400792,190,
O1722,P7532,2026-05-17,391,2026-05-27,2026-05-28,Delayed,3914766,352,
O1723,P2302,2025-10-13,49,2025-10-22,2025-10-23,Delayed,3629722,44,
O1724,P2897,2026-04-04,82,2026-04-09,2026-04-13,Delayed,2548174,74,SUP9174
O1725,P7752,2025-11-22,386,2025-11-25,2025-11-30,Delivered,4905929,386,SUP8864
O1726,P2230,2025-08-01,74,2025-08-04,2025-08-06,Delayed,4396260,67,
O1727,P3034,2026-02-24,138,2026-03-02,2026-03-06,Pending,4146647,69,
O1728,P7002,2026-02-12,72,2026-02-22,2026-02-27,Pending,3155822,36,
O1729,P2472,2025-06-25,389,2025-06-30,2025-07-02,Delayed,1490769,350,SUP3807
O1730,P2686,2026-01-03,294,2026-01-08,2026-01-11,Delivered,3804181,294,SUP7775
O1731,P8247,2026-03-14,468,2026-03-24,2026-03-26,Delivered,2035728,468,
O1732,P3215,2025-09-10,62,2025-09-18,2025-09-18,Pending,2669980,31,
O1733,P2353,2025-10-25,122,2025-11-04,2025-11-08,Delivered,4885155,122,SUP9680
O1734,P54,2025-06-10,369,2025-06-17,2025-06-21,Delayed,4380560,332,SUP7281
O1735,P9620,2026-02-02,477,2026-02-10,2026-02-14,Pending,2217602,238,SUP9288
O1736,P4149,2026-02-25,360,2026-03-07,2026-03-09,Delayed,879229,324,SUP9595
O1737,P5922,2026-04-12,353,2026-04-21,2026-04-23,Pending,1110697,176,SUP3856
O1738,P8052,2025-06-10,248,2025-06-20,2025-06-24,Delayed,3307624,223,SUP3570
O1739,P2253,2026-05-08,182,2026-05-18,2026-05-19,Delivered,2877864,182,SUP6317
O1740,P2502,2026-01-23,411,2026-01-29,2026-02-01,Delayed,4188099,370,
O1741,P3302,2025-11-04,440,2025-11-14,2025-11-14,Delayed,1262036,396,SUP4671
O1742,P1279,2026-05-10,331,2026-05-18,2026-05-18,Pending,1167850,166,
O1743,P1417,2025-06-06,492,2025-06-13,2025-06-17,Pending,4112528,246,
O1744,P8708,2025-09-14,205,2025-09-20,2025-09-25,Delivered,1578414,205,SUP1736
O1745,P4330,2025-09-21,486,2025-09-29,2025-10-01,Delayed,4722933,437,
O1746,P8334,2025-10-16,461,2025-10-20,2025-10-21,Delivered,4039604,461,
O1747,P503,2026-04-15,380,2026-04-24,2026-04-29,Pending,1935661,190,SUP1989
O1748,P5039,2026-02-04,407,2026-02-14,2026-02-15,Delayed,1420331,366,
O1749,P1704,2025-10-24,180,2025-10-27,2025-11-01,Delivered,347138,180,SUP67
O1750,P7528,2026-03-23,309,2026-03-30,2026-03-31,Delivered,4197945,309,SUP3004
O1751,P5500,2026-03-01,121,2026-03-09,2026-03-10,Delayed,1841694,109,SUP7817
O1752,P5263,2025-10-28,169,2025-11-06,2025-11-10,Delivered,1520756,169,
O1753,P7604,2026-01-11,37,2026-01-19,2026-01-20,Delayed,81371,33,SUP3558
O1754,P5087,2025-08-25,493,2025-08-30,2025-09-03,Delivered,3822822,493,
O1755,P1978,2026-04-18,38,2026-04-25,2026-04-29,Pending,1544199,19,SUP3646
O1756,P9899,2025-12-24,264,2025-12-27,2025-12-28,Delayed,509606,238,SUP735
O1757,P7646,2026-04-30,464,2026-05-09,2026-05-09,Delayed,1606886,418,SUP3474
O1758,P7714,2025-07-07,289,2025-07-14,2025-07-19,Delayed,3914460,260,
O1759,P9093,2025-08-02,67,2025-08-05,2025-08-07,Pending,2473606,34,SUP3883
O1760,P5428,2025-06-27,123,2025-07-02,2025-07-03,Delivered,2895903,123,SUP749
O1761,P5790,2025-07-04,161,2025-07-10,2025-07-12,Delayed,298052,145,
O1762,P8593,2026-01-20,285,2026-01-30,2026-02-04,Pending,197777,142,SUP7214
O1763,P1856,2025-08-31,297,2025-09-09,2025-09-12,Delayed,2257632,267,SUP4560
O1764,P4823,2026-02-10,274,2026-02-13,2026-02-13,Delayed,2421121,247,
O1765,P5314,2025-12-04,14,2025-12-12,2025-12-13,Delivered,3386004,14,
O1766,P4373,2025-12-10,43,2025-12-14,2025-12-18,Pending,2285573,22,
O1767,P404,2026-03-09,343,2026-03-15,2026-03-20,Delivered,4479669,343,
O1768,P8990,2025-10-27,420,2025-11-05,2025-11-06,Delivered,4009681,420,SUP2636
O1769,P7593,2026-05-14,115,2026-05-24,2026-05-29,Delayed,4562092,104,SUP5372
O1770,P4162,2025-07-01,410,2025-07-07,2025-07-08,Pending,2141290,205,SUP1540
O1771,P9526,2025-06-26,261,2025-07-04,2025-07-08,Pending,954924,130,SUP2092
O1772,P9303,2026-02-09,350,2026-02-17,2026-02-18,Pending,2257024,175,
O1773,P7511,2026-03-13,259,2026-03-16,2026-03-16,Pending,3313131,130,SUP5563
O1774,P2369,2026-05-03,398,2026-05-10,2026-05-11,Delayed,3281272,358,
O1775,P1017,2026-02-04,53,2026-02-12,2026-02-13,Delayed,4362748,48,
O1776,P7033,2026-03-15,481,2026-03-23,2026-03-23,Delivered,3165328,481,SUP8874
O1777,P8207,2025-11-06,435,2025-11-14,2025-11-14,Pending,1068991,218,SUP178
O1778,P9294,2026-03-09,119,2026-03-15,2026-03-19,Delayed,949070,107,
O1779,P7925,2026-03-07,258,2026-03-14,2026-03-17,Delivered,1230038,258,
O1780,P7192,2025-07-18,266,2025-07-25,2025-07-28,Delayed,3518304,239,SUP588
O1781,P6652,2025-10-23,177,2025-10-29,2025-10-31,Delivered,1171410,177,
O1782,P8890,2026-05-02,251,2026-05-05,2026-05-06,Pending,260475,126,
O1783,P4280,2026-01-11,203,2026-01-14,2026-01-16,Delayed,4624262,183,
O1784,P3705,2026-02-27,409,2026-03-03,2026-03-07,Delayed,3756705,368,SUP2898
O1785,P5772,2025-08-03,204,2025-08-06,2025-08-10,Delivered,3072442,204,SUP2095
O1786,P8811,2026-01-06,133,2026-01-10,2026-01-13,Delayed,367507,120,SUP9082
O1787,P6502,2025-10-05,330,2025-10-08,2025-10-09,Delivered,638304,330,
O1788,P4426,2026-02-18,468,2026-02-21,2026-02-23,Delayed,2790487,421,
O1789,P8838,2025-10-23,392,2025-10-30,2025-11-03,Pending,4588786,196,SUP5
O1790,P7445,2025-12-27,436,2026-01-01,2026-01-06,Delivered,3649448,436,SUP1293
O1791,P1390,2025-09-01,142,2025-09-07,2025-09-08,Delayed,4541678,128,SUP1847
O1792,P6132,2025-12-17,74,2025-12-20,2025-12-24,Delayed,3019856,67,SUP5598
O1793,P8894,2026-05-03,197,2026-05-10,2026-05-13,Delayed,3983297,177,SUP742
O1794,P8127,2025-10-15,309,2025-10-18,2025-10-18,Pending,3674408,154,SUP5211
O1795,P5166,2025-06-23,261,2025-06-29,2025-07-02,Delivered,2488614,261,SUP389
O1796,P1048,2025-10-28,451,2025-11-05,2025-11-07,Delayed,2084575,406,
O1797,P9972,2026-04-12,301,2026-04-19,2026-04-19,Pending,1727205,150,
O1798,P8127,2026-03-08,219,2026-03-15,2026-03-19,Pending,2133003,110,SUP5211
O1799,P7635,2026-03-19,262,2026-03-25,2026-03-28,Pending,1811911,131,SUP5423
O1800,P3391,2026-04-10,111,2026-04-13,2026-04-13,Delayed,3905571,100,SUP1475
O1801,P8019,2025-07-01,340,2025-07-07,2025-07-11,Delayed,838862,306,SUP4799
O1802,P6819,2025-09-30,293,2025-10-07,2025-10-09,Delayed,734164,264,SUP8020
O1803,P1619,2025-07-22,226,2025-07-29,2025-07-29,Delayed,90061,203,SUP926
O1804,P7950,2025-10-18,440,2025-10-22,2025-10-24,Pending,771482,220,SUP1145
O1805,P4540,2026-03-12,466,2026-03-16,2026-03-20,Delayed,2764784,419,
O1806,P2164,2026-05-19,167,2026-05-27,2026-05-30,Delivered,3651938,167,SUP7305
O1807,P803,2025-09-26,453,2025-09-30,2025-10-05,Delayed,1591159,408,
O1808,P176,2026-01-06,216,2026-01-11,2026-01-11,Delivered,251938,216,SUP1955
O1809,P4593,2025-06-11,477,2025-06-17,2025-06-17,Delayed,3180482,429,SUP2285
O1810,P7148,2026-04-28,434,2026-05-07,2026-05-07,Delayed,452256,391,SUP2829
O1811,P4216,2025-12-02,500,2025-12-07,2025-12-08,Delayed,4439865,450,SUP130
O1812,P99,2025-10-26,348,2025-11-05,2025-11-07,Delivered,4340340,348,SUP2260
O1813,P4758,2026-05-28,440,2026-06-07,2026-06-07,Delivered,838343,440,SUP1302
O1814,P6204,2026-03-01,175,2026-03-07,2026-03-08,Delayed,4956450,158,SUP2203
O1815,P21,2026-02-18,408,2026-02-28,2026-02-28,Delivered,1583216,408,
O1816,P2521,2025-09-07,292,2025-09-11,2025-09-12,Delivered,3178148,292,
O1817,P5306,2025-11-22,148,2025-11-28,2025-12-03,Delayed,2746908,133,SUP112
O1818,P597,2025-11-10,361,2025-11-16,2025-11-20,Delivered,4514838,361,SUP3841
O1819,P3823,2026-03-29,123,2026-04-07,2026-04-11,Pending,2163920,62,SUP6846
O1820,P5580,2025-08-14,293,2025-08-19,2025-08-21,Delayed,4309893,264,SUP5586
O1821,P4593,2025-06-17,348,2025-06-26,2025-07-01,Delayed,638282,313,SUP2285
O1822,P3468,2025-09-14,226,2025-09-22,2025-09-25,Pending,1207309,113,
O1823,P999,2026-01-12,113,2026-01-18,2026-01-19,Pending,4322318,56,SUP7181
O1824,P3149,2026-02-27,17,2026-03-09,2026-03-09,Pending,1222378,8,SUP1123
O1825,P1443,2025-07-23,194,2025-07-29,2025-08-02,Pending,1178825,97,SUP8296
O1826,P2305,2026-02-26,282,2026-03-01,2026-03-05,Pending,4358793,141,SUP8032
O1827,P7990,2025-07-18,58,2025-07-23,2025-07-26,Delivered,783557,58,SUP1501
O1828,P8682,2025-07-28,455,2025-08-05,2025-08-10,Pending,1042739,228,
O1829,P2784,2025-09-17,94,2025-09-22,2025-09-26,Delayed,15584,85,SUP2436
O1830,P830,2026-02-12,112,2026-02-15,2026-02-16,Delivered,280342,112,SUP1408
O1831,P5691,2026-02-23,170,2026-02-28,2026-03-04,Delivered,1103719,170,SUP1687
O1832,P2555,2025-12-16,197,2025-12-23,2025-12-27,Delayed,4318979,177,
O1833,P5913,2025-10-22,213,2025-10-30,2025-11-03,Delivered,947482,213,SUP4187
O1834,P7846,2025-10-14,12,2025-10-21,2025-10-21,Delivered,4237167,12,SUP6976
O1835,P4309,2026-05-11,33,2026-05-20,2026-05-22,Delayed,3609625,30,SUP1339
O1836,P908,2025-10-05,78,2025-10-14,2025-10-14,Delayed,649516,70,
O1837,P7952,2026-05-16,371,2026-05-20,2026-05-24,Pending,949963,186,SUP2167
O1838,P1215,2025-10-13,344,2025-10-17,2025-10-21,Pending,953468,172,
O1839,P922,2025-07-04,146,2025-07-10,2025-07-12,Pending,1685844,73,
O1840,P7929,2025-06-24,378,2025-07-04,2025-07-04,Delivered,3954348,378,SUP3706
O1841,P2573,2026-01-31,188,2026-02-04,2026-02-05,Pending,3149807,94,
O1842,P3765,2025-09-21,460,2025-09-30,2025-10-03,Delivered,4817229,460,SUP3024
O1843,P1655,2025-12-22,108,2025-12-29,2025-12-30,Delivered,1522218,108,
O1844,P4556,2026-02-22,182,2026-02-27,2026-03-04,Delivered,202588,182,SUP3626
O1845,P1188,2026-05-18,101,2026-05-26,2026-05-30,Pending,502710,50,
O1846,P8007,2025-07-11,161,2025-07-21,2025-07-23,Delayed,937683,145,SUP1789
O1847,P8570,2026-03-19,71,2026-03-27,2026-03-28,Delayed,4217828,64,SUP3921
O1848,P996,2025-10-21,304,2025-10-29,2025-10-30,Delayed,1830566,274,SUP9807
O1849,P8988,2026-01-18,288,2026-01-23,2026-01-27,Delayed,636176,259,SUP3542
O1850,P6311,2025-09-25,101,2025-10-02,2025-10-03,Pending,2503759,50,SUP9232
O1851,P2287,2025-11-08,163,2025-11-16,2025-11-21,Delayed,3621895,147,
O1852,P7643,2025-07-31,328,2025-08-10,2025-08-15,Pending,3439306,164,SUP4277
O1853,P5215,2025-07-08,30,2025-07-17,2025-07-20,Delivered,3102910,30,SUP9528
O1854,P6351,2025-06-10,316,2025-06-17,2025-06-19,Delayed,1426901,284,SUP114
O1855,P9626,2026-03-27,290,2026-03-30,2026-04-03,Delivered,251787,290,SUP1028
O1856,P9483,2025-10-05,278,2025-10-08,2025-10-13,Delivered,2753830,278,SUP3237
O1857,P1957,2025-12-15,138,2025-12-22,2025-12-22,Delayed,1227578,124,
O1858,P3571,2026-03-21,138,2026-03-24,2026-03-29,Delayed,2023489,124,SUP6018
O1859,P3851,2025-07-06,232,2025-07-16,2025-07-19,Pending,1307595,116,SUP3415
O1860,P921,2026-01-10,496,2026-01-18,2026-01-18,Delayed,4559724,446,SUP4014
O1861,P608,2026-05-28,40,2026-06-04,2026-06-08,Pending,4111413,20,
O1862,P2267,2025-08-27,35,2025-08-31,2025-09-03,Pending,1985916,18,SUP5454
O1863,P4829,2026-04-21,116,2026-04-29,2026-05-03,Delivered,4804802,116,
O1864,P4286,2026-03-07,283,2026-03-10,2026-03-15,Delayed,583449,255,SUP8672
O1865,P9073,2025-12-24,230,2025-12-30,2025-12-30,Delayed,1781038,207,SUP1520
O1866,P8879,2025-11-03,27,2025-11-09,2025-11-14,Pending,4171347,14,SUP1021
O1867,P7023,2025-06-15,11,2025-06-19,2025-06-20,Delivered,784251,11,
O1868,P7170,2025-11-04,13,2025-11-13,2025-11-15,Delayed,3296453,12,SUP535
O1869,P4499,2025-09-28,163,2025-10-01,2025-10-04,Delivered,1018495,163,SUP3055
O1870,P7485,2025-06-06,319,2025-06-15,2025-06-18,Pending,3014937,160,SUP6633
O1871,P6799,2026-05-09,437,2026-05-12,2026-05-14,Delayed,4155054,393,SUP946
O1872,P8309,2026-04-20,209,2026-04-23,2026-04-25,Delivered,2651807,209,SUP7872
O1873,P3352,2026-05-09,46,2026-05-15,2026-05-19,Delayed,1101566,41,SUP7756
O1874,P5745,2025-12-21,325,2025-12-27,2025-12-28,Delivered,4360487,325,
O1875,P3941,2026-03-31,272,2026-04-07,2026-04-09,Pending,4528771,136,
O1876,P3177,2025-09-07,72,2025-09-14,2025-09-15,Pending,33089,36,SUP2657
O1877,P2293,2026-01-14,349,2026-01-23,2026-01-28,Pending,4860863,174,SUP4059
O1878,P3768,2025-11-22,212,2025-11-27,2025-11-29,Pending,1520040,106,SUP5005
O1879,P6033,2025-09-22,199,2025-09-26,2025-09-30,Delayed,3564218,179,SUP1005
O1880,P2368,2025-07-27,480,2025-08-01,2025-08-01,Pending,550961,240,SUP4421
O1881,P667,2026-05-15,327,2026-05-20,2026-05-22,Delayed,1511737,294,SUP9973
O1882,P3152,2025-11-11,412,2025-11-16,2025-11-16,Pending,3508874,206,SUP4810
O1883,P7259,2025-09-06,91,2025-09-11,2025-09-14,Pending,960372,46,SUP4192
O1884,P6972,2025-11-26,456,2025-12-05,2025-12-07,Delayed,2864569,410,SUP5367
O1885,P5353,2025-06-17,275,2025-06-22,2025-06-26,Pending,605551,138,
O1886,P4485,2026-02-02,413,2026-02-10,2026-02-12,Delayed,2026702,372,
O1887,P9952,2026-02-21,480,2026-02-27,2026-02-28,Delayed,3118595,432,
O1888,P6687,2026-05-26,176,2026-05-31,2026-06-02,Delivered,2165505,176,SUP6207
O1889,P114,2026-03-20,362,2026-03-23,2026-03-26,Delayed,3536179,326,SUP4133
O1890,P914,2025-08-27,343,2025-09-02,2025-09-03,Delayed,151152,309,SUP1717
O1891,P4960,2026-03-03,368,2026-03-07,2026-03-10,Delivered,3488712,368,
O1892,P4135,2026-03-10,40,2026-03-19,2026-03-20,Pending,1189694,20,
O1893,P5085,2025-11-13,228,2025-11-20,2025-11-23,Pending,3559470,114,
O1894,P6498,2025-10-07,91,2025-10-13,2025-10-18,Pending,604893,46,SUP3587
O1895,P8489,2025-09-01,206,2025-09-07,2025-09-11,Delayed,1828271,185,
O1896,P9578,2025-08-04,272,2025-08-13,2025-08-13,Delayed,743294,245,
O1897,P9295,2026-04-25,361,2026-04-30,2026-05-02,Pending,2410089,180,
O1898,P2491,2025-12-12,164,2025-12-18,2025-12-20,Delayed,1976479,148,SUP4437
O1899,P9835,2025-08-11,269,2025-08-17,2025-08-21,Delivered,4044293,269,SUP3409
O1900,P1745,2026-04-15,464,2026-04-20,2026-04-20,Pending,869617,232,SUP7392
O1901,P2709,2025-06-23,358,2025-07-03,2025-07-04,Pending,3924587,179,
O1902,P3913,2025-11-09,224,2025-11-17,2025-11-17,Pending,1903085,112,SUP2362
O1903,P7031,2026-01-17,68,2026-01-25,2026-01-29,Pending,487712,34,SUP2467
O1904,P9919,2026-02-16,313,2026-02-26,2026-02-28,Pending,513397,156,SUP3197
O1905,P4609,2026-03-09,310,2026-03-14,2026-03-15,Delivered,3404613,310,
O1906,P5522,2025-07-16,11,2025-07-20,2025-07-23,Delayed,3311398,10,SUP401
O1907,P7536,2025-09-07,58,2025-09-16,2025-09-16,Delayed,911895,52,SUP2759
O1908,P2044,2026-02-20,153,2026-02-24,2026-02-28,Delivered,1541163,153,SUP3784
O1909,P8102,2025-10-14,317,2025-10-21,2025-10-21,Delayed,1595014,285,
O1910,P8827,2025-08-21,412,2025-08-29,2025-08-29,Delivered,3568821,412,
O1911,P3671,2025-10-29,20,2025-11-05,2025-11-07,Delayed,4651051,18,SUP6163
O1912,P1562,2025-07-20,398,2025-07-26,2025-07-29,Pending,1833365,199,SUP8113
O1913,P7629,2025-06-01,327,2025-06-11,2025-06-13,Delivered,2184345,327,SUP1466
O1914,P7589,2026-04-01,25,2026-04-06,2026-04-06,Pending,2941836,12,SUP9182
O1915,P63,2025-07-10,44,2025-07-17,2025-07-22,Pending,3472580,22,SUP2965
O1916,P1243,2026-01-31,310,2026-02-06,2026-02-09,Delivered,4721085,310,SUP3593
O1917,P5024,2026-01-20,85,2026-01-25,2026-01-28,Pending,4535092,42,SUP4305
O1918,P9762,2025-07-01,320,2025-07-04,2025-07-06,Delivered,1796454,320,
O1919,P1149,2025-12-03,240,2025-12-07,2025-12-12,Pending,1588010,120,SUP4008
O1920,P5615,2025-12-24,160,2025-12-30,2025-12-31,Delivered,4918072,160,SUP7476
O1921,P9946,2026-01-03,39,2026-01-07,2026-01-09,Delayed,2125388,35,SUP153
O1922,P5918,2026-03-07,67,2026-03-17,2026-03-19,Delayed,3067438,60,
O1923,P1525,2025-09-27,244,2025-10-01,2025-10-02,Delivered,4024388,244,
O1924,P9250,2026-04-19,490,2026-04-29,2026-05-04,Delayed,186623,441,SUP225
O1925,P3306,2025-06-03,55,2025-06-08,2025-06-12,Delayed,3940031,50,
O1926,P9322,2025-08-13,201,2025-08-16,2025-08-20,Pending,1954754,100,
O1927,P4439,2026-03-02,351,2026-03-09,2026-03-12,Pending,3033830,176,
O1928,P3817,2025-11-22,99,2025-11-27,2025-11-29,Pending,496714,50,
O1929,P4811,2025-12-10,23,2025-12-19,2025-12-23,Delayed,801515,21,
O1930,P8165,2026-05-16,123,2026-05-22,2026-05-24,Pending,3522358,62,SUP5067
O1931,P9654,2025-06-25,491,2025-07-04,2025-07-09,Delayed,2603860,442,
O1932,P3940,2026-01-18,52,2026-01-25,2026-01-28,Pending,260114,26,
O1933,P5366,2025-10-16,135,2025-10-21,2025-10-21,Delayed,659213,122,SUP8847
O1934,P5166,2026-02-13,227,2026-02-23,2026-02-28,Delayed,899901,204,SUP389
O1935,P1039,2026-03-10,153,2026-03-20,2026-03-21,Delivered,890766,153,
O1936,P7883,2026-05-06,28,2026-05-16,2026-05-20,Pending,1419164,14,SUP2172
O1937,P5341,2026-05-17,347,2026-05-21,2026-05-21,Pending,2853104,174,
O1938,P6385,2025-11-06,317,2025-11-10,2025-11-11,Pending,1676474,158,SUP1744
O1939,P7215,2026-04-27,106,2026-05-03,2026-05-06,Delayed,321156,95,SUP9944
O1940,P2460,2026-03-27,497,2026-04-02,2026-04-04,Delivered,2320040,497,
O1941,P4979,2025-10-27,449,2025-10-31,2025-10-31,Pending,3806127,224,SUP9339
O1942,P115,2026-04-12,166,2026-04-18,2026-04-21,Delivered,2702493,166,
O1943,P4448,2025-07-12,369,2025-07-19,2025-07-21,Pending,4626558,184,SUP9127
O1944,P2676,2025-12-24,364,2026-01-01,2026-01-03,Delayed,3987164,328,
O1945,P2214,2026-05-16,93,2026-05-20,2026-05-22,Pending,3404357,46,SUP9902
O1946,P2895,2026-02-22,34,2026-03-02,2026-03-06,Pending,1194996,17,
O1947,P928,2025-11-23,196,2025-11-30,2025-12-03,Delayed,1682522,176,
O1948,P4450,2026-02-21,140,2026-02-26,2026-03-01,Delivered,2491644,140,SUP5902
O1949,P9151,2025-11-11,347,2025-11-15,2025-11-17,Delayed,85121,312,
O1950,P9973,2025-06-20,151,2025-06-23,2025-06-27,Delayed,4176499,136,SUP2543
O1951,P9701,2026-02-16,486,2026-02-19,2026-02-19,Delivered,4645070,486,
O1952,P5225,2026-03-25,234,2026-03-28,2026-04-02,Delivered,93616,234,SUP1417
O1953,P666,2026-01-17,160,2026-01-24,2026-01-29,Delayed,4526233,144,SUP8106
O1954,P5145,2026-02-06,309,2026-02-13,2026-02-18,Delivered,659924,309,SUP1958
O1955,P6194,2026-03-18,30,2026-03-22,2026-03-26,Delivered,3843196,30,
O1956,P633,2025-12-20,256,2025-12-28,2025-12-31,Delivered,2873961,256,SUP299
O1957,P1369,2026-01-30,287,2026-02-03,2026-02-08,Delivered,1147426,287,SUP1085
O1958,P5683,2026-03-18,66,2026-03-25,2026-03-26,Delayed,3283204,59,SUP5008
O1959,P3296,2025-09-05,211,2025-09-13,2025-09-13,Delayed,1239385,190,SUP562
O1960,P7641,2026-03-07,17,2026-03-15,2026-03-16,Delivered,4016446,17,SUP4815
O1961,P9263,2025-07-19,269,2025-07-26,2025-07-28,Delayed,3202251,242,
O1962,P2388,2025-11-07,29,2025-11-14,2025-11-15,Delayed,108507,26,SUP859
O1963,P6445,2025-07-09,54,2025-07-12,2025-07-14,Delayed,2476658,49,SUP3622
O1964,P1393,2025-10-23,99,2025-11-02,2025-11-06,Pending,769883,50,SUP2736
O1965,P9715,2026-03-07,232,2026-03-12,2026-03-16,Delayed,983533,209,
O1966,P541,2025-09-16,316,2025-09-24,2025-09-24,Pending,2097388,158,SUP8218
O1967,P9532,2026-02-23,159,2026-02-27,2026-02-27,Delayed,4979721,143,SUP2173
O1968,P9570,2025-07-03,500,2025-07-06,2025-07-07,Pending,2243623,250,SUP4644
O1969,P4426,2026-01-29,445,2026-02-01,2026-02-06,Pending,3491337,222,
O1970,P6346,2025-08-11,304,2025-08-20,2025-08-22,Delivered,2812296,304,
O1971,P2448,2025-09-02,42,2025-09-12,2025-09-13,Pending,1266687,21,
O1972,P7112,2025-05-30,245,2025-06-03,2025-06-06,Delayed,2401686,220,SUP1488
O1973,P4959,2026-05-13,99,2026-05-22,2026-05-22,Delivered,1554075,99,
O1974,P8319,2025-07-20,226,2025-07-28,2025-07-30,Delivered,3924542,226,
O1975,P8420,2026-04-13,283,2026-04-21,2026-04-24,Delayed,2894288,255,
O1976,P4374,2025-09-16,41,2025-09-19,2025-09-19,Delayed,641243,37,
O1977,P4609,2025-11-25,10,2025-12-04,2025-12-08,Delivered,2142071,10,
O1978,P1117,2026-04-09,379,2026-04-14,2026-04-14,Delayed,3263945,341,SUP3660
O1979,P1004,2025-12-09,245,2025-12-14,2025-12-18,Delayed,881830,220,SUP1978
O1980,P4154,2025-07-01,285,2025-07-06,2025-07-09,Delivered,3723289,285,SUP2720
O1981,P4387,2025-06-02,64,2025-06-10,2025-06-14,Pending,3520724,32,SUP9611
O1982,P387,2025-08-16,445,2025-08-24,2025-08-25,Delayed,1682907,400,SUP575
O1983,P9369,2025-07-06,158,2025-07-16,2025-07-16,Pending,1198437,79,SUP3774
O1984,P2849,2025-06-29,11,2025-07-05,2025-07-06,Delayed,1918630,10,SUP1684
O1985,P9909,2025-11-18,409,2025-11-27,2025-11-27,Delivered,4414604,409,SUP432
O1986,P2438,2025-05-30,192,2025-06-07,2025-06-09,Delayed,4494531,173,
O1987,P1039,2025-11-15,478,2025-11-22,2025-11-24,Pending,958044,239,
O1988,P2862,2025-07-20,179,2025-07-30,2025-07-30,Pending,4275670,90,
O1989,P3859,2025-11-06,391,2025-11-11,2025-11-12,Delivered,2947574,391,SUP2575
O1990,P5835,2025-10-24,20,2025-11-01,2025-11-01,Delivered,3739516,20,
O1991,P4003,2025-08-08,486,2025-08-17,2025-08-20,Pending,3500178,243,SUP4070
O1992,P1297,2026-04-21,481,2026-04-25,2026-04-25,Delayed,4278038,433,SUP3975
O1993,P349,2026-04-22,282,2026-04-27,2026-04-28,Pending,615424,141,
O1994,P2405,2026-01-29,290,2026-02-08,2026-02-11,Delivered,2124616,290,SUP9937
O1995,P7225,2025-09-17,297,2025-09-27,2025-10-02,Delayed,3921149,267,SUP9338
O1996,P9773,2025-08-18,292,2025-08-21,2025-08-23,Pending,3699128,146,
O1997,P6525,2025-08-26,113,2025-08-31,2025-09-02,Pending,4268170,56,SUP6109
O1998,P7135,2026-01-11,366,2026-01-18,2026-01-18,Pending,2381204,183,
O1999,P1705,2025-07-10,79,2025-07-15,2025-07-17,Delivered,2523131,79,SUP702
O2000,P6500,2025-07-09,110,2025-07-13,2025-07-18,Delivered,1820787,110,SUP7109
O2001,P4330,2025-07-24,138,2025-07-29,2025-07-29,Delivered,3944375,138,
O2002,P6019,2025-11-15,176,2025-11-18,2025-11-18,Pending,4306094,88,SUP1681
O2003,P7592,2025-10-02,273,2025-10-11,2025-10-13,Pending,1849559,136,
O2004,P257,2025-09-06,131,2025-09-16,2025-09-20,Pending,4684351,66,SUP1872
O2005,P3214,2026-02-25,218,2026-02-28,2026-03-04,Pending,3682437,109,
O2006,P721,2025-09-16,158,2025-09-25,2025-09-27,Delivered,1829866,158,SUP1651
O2007,P2105,2025-08-04,99,2025-08-11,2025-08-11,Pending,256338,50,SUP3728
O2008,P9314,2026-05-07,147,2026-05-11,2026-05-11,Delayed,4850111,132,SUP1413
O2009,P5417,2025-09-24,373,2025-10-02,2025-10-04,Delayed,2721051,336,
O2010,P265,2025-11-07,146,2025-11-12,2025-11-15,Delayed,401622,131,
O2011,P4157,2025-11-06,327,2025-11-16,2025-11-16,Delivered,3017230,327,SUP4487
O2012,P8728,2025-08-02,323,2025-08-09,2025-08-09,Delayed,240759,291,SUP93
O2013,P6730,2026-01-19,21,2026-01-29,2026-01-30,Delivered,207225,21,SUP3765
O2014,P1178,2026-03-29,469,2026-04-05,2026-04-10,Delivered,4191951,469,SUP2393
O2015,P885,2026-04-25,15,2026-05-05,2026-05-07,Delayed,1783662,14,SUP3496
O2016,P3179,2026-01-08,95,2026-01-18,2026-01-23,Delayed,4887576,86,SUP1544
O2017,P5879,2025-07-21,449,2025-07-31,2025-08-03,Delayed,4207032,404,SUP3151
O2018,P1332,2025-09-25,147,2025-10-04,2025-10-06,Delayed,4675007,132,
O2019,P7484,2026-04-19,284,2026-04-25,2026-04-26,Delayed,2928343,256,SUP574
O2020,P3294,2025-12-31,320,2026-01-03,2026-01-08,Delivered,3988842,320,
O2021,P5739,2026-05-28,48,2026-05-31,2026-06-02,Pending,2946263,24,SUP2448
O2022,P5948,2025-06-05,60,2025-06-10,2025-06-12,Pending,3741684,30,SUP5193
O2023,P3683,2026-04-30,455,2026-05-10,2026-05-10,Delivered,1775658,455,
O2024,P6196,2025-07-26,441,2025-08-02,2025-08-06,Pending,1948971,220,SUP1546
O2025,P4623,2025-09-02,410,2025-09-12,2025-09-13,Delivered,2290395,410,SUP4801
O2026,P5826,2025-06-19,296,2025-06-24,2025-06-26,Pending,2720436,148,
O2027,P672,2025-08-12,59,2025-08-22,2025-08-23,Delivered,1936214,59,SUP5225
O2028,P6246,2025-12-16,19,2025-12-21,2025-12-25,Pending,1408931,10,
O2029,P2346,2025-09-07,31,2025-09-17,2025-09-19,Delayed,1541350,28,SUP8294
O2030,P3240,2025-11-16,340,2025-11-19,2025-11-23,Delayed,2170830,306,
O2031,P128,2025-09-04,293,2025-09-11,2025-09-15,Delivered,3635297,293,SUP2813
O2032,P5890,2025-08-15,416,2025-08-19,2025-08-21,Delayed,425179,374,
O2033,P4279,2026-05-11,145,2026-05-17,2026-05-18,Delayed,2088012,130,
O2034,P5267,2026-04-20,121,2026-04-25,2026-04-25,Delayed,4922186,109,
O2035,P2786,2025-06-03,402,2025-06-06,2025-06-08,Pending,147614,201,SUP930
O2036,P29,2025-09-18,34,2025-09-27,2025-10-01,Delivered,3386433,34,
O2037,P4685,2025-06-08,276,2025-06-11,2025-06-14,Pending,3969062,138,SUP7596
O2038,P2006,2026-01-24,335,2026-01-29,2026-02-03,Pending,3750453,168,
O2039,P6983,2025-11-29,407,2025-12-09,2025-12-12,Pending,4030890,204,
O2040,P2707,2026-05-21,74,2026-05-27,2026-05-29,Delayed,2134741,67,SUP5235
O2041,P4604,2026-02-26,27,2026-03-04,2026-03-07,Delivered,2485684,27,SUP3670
O2042,P799,2025-06-28,351,2025-07-08,2025-07-12,Delivered,2251477,351,SUP587
O2043,P6892,2025-09-03,182,2025-09-10,2025-09-14,Delayed,851003,164,
O2044,P2335,2025-09-21,181,2025-09-27,2025-09-28,Delayed,1665960,163,SUP3158
O2045,P952,2026-03-11,411,2026-03-20,2026-03-25,Pending,1719859,206,SUP807
O2046,P9557,2025-09-06,353,2025-09-12,2025-09-15,Delayed,2242489,318,
O2047,P3403,2025-06-25,292,2025-07-05,2025-07-08,Delayed,1342511,263,SUP1004
O2048,P5913,2026-03-27,163,2026-04-04,2026-04-06,Pending,4736426,82,SUP4187
O2049,P2722,2025-06-28,178,2025-07-08,2025-07-08,Delivered,1037188,178,
O2050,P381,2025-11-08,208,2025-11-15,2025-11-18,Delivered,1918694,208,SUP9504
O2051,P9920,2025-11-18,405,2025-11-27,2025-11-30,Pending,2568901,202,
O2052,P4714,2026-01-28,96,2026-01-31,2026-02-03,Pending,464522,48,SUP6416
O2053,P5796,2026-03-12,158,2026-03-21,2026-03-26,Pending,520822,79,
O2054,P335,2025-12-16,172,2025-12-26,2025-12-26,Delivered,4449065,172,SUP7100
O2055,P6493,2025-12-11,137,2025-12-17,2025-12-21,Pending,4248101,68,
O2056,P6589,2025-12-05,470,2025-12-12,2025-12-13,Pending,2915051,235,SUP5270
O2057,P2143,2025-07-16,159,2025-07-22,2025-07-23,Pending,2414582,80,
O2058,P4179,2025-08-06,417,2025-08-12,2025-08-16,Delayed,4001582,375,
O2059,P2309,2025-06-02,104,2025-06-11,2025-06-11,Pending,590972,52,SUP5556
O2060,P6031,2025-07-22,374,2025-08-01,2025-08-02,Pending,3975704,187,
O2061,P6516,2026-04-13,384,2026-04-22,2026-04-25,Pending,4998999,192,
O2062,P9859,2025-11-27,462,2025-11-30,2025-12-02,Delayed,658184,416,SUP268
O2063,P8481,2026-05-15,191,2026-05-19,2026-05-20,Delayed,25025,172,SUP5384
O2064,P9490,2026-02-14,221,2026-02-22,2026-02-26,Delayed,2081439,199,SUP1476
O2065,P5533,2026-04-24,490,2026-04-28,2026-05-03,Delayed,3197592,441,
O2066,P3655,2025-09-08,77,2025-09-12,2025-09-17,Pending,4600271,38,SUP5458
O2067,P5283,2026-05-14,56,2026-05-20,2026-05-20,Delayed,1207461,50,SUP757
O2068,P9630,2025-11-12,226,2025-11-20,2025-11-23,Delivered,1511654,226,
O2069,P2057,2026-04-19,445,2026-04-29,2026-05-03,Delivered,4578692,445,
O2070,P3225,2026-01-03,500,2026-01-06,2026-01-06,Delayed,3264468,450,SUP3652
O2071,P5266,2026-04-28,181,2026-05-02,2026-05-04,Delayed,1263634,163,SUP4556
O2072,P8103,2026-05-28,345,2026-06-02,2026-06-06,Pending,4097326,172,SUP5003
O2073,P9746,2026-02-22,311,2026-03-01,2026-03-04,Pending,2277904,156,SUP1653
O2074,P6138,2025-07-12,223,2025-07-22,2025-07-26,Delivered,3732061,223,
O2075,P69,2025-11-03,420,2025-11-07,2025-11-08,Pending,4234689,210,SUP51
O2076,P3844,2025-10-13,359,2025-10-20,2025-10-23,Pending,3837108,180,SUP2611
O2077,P4072,2026-03-10,33,2026-03-16,2026-03-17,Delivered,4084623,33,SUP2051
O2078,P7320,2025-07-08,369,2025-07-16,2025-07-20,Delivered,4113811,369,SUP714
O2079,P868,2026-01-06,310,2026-01-10,2026-01-13,Delivered,4020182,310,SUP2156
O2080,P4355,2025-09-30,29,2025-10-05,2025-10-06,Delivered,3200100,29,SUP7126
O2081,P7021,2026-03-11,449,2026-03-14,2026-03-16,Delayed,4835140,404,
O2082,P7655,2025-09-02,170,2025-09-09,2025-09-14,Delayed,1232274,153,SUP2340
O2083,P2420,2026-05-18,176,2026-05-24,2026-05-26,Pending,1660630,88,SUP7808
O2084,P6052,2025-06-13,240,2025-06-18,2025-06-18,Delivered,1568527,240,SUP8670
O2085,P1561,2025-11-15,228,2025-11-21,2025-11-23,Delivered,474971,228,
O2086,P6472,2026-01-23,373,2026-02-02,2026-02-04,Delivered,1493426,373,
O2087,P7523,2025-10-27,428,2025-11-02,2025-11-05,Pending,1603613,214,
O2088,P9628,2026-04-02,410,2026-04-07,2026-04-11,Delivered,4825277,410,SUP5885
O2089,P7017,2026-01-14,236,2026-01-17,2026-01-17,Pending,1713015,118,
O2090,P4855,2025-09-03,427,2025-09-12,2025-09-12,Delivered,2152318,427,SUP7294
O2091,P2149,2025-10-11,76,2025-10-20,2025-10-25,Delivered,4083429,76,
O2092,P4578,2025-06-08,64,2025-06-15,2025-06-18,Pending,192310,32,
O2093,P7673,2025-11-24,236,2025-11-30,2025-12-02,Pending,2160794,118,SUP7454
O2094,P9371,2025-06-19,258,2025-06-23,2025-06-24,Delivered,2071873,258,SUP420
O2095,P5817,2025-10-08,318,2025-10-16,2025-10-17,Delayed,1798338,286,
O2096,P1275,2025-08-09,137,2025-08-12,2025-08-14,Delivered,3260004,137,SUP6356
O2097,P1883,2026-05-02,220,2026-05-07,2026-05-08,Pending,767700,110,SUP251
O2098,P5643,2025-11-06,313,2025-11-15,2025-11-20,Delayed,760895,282,SUP1411
O2099,P5901,2026-02-12,344,2026-02-19,2026-02-22,Pending,3710141,172,
O2100,P516,2025-09-25,156,2025-10-01,2025-10-04,Delayed,4885846,140,SUP3506
O2101,P9395,2026-03-09,185,2026-03-12,2026-03-13,Delayed,4482573,166,
O2102,P1176,2026-05-11,108,2026-05-15,2026-05-20,Delivered,2721964,108,SUP8332
O2103,P9934,2026-01-03,61,2026-01-11,2026-01-11,Delayed,4409813,55,
O2104,P1477,2025-09-15,243,2025-09-21,2025-09-23,Delivered,4644789,243,
O2105,P5804,2026-04-16,491,2026-04-23,2026-04-24,Pending,415176,246,
O2106,P4630,2025-11-03,190,2025-11-06,2025-11-07,Delayed,402694,171,
O2107,P2062,2026-03-05,480,2026-03-14,2026-03-15,Delivered,910143,480,
O2108,P9142,2026-04-27,110,2026-05-05,2026-05-08,Delivered,4460272,110,SUP9243
O2109,P1909,2026-05-01,302,2026-05-10,2026-05-14,Delivered,200828,302,
O2110,P4067,2026-03-16,294,2026-03-24,2026-03-29,Delivered,4948678,294,
O2111,P5090,2025-12-06,421,2025-12-10,2025-12-10,Delayed,3782718,379,SUP3892
O2112,P6126,2026-05-18,118,2026-05-27,2026-05-28,Delayed,129368,106,SUP1679
O2113,P3917,2026-01-14,369,2026-01-20,2026-01-24,Pending,135000,184,
O2114,P8242,2025-09-02,456,2025-09-11,2025-09-13,Delayed,1579070,410,SUP451
O2115,P2396,2025-12-13,18,2025-12-21,2025-12-22,Delivered,1185537,18,
O2116,P5236,2026-02-04,314,2026-02-09,2026-02-12,Delayed,902205,283,SUP1115
O2117,P7419,2025-10-23,231,2025-11-02,2025-11-05,Delivered,4789948,231,SUP8346
O2118,P2837,2025-12-18,480,2025-12-26,2025-12-31,Delivered,4465284,480,SUP5489
O2119,P5802,2026-05-21,165,2026-05-31,2026-06-04,Delayed,1057033,148,
O2120,P7629,2026-02-13,369,2026-02-16,2026-02-21,Delayed,3228317,332,SUP1466
O2121,P4238,2025-06-24,114,2025-07-04,2025-07-08,Delivered,3714352,114,SUP8689
O2122,P1400,2026-01-04,117,2026-01-13,2026-01-13,Pending,3416331,58,
O2123,P6825,2025-07-10,446,2025-07-14,2025-07-19,Delayed,149042,401,
O2124,P4020,2026-01-26,95,2026-01-29,2026-02-02,Pending,1663725,48,SUP9063
O2125,P4264,2025-09-05,73,2025-09-11,2025-09-14,Delivered,1504760,73,SUP6245
O2126,P6616,2026-01-05,166,2026-01-09,2026-01-12,Pending,4820921,83,
O2127,P5789,2025-11-17,260,2025-11-24,2025-11-28,Delivered,4996765,260,SUP3596
O2128,P4595,2025-08-12,398,2025-08-19,2025-08-23,Delayed,4411277,358,SUP7978
O2129,P8067,2025-06-30,40,2025-07-10,2025-07-11,Delayed,2664291,36,SUP7306
O2130,P7570,2025-07-07,196,2025-07-11,2025-07-16,Pending,4733372,98,SUP8622
O2131,P8899,2026-03-15,245,2026-03-20,2026-03-24,Delivered,4419291,245,SUP6684
O2132,P5722,2025-06-09,129,2025-06-19,2025-06-19,Pending,4374414,64,SUP1083
O2133,P5709,2026-03-27,362,2026-04-06,2026-04-06,Delivered,3777621,362,SUP121
O2134,P2882,2025-06-11,440,2025-06-19,2025-06-20,Pending,4419833,220,SUP698
O2135,P1390,2026-03-11,62,2026-03-16,2026-03-16,Delivered,4123306,62,SUP1847
O2136,P6896,2025-07-27,191,2025-08-05,2025-08-09,Pending,2248637,96,
O2137,P8372,2025-09-10,41,2025-09-18,2025-09-19,Pending,2128649,20,
O2138,P867,2025-07-16,136,2025-07-20,2025-07-23,Pending,3360282,68,
O2139,P1828,2026-03-10,429,2026-03-18,2026-03-18,Pending,2507488,214,SUP2950
O2140,P8270,2026-02-09,306,2026-02-13,2026-02-14,Pending,2572983,153,SUP7252
O2141,P4086,2026-02-21,157,2026-03-01,2026-03-03,Delayed,3919314,141,
O2142,P8341,2025-11-11,383,2025-11-16,2025-11-21,Delivered,3085932,383,
O2143,P3628,2025-11-04,49,2025-11-07,2025-11-11,Delayed,1041395,44,SUP5533
O2144,P2070,2025-10-11,50,2025-10-15,2025-10-20,Pending,3894406,25,SUP2376
O2145,P6193,2026-05-12,253,2026-05-18,2026-05-22,Pending,192593,126,
O2146,P8290,2026-02-09,421,2026-02-15,2026-02-19,Pending,2918311,210,
O2147,P7889,2026-04-16,244,2026-04-20,2026-04-25,Delayed,1332963,220,
O2148,P837,2025-12-31,265,2026-01-03,2026-01-08,Delayed,3321987,238,
O2149,P5737,2025-09-29,353,2025-10-04,2025-10-04,Delivered,2991111,353,SUP979
O2150,P8094,2025-08-20,18,2025-08-27,2025-08-30,Delayed,3394412,16,SUP1518
O2151,P9606,2025-09-30,254,2025-10-10,2025-10-13,Pending,2294536,127,
O2152,P5504,2025-06-14,283,2025-06-22,2025-06-26,Delayed,1665813,255,
O2153,P3404,2026-03-31,281,2026-04-09,2026-04-10,Delivered,3151821,281,
O2154,P8772,2025-11-28,252,2025-12-05,2025-12-05,Delivered,628115,252,SUP9760
O2155,P7810,2025-06-03,280,2025-06-13,2025-06-18,Pending,940513,140,SUP3384
O2156,P2767,2026-02-26,429,2026-03-03,2026-03-05,Pending,299057,214,SUP359
O2157,P1506,2026-01-11,112,2026-01-16,2026-01-21,Delivered,1195871,112,SUP1969
O2158,P9709,2025-12-26,166,2025-12-29,2025-12-30,Delayed,1450602,149,SUP7638
O2159,P4790,2026-02-19,303,2026-02-25,2026-03-02,Delayed,1206759,273,SUP9175
O2160,P2270,2025-08-13,263,2025-08-22,2025-08-25,Pending,2026404,132,
O2161,P158,2026-05-12,423,2026-05-15,2026-05-20,Delayed,839308,381,SUP9886
O2162,P8258,2026-04-21,279,2026-04-24,2026-04-24,Pending,1121350,140,SUP463
O2163,P6729,2026-01-03,83,2026-01-07,2026-01-12,Delivered,4196711,83,SUP9601
O2164,P9498,2025-11-04,27,2025-11-10,2025-11-11,Delayed,206741,24,SUP406
O2165,P6814,2025-12-13,51,2025-12-18,2025-12-18,Delivered,2174461,51,SUP9087
O2166,P3425,2025-11-07,403,2025-11-11,2025-11-16,Pending,4348385,202,SUP718
O2167,P3918,2025-12-17,14,2025-12-25,2025-12-25,Delivered,4252275,14,SUP4717
O2168,P323,2026-04-27,341,2026-05-06,2026-05-08,Delayed,4374482,307,
O2169,P6815,2026-02-05,496,2026-02-09,2026-02-14,Delivered,2853013,496,
O2170,P4353,2025-06-22,126,2025-07-01,2025-07-06,Pending,327137,63,SUP9436
O2171,P3654,2026-05-01,437,2026-05-11,2026-05-15,Delivered,1224303,437,SUP5734
O2172,P8779,2025-07-28,500,2025-08-05,2025-08-05,Pending,1390108,250,SUP5035
O2173,P2177,2026-03-08,119,2026-03-13,2026-03-17,Delayed,1702788,107,SUP5804
O2174,P3733,2025-08-25,401,2025-08-30,2025-08-31,Delayed,2314186,361,SUP8391
O2175,P1119,2025-08-05,449,2025-08-15,2025-08-17,Pending,685328,224,SUP473
O2176,P5577,2026-01-05,486,2026-01-11,2026-01-11,Delivered,2160235,486,SUP8188
O2177,P6294,2026-02-20,177,2026-02-27,2026-03-04,Delayed,170747,159,
O2178,P7760,2026-04-22,94,2026-04-27,2026-04-27,Delayed,607987,85,SUP7784
O2179,P9329,2025-12-02,214,2025-12-11,2025-12-15,Pending,4273671,107,SUP167
O2180,P2359,2026-01-16,259,2026-01-20,2026-01-22,Delivered,3067620,259,SUP3388
O2181,P1038,2025-09-20,98,2025-09-29,2025-09-29,Delivered,3175190,98,
O2182,P9835,2025-06-09,16,2025-06-19,2025-06-23,Delayed,4374316,14,SUP3409
O2183,P8855,2025-09-11,392,2025-09-20,2025-09-24,Pending,3031122,196,SUP1229
O2184,P2821,2026-02-22,271,2026-02-26,2026-03-02,Delivered,3554597,271,
O2185,P5810,2026-04-11,209,2026-04-21,2026-04-22,Delivered,3375419,209,
O2186,P2713,2025-07-26,358,2025-08-04,2025-08-08,Delayed,1651167,322,SUP4752
O2187,P7999,2025-07-22,462,2025-07-30,2025-08-04,Delayed,3294153,416,SUP786
O2188,P5540,2026-01-24,325,2026-01-31,2026-01-31,Delayed,418909,292,SUP4220
O2189,P1275,2026-01-11,384,2026-01-18,2026-01-19,Delivered,4937332,384,SUP6356
O2190,P72,2025-07-21,315,2025-07-27,2025-08-01,Pending,1288491,158,SUP195
O2191,P440,2025-07-06,461,2025-07-12,2025-07-13,Delivered,1590022,461,SUP1834
O2192,P5400,2025-10-06,178,2025-10-10,2025-10-12,Pending,2063106,89,SUP1405
O2193,P4704,2026-03-11,247,2026-03-16,2026-03-19,Delayed,579990,222,
O2194,P470,2026-05-04,342,2026-05-09,2026-05-11,Pending,1382564,171,SUP7793
O2195,P6810,2025-12-18,219,2025-12-22,2025-12-25,Delayed,1417377,197,
O2196,P8621,2026-04-15,94,2026-04-21,2026-04-23,Pending,1451199,47,SUP3054
O2197,P4701,2026-01-10,284,2026-01-15,2026-01-20,Pending,2891035,142,SUP957
O2198,P6427,2025-08-29,328,2025-09-03,2025-09-03,Delayed,2375986,295,SUP1305
O2199,P6752,2025-10-27,10,2025-11-03,2025-11-06,Pending,1804648,5,
O2200,P9148,2025-07-25,448,2025-07-31,2025-08-04,Delayed,3948217,403,SUP7949
O2201,P8086,2025-07-17,253,2025-07-21,2025-07-25,Delivered,2729697,253,
O2202,P8463,2025-06-19,301,2025-06-24,2025-06-26,Delivered,2861096,301,
O2203,P9787,2026-04-06,344,2026-04-12,2026-04-13,Pending,957211,172,
O2204,P2784,2025-06-20,245,2025-06-23,2025-06-28,Delivered,4106753,245,SUP2436
O2205,P8302,2026-05-12,459,2026-05-21,2026-05-21,Pending,2177056,230,SUP2988
O2206,P3924,2025-10-27,421,2025-11-05,2025-11-07,Delayed,4961275,379,
O2207,P1735,2026-02-02,203,2026-02-10,2026-02-14,Delayed,4474388,183,SUP6285
O2208,P7969,2026-04-10,345,2026-04-17,2026-04-21,Delivered,3462920,345,SUP3414
O2209,P9325,2025-07-21,362,2025-07-28,2025-08-02,Pending,3013834,181,
O2210,P7934,2025-11-27,441,2025-12-06,2025-12-10,Pending,3046401,220,SUP2322
O2211,P7560,2026-05-23,40,2026-05-29,2026-06-01,Delayed,685717,36,SUP4130
O2212,P9062,2026-05-26,283,2026-06-05,2026-06-10,Delivered,3018571,283,
O2213,P9255,2026-05-16,85,2026-05-22,2026-05-25,Delivered,2374231,85,
O2214,P2004,2025-09-21,422,2025-09-26,2025-09-28,Delivered,557486,422,SUP877
O2215,P9284,2025-06-14,273,2025-06-21,2025-06-22,Delivered,3771211,273,
O2216,P9294,2025-10-05,467,2025-10-10,2025-10-13,Delivered,544082,467,
O2217,P3529,2025-08-01,44,2025-08-11,2025-08-13,Delivered,574549,44,
O2218,P3615,2026-03-22,390,2026-03-31,2026-04-04,Delivered,1920540,390,SUP4307
O2219,P3925,2026-02-20,110,2026-02-25,2026-03-01,Delayed,2845402,99,
O2220,P7750,2025-07-10,425,2025-07-17,2025-07-18,Delivered,1407602,425,SUP830
O2221,P8033,2025-08-12,244,2025-08-19,2025-08-19,Pending,4223928,122,
O2222,P5093,2026-03-17,392,2026-03-22,2026-03-27,Pending,1118623,196,
O2223,P198,2026-01-29,139,2026-02-01,2026-02-01,Delayed,4428924,125,
O2224,P3127,2026-02-15,90,2026-02-22,2026-02-24,Delayed,342666,81,
O2225,P6696,2026-04-29,449,2026-05-02,2026-05-06,Delivered,2779580,449,SUP4472
O2226,P5199,2025-10-06,106,2025-10-10,2025-10-11,Delivered,4553833,106,SUP6471
O2227,P4642,2025-10-28,367,2025-11-03,2025-11-04,Delivered,4345393,367,SUP9585
O2228,P656,2026-02-22,171,2026-02-28,2026-02-28,Delayed,2790190,154,
O2229,P9454,2025-12-24,192,2026-01-02,2026-01-04,Pending,1879057,96,SUP2666
O2230,P1867,2026-02-21,487,2026-02-25,2026-02-28,Delivered,4923983,487,SUP4152
O2231,P8785,2025-11-08,193,2025-11-13,2025-11-15,Delivered,889457,193,
O2232,P8620,2026-05-05,258,2026-05-14,2026-05-16,Pending,634079,129,
O2233,P6009,2026-04-20,169,2026-04-24,2026-04-24,Delivered,1081023,169,SUP4943
O2234,P6484,2026-04-02,422,2026-04-06,2026-04-11,Delivered,1223552,422,SUP2041
O2235,P2027,2025-06-08,270,2025-06-16,2025-06-18,Delayed,1896973,243,
O2236,P3648,2025-06-14,447,2025-06-18,2025-06-22,Delivered,2462049,447,SUP2883
O2237,P5002,2025-10-14,158,2025-10-23,2025-10-24,Pending,3581311,79,
O2238,P6821,2026-02-22,369,2026-02-28,2026-03-05,Delivered,1534169,369,SUP9187
O2239,P826,2026-01-21,184,2026-01-30,2026-02-01,Pending,1316163,92,SUP970
O2240,P8107,2026-03-11,153,2026-03-21,2026-03-23,Pending,989019,76,SUP3446
O2241,P1781,2025-08-04,419,2025-08-08,2025-08-12,Delivered,706135,419,
O2242,P8915,2025-08-24,403,2025-08-30,2025-09-04,Delivered,3744219,403,SUP7364
O2243,P2648,2025-09-16,160,2025-09-26,2025-09-30,Pending,3375927,80,SUP2596
O2244,P7566,2025-10-04,487,2025-10-11,2025-10-11,Pending,3922333,244,SUP9885
O2245,P2637,2026-01-09,382,2026-01-19,2026-01-19,Pending,3159982,191,SUP4085
O2246,P9108,2025-12-26,437,2025-12-31,2026-01-03,Delayed,1764092,393,
O2247,P645,2026-01-05,216,2026-01-09,2026-01-10,Pending,2004148,108,SUP1494
O2248,P9983,2025-07-18,232,2025-07-26,2025-07-30,Delayed,1486552,209,SUP4391
O2249,P36,2025-10-06,191,2025-10-12,2025-10-14,Delayed,607035,172,SUP6674
O2250,P1799,2025-10-26,390,2025-11-04,2025-11-08,Pending,3087924,195,SUP4162
O2251,P7055,2026-05-04,441,2026-05-11,2026-05-11,Pending,1212527,220,SUP5460
O2252,P708,2025-10-12,354,2025-10-17,2025-10-20,Delayed,1542888,319,SUP5592
O2253,P9767,2026-01-07,165,2026-01-10,2026-01-10,Delayed,4368139,148,SUP6774
O2254,P1992,2026-03-24,267,2026-03-27,2026-03-30,Delayed,4364205,240,SUP1905
O2255,P9319,2025-12-04,190,2025-12-07,2025-12-07,Delayed,3051504,171,SUP3404
O2256,P7706,2026-03-29,58,2026-04-05,2026-04-10,Pending,669168,29,SUP9619
O2257,P3064,2025-09-25,321,2025-10-05,2025-10-09,Pending,2494715,160,SUP4261
O2258,P9881,2025-08-20,412,2025-08-28,2025-09-02,Delayed,465415,371,SUP8200
O2259,P236,2025-12-06,456,2025-12-09,2025-12-12,Delivered,4618558,456,SUP8129
O2260,P6250,2026-01-11,186,2026-01-15,2026-01-20,Delivered,4591600,186,
O2261,P2639,2025-07-21,226,2025-07-27,2025-08-01,Pending,998275,113,SUP3872
O2262,P9729,2025-12-21,206,2025-12-27,2025-12-31,Delayed,731647,185,
O2263,P8014,2026-05-15,239,2026-05-20,2026-05-24,Delivered,3977320,239,SUP8189
O2264,P6536,2025-11-16,347,2025-11-20,2025-11-22,Pending,2518498,174,SUP104
O2265,P787,2025-06-18,88,2025-06-21,2025-06-26,Delayed,641442,79,SUP644
O2266,P8893,2025-07-27,160,2025-07-30,2025-08-03,Delayed,4552168,144,
O2267,P9512,2026-02-11,194,2026-02-15,2026-02-18,Delayed,4137962,175,
O2268,P7786,2026-03-04,10,2026-03-07,2026-03-12,Delivered,1114246,10,
O2269,P1946,2025-11-18,448,2025-11-28,2025-12-01,Pending,2483138,224,
O2270,P6040,2026-03-01,24,2026-03-07,2026-03-08,Delivered,3572231,24,SUP1017
O2271,P6526,2025-09-17,166,2025-09-24,2025-09-28,Delayed,1228912,149,SUP7834
O2272,P6708,2025-12-06,198,2025-12-13,2025-12-14,Delivered,4732400,198,SUP5983
O2273,P2297,2026-04-21,361,2026-04-29,2026-04-29,Delivered,4222514,361,
O2274,P1504,2026-04-12,172,2026-04-20,2026-04-25,Delivered,1725726,172,SUP2568
O2275,P1662,2026-01-23,184,2026-02-02,2026-02-04,Delivered,4406173,184,
O2276,P2394,2026-05-26,61,2026-06-05,2026-06-09,Pending,4926885,30,SUP8973
O2277,P571,2025-12-14,11,2025-12-22,2025-12-24,Delayed,3327388,10,
O2278,P8146,2025-06-28,407,2025-07-07,2025-07-10,Delayed,92554,366,SUP5620
O2279,P9406,2025-10-20,113,2025-10-28,2025-10-30,Delivered,4094384,113,
O2280,P2763,2025-07-13,54,2025-07-16,2025-07-21,Pending,383190,27,SUP6286
O2281,P983,2025-12-09,49,2025-12-19,2025-12-19,Delivered,2036038,49,
O2282,P7750,2025-08-24,131,2025-08-28,2025-08-28,Delayed,4618511,118,SUP830
O2283,P1061,2025-11-29,179,2025-12-03,2025-12-03,Pending,4403226,90,
O2284,P9455,2025-11-06,231,2025-11-12,2025-11-16,Delayed,1521030,208,SUP3327
O2285,P7206,2026-05-12,490,2026-05-16,2026-05-21,Delivered,1724398,490,SUP1835
O2286,P8516,2025-07-22,465,2025-08-01,2025-08-04,Pending,2633837,232,SUP8956
O2287,P4389,2025-11-02,444,2025-11-12,2025-11-15,Delayed,3543128,400,SUP9785
O2288,P7382,2026-01-11,116,2026-01-21,2026-01-24,Delivered,1540119,116,
O2289,P3073,2025-10-20,402,2025-10-27,2025-10-29,Delayed,4582037,362,
O2290,P2504,2025-08-13,156,2025-08-18,2025-08-19,Delayed,2639423,140,SUP5406
O2291,P4875,2025-06-13,363,2025-06-22,2025-06-27,Pending,1974676,182,
O2292,P4239,2025-10-09,470,2025-10-15,2025-10-18,Delayed,4278946,423,SUP7918
O2293,P2579,2025-08-09,367,2025-08-17,2025-08-17,Delayed,1371827,330,SUP5488
O2294,P9031,2025-11-28,263,2025-12-02,2025-12-02,Delayed,1109656,237,
O2295,P7312,2025-07-27,399,2025-08-03,2025-08-08,Pending,1086467,200,
O2296,P2664,2025-07-21,38,2025-07-28,2025-07-28,Delayed,350386,34,SUP2121
O2297,P7963,2026-01-27,442,2026-02-05,2026-02-05,Pending,4408464,221,SUP7982
O2298,P5781,2026-03-23,106,2026-03-29,2026-04-02,Delivered,4995536,106,SUP8626
O2299,P8607,2026-05-06,441,2026-05-10,2026-05-13,Delayed,3221211,397,SUP2734
O2300,P3099,2026-03-15,93,2026-03-21,2026-03-23,Delayed,4181234,84,SUP6873
O2301,P4761,2026-03-22,486,2026-03-26,2026-03-26,Pending,2176391,243,SUP733
O2302,P7387,2025-07-17,324,2025-07-24,2025-07-27,Delayed,20837,292,SUP809
O2303,P4846,2026-05-14,231,2026-05-18,2026-05-22,Delivered,875879,231,SUP8369
O2304,P9241,2026-05-05,163,2026-05-15,2026-05-16,Delayed,1200836,147,
O2305,P597,2025-06-24,348,2025-06-27,2025-06-27,Pending,939401,174,SUP3841
O2306,P6672,2025-11-01,286,2025-11-04,2025-11-05,Delayed,1035570,257,SUP3680
O2307,P8549,2025-06-09,149,2025-06-13,2025-06-18,Pending,2213032,74,
O2308,P8999,2025-08-31,113,2025-09-05,2025-09-08,Delivered,4084417,113,SUP7216
O2309,P227,2025-10-11,398,2025-10-18,2025-10-21,Delivered,161719,398,SUP5267
O2310,P1885,2026-05-01,278,2026-05-04,2026-05-06,Pending,1219741,139,
O2311,P7043,2026-01-12,280,2026-01-16,2026-01-20,Pending,789336,140,SUP4603
O2312,P2306,2025-09-26,341,2025-10-05,2025-10-09,Delivered,835728,341,
O2313,P9952,2025-07-24,250,2025-08-03,2025-08-04,Delivered,3352563,250,
O2314,P6612,2025-08-03,80,2025-08-13,2025-08-17,Pending,68634,40,SUP2867
O2315,P2978,2025-07-19,236,2025-07-25,2025-07-27,Delayed,4944917,212,SUP2334
O2316,P4261,2026-02-18,420,2026-02-21,2026-02-26,Delivered,146524,420,
O2317,P6132,2026-05-17,100,2026-05-24,2026-05-25,Delivered,911757,100,SUP5598
O2318,P4591,2025-06-19,289,2025-06-26,2025-06-30,Delayed,4318571,260,SUP428
O2319,P5591,2025-11-17,280,2025-11-22,2025-11-25,Delivered,4522597,280,SUP2305
O2320,P936,2026-03-07,72,2026-03-13,2026-03-14,Pending,4019034,36,SUP2875
O2321,P8515,2025-12-05,492,2025-12-10,2025-12-14,Pending,258121,246,
O2322,P1529,2025-06-15,429,2025-06-19,2025-06-21,Delivered,1440771,429,
O2323,P7789,2026-01-06,236,2026-01-09,2026-01-13,Delayed,4629832,212,SUP6772
O2324,P484,2025-09-16,266,2025-09-21,2025-09-21,Delayed,781874,239,
O2325,P151,2025-08-31,201,2025-09-09,2025-09-13,Pending,3169828,100,
O2326,P3505,2025-07-17,461,2025-07-27,2025-07-30,Delayed,4582999,415,
O2327,P2106,2025-09-17,390,2025-09-22,2025-09-23,Delayed,4092195,351,SUP326
O2328,P9046,2025-09-10,397,2025-09-17,2025-09-22,Delayed,4072716,357,SUP7308
O2329,P8292,2026-03-23,223,2026-03-30,2026-03-31,Delayed,3702682,201,SUP1473
O2330,P490,2026-04-07,190,2026-04-15,2026-04-16,Delayed,1649329,171,
O2331,P8241,2025-08-29,392,2025-09-03,2025-09-07,Delivered,86562,392,SUP1600
O2332,P8367,2026-01-12,497,2026-01-19,2026-01-23,Delayed,322850,447,SUP3163
O2333,P3862,2025-08-08,401,2025-08-13,2025-08-14,Pending,2261208,200,SUP8315
O2334,P1283,2025-12-15,358,2025-12-22,2025-12-24,Delayed,1143888,322,SUP3356
O2335,P1625,2026-03-31,222,2026-04-04,2026-04-06,Delayed,3272799,200,
O2336,P4848,2026-04-14,489,2026-04-18,2026-04-18,Delivered,398613,489,
O2337,P1639,2026-03-04,257,2026-03-08,2026-03-11,Delivered,2248537,257,
O2338,P8368,2025-09-14,444,2025-09-19,2025-09-19,Pending,3049643,222,SUP3522
O2339,P9871,2026-04-18,247,2026-04-24,2026-04-24,Delayed,3272999,222,SUP5320
O2340,P4501,2025-09-01,320,2025-09-09,2025-09-11,Delivered,2914829,320,SUP6908
O2341,P5006,2025-06-26,82,2025-07-03,2025-07-03,Pending,2812241,41,
O2342,P6709,2026-04-25,223,2026-04-28,2026-04-28,Pending,4661152,112,SUP5690
O2343,P4560,2025-11-17,57,2025-11-26,2025-11-30,Delayed,2431713,51,
O2344,P5095,2025-07-04,56,2025-07-08,2025-07-11,Delayed,811058,50,
O2345,P4461,2025-10-15,275,2025-10-24,2025-10-25,Delivered,580741,275,SUP8553
O2346,P7069,2026-04-14,122,2026-04-21,2026-04-25,Pending,964663,61,
O2347,P9107,2026-03-28,151,2026-04-04,2026-04-04,Pending,192177,76,
O2348,P1855,2025-09-30,90,2025-10-08,2025-10-11,Delivered,3271676,90,SUP5704
O2349,P4112,2026-02-04,217,2026-02-07,2026-02-07,Pending,538202,108,SUP5757
O2350,P4831,2025-12-13,196,2025-12-18,2025-12-23,Pending,245579,98,SUP1550
O2351,P7989,2026-03-22,430,2026-03-27,2026-03-31,Pending,1474331,215,
O2352,P8145,2025-06-15,306,2025-06-18,2025-06-21,Delivered,4216884,306,SUP4327
O2353,P6934,2026-04-13,438,2026-04-19,2026-04-19,Pending,3426242,219,SUP1619
O2354,P4275,2026-04-02,183,2026-04-05,2026-04-07,Delivered,2497551,183,
O2355,P455,2025-10-22,94,2025-10-28,2025-10-29,Pending,1631552,47,SUP6724
O2356,P1315,2025-11-09,187,2025-11-12,2025-11-15,Delivered,1963237,187,SUP3782
O2357,P4237,2026-01-08,447,2026-01-14,2026-01-16,Delivered,4670120,447,
O2358,P8844,2025-06-12,73,2025-06-17,2025-06-21,Delayed,4339227,66,SUP3312
O2359,P2167,2025-06-14,255,2025-06-20,2025-06-25,Delayed,3614437,230,SUP6468
O2360,P4126,2025-10-04,146,2025-10-14,2025-10-19,Delivered,2043495,146,SUP7627
O2361,P2762,2025-07-23,357,2025-08-02,2025-08-04,Pending,4264236,178,
O2362,P2582,2026-01-11,482,2026-01-20,2026-01-25,Delivered,4655140,482,
O2363,P5882,2026-01-31,211,2026-02-04,2026-02-04,Delayed,1223521,190,SUP1407
O2364,P5356,2026-03-09,443,2026-03-19,2026-03-22,Delivered,2464346,443,SUP8136
O2365,P6924,2026-04-25,225,2026-05-05,2026-05-08,Delivered,870281,225,SUP6559
O2366,P1705,2025-08-20,157,2025-08-26,2025-08-28,Delivered,4643509,157,SUP702
O2367,P1693,2026-02-09,213,2026-02-18,2026-02-20,Pending,2309681,106,
O2368,P4328,2025-12-20,397,2025-12-28,2026-01-02,Delivered,2518035,397,SUP6907
O2369,P7002,2025-11-02,325,2025-11-09,2025-11-09,Delivered,3805385,325,
O2370,P2329,2026-01-01,371,2026-01-07,2026-01-07,Delayed,2942829,334,SUP494
O2371,P8392,2026-04-24,382,2026-04-29,2026-05-03,Delayed,1820440,344,
O2372,P1810,2025-12-19,150,2025-12-27,2025-12-28,Delivered,1200239,150,
O2373,P3128,2025-10-20,234,2025-10-30,2025-11-03,Delivered,2935661,234,SUP2601
O2374,P8118,2025-10-11,220,2025-10-20,2025-10-20,Pending,4276008,110,
O2375,P1990,2025-10-27,310,2025-11-05,2025-11-08,Pending,391114,155,
O2376,P1167,2025-06-08,142,2025-06-13,2025-06-16,Delivered,3662908,142,SUP3335
O2377,P349,2025-08-27,307,2025-09-02,2025-09-07,Pending,1917103,154,
O2378,P2181,2025-08-17,499,2025-08-22,2025-08-24,Pending,3447573,250,SUP4297
O2379,P9595,2026-02-03,437,2026-02-11,2026-02-11,Pending,3685260,218,
O2380,P9934,2025-09-29,318,2025-10-04,2025-10-04,Pending,1653449,159,
O2381,P5222,2025-10-27,15,2025-10-30,2025-10-30,Delayed,95463,14,SUP4377
O2382,P3878,2026-02-26,110,2026-03-03,2026-03-06,Delivered,2920479,110,
O2383,P8055,2025-06-11,277,2025-06-19,2025-06-19,Delayed,3062632,249,
O2384,P5600,2025-09-20,335,2025-09-27,2025-10-02,Delivered,544132,335,SUP1112
O2385,P7809,2025-08-19,221,2025-08-22,2025-08-25,Pending,2953781,110,SUP8782
O2386,P5267,2025-10-09,73,2025-10-12,2025-10-12,Delayed,2866138,66,
O2387,P3125,2025-07-19,207,2025-07-23,2025-07-24,Delivered,945675,207,
O2388,P9210,2025-11-28,327,2025-12-06,2025-12-10,Delivered,791661,327,SUP61
O2389,P1454,2025-11-06,210,2025-11-09,2025-11-14,Delayed,176765,189,
O2390,P3538,2025-07-02,497,2025-07-10,2025-07-13,Delivered,2288772,497,
O2391,P1677,2025-11-15,147,2025-11-19,2025-11-21,Delivered,3071361,147,SUP3141
O2392,P9886,2025-06-28,325,2025-07-08,2025-07-11,Delivered,572456,325,SUP8542
O2393,P6438,2025-08-24,496,2025-08-29,2025-08-29,Delivered,1619714,496,SUP1910
O2394,P8677,2025-10-12,349,2025-10-19,2025-10-23,Delivered,328648,349,SUP5944
O2395,P2484,2026-01-22,185,2026-01-31,2026-02-04,Pending,920799,92,SUP9889
O2396,P6622,2026-04-17,440,2026-04-21,2026-04-22,Pending,333167,220,
O2397,P6351,2025-11-01,35,2025-11-07,2025-11-08,Pending,2233506,18,SUP114
O2398,P2355,2025-08-27,170,2025-09-03,2025-09-08,Pending,3175408,85,SUP576
O2399,P7154,2025-12-25,42,2025-12-31,2026-01-05,Delivered,1589121,42,
O2400,P5323,2026-03-25,52,2026-03-30,2026-04-04,Delivered,1560501,52,
O2401,P5159,2026-04-30,385,2026-05-06,2026-05-07,Pending,2585048,192,SUP7947
O2402,P1261,2025-08-11,492,2025-08-18,2025-08-19,Pending,2606024,246,SUP169
O2403,P185,2025-10-03,463,2025-10-13,2025-10-15,Delayed,3242994,417,
O2404,P8567,2025-06-25,290,2025-06-29,2025-07-02,Delivered,2234993,290,SUP142
O2405,P1550,2025-06-02,272,2025-06-12,2025-06-15,Delayed,1897367,245,SUP1311
O2406,P1393,2026-02-09,169,2026-02-17,2026-02-22,Delayed,3755526,152,SUP2736
O2407,P1275,2026-02-04,396,2026-02-14,2026-02-19,Delivered,280577,396,SUP6356
O2408,P8350,2025-06-16,168,2025-06-22,2025-06-27,Delivered,3265675,168,SUP244
O2409,P3172,2026-01-15,119,2026-01-18,2026-01-20,Delivered,4572769,119,
O2410,P2745,2026-04-24,389,2026-04-30,2026-05-05,Delivered,4180362,389,SUP7367
O2411,P7650,2025-05-28,490,2025-06-03,2025-06-04,Delayed,1450126,441,SUP4611
O2412,P1505,2026-03-25,479,2026-04-01,2026-04-04,Delivered,1375204,479,
O2413,P8528,2026-03-29,319,2026-04-07,2026-04-12,Delivered,2194688,319,SUP3354
O2414,P8256,2025-11-12,24,2025-11-16,2025-11-19,Pending,3123125,12,SUP2066
O2415,P9131,2025-12-16,361,2025-12-25,2025-12-29,Pending,14491,180,
O2416,P6271,2025-09-15,87,2025-09-21,2025-09-25,Pending,1351267,44,SUP1306
O2417,P8911,2026-04-05,463,2026-04-12,2026-04-15,Delivered,3459472,463,SUP1998
O2418,P6178,2025-12-28,37,2026-01-06,2026-01-09,Delivered,3405663,37,
O2419,P4964,2025-06-26,429,2025-07-01,2025-07-05,Delivered,4339376,429,
O2420,P5394,2025-11-20,112,2025-11-27,2025-12-01,Pending,2030078,56,
O2421,P5204,2025-11-10,27,2025-11-20,2025-11-21,Delivered,1986137,27,SUP7938
O2422,P6532,2025-09-06,155,2025-09-11,2025-09-16,Delayed,126158,140,SUP1074
O2423,P9714,2026-05-22,406,2026-05-25,2026-05-29,Delivered,435998,406,SUP3137
O2424,P6826,2025-07-05,228,2025-07-12,2025-07-12,Delayed,758007,205,SUP3588
O2425,P4292,2026-01-06,41,2026-01-10,2026-01-11,Delivered,2146780,41,
O2426,P767,2026-04-28,63,2026-05-04,2026-05-09,Pending,2176725,32,SUP4080
O2427,P699,2026-01-17,136,2026-01-26,2026-01-31,Delayed,4173687,122,SUP4686
O2428,P4894,2026-01-20,356,2026-01-24,2026-01-29,Pending,1022531,178,
O2429,P8418,2025-09-19,247,2025-09-29,2025-10-02,Delayed,1653215,222,SUP2479
O2430,P5581,2025-10-28,78,2025-11-02,2025-11-02,Pending,3122709,39,SUP2062
O2431,P2728,2026-01-05,394,2026-01-08,2026-01-09,Delivered,3573649,394,SUP125
O2432,P1928,2025-07-23,345,2025-07-26,2025-07-31,Pending,1018711,172,SUP283
O2433,P7716,2026-01-03,180,2026-01-10,2026-01-11,Delivered,3626530,180,
O2434,P4911,2025-11-15,373,2025-11-19,2025-11-20,Delayed,30478,336,SUP7671
O2435,P3937,2026-02-11,105,2026-02-21,2026-02-26,Pending,317230,52,
O2436,P9641,2025-12-06,177,2025-12-09,2025-12-12,Delivered,699450,177,SUP2912
O2437,P5578,2026-02-10,275,2026-02-17,2026-02-19,Delivered,2790578,275,SUP5582
O2438,P4385,2025-08-15,323,2025-08-21,2025-08-23,Delivered,1444826,323,
O2439,P4637,2026-04-16,450,2026-04-26,2026-05-01,Delivered,2046205,450,SUP2549
O2440,P2628,2026-04-06,479,2026-04-09,2026-04-09,Delayed,2720062,431,SUP3325
O2441,P7876,2025-07-10,219,2025-07-17,2025-07-18,Delivered,3275841,219,SUP8064
O2442,P554,2025-11-19,122,2025-11-27,2025-12-02,Delivered,2200336,122,SUP1615
O2443,P2401,2025-09-09,79,2025-09-17,2025-09-17,Delivered,419811,79,SUP4563
O2444,P2201,2025-09-17,351,2025-09-25,2025-09-30,Pending,3829654,176,
O2445,P5122,2026-02-05,491,2026-02-10,2026-02-15,Delivered,3196735,491,SUP366
O2446,P3416,2025-08-13,110,2025-08-17,2025-08-18,Delayed,1999645,99,SUP3865
O2447,P7268,2026-05-05,298,2026-05-09,2026-05-13,Pending,2620864,149,SUP678
O2448,P833,2026-05-22,52,2026-05-28,2026-05-28,Delayed,4431449,47,
O2449,P2004,2025-08-26,167,2025-09-02,2025-09-04,Delayed,2147403,150,SUP877
O2450,P1498,2025-08-23,207,2025-08-26,2025-08-30,Delayed,1238482,186,SUP4841
O2451,P5478,2025-06-25,330,2025-06-29,2025-06-30,Delivered,4735339,330,
O2452,P7595,2025-12-14,434,2025-12-24,2025-12-29,Delivered,4750936,434,SUP6755
O2453,P7716,2026-05-02,381,2026-05-08,2026-05-13,Delivered,3470849,381,
O2454,P8177,2025-07-14,19,2025-07-21,2025-07-21,Delayed,48679,17,
O2455,P1875,2026-04-05,402,2026-04-14,2026-04-16,Pending,2870908,201,SUP9586
O2456,P5442,2025-07-19,129,2025-07-28,2025-08-01,Delivered,4038337,129,SUP7788
O2457,P9580,2025-07-15,292,2025-07-18,2025-07-22,Pending,86306,146,SUP131
O2458,P2448,2026-01-03,120,2026-01-12,2026-01-16,Delayed,3500541,108,
O2459,P596,2025-10-27,458,2025-10-31,2025-11-03,Pending,2017392,229,SUP4641
O2460,P7896,2026-05-03,450,2026-05-09,2026-05-13,Delayed,793227,405,
O2461,P9941,2025-12-14,379,2025-12-24,2025-12-27,Pending,2433949,190,SUP5344
O2462,P5067,2026-04-07,99,2026-04-10,2026-04-13,Delivered,1095553,99,SUP8108
O2463,P5547,2026-03-18,136,2026-03-23,2026-03-28,Delayed,3559782,122,SUP4049
O2464,P915,2026-04-22,258,2026-05-01,2026-05-05,Delayed,3739566,232,SUP5023
O2465,P5202,2026-04-08,45,2026-04-11,2026-04-15,Delivered,2691874,45,SUP8145
O2466,P2951,2025-10-03,361,2025-10-11,2025-10-16,Delayed,3727961,325,SUP4104
O2467,P2150,2025-07-10,109,2025-07-13,2025-07-18,Delivered,4598874,109,SUP6769
O2468,P9485,2025-06-07,431,2025-06-17,2025-06-18,Pending,3918404,216,SUP3788
O2469,P6094,2025-06-23,456,2025-06-28,2025-06-29,Delivered,2664143,456,SUP6038
O2470,P2193,2026-05-03,229,2026-05-12,2026-05-17,Delayed,3436554,206,SUP8068
O2471,P5018,2025-07-05,385,2025-07-14,2025-07-17,Delivered,2447491,385,SUP3142
O2472,P7311,2025-09-27,318,2025-10-01,2025-10-03,Delivered,3672672,318,SUP77
O2473,P8197,2025-10-09,293,2025-10-12,2025-10-12,Delayed,2336329,264,
O2474,P6954,2025-10-09,255,2025-10-19,2025-10-21,Pending,1126614,128,
O2475,P7489,2026-05-23,126,2026-06-01,2026-06-05,Pending,3553956,63,
O2476,P2783,2026-03-25,283,2026-03-31,2026-04-01,Delayed,716675,255,
O2477,P8783,2025-08-24,262,2025-08-30,2025-08-30,Pending,379568,131,
O2478,P8367,2025-12-26,37,2026-01-04,2026-01-09,Delivered,2375895,37,SUP3163
O2479,P362,2025-06-05,86,2025-06-12,2025-06-14,Pending,2871390,43,SUP5857
O2480,P3574,2025-10-26,160,2025-10-30,2025-10-30,Delayed,192659,144,SUP324
O2481,P2567,2025-10-10,204,2025-10-19,2025-10-23,Delivered,4193502,204,
O2482,P1744,2025-08-20,40,2025-08-26,2025-08-30,Pending,892090,20,SUP3253
O2483,P6827,2025-12-18,388,2025-12-25,2025-12-29,Delayed,1541119,349,SUP9690
O2484,P517,2025-06-10,91,2025-06-17,2025-06-20,Delayed,2001781,82,SUP3563
O2485,P9418,2025-06-26,109,2025-07-04,2025-07-07,Delivered,1336709,109,SUP6218
O2486,P1991,2025-06-18,179,2025-06-27,2025-06-29,Pending,4220051,90,
O2487,P2219,2025-09-21,335,2025-09-29,2025-09-30,Pending,1273415,168,
O2488,P632,2025-09-22,119,2025-10-02,2025-10-03,Delayed,3816959,107,SUP4620
O2489,P3008,2025-11-16,133,2025-11-26,2025-12-01,Delayed,2271643,120,
O2490,P7947,2025-07-07,180,2025-07-11,2025-07-16,Delayed,1614621,162,
O2491,P3354,2026-04-04,350,2026-04-08,2026-04-12,Pending,4655416,175,SUP7046
O2492,P9836,2025-06-07,212,2025-06-13,2025-06-13,Pending,1711708,106,
O2493,P6600,2026-05-12,462,2026-05-16,2026-05-16,Delayed,4546723,416,SUP8127
O2494,P9090,2026-04-28,39,2026-05-05,2026-05-05,Delivered,4692364,39,
O2495,P231,2025-12-05,22,2025-12-13,2025-12-18,Delivered,3106501,22,SUP3714
O2496,P6399,2026-03-08,156,2026-03-12,2026-03-13,Pending,2114546,78,
O2497,P9007,2025-12-13,292,2025-12-20,2025-12-21,Delayed,627393,263,SUP3524
O2498,P1234,2025-10-20,434,2025-10-25,2025-10-30,Delayed,2134755,391,
O2499,P9444,2025-06-21,142,2025-06-24,2025-06-28,Delayed,1946691,128,SUP1712
O2500,P7122,2025-08-31,452,2025-09-03,2025-09-05,Delayed,4603241,407,SUP3499
O2501,P1858,2025-10-02,169,2025-10-09,2025-10-14,Pending,176191,84,
O2502,P7037,2025-11-29,129,2025-12-04,2025-12-09,Pending,3365681,64,SUP2693
O2503,P5638,2026-04-04,161,2026-04-12,2026-04-15,Delivered,1806678,161,SUP9684
O2504,P9183,2025-06-07,80,2025-06-12,2025-06-14,Delivered,682083,80,SUP151
O2505,P2332,2025-11-07,226,2025-11-16,2025-11-21,Delivered,2971066,226,
O2506,P2972,2026-05-08,79,2026-05-11,2026-05-11,Delayed,214924,71,
O2507,P2740,2026-03-13,494,2026-03-19,2026-03-20,Delayed,285816,445,SUP7937
O2508,P9462,2026-01-08,107,2026-01-18,2026-01-18,Delivered,1655086,107,
O2509,P6410,2026-04-11,371,2026-04-19,2026-04-23,Delayed,749179,334,
O2510,P8801,2025-12-28,80,2026-01-03,2026-01-06,Pending,128818,40,SUP137
O2511,P9938,2025-06-30,343,2025-07-07,2025-07-09,Pending,4883415,172,
O2512,P9163,2026-02-03,218,2026-02-09,2026-02-10,Delayed,1739278,196,SUP976
O2513,P2870,2026-02-24,74,2026-02-28,2026-03-03,Pending,1376485,37,SUP253
O2514,P6931,2026-05-10,354,2026-05-15,2026-05-17,Delivered,4541646,354,
O2515,P1335,2025-06-28,305,2025-07-07,2025-07-07,Delivered,2223840,305,SUP5278
O2516,P7546,2025-09-22,97,2025-09-28,2025-10-03,Pending,147784,48,SUP3208
O2517,P388,2026-04-09,106,2026-04-17,2026-04-18,Delivered,2259954,106,
O2518,P3759,2025-10-22,222,2025-10-25,2025-10-25,Delayed,2456121,200,SUP2814
O2519,P7876,2026-05-27,414,2026-06-01,2026-06-04,Delayed,3547804,373,SUP8064
O2520,P1777,2025-08-20,71,2025-08-26,2025-08-28,Pending,2854273,36,
O2521,P1514,2025-06-03,278,2025-06-13,2025-06-18,Delayed,3873095,250,SUP7344
O2522,P1078,2026-05-11,409,2026-05-15,2026-05-20,Delayed,1632039,368,
O2523,P4565,2025-07-22,321,2025-07-30,2025-08-04,Delivered,4478830,321,
O2524,P6697,2026-02-22,117,2026-03-02,2026-03-04,Pending,4596630,58,SUP2848
O2525,P5219,2025-12-22,329,2025-12-31,2026-01-05,Delayed,4938598,296,SUP762
O2526,P1650,2025-07-16,28,2025-07-23,2025-07-23,Pending,3332510,14,SUP1030
O2527,P4670,2025-11-04,27,2025-11-13,2025-11-13,Pending,2194127,14,SUP777
O2528,P4830,2026-05-20,24,2026-05-27,2026-05-28,Delayed,2418842,22,SUP6757
O2529,P9367,2025-10-24,39,2025-11-01,2025-11-04,Pending,559363,20,
O2530,P5477,2025-10-17,177,2025-10-20,2025-10-25,Delivered,4870314,177,
O2531,P9425,2025-10-26,493,2025-10-29,2025-10-30,Pending,4469118,246,SUP2622
O2532,P1396,2026-04-28,440,2026-05-04,2026-05-04,Delayed,2644258,396,SUP988
O2533,P1825,2025-08-09,433,2025-08-14,2025-08-19,Delivered,2313771,433,SUP615
O2534,P6740,2025-10-05,475,2025-10-08,2025-10-08,Delayed,1792644,428,SUP4947
O2535,P9616,2025-11-08,85,2025-11-17,2025-11-17,Delivered,2829229,85,SUP5173
O2536,P159,2026-03-03,62,2026-03-12,2026-03-12,Delayed,4090342,56,
O2537,P758,2026-01-23,228,2026-01-30,2026-02-01,Delayed,4761586,205,SUP5065
O2538,P9459,2025-06-29,67,2025-07-06,2025-07-09,Pending,3568091,34,
O2539,P5933,2025-06-27,41,2025-07-02,2025-07-06,Delivered,4491977,41,
O2540,P6310,2025-12-14,147,2025-12-23,2025-12-28,Pending,4322136,74,SUP8033
O2541,P8767,2026-03-27,325,2026-04-02,2026-04-06,Pending,4701854,162,SUP1250
O2542,P2170,2026-05-25,463,2026-06-01,2026-06-01,Pending,506610,232,SUP4172
O2543,P3060,2025-08-08,131,2025-08-11,2025-08-15,Delivered,2046703,131,SUP9166
O2544,P1458,2026-02-03,203,2026-02-06,2026-02-07,Pending,486690,102,SUP9682
O2545,P4093,2025-10-13,265,2025-10-19,2025-10-23,Delayed,3156935,238,SUP2381
O2546,P4124,2025-06-10,11,2025-06-16,2025-06-20,Delivered,4711683,11,
O2547,P9893,2025-07-25,136,2025-07-29,2025-07-30,Delayed,3981118,122,SUP3665
O2548,P5963,2025-11-25,474,2025-11-28,2025-12-01,Pending,1483293,237,
O2549,P1354,2026-01-30,105,2026-02-03,2026-02-08,Pending,3481040,52,SUP8077
O2550,P4234,2026-01-23,46,2026-01-26,2026-01-28,Delayed,3351768,41,SUP3526
O2551,P2192,2025-07-19,434,2025-07-29,2025-08-03,Delivered,2460046,434,SUP1631
O2552,P3539,2026-03-27,420,2026-04-03,2026-04-07,Delayed,2611134,378,SUP5281
O2553,P4337,2025-11-28,44,2025-12-01,2025-12-05,Delayed,1475459,40,SUP7286
O2554,P1653,2026-01-05,469,2026-01-09,2026-01-13,Pending,913341,234,SUP2597
O2555,P5163,2025-10-18,250,2025-10-27,2025-10-27,Delivered,2597933,250,SUP2227
O2556,P4941,2025-05-28,16,2025-06-04,2025-06-06,Pending,2891562,8,SUP4847
O2557,P7705,2026-04-03,218,2026-04-12,2026-04-14,Delivered,312403,218,SUP6013
O2558,P8970,2025-07-20,341,2025-07-25,2025-07-29,Delayed,377509,307,SUP964
O2559,P6672,2025-07-07,367,2025-07-17,2025-07-19,Delivered,4794990,367,SUP3680
O2560,P2316,2026-02-09,48,2026-02-18,2026-02-23,Delayed,1335789,43,SUP3227
O2561,P9795,2025-07-11,363,2025-07-16,2025-07-18,Pending,2611574,182,SUP3732
O2562,P4856,2025-11-10,149,2025-11-20,2025-11-23,Delayed,1832310,134,SUP1962
O2563,P182,2025-06-07,368,2025-06-15,2025-06-15,Delayed,2247351,331,SUP2182
O2564,P3261,2025-07-08,245,2025-07-12,2025-07-14,Pending,4813453,122,
O2565,P6683,2025-09-14,228,2025-09-18,2025-09-20,Delivered,2291488,228,SUP7786
O2566,P9004,2026-05-22,10,2026-05-26,2026-05-31,Pending,1569488,5,SUP3228
O2567,P376,2025-07-24,117,2025-08-03,2025-08-03,Pending,2304469,58,SUP5483
O2568,P8580,2026-02-22,39,2026-02-27,2026-03-01,Delivered,611889,39,SUP1300
O2569,P9322,2025-07-07,85,2025-07-17,2025-07-22,Delayed,1816539,76,
O2570,P1118,2025-05-30,324,2025-06-03,2025-06-07,Pending,225022,162,SUP3078
O2571,P1689,2025-10-23,498,2025-10-29,2025-11-02,Delivered,2605551,498,
O2572,P2068,2025-08-26,112,2025-09-04,2025-09-07,Pending,763281,56,SUP200
O2573,P2586,2026-05-13,61,2026-05-18,2026-05-18,Pending,3429427,30,SUP7741
O2574,P5992,2025-07-31,287,2025-08-04,2025-08-09,Delayed,3320522,258,SUP5265
O2575,P9937,2026-02-08,322,2026-02-16,2026-02-18,Delivered,939119,322,
O2576,P3987,2025-10-30,211,2025-11-02,2025-11-03,Pending,3208707,106,
O2577,P1438,2025-09-19,90,2025-09-29,2025-10-03,Pending,3870788,45,SUP1155
O2578,P8863,2025-09-06,77,2025-09-09,2025-09-12,Delayed,2623851,69,SUP82
O2579,P8902,2026-02-04,319,2026-02-07,2026-02-12,Pending,3617882,160,
O2580,P3418,2026-03-18,41,2026-03-27,2026-04-01,Delayed,1811722,37,SUP1125
O2581,P3890,2026-03-09,206,2026-03-17,2026-03-19,Pending,1181912,103,SUP8442
O2582,P1644,2025-07-18,466,2025-07-27,2025-07-27,Delayed,303774,419,SUP2237
O2583,P5086,2025-11-26,272,2025-12-01,2025-12-06,Delivered,1132970,272,SUP7184
O2584,P2465,2025-07-03,215,2025-07-13,2025-07-15,Delayed,1611341,194,SUP2315
O2585,P8057,2026-04-01,394,2026-04-07,2026-04-10,Pending,1806506,197,
O2586,P9213,2025-08-07,105,2025-08-11,2025-08-12,Delivered,3182975,105,SUP5481
O2587,P4596,2026-04-26,238,2026-04-29,2026-04-29,Delivered,1431426,238,
O2588,P7956,2026-05-23,374,2026-05-28,2026-06-02,Delivered,4164994,374,SUP391
O2589,P3183,2025-08-29,466,2025-09-05,2025-09-06,Pending,1954431,233,
O2590,P1605,2025-08-25,28,2025-09-02,2025-09-02,Delayed,144284,25,SUP2426
O2591,P5727,2025-09-19,431,2025-09-22,2025-09-25,Pending,1428259,216,SUP6481
O2592,P2405,2025-06-26,470,2025-06-29,2025-07-04,Delayed,289966,423,SUP9937
O2593,P9964,2026-02-16,78,2026-02-24,2026-02-27,Delivered,569583,78,SUP3113
O2594,P248,2025-07-28,403,2025-08-07,2025-08-12,Delayed,1092674,363,
O2595,P2893,2025-06-01,289,2025-06-05,2025-06-05,Delivered,850961,289,
O2596,P8769,2025-10-14,132,2025-10-24,2025-10-29,Delivered,2103484,132,
O2597,P1981,2025-06-08,248,2025-06-15,2025-06-18,Delivered,2057454,248,
O2598,P3307,2025-12-08,328,2025-12-11,2025-12-16,Delivered,548828,328,SUP8067
O2599,P3245,2026-02-01,272,2026-02-07,2026-02-10,Pending,4093179,136,SUP1705
O2600,P2856,2026-01-24,55,2026-02-01,2026-02-03,Delivered,200572,55,SUP9360
O2601,P3181,2026-02-11,347,2026-02-21,2026-02-22,Delayed,4107975,312,SUP9276
O2602,P8524,2025-10-19,328,2025-10-29,2025-10-30,Pending,3812316,164,
O2603,P9983,2025-10-14,32,2025-10-17,2025-10-22,Delivered,663750,32,SUP4391
O2604,P8278,2025-08-06,294,2025-08-09,2025-08-12,Delayed,3659290,265,SUP8221
O2605,P2886,2025-12-17,162,2025-12-22,2025-12-23,Delivered,2382450,162,
O2606,P5875,2025-11-01,425,2025-11-11,2025-11-14,Delayed,65573,382,SUP6825
O2607,P7396,2025-07-06,400,2025-07-14,2025-07-15,Delayed,4830413,360,SUP3849
O2608,P6591,2026-01-19,467,2026-01-29,2026-01-30,Pending,450034,234,
O2609,P6006,2026-05-13,208,2026-05-19,2026-05-22,Delivered,2236420,208,SUP1106
O2610,P1422,2026-01-21,489,2026-01-29,2026-01-29,Pending,2473245,244,SUP7079
O2611,P9922,2025-07-25,31,2025-07-28,2025-07-30,Pending,4388950,16,
O2612,P9401,2025-09-09,294,2025-09-12,2025-09-14,Delayed,263651,265,SUP3932
O2613,P7261,2026-05-18,169,2026-05-26,2026-05-28,Delivered,2242834,169,SUP4555
O2614,P1234,2026-05-28,403,2026-05-31,2026-06-02,Delayed,992918,363,
O2615,P5841,2026-04-02,269,2026-04-07,2026-04-07,Pending,894352,134,
O2616,P6300,2025-07-31,74,2025-08-09,2025-08-09,Delivered,4049324,74,
O2617,P7915,2025-09-13,268,2025-09-17,2025-09-18,Delayed,875442,241,
O2618,P172,2025-06-03,33,2025-06-13,2025-06-15,Pending,282261,16,
O2619,P6132,2025-11-28,185,2025-12-02,2025-12-04,Pending,3618021,92,SUP5598
O2620,P2912,2025-06-24,423,2025-07-03,2025-07-06,Pending,3064036,212,SUP4057
O2621,P3950,2025-09-18,376,2025-09-27,2025-10-01,Pending,2941412,188,SUP3038
O2622,P8438,2025-09-26,476,2025-10-05,2025-10-10,Delivered,4515106,476,SUP8629
O2623,P1515,2026-04-22,267,2026-04-25,2026-04-30,Delayed,4439883,240,
O2624,P9408,2026-01-06,209,2026-01-14,2026-01-18,Delayed,453539,188,
O2625,P4041,2025-09-27,303,2025-10-01,2025-10-06,Delayed,1643189,273,SUP2981
O2626,P3566,2025-07-08,410,2025-07-14,2025-07-15,Delivered,3606595,410,SUP1091
O2627,P4425,2025-09-12,428,2025-09-22,2025-09-23,Pending,573449,214,
O2628,P2213,2025-12-03,485,2025-12-12,2025-12-14,Delayed,4268604,436,SUP4268
O2629,P2643,2026-01-07,114,2026-01-12,2026-01-13,Delayed,3404481,103,
O2630,P7316,2025-08-22,283,2025-08-28,2025-08-30,Delivered,711283,283,SUP2505
O2631,P7334,2025-08-22,467,2025-08-28,2025-09-02,Delayed,4937678,420,SUP1203
O2632,P8282,2025-07-25,271,2025-07-30,2025-08-04,Delayed,1257343,244,
O2633,P1493,2025-11-03,65,2025-11-10,2025-11-11,Delivered,2361681,65,SUP2424
O2634,P9199,2025-10-01,241,2025-10-04,2025-10-07,Pending,1959277,120,
O2635,P1962,2026-05-16,343,2026-05-19,2026-05-21,Delivered,3839647,343,
O2636,P5410,2025-11-23,353,2025-12-01,2025-12-06,Delivered,4750098,353,SUP7886
O2637,P8882,2025-10-13,49,2025-10-22,2025-10-26,Pending,372989,24,
O2638,P8058,2025-12-16,23,2025-12-20,2025-12-22,Delayed,3356116,21,SUP9810
O2639,P2817,2025-10-25,259,2025-10-29,2025-11-01,Delayed,1960211,233,
O2640,P8068,2025-09-19,194,2025-09-26,2025-09-28,Delayed,1365645,175,
O2641,P6015,2026-02-01,370,2026-02-11,2026-02-11,Pending,959941,185,SUP4440
O2642,P6053,2026-02-07,410,2026-02-10,2026-02-14,Delivered,3926824,410,SUP5006
O2643,P5411,2025-06-15,270,2025-06-20,2025-06-22,Delivered,4701080,270,
O2644,P8916,2025-12-25,41,2026-01-02,2026-01-07,Pending,2541040,20,SUP6677
O2645,P8681,2026-05-03,368,2026-05-07,2026-05-10,Delayed,3523443,331,
O2646,P5306,2026-02-26,151,2026-03-08,2026-03-09,Delayed,2586385,136,SUP112
O2647,P4648,2026-04-11,39,2026-04-16,2026-04-19,Delivered,1510266,39,SUP1398
O2648,P2148,2026-03-31,480,2026-04-03,2026-04-03,Delivered,178481,480,SUP4517
O2649,P7790,2026-03-05,459,2026-03-10,2026-03-10,Delivered,1885056,459,
O2650,P5669,2026-02-07,303,2026-02-15,2026-02-15,Delayed,1288710,273,SUP2897
O2651,P1693,2025-11-01,308,2025-11-10,2025-11-15,Pending,4414773,154,
O2652,P2935,2025-12-29,500,2026-01-02,2026-01-07,Delayed,4755137,450,SUP2999
O2653,P7308,2026-04-16,242,2026-04-26,2026-04-28,Delayed,3636249,218,
O2654,P4692,2026-01-14,379,2026-01-23,2026-01-24,Pending,2248091,190,SUP8783
O2655,P5338,2026-04-19,498,2026-04-24,2026-04-29,Pending,2246444,249,SUP6182
O2656,P4044,2026-04-02,416,2026-04-10,2026-04-11,Delayed,805163,374,SUP5712
O2657,P7308,2025-11-05,419,2025-11-11,2025-11-15,Pending,971090,210,
O2658,P3664,2025-09-08,109,2025-09-16,2025-09-19,Delayed,3292104,98,SUP4806
O2659,P7669,2025-11-30,136,2025-12-08,2025-12-13,Delayed,3014909,122,
O2660,P6156,2026-02-10,84,2026-02-14,2026-02-16,Pending,2655538,42,
O2661,P2910,2025-11-21,112,2025-11-24,2025-11-26,Pending,2633956,56,SUP8850
O2662,P1182,2025-11-15,185,2025-11-20,2025-11-22,Delayed,2611429,166,SUP741
O2663,P7371,2026-05-10,88,2026-05-16,2026-05-17,Pending,2393723,44,
O2664,P1836,2026-04-14,427,2026-04-23,2026-04-27,Delayed,1354574,384,SUP1949
O2665,P44,2025-06-13,365,2025-06-18,2025-06-23,Pending,3213214,182,SUP2788
O2666,P5517,2026-02-16,165,2026-02-23,2026-02-26,Pending,628312,82,SUP9522
O2667,P8406,2025-11-13,180,2025-11-22,2025-11-22,Delivered,4158598,180,SUP4083
O2668,P7513,2025-07-16,19,2025-07-19,2025-07-23,Pending,2830134,10,SUP722
O2669,P4709,2025-11-03,417,2025-11-08,2025-11-13,Delivered,3318837,417,SUP2086
O2670,P2944,2025-10-30,362,2025-11-04,2025-11-08,Delayed,1337975,326,SUP364
O2671,P6060,2026-04-06,22,2026-04-10,2026-04-10,Delayed,3528599,20,SUP5511
O2672,P5400,2025-09-22,384,2025-09-27,2025-10-02,Pending,3595973,192,SUP1405
O2673,P2305,2026-02-27,239,2026-03-03,2026-03-06,Delayed,2510316,215,SUP8032
O2674,P7761,2025-08-12,476,2025-08-18,2025-08-21,Delayed,4839536,428,SUP139
O2675,P1949,2025-06-21,393,2025-06-29,2025-06-29,Pending,1543488,196,
O2676,P5650,2026-05-01,186,2026-05-09,2026-05-13,Pending,1438236,93,
O2677,P2032,2025-10-03,361,2025-10-11,2025-10-14,Delayed,576804,325,SUP3391
O2678,P7815,2025-10-28,41,2025-10-31,2025-11-01,Delivered,248676,41,
O2679,P1686,2026-04-02,341,2026-04-10,2026-04-15,Delayed,3762798,307,SUP798
O2680,P224,2026-01-15,158,2026-01-24,2026-01-28,Delivered,475600,158,
O2681,P9247,2026-04-21,44,2026-04-29,2026-05-02,Pending,1085193,22,
O2682,P5261,2025-06-09,59,2025-06-16,2025-06-20,Pending,1828962,30,
O2683,P7778,2026-02-24,160,2026-03-01,2026-03-03,Delayed,1063736,144,
O2684,P7611,2025-10-03,421,2025-10-09,2025-10-10,Pending,4819614,210,
O2685,P6226,2025-07-26,247,2025-08-01,2025-08-03,Delivered,1605065,247,SUP2854
O2686,P1745,2025-07-19,341,2025-07-26,2025-07-29,Delivered,1911849,341,SUP7392
O2687,P7234,2025-06-08,255,2025-06-13,2025-06-16,Pending,4645804,128,
O2688,P7119,2025-10-14,200,2025-10-20,2025-10-21,Pending,1376196,100,SUP1936
O2689,P4196,2025-11-02,324,2025-11-07,2025-11-09,Delivered,1900695,324,SUP6262
O2690,P8265,2025-11-07,289,2025-11-15,2025-11-16,Delayed,4338925,260,SUP676
O2691,P9193,2026-01-28,405,2026-02-02,2026-02-06,Delayed,3127409,364,
O2692,P4000,2025-05-30,282,2025-06-04,2025-06-08,Delivered,1559228,282,SUP4175
O2693,P7442,2026-05-05,470,2026-05-09,2026-05-10,Delivered,1597934,470,SUP8798
O2694,P7891,2025-06-04,190,2025-06-13,2025-06-17,Delivered,4100775,190,SUP3347
O2695,P2885,2026-03-06,434,2026-03-12,2026-03-16,Delivered,961438,434,SUP1570
O2696,P6658,2026-02-02,383,2026-02-08,2026-02-09,Delayed,2354957,345,SUP214
O2697,P828,2025-09-27,154,2025-10-04,2025-10-06,Pending,209420,77,SUP5993
O2698,P5661,2025-09-08,299,2025-09-11,2025-09-13,Delivered,3408637,299,
O2699,P2187,2026-01-16,222,2026-01-25,2026-01-30,Delayed,4317223,200,
O2700,P6916,2026-02-10,81,2026-02-20,2026-02-25,Delivered,16350,81,SUP8823
O2701,P6052,2026-04-04,278,2026-04-13,2026-04-16,Delivered,1738066,278,SUP8670
O2702,P7731,2025-08-03,96,2025-08-06,2025-08-09,Pending,768369,48,SUP5439
O2703,P64,2026-03-31,490,2026-04-03,2026-04-06,Delayed,243538,441,
O2704,P7032,2026-01-06,431,2026-01-15,2026-01-17,Delivered,1126375,431,
O2705,P1286,2025-11-10,207,2025-11-19,2025-11-23,Pending,1327855,104,
O2706,P9161,2025-11-11,491,2025-11-14,2025-11-19,Pending,3292212,246,SUP2658
O2707,P9770,2025-10-11,393,2025-10-21,2025-10-26,Pending,787593,196,SUP1530
O2708,P6762,2026-04-29,288,2026-05-05,2026-05-05,Delayed,1150565,259,SUP3760
O2709,P1438,2026-03-15,304,2026-03-18,2026-03-21,Delayed,1414045,274,SUP1155
O2710,P4813,2025-10-16,48,2025-10-20,2025-10-24,Pending,4728831,24,
O2711,P1067,2025-12-06,343,2025-12-11,2025-12-13,Delayed,935891,309,SUP4626
O2712,P9731,2025-08-04,385,2025-08-08,2025-08-11,Delivered,1333983,385,
O2713,P1155,2026-04-15,360,2026-04-20,2026-04-22,Delayed,2484887,324,SUP8993
O2714,P7374,2025-07-13,433,2025-07-18,2025-07-20,Delayed,1272983,390,
O2715,P5259,2026-04-28,151,2026-05-02,2026-05-04,Delivered,1396495,151,
O2716,P7107,2026-02-02,468,2026-02-06,2026-02-07,Delivered,1770246,468,
O2717,P3663,2025-09-10,358,2025-09-17,2025-09-20,Pending,945095,179,SUP3934
O2718,P4652,2025-09-18,410,2025-09-21,2025-09-26,Delivered,1950689,410,SUP548
O2719,P3239,2025-12-13,155,2025-12-22,2025-12-23,Delivered,4831318,155,
O2720,P6337,2025-07-23,372,2025-07-30,2025-07-31,Delayed,504963,335,SUP2100
O2721,P5743,2025-09-18,142,2025-09-25,2025-09-29,Pending,4900824,71,
O2722,P1175,2026-04-20,447,2026-04-25,2026-04-28,Pending,1934898,224,
O2723,P6821,2026-01-27,274,2026-01-31,2026-02-05,Pending,3150826,137,SUP9187
O2724,P5036,2025-07-01,436,2025-07-11,2025-07-13,Delivered,1422025,436,SUP1819
O2725,P2700,2026-03-12,312,2026-03-15,2026-03-17,Pending,3138880,156,SUP1180
O2726,P1075,2026-05-18,385,2026-05-24,2026-05-25,Delayed,2487224,346,SUP1875
O2727,P8492,2026-02-19,305,2026-02-25,2026-02-25,Delivered,4136141,305,
O2728,P8548,2026-05-24,159,2026-05-31,2026-05-31,Pending,1570281,80,SUP1802
O2729,P1236,2026-04-22,426,2026-05-02,2026-05-04,Pending,691523,213,SUP5974
O2730,P6778,2025-06-21,150,2025-06-30,2025-07-01,Delayed,1483065,135,
O2731,P1112,2026-02-05,143,2026-02-08,2026-02-08,Delayed,3203159,129,SUP9407
O2732,P1694,2025-08-13,108,2025-08-19,2025-08-24,Pending,2735580,54,
O2733,P644,2026-05-17,182,2026-05-25,2026-05-25,Delayed,2855615,164,SUP3314
O2734,P6188,2025-07-07,455,2025-07-15,2025-07-17,Pending,3665084,228,SUP5322
O2735,P7948,2026-04-16,440,2026-04-19,2026-04-22,Delayed,4025813,396,SUP3244
O2736,P1779,2025-06-19,490,2025-06-22,2025-06-23,Delivered,4962872,490,SUP1661
O2737,P724,2025-10-16,349,2025-10-21,2025-10-26,Pending,3313403,174,SUP1353
O2738,P8292,2026-01-13,464,2026-01-23,2026-01-23,Pending,1295686,232,SUP1473
O2739,P5243,2025-10-19,130,2025-10-22,2025-10-22,Delivered,3828001,130,
O2740,P5809,2025-06-11,107,2025-06-14,2025-06-14,Pending,2340931,54,SUP1291
O2741,P5216,2025-11-01,14,2025-11-06,2025-11-10,Delivered,3697155,14,SUP3107
O2742,P6009,2025-06-15,412,2025-06-25,2025-06-30,Pending,3851246,206,SUP4943
O2743,P9266,2025-08-05,46,2025-08-13,2025-08-15,Delayed,1423206,41,SUP6687
O2744,P8937,2025-11-20,281,2025-11-23,2025-11-26,Pending,2016024,140,
O2745,P4353,2026-01-24,272,2026-01-30,2026-02-02,Delivered,4937806,272,SUP9436
O2746,P5907,2025-07-31,332,2025-08-04,2025-08-07,Delivered,1873868,332,SUP667
O2747,P8440,2025-07-25,482,2025-08-03,2025-08-06,Delayed,1779344,434,SUP8986
O2748,P7672,2026-02-26,405,2026-03-06,2026-03-11,Delivered,2344002,405,SUP4137
O2749,P4507,2026-04-04,229,2026-04-13,2026-04-15,Delivered,128883,229,SUP8512
O2750,P7153,2026-04-20,424,2026-04-30,2026-05-01,Pending,3683807,212,SUP6812
O2751,P6699,2026-05-10,439,2026-05-13,2026-05-15,Pending,500620,220,
O2752,P6877,2026-03-17,72,2026-03-20,2026-03-20,Pending,2074891,36,SUP673
O2753,P8932,2026-02-08,177,2026-02-14,2026-02-19,Pending,2990764,88,
O2754,P7544,2026-05-17,304,2026-05-21,2026-05-25,Pending,1673172,152,
O2755,P5805,2026-02-18,110,2026-02-21,2026-02-21,Delayed,2144989,99,
O2756,P2491,2025-08-10,116,2025-08-18,2025-08-23,Pending,1348012,58,SUP4437
O2757,P6356,2025-09-23,209,2025-09-29,2025-10-01,Pending,4940298,104,SUP921
O2758,P1796,2025-07-13,415,2025-07-19,2025-07-23,Delivered,4453229,415,SUP1071
O2759,P7952,2025-12-08,386,2025-12-16,2025-12-16,Pending,3451729,193,SUP2167
O2760,P8763,2025-11-19,37,2025-11-25,2025-11-25,Pending,990876,18,
O2761,P9941,2025-09-27,183,2025-10-07,2025-10-10,Delivered,2638859,183,SUP5344
O2762,P7469,2025-07-01,308,2025-07-08,2025-07-13,Delayed,653839,277,SUP4895
O2763,P9359,2025-10-09,195,2025-10-18,2025-10-22,Delayed,60347,176,SUP9364
O2764,P5428,2026-01-03,471,2026-01-13,2026-01-15,Delivered,3328559,471,SUP749
O2765,P2901,2026-04-07,261,2026-04-10,2026-04-10,Delivered,1277336,261,
O2766,P9,2025-06-17,106,2025-06-23,2025-06-24,Delayed,1390895,95,
O2767,P1319,2025-09-09,272,2025-09-13,2025-09-18,Delivered,4204284,272,SUP1320
O2768,P4019,2026-04-04,29,2026-04-14,2026-04-14,Delivered,285648,29,SUP4121
O2769,P9544,2025-12-01,310,2025-12-07,2025-12-11,Delayed,1231897,279,SUP5187
O2770,P6010,2025-10-25,167,2025-11-04,2025-11-08,Delivered,1132269,167,
O2771,P3911,2025-09-19,100,2025-09-23,2025-09-26,Pending,271485,50,
O2772,P2336,2025-09-11,45,2025-09-15,2025-09-19,Pending,3435035,22,SUP22
O2773,P1667,2026-04-24,200,2026-05-04,2026-05-07,Delayed,2977491,180,
O2774,P2783,2025-10-04,423,2025-10-14,2025-10-17,Delayed,3467434,381,
O2775,P1138,2025-12-27,293,2026-01-04,2026-01-06,Pending,4097397,146,
O2776,P2172,2025-10-31,319,2025-11-05,2025-11-08,Pending,4529347,160,SUP9499
O2777,P5578,2025-09-27,235,2025-10-01,2025-10-02,Delayed,3138078,212,SUP5582
O2778,P1977,2025-08-28,382,2025-09-02,2025-09-06,Delivered,102059,382,SUP9388
O2779,P2562,2025-06-01,218,2025-06-05,2025-06-05,Delayed,4926513,196,SUP3473
O2780,P8134,2026-03-05,364,2026-03-09,2026-03-09,Delivered,3328177,364,SUP6211
O2781,P7583,2025-10-03,130,2025-10-10,2025-10-14,Delivered,3221989,130,
O2782,P4464,2025-06-11,259,2025-06-14,2025-06-15,Delivered,3819853,259,SUP5096
O2783,P5664,2026-04-20,56,2026-04-30,2026-05-05,Delivered,2521067,56,
O2784,P7790,2026-02-13,294,2026-02-18,2026-02-18,Pending,1664922,147,
O2785,P4498,2025-11-30,175,2025-12-08,2025-12-08,Delivered,595615,175,SUP1048
O2786,P2494,2026-05-24,167,2026-05-27,2026-05-29,Pending,4307519,84,SUP7339
O2787,P589,2025-10-19,12,2025-10-26,2025-10-27,Delivered,3948966,12,
O2788,P5178,2026-03-07,157,2026-03-13,2026-03-13,Delivered,4723898,157,SUP2347
O2789,P8758,2025-08-05,495,2025-08-13,2025-08-13,Pending,495509,248,
O2790,P9677,2025-06-05,480,2025-06-12,2025-06-12,Delayed,594776,432,SUP8876
O2791,P8048,2025-10-19,53,2025-10-26,2025-10-30,Pending,4518262,26,SUP918
O2792,P3999,2025-09-12,74,2025-09-20,2025-09-22,Delayed,4987866,67,SUP5031
O2793,P6518,2025-11-11,184,2025-11-15,2025-11-17,Delivered,4320488,184,SUP1044
O2794,P8968,2025-12-23,447,2025-12-29,2025-12-29,Delayed,1210015,402,SUP462
O2795,P7094,2025-07-26,198,2025-08-02,2025-08-02,Pending,538685,99,SUP5111
O2796,P321,2025-11-20,399,2025-11-28,2025-11-30,Delivered,4931268,399,SUP4704
O2797,P5116,2025-09-04,251,2025-09-08,2025-09-11,Delayed,2033637,226,SUP5796
O2798,P6785,2026-01-13,327,2026-01-23,2026-01-23,Pending,3027579,164,
O2799,P7772,2025-08-18,29,2025-08-25,2025-08-29,Delayed,4730632,26,
O2800,P8308,2025-06-29,443,2025-07-06,2025-07-06,Pending,642817,222,SUP487
O2801,P757,2025-12-09,368,2025-12-19,2025-12-19,Pending,4589148,184,
O2802,P2046,2026-02-23,55,2026-03-03,2026-03-08,Delayed,1359861,50,SUP2262
O2803,P1275,2026-01-22,442,2026-01-28,2026-01-28,Delayed,1340325,398,SUP6356
O2804,P4022,2025-06-16,50,2025-06-19,2025-06-19,Delayed,4560278,45,
O2805,P8912,2025-07-11,330,2025-07-14,2025-07-16,Delayed,3645139,297,
O2806,P302,2025-07-24,346,2025-08-01,2025-08-02,Delayed,3749178,311,SUP5640
O2807,P3456,2025-09-11,309,2025-09-18,2025-09-18,Delivered,3390499,309,SUP2849
O2808,P5681,2025-12-17,46,2025-12-27,2025-12-31,Delivered,4313529,46,
O2809,P7368,2025-12-18,447,2025-12-21,2025-12-22,Pending,4552532,224,SUP1141
O2810,P2500,2025-07-06,231,2025-07-10,2025-07-11,Pending,472148,116,SUP2018
O2811,P9302,2026-04-22,396,2026-04-26,2026-04-29,Delayed,1155810,356,SUP2148
O2812,P5184,2025-09-28,396,2025-10-06,2025-10-11,Delivered,4291943,396,SUP4862
O2813,P4479,2025-10-26,442,2025-11-04,2025-11-08,Delivered,3737296,442,SUP188
O2814,P6203,2025-08-03,405,2025-08-09,2025-08-14,Delivered,1393330,405,SUP823
O2815,P8080,2025-10-31,334,2025-11-08,2025-11-10,Pending,174669,167,SUP3910
O2816,P4483,2025-07-19,410,2025-07-24,2025-07-25,Pending,2282171,205,SUP9730
O2817,P8651,2026-04-12,25,2026-04-22,2026-04-27,Pending,3486019,12,
O2818,P7172,2025-10-01,389,2025-10-06,2025-10-08,Pending,615655,194,
O2819,P9820,2026-05-09,182,2026-05-15,2026-05-17,Delayed,2501471,164,SUP2669
O2820,P320,2025-12-13,345,2025-12-16,2025-12-21,Delayed,4287837,310,SUP2941
O2821,P6857,2025-09-25,299,2025-10-05,2025-10-05,Pending,3459345,150,SUP4005
O2822,P5125,2025-09-09,28,2025-09-16,2025-09-21,Delayed,4117991,25,SUP2562
O2823,P6031,2025-11-04,471,2025-11-13,2025-11-14,Pending,2792787,236,
O2824,P982,2025-06-28,258,2025-07-05,2025-07-05,Pending,1951944,129,
O2825,P5564,2026-04-08,146,2026-04-12,2026-04-13,Pending,644449,73,
O2826,P9582,2025-10-12,180,2025-10-19,2025-10-19,Pending,2995253,90,SUP320
O2827,P8280,2025-06-12,323,2025-06-20,2025-06-20,Delayed,825835,291,SUP3185
O2828,P6807,2026-05-03,59,2026-05-08,2026-05-12,Pending,4348037,30,SUP7097
O2829,P1608,2026-01-19,274,2026-01-29,2026-01-29,Delayed,3603144,247,SUP1165
O2830,P55,2025-11-16,68,2025-11-23,2025-11-27,Delivered,2377482,68,SUP297
O2831,P7298,2025-12-16,277,2025-12-20,2025-12-20,Delayed,1972131,249,
O2832,P4387,2025-06-30,332,2025-07-10,2025-07-15,Pending,983422,166,SUP9611
O2833,P485,2025-08-18,212,2025-08-21,2025-08-23,Pending,1824668,106,SUP2670
O2834,P6869,2026-05-24,210,2026-05-31,2026-06-02,Delivered,601406,210,
O2835,P2101,2026-04-22,134,2026-05-01,2026-05-05,Delayed,3183428,121,SUP1504
O2836,P9459,2026-05-04,189,2026-05-11,2026-05-13,Delayed,494189,170,
O2837,P7428,2026-04-10,200,2026-04-18,2026-04-20,Delayed,3510295,180,
O2838,P7383,2026-02-19,398,2026-02-22,2026-02-23,Delayed,1303117,358,
O2839,P709,2026-01-22,496,2026-01-30,2026-01-30,Pending,429669,248,
O2840,P7558,2026-02-05,437,2026-02-11,2026-02-13,Delayed,585477,393,SUP1633
O2841,P3635,2026-03-31,220,2026-04-08,2026-04-11,Pending,1952345,110,SUP993
O2842,P3665,2026-01-09,312,2026-01-17,2026-01-20,Pending,1540837,156,SUP377
O2843,P9634,2026-05-21,413,2026-05-26,2026-05-26,Delayed,4001580,372,
O2844,P8041,2026-01-17,197,2026-01-22,2026-01-27,Pending,701276,98,SUP4778
O2845,P7308,2025-11-03,491,2025-11-13,2025-11-18,Delivered,2442066,491,
O2846,P4722,2026-02-20,426,2026-02-28,2026-03-02,Pending,1068039,213,SUP2764
O2847,P6243,2025-12-17,276,2025-12-25,2025-12-28,Delivered,2583711,276,
O2848,P7939,2025-09-08,437,2025-09-12,2025-09-17,Pending,3994651,218,
O2849,P2564,2026-01-04,352,2026-01-07,2026-01-10,Pending,2035012,176,SUP3941
O2850,P8443,2025-10-31,267,2025-11-04,2025-11-04,Delivered,1135456,267,
O2851,P2234,2026-05-19,80,2026-05-22,2026-05-27,Delivered,4647057,80,SUP8725
O2852,P4356,2025-09-01,187,2025-09-04,2025-09-08,Delivered,4053732,187,SUP1313
O2853,P5701,2026-02-17,257,2026-02-27,2026-03-04,Delayed,1804543,231,SUP2547
O2854,P5889,2025-08-07,129,2025-08-16,2025-08-20,Delivered,396383,129,SUP7823
O2855,P3267,2026-03-27,465,2026-04-06,2026-04-07,Delivered,4784157,465,SUP2013
O2856,P4266,2026-01-04,283,2026-01-12,2026-01-14,Delayed,3927265,255,
O2857,P4859,2026-01-04,220,2026-01-11,2026-01-16,Delayed,2792614,198,SUP4309
O2858,P6565,2026-02-23,88,2026-02-27,2026-03-01,Delivered,2086780,88,SUP6765
O2859,P5699,2026-03-03,327,2026-03-11,2026-03-16,Delayed,2197705,294,SUP5414
O2860,P5694,2026-03-11,493,2026-03-20,2026-03-21,Delayed,1444736,444,
O2861,P6783,2026-03-10,466,2026-03-19,2026-03-22,Pending,4735457,233,
O2862,P9044,2025-09-12,495,2025-09-16,2025-09-16,Delivered,957436,495,SUP708
O2863,P3368,2025-12-31,210,2026-01-08,2026-01-09,Pending,755236,105,SUP9624
O2864,P2078,2025-06-11,346,2025-06-17,2025-06-22,Delayed,3459704,311,SUP5599
O2865,P8869,2025-09-17,21,2025-09-20,2025-09-22,Pending,3906373,10,SUP241
O2866,P1722,2026-04-10,170,2026-04-14,2026-04-18,Pending,3390751,85,SUP2165
O2867,P427,2026-04-10,199,2026-04-16,2026-04-18,Delayed,3929141,179,SUP5879
O2868,P3483,2026-05-26,45,2026-05-30,2026-06-01,Delivered,2065162,45,
O2869,P9788,2026-03-20,453,2026-03-26,2026-03-26,Delayed,1192172,408,SUP65
O2870,P7495,2026-01-05,171,2026-01-10,2026-01-14,Delayed,3788335,154,
O2871,P505,2025-05-30,326,2025-06-06,2025-06-11,Delayed,1570794,293,SUP296
O2872,P2078,2025-06-16,49,2025-06-25,2025-06-25,Delayed,804847,44,SUP5599
O2873,P7961,2025-08-01,354,2025-08-10,2025-08-12,Delayed,2212475,319,
O2874,P1067,2026-03-25,382,2026-03-31,2026-03-31,Delivered,3451313,382,SUP4626
O2875,P2879,2025-08-26,142,2025-08-31,2025-09-04,Pending,2119017,71,SUP448
O2876,P8486,2026-01-31,258,2026-02-06,2026-02-08,Delivered,4663035,258,
O2877,P6706,2025-08-07,499,2025-08-11,2025-08-14,Pending,1822340,250,
O2878,P9086,2026-03-08,343,2026-03-18,2026-03-20,Pending,2971183,172,SUP7488
O2879,P2411,2025-07-24,43,2025-07-30,2025-08-04,Delivered,4145952,43,SUP2196
O2880,P1575,2025-09-30,284,2025-10-06,2025-10-08,Pending,373311,142,SUP2197
O2881,P9640,2025-06-27,418,2025-07-06,2025-07-07,Delayed,2080415,376,SUP1574
O2882,P8106,2026-04-12,384,2026-04-21,2026-04-25,Pending,2769296,192,SUP3135
O2883,P1156,2026-03-05,278,2026-03-11,2026-03-14,Pending,3169282,139,SUP1579
O2884,P5091,2025-08-17,209,2025-08-22,2025-08-27,Pending,4534312,104,SUP1773
O2885,P4640,2025-10-25,157,2025-11-03,2025-11-07,Delayed,1291886,141,
O2886,P9051,2026-04-24,400,2026-05-01,2026-05-04,Delayed,42005,360,SUP5658
O2887,P9136,2025-07-04,357,2025-07-07,2025-07-07,Delayed,4240836,321,
O2888,P6584,2025-08-26,114,2025-09-02,2025-09-03,Pending,2969373,57,
O2889,P7726,2025-10-16,226,2025-10-24,2025-10-24,Pending,4332501,113,SUP6957
O2890,P6596,2025-08-12,121,2025-08-19,2025-08-24,Delivered,2937669,121,SUP7526
O2891,P2623,2025-12-27,104,2026-01-06,2026-01-08,Delivered,1005936,104,
O2892,P4230,2025-08-11,55,2025-08-19,2025-08-19,Delivered,3483464,55,SUP2317
O2893,P281,2026-01-31,261,2026-02-10,2026-02-15,Delivered,2248305,261,SUP3302
O2894,P7010,2025-06-13,411,2025-06-18,2025-06-22,Delayed,1444321,370,SUP5301
O2895,P543,2026-03-05,401,2026-03-08,2026-03-10,Delayed,3955354,361,
O2896,P7830,2025-11-12,128,2025-11-15,2025-11-16,Pending,2447707,64,
O2897,P5602,2026-03-21,427,2026-03-24,2026-03-25,Pending,4426779,214,SUP1737
O2898,P8607,2025-07-13,102,2025-07-22,2025-07-22,Delayed,4569351,92,SUP2734
O2899,P2219,2025-06-29,392,2025-07-07,2025-07-08,Delayed,4376744,353,
O2900,P1260,2025-11-24,402,2025-12-04,2025-12-07,Pending,1057440,201,
O2901,P3671,2025-11-06,158,2025-11-15,2025-11-18,Pending,2196747,79,SUP6163
O2902,P5204,2025-08-11,380,2025-08-15,2025-08-18,Delayed,1377552,342,SUP7938
O2903,P3009,2026-05-07,449,2026-05-13,2026-05-18,Pending,493134,224,SUP1929
O2904,P4295,2025-11-19,197,2025-11-22,2025-11-27,Delayed,2491031,177,SUP1346
O2905,P6176,2026-04-29,80,2026-05-09,2026-05-13,Delayed,3127092,72,
O2906,P7142,2026-05-16,40,2026-05-25,2026-05-28,Delayed,65364,36,SUP6984
O2907,P3801,2025-06-04,250,2025-06-08,2025-06-09,Delivered,3025312,250,
O2908,P9534,2026-03-02,486,2026-03-12,2026-03-16,Delivered,4372318,486,SUP2075
O2909,P2959,2025-06-23,288,2025-06-30,2025-07-04,Delivered,3867833,288,
O2910,P7159,2025-10-15,411,2025-10-21,2025-10-21,Pending,3264400,206,
O2911,P516,2026-01-10,150,2026-01-13,2026-01-16,Delayed,1194299,135,SUP3506
O2912,P6577,2025-11-11,97,2025-11-17,2025-11-21,Pending,3185002,48,SUP1374
O2913,P299,2026-04-27,274,2026-04-30,2026-05-02,Delivered,3308532,274,SUP2735
O2914,P6231,2025-10-13,28,2025-10-23,2025-10-26,Pending,4989849,14,SUP7075
O2915,P5629,2025-06-07,49,2025-06-13,2025-06-17,Delayed,14375,44,SUP6155
O2916,P89,2026-05-14,198,2026-05-18,2026-05-18,Pending,2031454,99,SUP5166
O2917,P2199,2026-03-14,85,2026-03-18,2026-03-18,Delivered,667785,85,
O2918,P6536,2025-09-21,51,2025-09-25,2025-09-27,Pending,2425154,26,SUP104
O2919,P4760,2026-05-22,50,2026-05-25,2026-05-30,Pending,1245507,25,
O2920,P5087,2025-08-17,361,2025-08-27,2025-08-29,Delayed,4762933,325,
O2921,P5948,2025-09-17,217,2025-09-20,2025-09-21,Delivered,3229230,217,SUP5193
O2922,P4775,2026-03-11,19,2026-03-16,2026-03-16,Pending,3584823,10,SUP549
O2923,P7025,2025-10-11,409,2025-10-18,2025-10-21,Delayed,1902261,368,
O2924,P4452,2025-10-27,116,2025-11-04,2025-11-06,Delayed,144357,104,SUP486
O2925,P9801,2025-12-29,35,2026-01-04,2026-01-09,Pending,2763597,18,
O2926,P3950,2025-11-10,170,2025-11-18,2025-11-19,Delivered,192946,170,SUP3038
O2927,P8491,2025-07-16,45,2025-07-20,2025-07-25,Delayed,1976024,40,
O2928,P5662,2025-11-04,295,2025-11-14,2025-11-19,Pending,2955997,148,
O2929,P8661,2026-03-03,117,2026-03-07,2026-03-11,Delayed,4548272,105,SUP5717
O2930,P6555,2026-02-08,256,2026-02-18,2026-02-18,Delayed,3701782,230,
O2931,P2963,2026-05-11,220,2026-05-14,2026-05-19,Pending,4726844,110,
O2932,P8922,2025-12-17,416,2025-12-20,2025-12-22,Delayed,2513446,374,SUP9128
O2933,P7192,2025-11-30,171,2025-12-04,2025-12-07,Delivered,4912754,171,SUP588
O2934,P5135,2025-07-19,369,2025-07-28,2025-08-01,Delivered,1544899,369,SUP7287
O2935,P6330,2025-07-05,139,2025-07-12,2025-07-14,Pending,2116884,70,
O2936,P8179,2026-03-31,128,2026-04-04,2026-04-06,Delayed,2018676,115,SUP144
O2937,P4711,2026-02-28,313,2026-03-05,2026-03-08,Pending,2062251,156,
O2938,P8626,2026-03-23,398,2026-03-28,2026-03-30,Delayed,3829335,358,SUP3082
O2939,P3798,2026-04-16,350,2026-04-20,2026-04-20,Pending,2243938,175,SUP8730
O2940,P6412,2026-02-25,338,2026-03-02,2026-03-04,Pending,55584,169,SUP6411
O2941,P3362,2025-11-25,272,2025-11-29,2025-11-30,Pending,4035956,136,SUP318
O2942,P8576,2025-08-29,22,2025-09-06,2025-09-08,Pending,1539898,11,SUP7129
O2943,P9485,2025-08-23,181,2025-08-27,2025-08-27,Pending,2163823,90,SUP3788
O2944,P227,2025-10-06,88,2025-10-16,2025-10-16,Delayed,1161869,79,SUP5267
O2945,P2968,2026-01-07,256,2026-01-11,2026-01-15,Delayed,3672564,230,
O2946,P6330,2025-08-18,230,2025-08-26,2025-08-28,Delivered,2086406,230,
O2947,P7207,2026-03-27,495,2026-04-01,2026-04-03,Delayed,1451435,446,
O2948,P775,2026-02-07,169,2026-02-14,2026-02-16,Delayed,55118,152,SUP2487
O2949,P2527,2026-05-23,454,2026-06-02,2026-06-06,Delivered,2121150,454,SUP5860
O2950,P4098,2025-12-31,141,2026-01-03,2026-01-06,Pending,4729606,70,
O2951,P4228,2026-05-01,82,2026-05-11,2026-05-12,Delivered,4505311,82,
O2952,P8104,2025-05-30,478,2025-06-08,2025-06-09,Pending,3329756,239,SUP8123
O2953,P9353,2025-09-07,274,2025-09-13,2025-09-13,Delayed,147800,247,SUP3267
O2954,P2429,2025-09-14,361,2025-09-18,2025-09-22,Pending,1972980,180,SUP1341
O2955,P5044,2025-08-26,78,2025-08-29,2025-08-31,Pending,3669484,39,SUP5761
O2956,P1017,2026-04-01,78,2026-04-11,2026-04-16,Pending,4313842,39,
O2957,P4370,2025-12-20,91,2025-12-30,2026-01-03,Delayed,4052431,82,
O2958,P7404,2026-01-05,172,2026-01-12,2026-01-12,Delayed,3750796,155,SUP1768
O2959,P3231,2025-09-29,221,2025-10-03,2025-10-06,Delivered,4915952,221,
O2960,P9690,2025-07-09,275,2025-07-19,2025-07-23,Pending,2875795,138,SUP2617
O2961,P4357,2026-03-31,490,2026-04-04,2026-04-09,Pending,1414528,245,SUP4260
O2962,P6698,2026-04-16,345,2026-04-20,2026-04-25,Pending,3895495,172,SUP2122
O2963,P5819,2026-05-03,122,2026-05-07,2026-05-10,Delayed,1881330,110,SUP2140
O2964,P4454,2025-06-11,409,2025-06-17,2025-06-20,Pending,4898770,204,
O2965,P2211,2025-12-05,230,2025-12-11,2025-12-11,Pending,2068587,115,SUP6311
O2966,P6652,2025-09-18,313,2025-09-28,2025-09-29,Delivered,369366,313,
O2967,P4527,2026-05-10,345,2026-05-20,2026-05-23,Delivered,442833,345,SUP1379
O2968,P6366,2026-05-21,469,2026-05-26,2026-05-26,Delayed,1210422,422,SUP1240
O2969,P7093,2026-03-18,114,2026-03-25,2026-03-30,Delayed,278010,103,
O2970,P3512,2026-01-11,49,2026-01-21,2026-01-24,Delivered,3515950,49,SUP2004
O2971,P4702,2026-03-06,273,2026-03-16,2026-03-20,Delayed,129732,246,SUP4214
O2972,P9305,2026-01-25,425,2026-01-29,2026-02-01,Delivered,3358592,425,SUP7218
O2973,P9984,2026-05-04,337,2026-05-08,2026-05-09,Delivered,1887058,337,
O2974,P5117,2026-01-04,10,2026-01-10,2026-01-11,Pending,1499238,5,
O2975,P9407,2025-09-27,54,2025-10-04,2025-10-06,Delivered,2461921,54,SUP9031
O2976,P9859,2025-08-31,318,2025-09-10,2025-09-12,Pending,4152900,159,SUP268
O2977,P5781,2025-07-31,465,2025-08-03,2025-08-08,Pending,3722415,232,SUP8626
O2978,P6304,2026-01-05,204,2026-01-13,2026-01-13,Pending,3845517,102,SUP1061
O2979,P8916,2026-02-16,173,2026-02-22,2026-02-24,Pending,412235,86,SUP6677
O2980,P4559,2026-01-25,373,2026-02-01,2026-02-02,Delayed,733659,336,
O2981,P3943,2025-07-08,146,2025-07-13,2025-07-15,Delivered,1145592,146,
O2982,P1107,2025-10-05,315,2025-10-08,2025-10-09,Delivered,2656844,315,SUP9092
O2983,P1370,2025-11-10,336,2025-11-14,2025-11-16,Delayed,3947089,302,
O2984,P8043,2025-08-19,42,2025-08-24,2025-08-25,Delayed,4297130,38,SUP371
O2985,P5665,2025-11-22,308,2025-12-02,2025-12-05,Delivered,1840713,308,SUP3411
O2986,P8952,2025-06-25,198,2025-06-30,2025-07-03,Pending,3732357,99,SUP9325
O2987,P759,2025-11-25,472,2025-12-04,2025-12-04,Delayed,3737157,425,SUP9557
O2988,P2497,2025-07-26,407,2025-08-03,2025-08-04,Pending,1435087,204,
O2989,P4910,2025-12-17,451,2025-12-23,2025-12-26,Pending,2261841,226,
O2990,P6678,2025-06-04,233,2025-06-13,2025-06-13,Delayed,4230235,210,SUP4178
O2991,P972,2026-05-15,254,2026-05-24,2026-05-28,Delivered,1340003,254,SUP2221
O2992,P1268,2026-04-03,139,2026-04-10,2026-04-14,Delivered,1667160,139,SUP1571
O2993,P4558,2026-02-02,72,2026-02-12,2026-02-14,Pending,2693237,36,SUP325
O2994,P9600,2026-04-11,437,2026-04-19,2026-04-23,Delayed,2934804,393,
O2995,P1088,2025-07-16,134,2025-07-24,2025-07-29,Delayed,4415592,121,
O2996,P9941,2025-08-25,233,2025-09-04,2025-09-05,Delayed,648053,210,SUP5344
O2997,P3547,2025-11-12,405,2025-11-21,2025-11-26,Pending,1229377,202,SUP1435
O2998,P1120,2026-01-14,393,2026-01-19,2026-01-24,Delayed,20233,354,
O2999,P3588,2026-03-31,326,2026-04-10,2026-04-14,Delivered,388134,326,SUP754
O3000,P2749,2025-06-11,473,2025-06-21,2025-06-21,Delayed,4817329,426,SUP5617
O3001,P7795,2026-02-18,191,2026-02-27,2026-02-28,Pending,1415700,96,SUP4428
O3002,P8363,2025-09-09,281,2025-09-15,2025-09-19,Delayed,4695093,253,
O3003,P7675,2026-05-09,427,2026-05-17,2026-05-17,Delayed,4861726,384,SUP2149
O3004,P3093,2025-10-10,14,2025-10-16,2025-10-16,Delayed,4363403,13,SUP7419
O3005,P8036,2025-11-24,321,2025-12-04,2025-12-04,Delivered,1716456,321,
O3006,P1269,2026-03-10,475,2026-03-20,2026-03-23,Delayed,1017104,428,SUP3075
O3007,P6765,2025-07-26,455,2025-08-03,2025-08-03,Pending,549328,228,SUP1027
O3008,P6090,2026-04-19,334,2026-04-29,2026-05-03,Pending,52166,167,SUP2433
O3009,P6735,2026-02-13,192,2026-02-19,2026-02-24,Delivered,163337,192,SUP7785
O3010,P3741,2026-02-12,309,2026-02-17,2026-02-20,Delayed,3217695,278,SUP6062
O3011,P7209,2026-01-31,206,2026-02-03,2026-02-07,Delayed,297288,185,
O3012,P8948,2026-03-21,89,2026-03-26,2026-03-31,Pending,3342986,44,
O3013,P139,2025-07-17,26,2025-07-21,2025-07-22,Pending,3285499,13,SUP724
O3014,P1423,2025-08-26,77,2025-09-05,2025-09-07,Pending,1696213,38,SUP2676
O3015,P5616,2025-10-14,188,2025-10-24,2025-10-28,Delivered,3069660,188,SUP2077
O3016,P5959,2025-12-05,205,2025-12-14,2025-12-17,Delayed,360067,184,SUP5846
O3017,P2112,2026-02-22,499,2026-02-25,2026-03-02,Delayed,4998961,449,SUP6650
O3018,P4187,2025-06-16,330,2025-06-24,2025-06-24,Pending,3055499,165,
O3019,P9399,2026-03-22,348,2026-03-31,2026-04-02,Delivered,1861851,348,SUP2326
O3020,P4979,2025-10-05,434,2025-10-11,2025-10-16,Delayed,2602834,391,SUP9339
O3021,P3054,2026-01-31,491,2026-02-10,2026-02-14,Delayed,986014,442,SUP2194
O3022,P3992,2025-10-01,40,2025-10-10,2025-10-11,Pending,3226394,20,SUP5739
O3023,P3332,2025-11-29,323,2025-12-03,2025-12-04,Delivered,373706,323,SUP1695
O3024,P8014,2026-05-16,217,2026-05-22,2026-05-22,Delayed,2505896,195,SUP8189
O3025,P4315,2025-10-26,435,2025-11-03,2025-11-05,Delivered,4010646,435,
O3026,P7639,2025-10-17,473,2025-10-25,2025-10-25,Pending,1718051,236,SUP9284
O3027,P3830,2026-01-30,105,2026-02-03,2026-02-08,Delayed,1913001,94,
O3028,P214,2025-06-26,224,2025-07-01,2025-07-02,Delivered,1237531,224,
O3029,P102,2026-05-05,43,2026-05-10,2026-05-12,Pending,1600770,22,SUP1677
O3030,P2275,2026-03-14,172,2026-03-21,2026-03-24,Delivered,4119009,172,SUP6229
O3031,P806,2025-08-15,434,2025-08-18,2025-08-20,Delivered,4514231,434,SUP2138
O3032,P9744,2026-01-31,413,2026-02-03,2026-02-05,Delayed,472247,372,
O3033,P8252,2026-02-17,236,2026-02-25,2026-03-02,Pending,3928213,118,SUP3961
O3034,P2498,2026-01-05,65,2026-01-09,2026-01-12,Delayed,2575002,58,SUP7050
O3035,P5815,2025-12-15,70,2025-12-21,2025-12-25,Delivered,182238,70,SUP4263
O3036,P1946,2026-01-17,93,2026-01-21,2026-01-24,Pending,2244506,46,
O3037,P9890,2026-05-16,141,2026-05-20,2026-05-25,Delivered,4181683,141,SUP7143
O3038,P3610,2026-01-16,167,2026-01-25,2026-01-29,Delayed,2299796,150,
O3039,P7971,2025-06-16,357,2025-06-22,2025-06-23,Delivered,1167476,357,SUP1258
O3040,P6831,2025-08-19,473,2025-08-29,2025-09-03,Delayed,748606,426,SUP9609
O3041,P6749,2026-01-08,331,2026-01-18,2026-01-23,Pending,2455996,166,
O3042,P2532,2025-10-24,314,2025-11-02,2025-11-02,Delivered,4910823,314,SUP1221
O3043,P9483,2025-10-20,461,2025-10-26,2025-10-28,Pending,2747466,230,SUP3237
O3044,P7566,2026-05-24,380,2026-05-30,2026-06-04,Pending,768921,190,SUP9885
O3045,P3796,2025-11-16,142,2025-11-19,2025-11-22,Delayed,2476136,128,
O3046,P1686,2025-07-12,381,2025-07-22,2025-07-25,Pending,3755077,190,SUP798
O3047,P791,2025-07-18,54,2025-07-25,2025-07-30,Delivered,1755624,54,SUP7008
O3048,P7642,2026-04-23,444,2026-04-30,2026-04-30,Pending,4643915,222,SUP1057
O3049,P2885,2026-04-27,222,2026-05-04,2026-05-05,Delayed,4578852,200,SUP1570
O3050,P6396,2025-10-05,190,2025-10-10,2025-10-12,Delayed,2963176,171,SUP1168
O3051,P5967,2026-04-24,438,2026-04-27,2026-05-02,Pending,1725930,219,SUP3609
O3052,P1496,2025-11-18,88,2025-11-25,2025-11-27,Pending,2219396,44,
O3053,P4932,2025-10-28,149,2025-11-06,2025-11-11,Pending,4193496,74,SUP5633
O3054,P7080,2026-04-09,58,2026-04-19,2026-04-22,Delivered,2838491,58,SUP5002
O3055,P4008,2025-07-16,14,2025-07-20,2025-07-24,Delivered,122920,14,
O3056,P4260,2026-01-06,140,2026-01-14,2026-01-15,Delivered,2459060,140,
O3057,P2886,2025-05-30,464,2025-06-06,2025-06-11,Delivered,2200725,464,
O3058,P1666,2025-07-06,376,2025-07-12,2025-07-17,Delivered,4581709,376,SUP3117
O3059,P3174,2025-12-25,284,2026-01-04,2026-01-07,Delivered,4886743,284,SUP8860
O3060,P951,2026-03-11,22,2026-03-16,2026-03-17,Delayed,2155583,20,SUP590
O3061,P558,2025-10-06,82,2025-10-12,2025-10-17,Delivered,361906,82,SUP9150
O3062,P5309,2025-08-22,427,2025-08-30,2025-09-01,Delivered,1767962,427,
O3063,P3804,2025-06-04,348,2025-06-08,2025-06-08,Pending,140824,174,SUP6365
O3064,P537,2025-09-09,78,2025-09-14,2025-09-19,Delivered,3850362,78,SUP9497
O3065,P1956,2026-03-12,384,2026-03-21,2026-03-22,Delayed,2081905,346,
O3066,P9357,2026-05-07,41,2026-05-13,2026-05-15,Pending,1023947,20,SUP2425
O3067,P2364,2025-11-17,42,2025-11-21,2025-11-25,Delivered,2110449,42,SUP1459
O3068,P5434,2025-12-01,96,2025-12-08,2025-12-11,Pending,1695104,48,
O3069,P477,2025-12-03,405,2025-12-09,2025-12-14,Delayed,4134631,364,SUP7209
O3070,P2503,2025-08-31,395,2025-09-05,2025-09-09,Delivered,939741,395,SUP4571
O3071,P4661,2025-10-12,141,2025-10-20,2025-10-23,Pending,1968031,70,
O3072,P6477,2025-12-03,183,2025-12-07,2025-12-08,Delivered,300956,183,SUP9524
O3073,P1520,2026-05-17,23,2026-05-22,2026-05-24,Delivered,3752285,23,SUP4705
O3074,P1150,2025-05-29,333,2025-06-05,2025-06-06,Delivered,4962689,333,
O3075,P7888,2025-07-23,62,2025-07-30,2025-07-30,Pending,626382,31,SUP8945
O3076,P7042,2026-05-10,97,2026-05-20,2026-05-22,Delayed,780989,87,SUP4524
O3077,P4080,2026-05-02,217,2026-05-05,2026-05-10,Delivered,1869089,217,
O3078,P567,2025-06-30,183,2025-07-10,2025-07-11,Pending,1032609,92,
O3079,P7065,2025-10-11,183,2025-10-18,2025-10-21,Delayed,2786920,165,SUP3903
O3080,P8234,2025-12-17,82,2025-12-24,2025-12-24,Pending,1971824,41,SUP3812
O3081,P6940,2025-12-15,496,2025-12-23,2025-12-23,Delayed,4205710,446,SUP2266
O3082,P8245,2025-12-26,343,2026-01-01,2026-01-05,Delayed,1430523,309,SUP5769
O3083,P2019,2025-11-27,338,2025-12-05,2025-12-07,Delivered,241608,338,SUP6209
O3084,P1668,2025-06-13,90,2025-06-22,2025-06-26,Pending,1796007,45,
O3085,P3028,2025-09-12,143,2025-09-19,2025-09-24,Delivered,653834,143,SUP764
O3086,P4193,2025-10-10,83,2025-10-18,2025-10-18,Delivered,543372,83,SUP7397
O3087,P8105,2025-11-12,109,2025-11-16,2025-11-20,Delivered,4977619,109,
O3088,P8681,2026-04-03,420,2026-04-10,2026-04-14,Pending,92716,210,
O3089,P5049,2025-09-24,438,2025-09-27,2025-10-01,Delayed,158570,394,SUP1351
O3090,P8959,2025-09-04,386,2025-09-11,2025-09-12,Delayed,3862261,347,SUP3186
O3091,P7481,2025-07-14,478,2025-07-18,2025-07-20,Delayed,510614,430,
O3092,P269,2025-12-23,441,2025-12-28,2026-01-01,Pending,265095,220,SUP711
O3093,P6351,2025-06-05,230,2025-06-12,2025-06-13,Pending,4880633,115,SUP114
O3094,P246,2025-07-02,358,2025-07-10,2025-07-10,Pending,883984,179,SUP1323
O3095,P2144,2026-05-27,426,2026-06-05,2026-06-06,Delayed,453047,383,SUP2610
O3096,P4966,2025-11-05,339,2025-11-08,2025-11-11,Pending,897271,170,
O3097,P693,2025-08-13,174,2025-08-20,2025-08-24,Pending,1906135,87,SUP8810
O3098,P2217,2025-10-09,264,2025-10-18,2025-10-22,Delayed,771976,238,
O3099,P6821,2026-02-11,189,2026-02-17,2026-02-17,Pending,2395239,94,SUP9187
O3100,P1282,2025-06-20,39,2025-06-26,2025-06-29,Delayed,3550012,35,SUP8419
O3101,P3721,2025-06-20,100,2025-06-29,2025-07-03,Delayed,4408780,90,
O3102,P6779,2026-03-28,43,2026-04-05,2026-04-07,Delayed,2285596,39,
O3103,P283,2025-08-26,50,2025-09-04,2025-09-05,Delayed,1739678,45,
O3104,P5894,2025-08-02,453,2025-08-05,2025-08-08,Delayed,4195497,408,SUP4616
O3105,P3783,2025-11-02,312,2025-11-06,2025-11-06,Delivered,3503976,312,
O3106,P7723,2026-04-30,489,2026-05-09,2026-05-12,Delayed,2372416,440,SUP2558
O3107,P2997,2025-10-04,348,2025-10-07,2025-10-07,Delayed,555966,313,
O3108,P8945,2026-05-05,357,2026-05-13,2026-05-15,Delivered,760010,357,SUP4936
O3109,P9177,2026-02-11,26,2026-02-14,2026-02-18,Delayed,4122683,23,SUP4763
O3110,P3591,2025-06-01,459,2025-06-11,2025-06-14,Delivered,4521490,459,SUP314
O3111,P4749,2025-08-29,40,2025-09-06,2025-09-10,Delayed,965054,36,
O3112,P3263,2025-06-23,490,2025-06-28,2025-07-02,Pending,1139990,245,
O3113,P4520,2025-11-24,432,2025-11-27,2025-12-01,Delivered,3015787,432,
O3114,P2803,2026-04-01,409,2026-04-08,2026-04-12,Delayed,4784966,368,SUP3030
O3115,P7907,2026-02-01,151,2026-02-09,2026-02-10,Delayed,1279288,136,
O3116,P1294,2025-05-31,47,2025-06-08,2025-06-08,Pending,1558841,24,SUP1796
O3117,P813,2026-04-08,283,2026-04-13,2026-04-14,Pending,4653962,142,SUP980
O3118,P2970,2025-07-19,432,2025-07-24,2025-07-29,Delayed,3297260,389,
O3119,P8160,2025-10-17,136,2025-10-25,2025-10-28,Delayed,841159,122,SUP6678
O3120,P1991,2026-03-02,417,2026-03-08,2026-03-12,Delivered,3864463,417,
O3121,P1301,2025-11-04,109,2025-11-14,2025-11-19,Delivered,4693296,109,SUP703
O3122,P2138,2025-10-26,397,2025-11-02,2025-11-06,Delayed,3199425,357,SUP1903
O3123,P2636,2025-09-05,136,2025-09-13,2025-09-15,Pending,762565,68,
O3124,P9331,2026-01-15,69,2026-01-23,2026-01-28,Pending,4856992,34,SUP6241
O3125,P9241,2025-10-23,70,2025-10-31,2025-11-05,Delayed,3943899,63,
O3126,P8789,2026-01-03,490,2026-01-07,2026-01-11,Delayed,2144093,441,
O3127,P5903,2025-06-16,408,2025-06-21,2025-06-24,Pending,4537081,204,
O3128,P3988,2025-05-28,86,2025-06-01,2025-06-06,Pending,3927182,43,
O3129,P4641,2025-08-08,307,2025-08-13,2025-08-15,Pending,1309705,154,SUP672
O3130,P7789,2026-03-10,130,2026-03-19,2026-03-21,Pending,2974947,65,SUP6772
O3131,P1070,2025-09-03,407,2025-09-09,2025-09-09,Delivered,235008,407,SUP5976
O3132,P576,2025-09-11,378,2025-09-14,2025-09-14,Pending,1359044,189,
O3133,P8734,2026-03-24,196,2026-03-29,2026-04-03,Delivered,68320,196,SUP1104
O3134,P2774,2026-01-15,453,2026-01-22,2026-01-24,Pending,2081266,226,
O3135,P8798,2026-01-07,110,2026-01-15,2026-01-17,Delivered,3892632,110,
O3136,P1366,2025-11-08,291,2025-11-11,2025-11-14,Delivered,4721260,291,
O3137,P8822,2025-10-02,454,2025-10-08,2025-10-12,Delayed,4883987,409,SUP1519
O3138,P9049,2025-10-30,262,2025-11-06,2025-11-09,Delayed,4718584,236,
O3139,P5546,2026-02-06,475,2026-02-13,2026-02-15,Delivered,1319071,475,SUP2023
O3140,P5010,2026-04-14,339,2026-04-24,2026-04-27,Delayed,3716131,305,SUP1863
O3141,P3489,2026-05-01,267,2026-05-05,2026-05-07,Delivered,3465281,267,SUP1725
O3142,P7569,2026-05-15,234,2026-05-23,2026-05-23,Pending,2933362,117,
O3143,P3471,2025-10-28,166,2025-11-06,2025-11-06,Pending,991941,83,
O3144,P3822,2026-03-23,481,2026-04-02,2026-04-05,Delivered,3681321,481,
O3145,P4360,2026-04-24,234,2026-04-28,2026-04-30,Pending,1577839,117,SUP8958
O3146,P834,2026-04-17,360,2026-04-24,2026-04-28,Pending,4373118,180,SUP1301
O3147,P2539,2025-12-31,417,2026-01-10,2026-01-11,Delivered,2878192,417,SUP7450
O3148,P467,2026-02-12,375,2026-02-15,2026-02-16,Delivered,3917618,375,
O3149,P7409,2026-01-22,193,2026-01-31,2026-02-02,Pending,107766,96,
O3150,P4581,2025-10-23,408,2025-10-28,2025-10-30,Delivered,974299,408,SUP1982
O3151,P2808,2025-09-06,426,2025-09-13,2025-09-16,Pending,1995792,213,SUP2161
O3152,P7191,2025-08-06,384,2025-08-16,2025-08-20,Pending,1939585,192,SUP2924
O3153,P2525,2025-06-15,10,2025-06-18,2025-06-20,Delivered,3372324,10,
O3154,P5598,2025-06-14,274,2025-06-23,2025-06-25,Delivered,3836733,274,
O3155,P2594,2025-09-16,32,2025-09-24,2025-09-28,Delayed,3382866,29,SUP5847
O3156,P775,2026-04-26,409,2026-05-03,2026-05-04,Delivered,4756404,409,SUP2487
O3157,P3081,2025-09-11,290,2025-09-19,2025-09-24,Delivered,3799548,290,
O3158,P8449,2025-12-05,409,2025-12-11,2025-12-12,Pending,689269,204,SUP3361
O3159,P7927,2025-11-09,352,2025-11-13,2025-11-17,Delayed,545890,317,SUP2581
O3160,P4101,2025-06-09,497,2025-06-18,2025-06-19,Delayed,653482,447,SUP7312
O3161,P1905,2025-09-11,141,2025-09-16,2025-09-17,Delivered,1515975,141,SUP9125
O3162,P6488,2026-01-31,459,2026-02-06,2026-02-08,Pending,1334253,230,SUP3899
O3163,P965,2026-03-29,366,2026-04-05,2026-04-10,Pending,2661383,183,
O3164,P5120,2025-11-21,158,2025-11-27,2025-11-29,Delivered,4700027,158,
O3165,P384,2025-06-28,105,2025-07-01,2025-07-04,Delivered,1202970,105,SUP543
O3166,P245,2026-01-04,484,2026-01-14,2026-01-18,Delayed,1234746,436,SUP9726
O3167,P5256,2025-08-02,93,2025-08-08,2025-08-10,Delivered,2795176,93,
O3168,P4489,2026-02-27,92,2026-03-03,2026-03-07,Delivered,3749900,92,
O3169,P4496,2025-11-13,386,2025-11-21,2025-11-24,Delivered,4911059,386,
O3170,P9570,2025-09-07,202,2025-09-12,2025-09-16,Delivered,373562,202,SUP4644
O3171,P1056,2026-04-17,25,2026-04-26,2026-05-01,Pending,4025433,12,
O3172,P5300,2026-01-25,444,2026-02-04,2026-02-04,Pending,32690,222,SUP7416
O3173,P7897,2025-05-31,187,2025-06-10,2025-06-15,Pending,4924352,94,SUP904
O3174,P7663,2025-07-19,436,2025-07-22,2025-07-24,Pending,4139955,218,
O3175,P7623,2025-08-23,14,2025-08-28,2025-09-02,Delayed,3005023,13,SUP1358
O3176,P3116,2025-09-07,341,2025-09-14,2025-09-16,Delivered,552760,341,SUP3140
O3177,P5922,2025-09-20,497,2025-09-23,2025-09-25,Delayed,1726746,447,SUP3856
O3178,P2179,2026-03-08,485,2026-03-11,2026-03-13,Delayed,1736492,436,SUP8404
O3179,P2288,2026-05-04,456,2026-05-12,2026-05-12,Delivered,3630082,456,SUP1515
O3180,P390,2025-10-10,137,2025-10-18,2025-10-19,Delayed,4278988,123,SUP3284
O3181,P3568,2025-12-17,140,2025-12-23,2025-12-28,Delayed,2398979,126,SUP7247
O3182,P3615,2025-08-24,44,2025-08-28,2025-08-31,Delivered,1292588,44,SUP4307
O3183,P9420,2025-06-25,74,2025-06-29,2025-07-04,Delayed,406890,67,SUP479
O3184,P9842,2026-05-01,189,2026-05-08,2026-05-09,Pending,2751317,94,
O3185,P7817,2025-10-23,286,2025-10-30,2025-11-01,Delayed,3239044,257,
O3186,P6542,2026-04-21,488,2026-04-27,2026-04-28,Delayed,3525116,439,SUP2904
O3187,P3439,2026-01-02,121,2026-01-09,2026-01-13,Delivered,3275622,121,SUP4698
O3188,P4021,2025-10-20,13,2025-10-23,2025-10-28,Pending,11607,6,SUP4780
O3189,P7086,2025-11-11,397,2025-11-16,2025-11-20,Delivered,1108845,397,SUP4927
O3190,P8208,2025-09-11,247,2025-09-20,2025-09-23,Delayed,1123138,222,SUP1465
O3191,P4642,2026-04-15,360,2026-04-18,2026-04-18,Pending,1805919,180,SUP9585
O3192,P8939,2026-03-01,196,2026-03-05,2026-03-06,Pending,1437379,98,
O3193,P3944,2025-11-10,85,2025-11-17,2025-11-17,Delivered,2450230,85,SUP8152
O3194,P8223,2025-12-24,448,2026-01-02,2026-01-04,Delayed,2645764,403,
O3195,P9112,2025-06-29,248,2025-07-05,2025-07-07,Delayed,3562008,223,SUP7869
O3196,P1072,2025-06-24,495,2025-06-27,2025-06-30,Delayed,1935723,446,SUP6821
O3197,P6996,2025-12-27,498,2026-01-01,2026-01-02,Pending,3076944,249,
O3198,P5689,2026-05-02,421,2026-05-11,2026-05-12,Pending,3831803,210,SUP6626
O3199,P8524,2026-01-28,424,2026-01-31,2026-02-01,Delayed,2032335,382,
O3200,P9139,2025-08-30,397,2025-09-05,2025-09-07,Delivered,2344243,397,SUP794
O3201,P9829,2025-09-05,498,2025-09-14,2025-09-17,Pending,3564956,249,SUP5721
O3202,P3995,2025-09-02,405,2025-09-06,2025-09-10,Pending,2425129,202,SUP9535
O3203,P234,2025-07-01,305,2025-07-08,2025-07-09,Pending,74670,152,SUP1534
O3204,P6508,2025-09-02,85,2025-09-10,2025-09-14,Delivered,3395201,85,SUP706
O3205,P7386,2026-04-03,495,2026-04-07,2026-04-10,Delivered,2528359,495,
O3206,P3971,2025-10-27,334,2025-11-04,2025-11-08,Delivered,4323578,334,SUP3362
O3207,P939,2025-10-23,364,2025-10-31,2025-11-02,Pending,1215727,182,SUP1660
O3208,P3521,2026-03-19,404,2026-03-26,2026-03-27,Delayed,2313343,364,SUP12
O3209,P4815,2025-11-11,410,2025-11-15,2025-11-18,Delivered,3109093,410,SUP8279
O3210,P5430,2025-07-01,333,2025-07-09,2025-07-11,Delivered,4109725,333,SUP7057
O3211,P4816,2026-04-05,448,2026-04-09,2026-04-12,Delivered,1395191,448,SUP4385
O3212,P2662,2025-12-12,43,2025-12-22,2025-12-27,Delayed,1393695,39,
O3213,P9446,2025-12-24,173,2026-01-03,2026-01-08,Delayed,2638700,156,SUP3915
O3214,P4163,2025-08-21,169,2025-08-30,2025-09-04,Delayed,233769,152,SUP6061
O3215,P1396,2026-04-04,407,2026-04-07,2026-04-09,Delayed,2875104,366,SUP988
O3216,P282,2026-02-10,253,2026-02-17,2026-02-21,Delayed,1303737,228,SUP7147
O3217,P5448,2026-04-04,114,2026-04-08,2026-04-10,Delivered,4550664,114,SUP7296
O3218,P6341,2025-10-29,373,2025-11-02,2025-11-05,Delivered,1606990,373,SUP6353
O3219,P5982,2026-02-19,206,2026-02-22,2026-02-27,Delayed,1319756,185,SUP6232
O3220,P5927,2026-04-18,193,2026-04-26,2026-04-26,Delayed,4898465,174,SUP4974
O3221,P4462,2025-09-18,402,2025-09-25,2025-09-25,Delayed,471194,362,SUP438
O3222,P5398,2026-05-09,220,2026-05-15,2026-05-19,Pending,3993812,110,SUP5891
O3223,P6659,2025-08-29,395,2025-09-08,2025-09-13,Delivered,1732123,395,SUP3639
O3224,P6176,2025-09-04,228,2025-09-11,2025-09-15,Delayed,2272135,205,
O3225,P889,2026-04-11,214,2026-04-15,2026-04-17,Delivered,2037017,214,SUP252
O3226,P6416,2026-03-21,309,2026-03-30,2026-03-31,Delayed,152173,278,SUP3857
O3227,P8558,2025-06-13,419,2025-06-18,2025-06-19,Pending,132409,210,
O3228,P9316,2026-05-28,16,2026-06-07,2026-06-10,Pending,2562413,8,SUP3067
O3229,P8125,2025-06-13,408,2025-06-16,2025-06-19,Pending,4573205,204,SUP8435
O3230,P3295,2026-02-25,343,2026-03-07,2026-03-10,Delivered,4637236,343,
O3231,P5135,2025-11-06,415,2025-11-13,2025-11-18,Delivered,4349983,415,SUP7287
O3232,P9526,2025-08-09,438,2025-08-15,2025-08-16,Delayed,595131,394,SUP2092
O3233,P558,2025-10-06,419,2025-10-12,2025-10-13,Delivered,2318437,419,SUP9150
O3234,P1092,2025-06-17,349,2025-06-26,2025-06-26,Delivered,2780798,349,
O3235,P1604,2025-08-07,128,2025-08-17,2025-08-19,Delayed,3829796,115,
O3236,P1803,2026-01-05,305,2026-01-10,2026-01-11,Delayed,3943172,274,
O3237,P9016,2026-05-23,80,2026-05-26,2026-05-26,Delivered,4202650,80,SUP1461
O3238,P2654,2025-12-13,403,2025-12-16,2025-12-21,Delayed,4244624,363,
O3239,P3581,2025-10-20,23,2025-10-27,2025-10-29,Delivered,3877124,23,
O3240,P7714,2025-07-13,61,2025-07-17,2025-07-17,Delayed,3740887,55,
O3241,P5508,2025-11-02,123,2025-11-08,2025-11-08,Delayed,2319129,111,SUP4813
O3242,P8398,2025-10-20,24,2025-10-26,2025-10-26,Pending,2316281,12,SUP8933
O3243,P8852,2025-12-31,388,2026-01-10,2026-01-12,Delayed,3933877,349,SUP2431
O3244,P7931,2026-05-13,394,2026-05-16,2026-05-21,Delayed,2568731,355,SUP2248
O3245,P9706,2026-02-19,271,2026-02-28,2026-03-01,Delayed,1732658,244,
O3246,P4359,2026-02-17,11,2026-02-21,2026-02-21,Delivered,525456,11,SUP6950
O3247,P614,2026-04-17,458,2026-04-23,2026-04-25,Delivered,4343400,458,
O3248,P8461,2026-01-11,436,2026-01-21,2026-01-23,Pending,845100,218,SUP439
O3249,P6170,2026-01-10,480,2026-01-15,2026-01-18,Delivered,2226264,480,
O3250,P3757,2025-09-26,486,2025-09-30,2025-10-04,Delivered,3307876,486,SUP7004
O3251,P4163,2025-06-22,357,2025-07-02,2025-07-07,Pending,3668595,178,SUP6061
O3252,P569,2025-06-17,184,2025-06-22,2025-06-23,Pending,499036,92,
O3253,P2294,2026-03-22,350,2026-03-25,2026-03-28,Pending,3633867,175,SUP3719
O3254,P6220,2025-08-20,51,2025-08-25,2025-08-27,Pending,1717905,26,
O3255,P5238,2026-01-06,274,2026-01-14,2026-01-17,Delayed,13287,247,
O3256,P3697,2025-07-30,168,2025-08-09,2025-08-12,Delayed,4364275,151,SUP1319
O3257,P5668,2025-10-11,142,2025-10-17,2025-10-21,Delivered,1182543,142,SUP2767
O3258,P1829,2026-02-10,11,2026-02-14,2026-02-18,Delivered,4280251,11,
O3259,P9069,2026-05-20,10,2026-05-30,2026-06-04,Delayed,3808682,9,SUP528
O3260,P3598,2025-10-29,71,2025-11-04,2025-11-05,Pending,2268769,36,SUP7603
O3261,P954,2025-10-12,452,2025-10-22,2025-10-22,Delivered,2546855,452,SUP4149
O3262,P1922,2025-08-12,383,2025-08-17,2025-08-20,Delivered,4121589,383,SUP1129
O3263,P1379,2026-01-04,244,2026-01-07,2026-01-08,Delivered,4815662,244,SUP3923
O3264,P4933,2025-09-27,29,2025-10-04,2025-10-09,Pending,1707486,14,
O3265,P6361,2025-12-19,248,2025-12-27,2025-12-29,Delayed,1695075,223,
O3266,P4576,2026-02-11,412,2026-02-16,2026-02-17,Pending,19185,206,SUP4777
O3267,P2093,2026-03-19,464,2026-03-22,2026-03-27,Delivered,616486,464,SUP6242
O3268,P5654,2025-12-15,214,2025-12-24,2025-12-25,Delivered,314680,214,SUP7888
O3269,P2735,2026-04-08,290,2026-04-15,2026-04-18,Delivered,698763,290,SUP101
O3270,P2814,2025-06-02,155,2025-06-12,2025-06-13,Delivered,3261904,155,SUP238
O3271,P5728,2025-10-13,62,2025-10-18,2025-10-21,Delayed,3199714,56,SUP3118
O3272,P8900,2025-05-30,44,2025-06-05,2025-06-06,Delayed,468342,40,SUP699
O3273,P4960,2025-06-03,180,2025-06-10,2025-06-14,Delayed,1724808,162,
O3274,P8644,2026-03-04,277,2026-03-10,2026-03-15,Pending,1534739,138,
O3275,P475,2026-05-14,104,2026-05-24,2026-05-28,Pending,1300147,52,
O3276,P7520,2025-07-14,404,2025-07-18,2025-07-21,Delivered,3785568,404,
O3277,P9550,2025-05-28,261,2025-06-03,2025-06-04,Delayed,4096153,235,SUP4899
O3278,P3175,2025-08-16,71,2025-08-21,2025-08-25,Delayed,3387027,64,SUP1727
O3279,P8763,2025-06-01,231,2025-06-11,2025-06-11,Pending,794532,116,
O3280,P302,2026-05-25,478,2026-05-29,2026-05-31,Delivered,4633233,478,SUP5640
O3281,P4639,2025-12-24,395,2026-01-03,2026-01-03,Pending,1368385,198,SUP5914
O3282,P1601,2025-09-30,78,2025-10-08,2025-10-09,Delayed,1068825,70,SUP4211
O3283,P4732,2025-06-15,344,2025-06-21,2025-06-26,Pending,859925,172,SUP8267
O3284,P9552,2025-12-01,255,2025-12-04,2025-12-08,Pending,1819132,128,SUP8408
O3285,P1859,2026-03-03,160,2026-03-08,2026-03-12,Pending,1045034,80,
O3286,P8186,2025-09-01,333,2025-09-10,2025-09-10,Delayed,1743428,300,SUP453
O3287,P8103,2025-11-01,430,2025-11-10,2025-11-12,Delivered,1039479,430,SUP5003
O3288,P3170,2025-10-29,286,2025-11-01,2025-11-06,Pending,2419073,143,
O3289,P5483,2026-03-01,493,2026-03-08,2026-03-09,Delayed,1412439,444,
O3290,P3274,2026-05-13,20,2026-05-19,2026-05-22,Delayed,3029375,18,
O3291,P5797,2025-09-30,194,2025-10-09,2025-10-12,Pending,833589,97,SUP1954
O3292,P8955,2025-07-15,159,2025-07-23,2025-07-25,Pending,4527988,80,SUP9051
O3293,P9369,2026-03-14,186,2026-03-23,2026-03-27,Pending,578047,93,SUP3774
O3294,P8627,2026-03-09,395,2026-03-19,2026-03-19,Delivered,1324586,395,
O3295,P3206,2026-01-26,483,2026-02-04,2026-02-07,Pending,2274089,242,
O3296,P7621,2025-09-23,339,2025-10-02,2025-10-04,Pending,763914,170,
O3297,P6648,2025-08-22,207,2025-09-01,2025-09-03,Delivered,3589561,207,
O3298,P5345,2025-10-04,333,2025-10-07,2025-10-10,Pending,3957473,166,SUP783
O3299,P9874,2025-09-11,83,2025-09-17,2025-09-17,Delivered,4155901,83,
O3300,P950,2025-10-09,332,2025-10-17,2025-10-21,Delayed,832171,299,
O3301,P1766,2026-04-22,81,2026-05-02,2026-05-04,Delayed,1725553,73,SUP752
O3302,P2755,2026-02-08,172,2026-02-15,2026-02-18,Delayed,1484640,155,SUP2264
O3303,P1756,2026-02-23,191,2026-03-03,2026-03-05,Delayed,3502772,172,SUP6238
O3304,P6687,2025-12-18,359,2025-12-24,2025-12-29,Pending,4520997,180,SUP6207
O3305,P5320,2025-06-19,442,2025-06-26,2025-06-29,Delivered,3008651,442,SUP8355
O3306,P6418,2025-07-21,218,2025-07-31,2025-08-02,Delayed,680821,196,SUP9469
O3307,P7563,2026-05-26,288,2026-06-05,2026-06-08,Pending,4536034,144,SUP1312
O3308,P4604,2025-10-21,40,2025-10-26,2025-10-28,Delivered,2414343,40,SUP3670
O3309,P2792,2025-06-20,190,2025-06-24,2025-06-25,Pending,1451489,95,
O3310,P3975,2025-12-13,385,2025-12-18,2025-12-22,Delivered,1085782,385,
O3311,P9672,2025-08-02,271,2025-08-06,2025-08-09,Delivered,4793919,271,
O3312,P4681,2025-08-09,10,2025-08-12,2025-08-16,Delayed,115324,9,SUP6572
O3313,P191,2025-09-18,131,2025-09-23,2025-09-23,Pending,929407,66,SUP4183
O3314,P2488,2026-02-18,286,2026-02-23,2026-02-25,Pending,3436662,143,
O3315,P194,2026-04-17,132,2026-04-26,2026-04-26,Delivered,785817,132,
O3316,P3852,2026-05-04,18,2026-05-08,2026-05-11,Delayed,510170,16,SUP7076
O3317,P4181,2026-04-05,181,2026-04-09,2026-04-14,Delivered,699671,181,
O3318,P2973,2025-11-28,241,2025-12-02,2025-12-04,Pending,2125349,120,SUP6721
O3319,P6275,2025-12-13,256,2025-12-18,2025-12-23,Delivered,4638054,256,SUP2346
O3320,P9990,2025-09-24,236,2025-10-03,2025-10-07,Delivered,3729349,236,
O3321,P227,2025-10-20,403,2025-10-23,2025-10-28,Delayed,1858546,363,SUP5267
O3322,P226,2026-02-19,333,2026-02-24,2026-02-28,Delivered,445748,333,SUP7755
O3323,P2929,2026-01-23,39,2026-01-30,2026-01-31,Delivered,1040115,39,SUP2087
O3324,P9373,2025-12-09,114,2025-12-19,2025-12-24,Delivered,3330751,114,
O3325,P7811,2026-05-07,192,2026-05-14,2026-05-15,Delayed,3674844,173,
O3326,P391,2025-09-13,444,2025-09-16,2025-09-19,Delivered,2149584,444,
O3327,P2456,2026-03-06,138,2026-03-10,2026-03-12,Pending,2295219,69,SUP39
O3328,P3518,2026-02-10,489,2026-02-15,2026-02-15,Delivered,1900448,489,SUP7909
O3329,P6588,2026-04-06,79,2026-04-09,2026-04-14,Delayed,1177877,71,
O3330,P3212,2026-03-15,389,2026-03-21,2026-03-26,Delayed,4352317,350,
O3331,P7252,2026-01-23,148,2026-02-02,2026-02-05,Pending,2268686,74,
O3332,P5660,2025-07-16,425,2025-07-24,2025-07-26,Delivered,936802,425,SUP4452
O3333,P7016,2025-08-21,21,2025-08-30,2025-09-03,Delayed,939726,19,
O3334,P2093,2026-02-10,119,2026-02-20,2026-02-20,Delayed,3163262,107,SUP6242
O3335,P6950,2025-06-09,166,2025-06-16,2025-06-18,Delayed,4063803,149,SUP3708
O3336,P3947,2025-08-09,420,2025-08-19,2025-08-23,Pending,198472,210,
O3337,P1331,2025-07-04,393,2025-07-11,2025-07-14,Delivered,1756043,393,
O3338,P9319,2025-10-03,249,2025-10-13,2025-10-18,Delivered,2081352,249,SUP3404
O3339,P5276,2025-10-20,226,2025-10-30,2025-11-01,Delayed,134371,203,SUP4659
O3340,P4291,2025-12-31,23,2026-01-04,2026-01-05,Delayed,4932118,21,
O3341,P6182,2025-12-10,328,2025-12-16,2025-12-21,Delivered,1291578,328,SUP6878
O3342,P8500,2026-02-12,286,2026-02-19,2026-02-24,Delayed,3817776,257,SUP1704
O3343,P1511,2026-04-09,28,2026-04-19,2026-04-19,Pending,731274,14,
O3344,P8488,2025-12-30,214,2026-01-05,2026-01-07,Delayed,4455423,193,SUP1775
O3345,P218,2026-04-22,385,2026-04-30,2026-05-02,Pending,1890897,192,SUP9816
O3346,P3520,2025-08-08,164,2025-08-11,2025-08-14,Pending,3605962,82,
O3347,P2727,2025-06-23,452,2025-06-29,2025-07-02,Delayed,1430509,407,
O3348,P6978,2026-02-18,411,2026-02-21,2026-02-26,Delayed,3632235,370,SUP2464
O3349,P805,2025-11-18,355,2025-11-26,2025-12-01,Pending,3204745,178,SUP4921
O3350,P8189,2026-04-19,254,2026-04-27,2026-04-30,Delayed,4635347,229,SUP9237
O3351,P2984,2025-06-15,335,2025-06-19,2025-06-23,Delivered,1180740,335,SUP9922
O3352,P3441,2025-10-05,184,2025-10-09,2025-10-10,Pending,3818132,92,SUP4694
O3353,P7964,2025-11-12,354,2025-11-17,2025-11-20,Delivered,1382073,354,SUP3326
O3354,P1222,2026-02-25,109,2026-03-06,2026-03-06,Delayed,2108522,98,
O3355,P8704,2025-07-20,22,2025-07-23,2025-07-24,Delayed,3796256,20,SUP1970
O3356,P5736,2026-02-03,21,2026-02-08,2026-02-09,Delayed,901347,19,
O3357,P4577,2025-08-13,70,2025-08-22,2025-08-25,Delivered,183350,70,
O3358,P5295,2025-06-15,153,2025-06-25,2025-06-26,Pending,1154858,76,
O3359,P1152,2026-01-17,462,2026-01-27,2026-01-31,Pending,3901035,231,
O3360,P2906,2025-10-22,114,2025-10-28,2025-11-01,Delivered,1848821,114,SUP341
O3361,P7888,2025-10-01,363,2025-10-10,2025-10-15,Pending,4782882,182,SUP8945
O3362,P7181,2025-12-17,113,2025-12-25,2025-12-27,Pending,2403181,56,
O3363,P2651,2026-04-29,53,2026-05-02,2026-05-07,Delivered,1626142,53,
O3364,P6258,2025-08-26,441,2025-08-31,2025-08-31,Delayed,4211100,397,SUP2042
O3365,P7880,2025-11-07,427,2025-11-14,2025-11-15,Delayed,817066,384,SUP1809
O3366,P3333,2025-09-05,356,2025-09-11,2025-09-13,Pending,1911091,178,SUP5789
O3367,P4443,2025-08-22,361,2025-08-26,2025-08-28,Pending,944688,180,SUP2645
O3368,P9464,2026-05-02,101,2026-05-06,2026-05-07,Delayed,3161635,91,SUP8615
O3369,P7225,2025-10-13,330,2025-10-19,2025-10-21,Delivered,3546204,330,SUP9338
O3370,P556,2026-03-18,409,2026-03-27,2026-03-28,Delivered,4269117,409,SUP1195
O3371,P8888,2025-11-24,186,2025-12-01,2025-12-01,Delivered,2738752,186,SUP8173
O3372,P834,2026-01-30,171,2026-02-03,2026-02-05,Pending,4819820,86,SUP1301
O3373,P9931,2026-02-11,305,2026-02-16,2026-02-18,Pending,4747442,152,
O3374,P2373,2026-04-27,147,2026-05-01,2026-05-01,Delivered,1752929,147,SUP2758
O3375,P240,2025-11-08,67,2025-11-16,2025-11-21,Delivered,2090330,67,
O3376,P9870,2025-09-21,318,2025-09-28,2025-09-28,Delivered,3903200,318,SUP6140
O3377,P4798,2025-08-15,32,2025-08-22,2025-08-23,Delayed,1339252,29,SUP8990
O3378,P6665,2025-12-29,207,2026-01-07,2026-01-10,Delivered,651857,207,
O3379,P5862,2026-04-01,63,2026-04-05,2026-04-08,Delivered,2085782,63,SUP1923
O3380,P9011,2026-03-06,254,2026-03-13,2026-03-18,Pending,3327349,127,
O3381,P796,2026-04-30,166,2026-05-06,2026-05-09,Delayed,2593457,149,SUP7993
O3382,P2966,2025-06-11,342,2025-06-18,2025-06-18,Pending,3399969,171,SUP7835
O3383,P9841,2025-12-03,106,2025-12-06,2025-12-07,Pending,2891813,53,SUP2724
O3384,P110,2026-02-07,147,2026-02-14,2026-02-19,Delivered,1534012,147,
O3385,P9373,2025-06-04,493,2025-06-10,2025-06-14,Delivered,663209,493,
O3386,P2076,2026-04-05,344,2026-04-13,2026-04-17,Delivered,537109,344,SUP2868
O3387,P2391,2026-03-25,141,2026-03-31,2026-04-04,Delayed,4713328,127,
O3388,P1135,2025-08-20,430,2025-08-24,2025-08-29,Delayed,2104141,387,SUP863
O3389,P1738,2026-04-28,473,2026-05-04,2026-05-09,Delayed,2393492,426,
O3390,P2398,2026-01-16,449,2026-01-23,2026-01-24,Delivered,1691688,449,SUP9245
O3391,P8764,2025-09-29,253,2025-10-02,2025-10-03,Pending,4252461,126,
O3392,P126,2026-05-08,102,2026-05-12,2026-05-14,Pending,1239245,51,
O3393,P8009,2025-07-26,328,2025-08-03,2025-08-04,Pending,685591,164,SUP1344
O3394,P9303,2025-11-26,464,2025-11-29,2025-11-30,Delayed,4607874,418,
O3395,P4408,2026-05-15,295,2026-05-22,2026-05-24,Delivered,4246942,295,
O3396,P4539,2026-01-04,301,2026-01-11,2026-01-11,Delivered,143382,301,SUP4527
O3397,P5536,2026-04-16,100,2026-04-21,2026-04-21,Pending,3681537,50,
O3398,P4985,2025-12-23,477,2025-12-26,2025-12-30,Pending,4949052,238,SUP4135
O3399,P4745,2025-07-15,490,2025-07-23,2025-07-24,Pending,1637156,245,
O3400,P5812,2026-01-09,22,2026-01-15,2026-01-17,Delayed,4107314,20,SUP7317
O3401,P4544,2025-07-14,133,2025-07-22,2025-07-25,Delayed,3151968,120,SUP6012
O3402,P7536,2025-09-07,400,2025-09-12,2025-09-15,Delayed,3276179,360,SUP2759
O3403,P9919,2026-02-24,467,2026-03-06,2026-03-06,Delayed,246525,420,SUP3197
O3404,P5317,2025-08-23,322,2025-09-01,2025-09-05,Pending,1464196,161,SUP1244
O3405,P7170,2025-09-14,162,2025-09-19,2025-09-23,Delivered,4382279,162,SUP535
O3406,P1294,2026-01-05,278,2026-01-09,2026-01-13,Delayed,2031399,250,SUP1796
O3407,P2664,2026-01-05,484,2026-01-10,2026-01-14,Delayed,3257029,436,SUP2121
O3408,P709,2025-07-06,61,2025-07-11,2025-07-15,Delayed,3447968,55,
O3409,P1878,2026-03-02,358,2026-03-09,2026-03-09,Pending,756471,179,SUP4481
O3410,P7087,2025-12-08,361,2025-12-17,2025-12-22,Pending,2079288,180,
O3411,P9763,2025-06-02,294,2025-06-09,2025-06-09,Delayed,2061301,265,SUP7568
O3412,P4838,2026-05-12,376,2026-05-19,2026-05-22,Delivered,1011924,376,SUP410
O3413,P5812,2025-07-16,50,2025-07-22,2025-07-23,Pending,13502,25,SUP7317
O3414,P1410,2026-01-14,25,2026-01-19,2026-01-21,Delayed,1702505,22,SUP2513
O3415,P3442,2025-10-27,197,2025-11-01,2025-11-01,Delayed,1062403,177,SUP4851
O3416,P2232,2025-07-29,108,2025-08-05,2025-08-10,Delayed,1754333,97,
O3417,P8164,2025-06-11,249,2025-06-16,2025-06-16,Delayed,2726043,224,SUP7607
O3418,P5942,2026-02-19,296,2026-02-26,2026-02-26,Delayed,3164661,266,SUP8696
O3419,P5702,2025-07-09,347,2025-07-14,2025-07-16,Delivered,460864,347,
O3420,P5292,2026-05-02,108,2026-05-08,2026-05-12,Delivered,243848,108,SUP4432
O3421,P8776,2026-01-06,467,2026-01-15,2026-01-15,Delayed,1489234,420,SUP1477
O3422,P5159,2026-04-18,22,2026-04-23,2026-04-25,Pending,897197,11,SUP7947
O3423,P9519,2025-06-13,193,2025-06-21,2025-06-25,Pending,2584531,96,SUP3296
O3424,P9769,2025-06-08,463,2025-06-15,2025-06-17,Pending,994171,232,SUP681
O3425,P2991,2025-07-15,206,2025-07-24,2025-07-24,Delivered,250216,206,SUP2761
O3426,P2701,2025-11-21,286,2025-11-29,2025-11-29,Pending,1533935,143,SUP6973
O3427,P8299,2026-01-28,428,2026-02-01,2026-02-04,Pending,4389748,214,SUP589
O3428,P7795,2025-07-16,436,2025-07-22,2025-07-23,Delayed,3806778,392,SUP4428
O3429,P7348,2025-08-01,78,2025-08-06,2025-08-11,Delayed,46772,70,
O3430,P6508,2026-01-31,14,2026-02-04,2026-02-05,Delivered,4224695,14,SUP706
O3431,P118,2025-12-01,480,2025-12-07,2025-12-12,Delivered,585134,480,SUP5485
O3432,P7868,2026-02-18,410,2026-02-21,2026-02-22,Pending,2150082,205,
O3433,P825,2025-07-04,35,2025-07-08,2025-07-08,Pending,1111730,18,SUP2891
O3434,P9448,2025-11-05,122,2025-11-13,2025-11-15,Delayed,1045493,110,
O3435,P3940,2025-07-22,356,2025-07-30,2025-07-30,Delayed,241965,320,
O3436,P4083,2025-09-07,209,2025-09-14,2025-09-17,Delivered,4201501,209,SUP165
O3437,P8980,2026-05-02,117,2026-05-08,2026-05-08,Pending,3320649,58,SUP7061
O3438,P6870,2025-07-27,177,2025-08-05,2025-08-07,Delivered,3508134,177,
O3439,P5460,2025-10-13,38,2025-10-23,2025-10-28,Delivered,341341,38,
O3440,P6320,2025-07-14,403,2025-07-17,2025-07-19,Delivered,2053398,403,
O3441,P36,2025-08-31,29,2025-09-09,2025-09-12,Delayed,1113731,26,SUP6674
O3442,P9328,2025-07-01,186,2025-07-10,2025-07-12,Delivered,4583193,186,SUP5918
O3443,P8973,2026-02-04,387,2026-02-13,2026-02-17,Delayed,2554444,348,
O3444,P5459,2026-01-29,468,2026-02-06,2026-02-06,Delayed,2453118,421,
O3445,P5556,2025-09-14,15,2025-09-23,2025-09-28,Delivered,4023220,15,SUP7519
O3446,P1142,2026-02-03,129,2026-02-06,2026-02-08,Delivered,4910351,129,SUP1072
O3447,P9711,2025-10-05,473,2025-10-11,2025-10-12,Pending,4639455,236,SUP4657
O3448,P4088,2026-03-01,351,2026-03-04,2026-03-07,Delayed,3123464,316,SUP3053
O3449,P6306,2025-12-07,229,2025-12-11,2025-12-13,Pending,415848,114,SUP3099
O3450,P1829,2026-01-20,124,2026-01-26,2026-01-26,Pending,2731052,62,
O3451,P7249,2025-06-23,493,2025-07-03,2025-07-06,Delayed,246032,444,SUP4873
O3452,P6388,2025-10-20,435,2025-10-26,2025-10-27,Pending,1073438,218,
O3453,P4177,2025-09-07,164,2025-09-12,2025-09-17,Pending,2499185,82,SUP5558
O3454,P3695,2026-03-28,319,2026-04-01,2026-04-04,Delivered,4020385,319,SUP974
O3455,P9745,2025-07-07,141,2025-07-11,2025-07-12,Delayed,1779367,127,SUP3727
O3456,P9256,2025-08-22,73,2025-08-29,2025-08-29,Delayed,84185,66,SUP1543
O3457,P8481,2026-05-22,199,2026-05-26,2026-05-27,Delayed,2691983,179,SUP5384
O3458,P9328,2026-01-07,203,2026-01-10,2026-01-14,Pending,2822651,102,SUP5918
O3459,P1764,2026-01-11,492,2026-01-14,2026-01-14,Delayed,374960,443,
O3460,P1685,2025-05-29,467,2025-06-01,2025-06-03,Pending,3993187,234,SUP1077
O3461,P7966,2026-03-14,38,2026-03-24,2026-03-28,Delayed,3963970,34,
O3462,P2575,2026-01-04,393,2026-01-09,2026-01-10,Pending,1705872,196,
O3463,P8075,2025-07-27,324,2025-08-05,2025-08-06,Pending,2158121,162,SUP2186
O3464,P9897,2026-04-10,303,2026-04-17,2026-04-20,Delivered,2304191,303,SUP9640
O3465,P6547,2025-07-17,72,2025-07-21,2025-07-23,Delayed,3496453,65,SUP8210
O3466,P355,2025-07-04,157,2025-07-09,2025-07-14,Delayed,3501831,141,SUP8370
O3467,P9678,2026-05-07,28,2026-05-16,2026-05-20,Pending,3442207,14,SUP149
O3468,P8804,2025-10-22,264,2025-10-28,2025-10-29,Delivered,1031237,264,
O3469,P38,2026-05-25,207,2026-06-01,2026-06-05,Delivered,4583727,207,SUP8474
O3470,P8631,2026-04-27,428,2026-05-04,2026-05-06,Delivered,2339256,428,SUP1538
O3471,P7357,2026-03-31,18,2026-04-07,2026-04-11,Delivered,3015209,18,SUP305
O3472,P4618,2026-05-08,225,2026-05-12,2026-05-12,Delayed,1506295,202,SUP1412
O3473,P9943,2025-08-30,412,2025-09-02,2025-09-04,Delivered,658123,412,SUP6874
O3474,P4134,2025-07-29,216,2025-08-07,2025-08-09,Pending,3503962,108,SUP6177
O3475,P2225,2026-03-14,276,2026-03-23,2026-03-27,Delivered,1672264,276,SUP4993
O3476,P2025,2025-12-17,492,2025-12-24,2025-12-25,Delivered,2678248,492,SUP4578
O3477,P8823,2026-05-23,223,2026-05-29,2026-05-29,Delivered,810324,223,SUP4247
O3478,P3851,2025-08-25,373,2025-09-03,2025-09-06,Delayed,1126446,336,SUP3415
O3479,P9869,2026-02-25,169,2026-03-01,2026-03-06,Delayed,2090118,152,
O3480,P1816,2025-11-24,329,2025-11-27,2025-11-27,Pending,4362508,164,
O3481,P3811,2026-04-10,58,2026-04-14,2026-04-19,Delayed,3189660,52,SUP5094
O3482,P6995,2025-11-13,386,2025-11-16,2025-11-21,Delivered,822931,386,SUP8684
O3483,P7091,2025-09-07,334,2025-09-12,2025-09-17,Pending,1660445,167,SUP4636
O3484,P6681,2025-06-11,470,2025-06-20,2025-06-25,Pending,2803088,235,SUP5512
O3485,P6683,2025-09-09,276,2025-09-19,2025-09-20,Delivered,2562935,276,SUP7786
O3486,P6233,2025-09-30,53,2025-10-03,2025-10-08,Pending,205285,26,SUP4319
O3487,P8444,2025-08-08,470,2025-08-11,2025-08-12,Delivered,57741,470,SUP3209
O3488,P6270,2026-04-07,79,2026-04-14,2026-04-19,Delayed,2317267,71,
O3489,P9437,2026-03-13,357,2026-03-23,2026-03-25,Pending,2688498,178,SUP2090
O3490,P2738,2025-08-12,254,2025-08-19,2025-08-19,Pending,2104451,127,SUP1556
O3491,P3053,2026-03-02,141,2026-03-12,2026-03-17,Delivered,1436160,141,
O3492,P8895,2026-04-23,482,2026-04-26,2026-04-29,Delivered,1712858,482,SUP2014
O3493,P6751,2025-06-06,359,2025-06-12,2025-06-12,Pending,4422195,180,
O3494,P7412,2026-01-16,338,2026-01-25,2026-01-29,Pending,1179749,169,SUP5247
O3495,P9567,2026-04-28,494,2026-05-02,2026-05-04,Delivered,860332,494,SUP6402
O3496,P6137,2025-08-07,459,2025-08-11,2025-08-12,Delayed,1262085,413,SUP9148
O3497,P1760,2026-02-04,69,2026-02-14,2026-02-17,Delivered,2869722,69,
O3498,P7627,2026-03-16,336,2026-03-22,2026-03-25,Delivered,2588813,336,SUP8290
O3499,P8225,2025-12-15,405,2025-12-23,2025-12-23,Delayed,1131126,364,
O3500,P2086,2025-07-08,80,2025-07-13,2025-07-13,Pending,2674829,40,SUP8013
O3501,P4883,2025-10-23,107,2025-10-27,2025-10-27,Pending,1797271,54,SUP3234
O3502,P5896,2025-12-01,419,2025-12-05,2025-12-07,Delayed,410529,377,
O3503,P5218,2026-02-07,253,2026-02-17,2026-02-20,Delayed,399678,228,SUP6398
O3504,P348,2026-05-24,371,2026-05-27,2026-05-29,Pending,4243802,186,
O3505,P1065,2025-09-13,260,2025-09-21,2025-09-24,Delayed,1306060,234,SUP3687
O3506,P5769,2026-04-14,453,2026-04-20,2026-04-23,Pending,347628,226,
O3507,P5485,2025-11-11,317,2025-11-17,2025-11-19,Delivered,1642376,317,SUP5364
O3508,P9178,2025-07-27,104,2025-08-02,2025-08-07,Delayed,1628065,94,SUP875
O3509,P2634,2025-06-17,422,2025-06-27,2025-06-27,Pending,72536,211,SUP8341
O3510,P1186,2025-12-27,251,2026-01-04,2026-01-06,Pending,2902166,126,SUP1728
O3511,P9263,2025-07-02,153,2025-07-05,2025-07-05,Delivered,3135289,153,
O3512,P3032,2025-08-13,102,2025-08-19,2025-08-24,Delivered,2444638,102,
O3513,P9201,2025-10-22,77,2025-10-26,2025-10-29,Delayed,1614402,69,SUP4245
O3514,P1169,2025-10-13,468,2025-10-21,2025-10-25,Pending,3278112,234,SUP6031
O3515,P3812,2026-02-03,364,2026-02-09,2026-02-09,Delivered,278510,364,
O3516,P549,2025-11-20,347,2025-11-25,2025-11-28,Pending,251351,174,
O3517,P8246,2026-05-01,423,2026-05-11,2026-05-12,Delayed,3197762,381,SUP2234
O3518,P4938,2026-04-07,114,2026-04-11,2026-04-16,Delivered,4663241,114,SUP9731
O3519,P5224,2025-09-13,428,2025-09-16,2025-09-20,Pending,2452925,214,
O3520,P2872,2025-10-17,444,2025-10-27,2025-10-31,Delayed,677255,400,
O3521,P7169,2025-09-29,234,2025-10-07,2025-10-09,Pending,2794479,117,SUP3458
O3522,P9847,2026-03-06,487,2026-03-13,2026-03-14,Delayed,210134,438,
O3523,P5598,2026-03-22,274,2026-03-28,2026-03-30,Delayed,264317,247,
O3524,P5395,2025-07-01,289,2025-07-04,2025-07-09,Delivered,3857388,289,SUP861
O3525,P6509,2026-02-12,130,2026-02-18,2026-02-18,Delayed,4046981,117,SUP7528
O3526,P6334,2025-09-20,93,2025-09-25,2025-09-30,Delayed,1424581,84,SUP8055
O3527,P7842,2025-06-13,234,2025-06-20,2025-06-25,Pending,3345514,117,SUP3029
O3528,P3870,2025-06-14,59,2025-06-24,2025-06-26,Delayed,4824356,53,
O3529,P2764,2025-10-01,473,2025-10-10,2025-10-14,Delivered,4208769,473,SUP3043
O3530,P2277,2026-02-20,226,2026-03-02,2026-03-02,Delivered,1519733,226,SUP2637
O3531,P4777,2025-07-28,94,2025-08-02,2025-08-04,Pending,1876378,47,SUP8248
O3532,P4374,2026-03-09,416,2026-03-17,2026-03-17,Delivered,3678000,416,
O3533,P3498,2026-04-27,230,2026-05-01,2026-05-05,Delayed,1931134,207,SUP7194
O3534,P9675,2026-05-11,63,2026-05-17,2026-05-17,Delayed,675823,57,
O3535,P343,2026-05-02,154,2026-05-05,2026-05-10,Pending,3839673,77,SUP7407
O3536,P8460,2025-07-08,433,2025-07-16,2025-07-16,Delayed,2317866,390,SUP5425
O3537,P7914,2025-11-06,164,2025-11-16,2025-11-20,Pending,3408401,82,SUP9568
O3538,P2119,2025-09-26,190,2025-09-29,2025-10-02,Delivered,3788526,190,SUP53
O3539,P3324,2026-02-17,54,2026-02-21,2026-02-23,Delivered,3108121,54,
O3540,P9409,2026-02-11,275,2026-02-17,2026-02-21,Delivered,3896722,275,SUP9685
O3541,P6390,2025-12-06,233,2025-12-12,2025-12-17,Pending,3082956,116,SUP7516
O3542,P9887,2026-01-20,11,2026-01-23,2026-01-25,Pending,3818396,6,SUP2797
O3543,P4137,2025-11-29,135,2025-12-06,2025-12-11,Pending,3553107,68,SUP6987
O3544,P6629,2025-09-30,384,2025-10-03,2025-10-05,Delivered,2235343,384,
O3545,P1148,2026-02-15,140,2026-02-24,2026-02-25,Pending,1977461,70,
O3546,P1574,2025-11-07,243,2025-11-16,2025-11-20,Delayed,1062743,219,SUP5797
O3547,P573,2026-01-14,459,2026-01-17,2026-01-18,Pending,1546733,230,
O3548,P1285,2026-05-05,200,2026-05-12,2026-05-14,Delayed,2398199,180,SUP595
O3549,P9833,2026-02-19,153,2026-02-25,2026-02-28,Delivered,3306756,153,
O3550,P4477,2025-07-25,305,2025-08-02,2025-08-02,Delayed,4829263,274,SUP4071
O3551,P7192,2026-01-18,69,2026-01-24,2026-01-24,Pending,1313912,34,SUP588
O3552,P9097,2025-11-27,489,2025-12-06,2025-12-08,Delivered,594127,489,SUP6917
O3553,P9602,2025-08-17,39,2025-08-22,2025-08-27,Pending,1467146,20,SUP4622
O3554,P4398,2025-05-29,75,2025-06-01,2025-06-04,Pending,2941396,38,SUP539
O3555,P1160,2025-11-03,308,2025-11-13,2025-11-16,Pending,4733585,154,
O3556,P2112,2025-11-09,382,2025-11-15,2025-11-20,Pending,2127190,191,SUP6650
O3557,P9185,2026-01-30,241,2026-02-02,2026-02-07,Delayed,2240052,217,
O3558,P6223,2026-02-26,494,2026-03-08,2026-03-12,Pending,1951273,247,
O3559,P2890,2025-12-04,68,2025-12-13,2025-12-15,Pending,608124,34,SUP236
O3560,P1817,2026-03-27,408,2026-04-06,2026-04-06,Pending,2143094,204,
O3561,P6917,2025-11-17,265,2025-11-20,2025-11-22,Delivered,2646355,265,
O3562,P5960,2026-01-13,176,2026-01-22,2026-01-27,Pending,2102666,88,SUP8262
O3563,P3501,2025-10-31,387,2025-11-09,2025-11-11,Delivered,3041786,387,SUP6943
O3564,P7908,2026-05-07,360,2026-05-16,2026-05-20,Delayed,1557938,324,SUP9425
O3565,P6836,2026-02-22,39,2026-02-25,2026-02-28,Pending,726343,20,SUP4060
O3566,P8079,2026-02-06,490,2026-02-16,2026-02-19,Pending,2110085,245,SUP9199
O3567,P7201,2025-08-21,240,2025-08-29,2025-09-03,Pending,312438,120,SUP2451
O3568,P8436,2025-08-05,198,2025-08-11,2025-08-11,Delayed,2377536,178,SUP9227
O3569,P1283,2026-01-18,407,2026-01-22,2026-01-26,Delayed,4290915,366,SUP3356
O3570,P6549,2025-10-24,317,2025-11-02,2025-11-03,Delivered,1248727,317,
O3571,P9961,2026-02-10,326,2026-02-20,2026-02-23,Pending,3896209,163,
O3572,P9923,2026-02-24,491,2026-03-04,2026-03-05,Delayed,162739,442,SUP3653
O3573,P6768,2025-07-16,103,2025-07-21,2025-07-23,Delayed,1286897,93,
O3574,P5639,2025-10-20,242,2025-10-29,2025-11-01,Delayed,3441046,218,
O3575,P6790,2025-11-03,156,2025-11-06,2025-11-11,Pending,2051455,78,
O3576,P1630,2025-10-21,171,2025-10-28,2025-11-01,Pending,4379290,86,SUP8008
O3577,P3819,2025-08-05,332,2025-08-13,2025-08-13,Delayed,4955047,299,
O3578,P4494,2026-05-02,44,2026-05-05,2026-05-09,Delivered,1358166,44,SUP9282
O3579,P3884,2025-06-16,480,2025-06-21,2025-06-25,Delivered,3739721,480,SUP152
O3580,P1444,2025-11-15,283,2025-11-18,2025-11-23,Delivered,1695622,283,SUP4037
O3581,P7157,2025-07-02,133,2025-07-08,2025-07-09,Delayed,4439770,120,SUP2642
O3582,P171,2025-07-21,77,2025-07-25,2025-07-26,Delayed,857012,69,SUP784
O3583,P4777,2025-10-17,431,2025-10-21,2025-10-24,Delivered,1765112,431,SUP8248
O3584,P9940,2025-07-07,307,2025-07-17,2025-07-21,Delayed,2478956,276,SUP5342
O3585,P3962,2025-07-23,439,2025-07-29,2025-08-01,Delivered,3637352,439,
O3586,P6974,2026-03-01,161,2026-03-11,2026-03-12,Delivered,1763009,161,SUP3824
O3587,P4338,2026-03-12,181,2026-03-19,2026-03-19,Pending,4492728,90,
O3588,P5652,2026-04-21,471,2026-04-26,2026-05-01,Pending,949577,236,SUP526
O3589,P4935,2025-09-12,89,2025-09-19,2025-09-19,Delayed,4732375,80,
O3590,P8446,2025-06-19,76,2025-06-28,2025-07-01,Delivered,3336598,76,
O3591,P3048,2026-02-04,321,2026-02-10,2026-02-13,Delivered,2964867,321,SUP8091
O3592,P9198,2025-11-15,188,2025-11-18,2025-11-20,Delayed,3774174,169,
O3593,P4185,2025-10-02,474,2025-10-08,2025-10-09,Delayed,976550,427,
O3594,P2084,2026-02-09,197,2026-02-14,2026-02-15,Pending,695738,98,
O3595,P7458,2025-11-02,49,2025-11-06,2025-11-07,Delivered,3894127,49,
O3596,P142,2025-09-02,283,2025-09-12,2025-09-12,Delivered,1349343,283,
O3597,P9243,2026-02-26,476,2026-03-03,2026-03-03,Delivered,2347989,476,SUP4741
O3598,P3289,2025-08-30,280,2025-09-09,2025-09-09,Delivered,2636240,280,
O3599,P8477,2025-08-11,415,2025-08-18,2025-08-21,Delayed,2994097,374,SUP5916
O3600,P3965,2026-04-16,282,2026-04-24,2026-04-28,Pending,1324845,141,
O3601,P6694,2026-04-11,267,2026-04-20,2026-04-25,Delayed,3248151,240,
O3602,P4077,2025-06-24,430,2025-07-02,2025-07-04,Delayed,2376090,387,SUP9193
O3603,P3630,2025-10-14,102,2025-10-19,2025-10-19,Delayed,3930586,92,
O3604,P7832,2025-08-14,228,2025-08-23,2025-08-24,Delayed,1578135,205,
O3605,P394,2025-09-22,178,2025-09-30,2025-10-05,Delayed,3943103,160,
O3606,P877,2026-02-02,193,2026-02-07,2026-02-07,Pending,1582277,96,SUP3484
O3607,P1528,2026-02-23,327,2026-03-05,2026-03-07,Delayed,4474422,294,SUP9848
O3608,P9967,2025-06-01,480,2025-06-11,2025-06-16,Delivered,2795485,480,SUP1369
O3609,P5825,2025-12-29,317,2026-01-06,2026-01-11,Delivered,4022959,317,SUP7044
O3610,P647,2025-08-24,464,2025-08-27,2025-08-28,Delayed,3429350,418,SUP9573
O3611,P5876,2026-05-03,310,2026-05-13,2026-05-16,Delayed,3802909,279,SUP2246
O3612,P5651,2025-07-03,462,2025-07-12,2025-07-14,Delayed,334390,416,SUP6213
O3613,P6814,2026-05-07,382,2026-05-15,2026-05-19,Delayed,4029388,344,SUP9087
O3614,P254,2025-06-17,400,2025-06-21,2025-06-22,Delayed,21324,360,SUP7019
O3615,P6798,2026-03-01,373,2026-03-08,2026-03-13,Delivered,171916,373,SUP1733
O3616,P6528,2026-04-08,211,2026-04-18,2026-04-22,Delayed,3649649,190,
O3617,P4808,2026-02-27,270,2026-03-05,2026-03-10,Pending,2345128,135,SUP1079
O3618,P986,2025-07-08,150,2025-07-12,2025-07-15,Delivered,3580999,150,
O3619,P9079,2025-11-07,94,2025-11-11,2025-11-12,Delayed,1225143,85,SUP7094
O3620,P6066,2025-09-11,258,2025-09-15,2025-09-20,Delayed,2939890,232,
O3621,P2501,2026-04-01,28,2026-04-11,2026-04-14,Delivered,738703,28,SUP4401
O3622,P8603,2026-03-05,132,2026-03-15,2026-03-17,Pending,3407418,66,SUP2859
O3623,P9909,2025-08-06,226,2025-08-11,2025-08-15,Delayed,2475892,203,SUP432
O3624,P736,2026-02-13,165,2026-02-22,2026-02-25,Delivered,1266853,165,SUP5141
O3625,P444,2026-03-28,25,2026-04-04,2026-04-08,Delayed,1936302,22,SUP8870
O3626,P1264,2025-09-13,378,2025-09-18,2025-09-21,Delayed,4896445,340,SUP3449
O3627,P2433,2026-01-03,492,2026-01-07,2026-01-11,Delayed,4042587,443,SUP1308
O3628,P356,2026-04-28,139,2026-05-08,2026-05-09,Pending,4886992,70,
O3629,P3186,2025-10-20,418,2025-10-27,2025-11-01,Delivered,737017,418,
O3630,P5077,2026-02-10,184,2026-02-17,2026-02-20,Delayed,3175188,166,SUP3292
O3631,P5458,2025-12-13,131,2025-12-23,2025-12-26,Delivered,4119996,131,SUP1066
O3632,P4553,2025-06-27,76,2025-06-30,2025-06-30,Delivered,2110613,76,SUP2826
O3633,P3592,2026-04-15,341,2026-04-21,2026-04-25,Delayed,1080374,307,SUP7703
O3634,P563,2026-04-17,423,2026-04-25,2026-04-27,Pending,783712,212,SUP4480
O3635,P3441,2026-01-15,46,2026-01-20,2026-01-25,Delivered,2399847,46,SUP4694
O3636,P4747,2026-04-28,391,2026-05-02,2026-05-04,Delayed,1954084,352,SUP6995
O3637,P2792,2025-10-16,190,2025-10-26,2025-10-28,Delayed,3895333,171,
O3638,P6938,2025-07-27,499,2025-07-31,2025-08-03,Delivered,2553267,499,SUP4647
O3639,P2286,2026-02-09,173,2026-02-18,2026-02-18,Pending,1870352,86,
O3640,P2108,2026-03-15,42,2026-03-19,2026-03-22,Pending,3676594,21,
O3641,P1259,2025-06-03,96,2025-06-08,2025-06-11,Pending,4782331,48,SUP1739
O3642,P7223,2025-11-04,136,2025-11-07,2025-11-09,Delayed,2838017,122,SUP8063
O3643,P9885,2025-10-28,162,2025-11-02,2025-11-02,Delayed,1704742,146,SUP2825
O3644,P8147,2026-02-18,298,2026-02-23,2026-02-23,Pending,3739951,149,SUP7474
O3645,P2172,2025-10-07,23,2025-10-13,2025-10-15,Pending,3164079,12,SUP9499
O3646,P268,2026-05-06,22,2026-05-16,2026-05-19,Pending,1859098,11,
O3647,P4624,2025-08-02,491,2025-08-09,2025-08-09,Pending,2185570,246,SUP1868
O3648,P5889,2025-07-08,162,2025-07-15,2025-07-20,Delayed,2042030,146,SUP7823
O3649,P714,2025-08-07,61,2025-08-14,2025-08-17,Delivered,2613764,61,
O3650,P8243,2026-05-14,444,2026-05-22,2026-05-24,Pending,273601,222,
O3651,P9964,2026-05-26,289,2026-06-05,2026-06-06,Pending,3015363,144,SUP3113
O3652,P9388,2025-12-17,499,2025-12-22,2025-12-23,Delivered,3239324,499,SUP7063
O3653,P8660,2025-08-26,274,2025-09-01,2025-09-06,Pending,834345,137,
O3654,P2513,2026-04-22,253,2026-04-29,2026-04-30,Delivered,2289045,253,SUP404
O3655,P8202,2026-05-19,493,2026-05-28,2026-05-30,Delivered,3762003,493,
O3656,P3547,2025-09-09,261,2025-09-19,2025-09-21,Pending,4592505,130,SUP1435
O3657,P5405,2025-12-14,422,2025-12-24,2025-12-28,Pending,3807173,211,SUP8320
O3658,P4543,2025-08-29,118,2025-09-07,2025-09-12,Delivered,4860374,118,
O3659,P3286,2025-07-02,311,2025-07-05,2025-07-06,Pending,809086,156,SUP8633
O3660,P5821,2025-12-25,116,2026-01-02,2026-01-02,Delayed,3993854,104,SUP2154
O3661,P5155,2025-09-03,133,2025-09-08,2025-09-11,Pending,284749,66,
O3662,P1943,2026-01-10,496,2026-01-17,2026-01-22,Delayed,4364299,446,SUP6829
O3663,P8931,2025-08-19,222,2025-08-29,2025-09-03,Delivered,4847466,222,SUP6160
O3664,P7578,2026-01-01,120,2026-01-08,2026-01-12,Delivered,1534254,120,
O3665,P195,2025-08-25,153,2025-08-29,2025-08-31,Delivered,2565440,153,
O3666,P1396,2025-11-19,369,2025-11-25,2025-11-29,Delivered,1850131,369,SUP988
O3667,P6076,2025-05-29,454,2025-06-06,2025-06-06,Pending,4102075,227,
O3668,P5758,2026-03-16,488,2026-03-21,2026-03-25,Pending,2608126,244,
O3669,P666,2026-02-10,21,2026-02-13,2026-02-16,Delivered,4129548,21,SUP8106
O3670,P9696,2025-10-29,171,2025-11-03,2025-11-05,Delayed,2211155,154,SUP5197
O3671,P7750,2025-11-19,496,2025-11-24,2025-11-25,Delivered,4031799,496,SUP830
O3672,P8158,2025-08-24,422,2025-09-02,2025-09-02,Pending,2600910,211,
O3673,P810,2025-07-08,295,2025-07-14,2025-07-16,Delayed,1376276,266,SUP8079
O3674,P8430,2026-02-25,67,2026-03-03,2026-03-04,Pending,2776666,34,SUP7196
O3675,P3669,2025-12-18,292,2025-12-24,2025-12-28,Delayed,2557329,263,
O3676,P2198,2026-04-07,251,2026-04-16,2026-04-17,Delivered,1287510,251,SUP2776
O3677,P5698,2025-11-25,103,2025-12-03,2025-12-07,Delayed,4214850,93,SUP1787
O3678,P9006,2026-03-26,336,2026-04-02,2026-04-05,Pending,3605640,168,SUP1367
O3679,P4241,2025-10-20,245,2025-10-28,2025-10-30,Pending,2869972,122,SUP3497
O3680,P6169,2026-02-22,36,2026-02-28,2026-03-05,Delivered,4143567,36,SUP4599
O3681,P9414,2025-09-12,408,2025-09-22,2025-09-25,Pending,57840,204,SUP1597
O3682,P7542,2026-04-11,298,2026-04-14,2026-04-17,Delivered,3484288,298,SUP412
O3683,P9874,2025-10-21,156,2025-10-28,2025-11-02,Pending,4121296,78,
O3684,P255,2026-05-18,52,2026-05-23,2026-05-24,Delayed,4831354,47,SUP7620
O3685,P3552,2026-03-18,247,2026-03-23,2026-03-26,Delivered,842065,247,
O3686,P6331,2025-11-19,90,2025-11-23,2025-11-26,Delayed,3662668,81,
O3687,P2620,2026-04-07,490,2026-04-15,2026-04-16,Delayed,4823587,441,SUP452
O3688,P9568,2026-03-21,225,2026-03-27,2026-04-01,Delivered,4039332,225,SUP1216
O3689,P193,2026-02-03,455,2026-02-09,2026-02-12,Delayed,4983297,410,
O3690,P7064,2025-06-15,114,2025-06-23,2025-06-26,Pending,4506425,57,SUP591
O3691,P1400,2026-05-19,371,2026-05-26,2026-05-29,Delayed,4553073,334,
O3692,P7079,2026-05-09,294,2026-05-18,2026-05-19,Pending,861587,147,
O3693,P9600,2026-05-25,45,2026-05-30,2026-06-02,Delivered,2213575,45,
O3694,P7997,2025-08-13,65,2025-08-18,2025-08-23,Delayed,993106,58,
O3695,P9840,2025-08-20,484,2025-08-27,2025-08-29,Delivered,698921,484,SUP3544
O3696,P1323,2025-11-16,145,2025-11-19,2025-11-23,Pending,2262818,72,
O3697,P7009,2026-02-06,463,2026-02-15,2026-02-15,Pending,1641546,232,
O3698,P4549,2026-04-02,263,2026-04-09,2026-04-13,Delayed,713036,237,
O3699,P8460,2025-06-24,455,2025-06-29,2025-07-01,Delivered,3832677,455,SUP5425
O3700,P1660,2026-02-24,77,2026-02-28,2026-03-05,Pending,1678354,38,
O3701,P2338,2025-09-18,248,2025-09-28,2025-10-01,Delivered,1357337,248,
O3702,P4894,2026-03-26,469,2026-03-30,2026-04-04,Pending,951537,234,
O3703,P720,2025-09-02,414,2025-09-08,2025-09-12,Delivered,94768,414,SUP2496
O3704,P8311,2026-05-21,438,2026-05-29,2026-06-03,Delivered,1327613,438,
O3705,P1674,2025-06-26,205,2025-06-30,2025-07-05,Pending,4218365,102,SUP3662
O3706,P2709,2026-01-18,495,2026-01-21,2026-01-25,Pending,2997643,248,
O3707,P4580,2025-10-03,77,2025-10-10,2025-10-10,Pending,2134618,38,SUP2009
O3708,P4886,2026-03-27,347,2026-03-31,2026-04-05,Delivered,404964,347,
O3709,P395,2026-03-01,140,2026-03-10,2026-03-11,Pending,4823265,70,
O3710,P302,2025-10-13,425,2025-10-22,2025-10-24,Delivered,838565,425,SUP5640
O3711,P7575,2026-04-06,234,2026-04-13,2026-04-13,Pending,1715288,117,SUP3832
O3712,P5887,2025-11-28,117,2025-12-07,2025-12-09,Delayed,4326264,105,SUP5647
O3713,P1073,2026-04-25,229,2026-05-02,2026-05-03,Delivered,3054233,229,
O3714,P3292,2025-07-12,460,2025-07-15,2025-07-18,Pending,1415607,230,SUP9056
O3715,P765,2025-07-23,66,2025-07-26,2025-07-26,Pending,259913,33,SUP3087
O3716,P1093,2025-07-22,305,2025-07-29,2025-08-01,Pending,4924570,152,
O3717,P1924,2026-01-25,492,2026-01-30,2026-01-31,Delivered,3477898,492,SUP2352
O3718,P9549,2026-03-31,308,2026-04-09,2026-04-10,Delayed,2186928,277,
O3719,P2767,2025-06-22,169,2025-06-30,2025-07-03,Delayed,3941945,152,SUP359
O3720,P1683,2025-09-05,359,2025-09-15,2025-09-18,Delivered,3714630,359,SUP4025
O3721,P9203,2025-09-13,486,2025-09-20,2025-09-20,Delayed,3473985,437,
O3722,P1999,2026-04-19,310,2026-04-22,2026-04-25,Delivered,1488337,310,SUP2806
O3723,P9490,2026-03-05,192,2026-03-14,2026-03-17,Delivered,4477085,192,SUP1476
O3724,P4769,2025-06-12,13,2025-06-15,2025-06-18,Delivered,152354,13,SUP6603
O3725,P5429,2025-11-10,118,2025-11-15,2025-11-19,Delivered,1286425,118,SUP2723
O3726,P3565,2025-07-25,316,2025-08-04,2025-08-04,Delayed,4648120,284,
O3727,P7537,2025-07-10,109,2025-07-20,2025-07-25,Pending,2527028,54,
O3728,P4107,2025-07-09,316,2025-07-12,2025-07-12,Delivered,2426750,316,SUP9483
O3729,P8696,2026-03-19,334,2026-03-23,2026-03-24,Delayed,2930157,301,SUP111
O3730,P8832,2025-07-07,405,2025-07-14,2025-07-19,Delayed,3506523,364,
O3731,P2165,2025-11-28,271,2025-12-02,2025-12-05,Delivered,4462199,271,
O3732,P2122,2026-05-01,124,2026-05-07,2026-05-08,Pending,917943,62,SUP3374
O3733,P6537,2025-09-20,234,2025-09-27,2025-09-29,Delayed,3855745,211,SUP9210
O3734,P5737,2026-05-09,96,2026-05-14,2026-05-15,Delayed,232122,86,SUP979
O3735,P7680,2026-02-17,327,2026-02-25,2026-03-01,Pending,1400017,164,
O3736,P9320,2025-06-27,414,2025-07-06,2025-07-10,Delivered,2602425,414,
O3737,P9140,2026-04-06,415,2026-04-11,2026-04-12,Delayed,428827,374,SUP6909
O3738,P8795,2025-07-15,284,2025-07-21,2025-07-26,Pending,2825243,142,SUP7599
O3739,P3615,2026-05-03,173,2026-05-11,2026-05-11,Delayed,1946043,156,SUP4307
O3740,P4492,2025-10-23,316,2025-11-01,2025-11-03,Delivered,3113842,316,
O3741,P5527,2025-10-21,298,2025-10-25,2025-10-25,Pending,682320,149,
O3742,P291,2025-07-22,309,2025-07-26,2025-07-27,Pending,1356733,154,SUP996
O3743,P1339,2026-03-15,263,2026-03-21,2026-03-26,Delivered,3432029,263,
O3744,P6126,2026-01-06,326,2026-01-09,2026-01-09,Delayed,4063731,293,SUP1679
O3745,P844,2025-10-29,119,2025-11-01,2025-11-01,Pending,4491596,60,
O3746,P5752,2025-09-23,158,2025-10-01,2025-10-02,Delivered,963214,158,SUP1149
O3747,P3843,2025-05-28,58,2025-06-04,2025-06-05,Delayed,3865672,52,
O3748,P4567,2025-09-25,338,2025-10-04,2025-10-09,Pending,3486933,169,
O3749,P6192,2026-01-01,475,2026-01-09,2026-01-09,Delayed,2712702,428,SUP8406
O3750,P9405,2025-08-09,281,2025-08-12,2025-08-12,Delivered,3691811,281,SUP2989
O3751,P4650,2025-11-03,207,2025-11-08,2025-11-13,Pending,837346,104,SUP819
O3752,P8656,2025-10-10,334,2025-10-17,2025-10-20,Delayed,472135,301,
O3753,P5816,2026-04-01,53,2026-04-10,2026-04-15,Delivered,1404864,53,SUP7906
O3754,P9094,2025-11-23,426,2025-11-30,2025-12-05,Pending,4556214,213,SUP5491
O3755,P1170,2026-05-27,227,2026-05-30,2026-05-30,Delivered,4977033,227,SUP9838
O3756,P677,2025-10-05,86,2025-10-09,2025-10-14,Delayed,1568887,77,SUP6859
O3757,P7033,2025-10-03,410,2025-10-08,2025-10-08,Delivered,3449956,410,SUP8874
O3758,P9570,2025-08-25,197,2025-09-04,2025-09-05,Delayed,3510168,177,SUP4644
O3759,P909,2025-06-02,387,2025-06-07,2025-06-08,Pending,3308561,194,
O3760,P6528,2026-05-21,387,2026-05-27,2026-05-28,Delayed,2135480,348,
O3761,P4765,2025-09-06,324,2025-09-15,2025-09-17,Pending,986618,162,SUP9935
O3762,P2309,2025-12-12,11,2025-12-16,2025-12-19,Delayed,901431,10,SUP5556
O3763,P7437,2025-12-11,33,2025-12-16,2025-12-19,Delayed,891460,30,
O3764,P3058,2025-06-13,448,2025-06-22,2025-06-23,Pending,3873775,224,SUP9309
O3765,P6206,2025-11-08,226,2025-11-18,2025-11-23,Pending,551077,113,SUP7934
O3766,P8726,2025-06-21,236,2025-07-01,2025-07-06,Delayed,3799515,212,SUP1521
O3767,P3444,2026-04-04,427,2026-04-14,2026-04-19,Pending,2603112,214,SUP4287
O3768,P2619,2026-05-02,499,2026-05-12,2026-05-14,Pending,4590879,250,SUP4430
O3769,P9089,2026-04-30,417,2026-05-09,2026-05-13,Delivered,2216272,417,
O3770,P7910,2025-06-02,341,2025-06-08,2025-06-12,Delivered,4734166,341,SUP4612
O3771,P8034,2025-08-20,138,2025-08-24,2025-08-26,Delayed,619025,124,SUP4110
O3772,P8074,2026-03-05,189,2026-03-09,2026-03-13,Delayed,4706405,170,SUP6371
O3773,P9408,2025-09-25,415,2025-10-05,2025-10-10,Delayed,2817483,374,
O3774,P6682,2025-06-10,396,2025-06-14,2025-06-15,Delayed,4341656,356,
O3775,P4291,2025-07-10,469,2025-07-16,2025-07-16,Delayed,3534150,422,
O3776,P1015,2025-10-20,392,2025-10-23,2025-10-26,Pending,621353,196,
O3777,P9067,2025-09-14,472,2025-09-22,2025-09-25,Delayed,229260,425,
O3778,P5799,2026-03-04,197,2026-03-12,2026-03-12,Pending,1980000,98,SUP8115
O3779,P7092,2026-04-12,35,2026-04-19,2026-04-23,Pending,629536,18,SUP1009
O3780,P8169,2026-05-06,280,2026-05-11,2026-05-11,Delivered,4289171,280,
O3781,P4558,2026-01-28,430,2026-02-07,2026-02-09,Delivered,4514480,430,SUP325
O3782,P6912,2026-02-27,200,2026-03-06,2026-03-10,Delayed,2744476,180,
O3783,P1876,2026-02-19,417,2026-02-25,2026-02-27,Delivered,4966286,417,SUP3311
O3784,P6107,2025-10-17,278,2025-10-24,2025-10-24,Delivered,4129425,278,SUP3885
O3785,P1946,2025-08-28,408,2025-09-03,2025-09-05,Delivered,66231,408,
O3786,P3191,2026-01-22,344,2026-01-28,2026-02-01,Delivered,3379281,344,
O3787,P9789,2025-10-07,441,2025-10-11,2025-10-14,Delayed,472185,397,SUP7536
O3788,P5120,2026-02-07,282,2026-02-13,2026-02-16,Pending,3800309,141,
O3789,P2759,2026-04-16,341,2026-04-22,2026-04-27,Delivered,209497,341,
O3790,P5194,2026-01-12,88,2026-01-17,2026-01-17,Pending,2666080,44,
O3791,P8060,2025-09-29,269,2025-10-07,2025-10-11,Pending,2629867,134,SUP692
O3792,P8981,2025-06-30,398,2025-07-03,2025-07-04,Delayed,3038502,358,SUP2025
O3793,P6300,2025-11-17,453,2025-11-25,2025-11-27,Delivered,4978552,453,
O3794,P4009,2026-05-16,491,2026-05-21,2026-05-26,Delivered,3710317,491,
O3795,P9359,2026-05-19,142,2026-05-29,2026-05-30,Pending,2896420,71,SUP9364
O3796,P9849,2026-01-11,136,2026-01-21,2026-01-23,Pending,4091278,68,
O3797,P6391,2025-12-27,97,2026-01-03,2026-01-05,Delayed,178945,87,SUP3239
O3798,P1283,2026-04-14,131,2026-04-23,2026-04-26,Pending,1644720,66,SUP3356
O3799,P6907,2025-11-14,55,2025-11-19,2025-11-24,Delivered,1149921,55,SUP3202
O3800,P2399,2025-12-30,118,2026-01-08,2026-01-11,Delivered,276998,118,SUP7805
O3801,P5435,2026-04-15,210,2026-04-22,2026-04-27,Pending,2027834,105,
O3802,P7227,2025-08-31,483,2025-09-05,2025-09-09,Delivered,4051302,483,
O3803,P6765,2025-08-28,387,2025-09-01,2025-09-01,Delayed,3124424,348,SUP1027
O3804,P1801,2026-03-18,58,2026-03-28,2026-03-28,Pending,826625,29,SUP2003
O3805,P6589,2025-12-17,172,2025-12-27,2026-01-01,Delivered,3607298,172,SUP5270
O3806,P8864,2025-06-28,375,2025-07-06,2025-07-11,Pending,3109672,188,
O3807,P714,2025-06-30,323,2025-07-07,2025-07-10,Pending,3905450,162,
O3808,P6647,2025-08-09,118,2025-08-12,2025-08-12,Delayed,1447717,106,SUP5000
O3809,P4398,2026-02-23,264,2026-03-04,2026-03-08,Delayed,1054825,238,SUP539
O3810,P2551,2025-12-04,348,2025-12-07,2025-12-08,Delivered,2650680,348,
O3811,P9767,2026-05-01,375,2026-05-08,2026-05-08,Delayed,2827087,338,SUP6774
O3812,P729,2026-03-14,316,2026-03-20,2026-03-21,Delivered,2110883,316,SUP7212
O3813,P3452,2026-04-14,336,2026-04-18,2026-04-20,Pending,208649,168,SUP512
O3814,P1346,2026-04-26,284,2026-04-29,2026-04-29,Pending,3722104,142,
O3815,P3638,2025-08-01,98,2025-08-06,2025-08-07,Pending,2844369,49,SUP4101
O3816,P6436,2026-04-02,495,2026-04-09,2026-04-13,Delayed,3222121,446,
O3817,P5586,2025-07-17,496,2025-07-27,2025-07-31,Pending,4016517,248,
O3818,P2860,2026-03-01,168,2026-03-04,2026-03-04,Delayed,4032868,151,SUP9038
O3819,P7635,2026-04-26,380,2026-05-02,2026-05-02,Pending,2151169,190,SUP5423
O3820,P4254,2026-01-08,411,2026-01-15,2026-01-19,Pending,4396699,206,SUP2406
O3821,P8509,2025-05-28,124,2025-06-07,2025-06-10,Delivered,1569055,124,SUP3756
O3822,P1038,2025-07-15,22,2025-07-21,2025-07-23,Pending,177749,11,
O3823,P9406,2025-10-26,34,2025-10-30,2025-10-30,Delivered,3040914,34,
O3824,P7790,2026-04-13,90,2026-04-23,2026-04-23,Delayed,4925947,81,
O3825,P3455,2026-01-06,335,2026-01-15,2026-01-17,Delayed,624162,302,
O3826,P7263,2025-09-10,70,2025-09-18,2025-09-18,Pending,4280760,35,SUP1026
O3827,P7305,2026-02-22,323,2026-02-25,2026-03-02,Pending,736568,162,SUP6327
O3828,P2598,2026-03-01,248,2026-03-11,2026-03-16,Delivered,3706699,248,SUP1162
O3829,P4103,2025-12-26,388,2026-01-05,2026-01-06,Delayed,707222,349,SUP1480
O3830,P275,2026-03-20,116,2026-03-27,2026-03-31,Delayed,1695900,104,
O3831,P4535,2025-12-16,423,2025-12-21,2025-12-22,Delivered,1214880,423,
O3832,P7204,2025-06-25,269,2025-07-05,2025-07-05,Delayed,3506901,242,SUP2447
O3833,P2747,2025-07-14,367,2025-07-20,2025-07-20,Delivered,900980,367,SUP6605
O3834,P1014,2025-06-01,201,2025-06-06,2025-06-07,Delayed,1456920,181,SUP5070
O3835,P9977,2025-06-04,435,2025-06-07,2025-06-08,Delayed,20087,392,
O3836,P9295,2025-07-18,244,2025-07-25,2025-07-29,Delayed,3484289,220,
O3837,P7765,2025-11-03,25,2025-11-13,2025-11-16,Pending,2188701,12,SUP663
O3838,P2377,2025-07-07,247,2025-07-13,2025-07-14,Pending,1403086,124,
O3839,P4731,2025-11-14,487,2025-11-24,2025-11-29,Delivered,1831281,487,SUP350
O3840,P2927,2025-10-11,58,2025-10-20,2025-10-24,Delivered,1224822,58,
O3841,P8679,2025-11-29,198,2025-12-05,2025-12-06,Delivered,4558715,198,SUP8601
O3842,P3282,2025-12-24,76,2026-01-02,2026-01-02,Delivered,4060903,76,SUP446
O3843,P1132,2025-06-06,57,2025-06-15,2025-06-17,Delayed,1769543,51,SUP665
O3844,P3220,2026-05-22,157,2026-05-29,2026-06-01,Delayed,2091658,141,
O3845,P9892,2026-03-25,123,2026-04-04,2026-04-08,Pending,2210293,62,SUP666
O3846,P7423,2026-04-08,329,2026-04-16,2026-04-17,Delivered,3625824,329,SUP13
O3847,P1160,2026-02-01,347,2026-02-04,2026-02-07,Delivered,4402581,347,
O3848,P9982,2026-03-27,75,2026-04-06,2026-04-10,Pending,3180780,38,SUP8537
O3849,P7823,2025-12-09,232,2025-12-13,2025-12-18,Delivered,1440735,232,SUP838
O3850,P9127,2025-08-04,383,2025-08-08,2025-08-10,Delayed,189115,345,SUP1565
O3851,P4801,2025-06-01,24,2025-06-11,2025-06-13,Pending,3823841,12,SUP5059
O3852,P1058,2025-10-23,120,2025-10-29,2025-10-31,Delayed,2461976,108,SUP4314
O3853,P7733,2026-05-21,79,2026-05-26,2026-05-31,Delayed,478002,71,SUP6660
O3854,P3355,2026-04-14,413,2026-04-20,2026-04-25,Delivered,3501469,413,SUP3594
O3855,P1768,2025-08-18,290,2025-08-27,2025-08-28,Pending,1824896,145,SUP790
O3856,P9550,2026-03-07,109,2026-03-12,2026-03-13,Delivered,3453783,109,SUP4899
O3857,P3954,2025-12-28,151,2026-01-04,2026-01-05,Delivered,4083595,151,SUP1122
O3858,P8603,2025-07-20,266,2025-07-30,2025-08-03,Pending,3387337,133,SUP2859
O3859,P3830,2025-10-22,418,2025-11-01,2025-11-02,Delivered,1535971,418,
O3860,P2161,2026-01-30,315,2026-02-07,2026-02-07,Pending,1359457,158,
O3861,P248,2025-06-27,424,2025-07-03,2025-07-07,Delivered,2779874,424,
O3862,P5076,2026-01-02,456,2026-01-12,2026-01-16,Delayed,3022508,410,SUP5108
O3863,P4609,2026-01-31,132,2026-02-05,2026-02-09,Delayed,1283742,119,
O3864,P4196,2025-10-13,462,2025-10-23,2025-10-26,Delayed,4625573,416,SUP6262
O3865,P7347,2026-03-08,313,2026-03-12,2026-03-15,Delayed,1398681,282,
O3866,P1124,2026-04-16,305,2026-04-22,2026-04-25,Delivered,1860220,305,SUP4961
O3867,P1970,2026-03-23,414,2026-03-29,2026-03-29,Pending,1036917,207,SUP4258
O3868,P2095,2025-11-13,24,2025-11-23,2025-11-27,Pending,852762,12,SUP6838
O3869,P8856,2026-01-05,10,2026-01-13,2026-01-18,Delivered,1013379,10,
O3870,P3093,2025-10-26,373,2025-10-29,2025-11-02,Delayed,1810822,336,SUP7419
O3871,P6791,2025-08-02,36,2025-08-06,2025-08-10,Delayed,3532938,32,SUP9804
O3872,P6080,2025-11-02,257,2025-11-12,2025-11-15,Pending,597441,128,
O3873,P4365,2025-09-12,221,2025-09-21,2025-09-24,Delayed,4716696,199,
O3874,P9038,2026-02-10,27,2026-02-16,2026-02-16,Pending,3406070,14,SUP3
O3875,P2401,2025-07-18,166,2025-07-24,2025-07-26,Delayed,323888,149,SUP4563
O3876,P7812,2026-04-12,393,2026-04-16,2026-04-19,Pending,2444150,196,SUP734
O3877,P5386,2025-12-28,104,2026-01-03,2026-01-05,Pending,4752374,52,
O3878,P5605,2026-05-18,182,2026-05-26,2026-05-28,Delivered,1700669,182,SUP81
O3879,P9933,2025-10-31,394,2025-11-09,2025-11-13,Delivered,2405776,394,
O3880,P8901,2026-04-04,137,2026-04-11,2026-04-12,Delayed,1319327,123,SUP5631
O3881,P662,2026-02-16,124,2026-02-21,2026-02-24,Pending,2664435,62,SUP6438
O3882,P1487,2025-11-02,57,2025-11-09,2025-11-10,Delivered,405158,57,SUP9998
O3883,P4485,2025-12-03,146,2025-12-06,2025-12-11,Delayed,2213476,131,
O3884,P766,2026-02-20,276,2026-03-02,2026-03-05,Pending,2067785,138,
O3885,P3532,2025-09-29,44,2025-10-09,2025-10-09,Delivered,4036825,44,
O3886,P5716,2025-07-28,184,2025-08-05,2025-08-05,Delivered,1786908,184,
O3887,P2628,2025-08-17,200,2025-08-22,2025-08-25,Delivered,1423006,200,SUP3325
O3888,P5966,2026-04-09,400,2026-04-16,2026-04-16,Delivered,4126048,400,SUP1663
O3889,P6202,2025-07-24,378,2025-08-03,2025-08-03,Delayed,3246915,340,
O3890,P4358,2025-07-26,411,2025-08-03,2025-08-08,Delivered,3542026,411,SUP5303
O3891,P5842,2026-01-20,477,2026-01-27,2026-01-27,Delayed,3815948,429,SUP260
O3892,P8395,2026-04-19,248,2026-04-28,2026-04-30,Pending,3471299,124,
O3893,P4774,2025-07-29,259,2025-08-05,2025-08-06,Delayed,159857,233,
O3894,P4157,2025-11-19,416,2025-11-27,2025-11-29,Delivered,2727647,416,SUP4487
O3895,P9335,2026-01-04,229,2026-01-14,2026-01-17,Delivered,864485,229,SUP937
O3896,P6784,2025-08-13,370,2025-08-20,2025-08-25,Delayed,2748361,333,SUP9930
O3897,P6424,2025-07-14,111,2025-07-19,2025-07-21,Pending,3130839,56,SUP629
O3898,P9684,2025-09-08,395,2025-09-14,2025-09-15,Pending,4196919,198,
O3899,P5381,2025-11-28,345,2025-12-05,2025-12-10,Pending,3681017,172,SUP4565
O3900,P3784,2026-03-20,382,2026-03-25,2026-03-25,Pending,3329681,191,
O3901,P2953,2025-08-31,209,2025-09-03,2025-09-07,Delivered,1809511,209,
O3902,P1400,2025-09-17,264,2025-09-25,2025-09-26,Delivered,4585374,264,
O3903,P2741,2025-12-25,245,2025-12-31,2026-01-01,Delivered,1374693,245,SUP447
O3904,P2856,2025-10-26,360,2025-10-29,2025-10-29,Delayed,436747,324,SUP9360
O3905,P9160,2026-05-22,84,2026-05-31,2026-06-02,Delivered,3083072,84,SUP9862
O3906,P4184,2026-04-26,225,2026-05-04,2026-05-05,Pending,212701,112,SUP345
O3907,P5767,2025-09-21,282,2025-09-28,2025-10-01,Delivered,418440,282,
O3908,P4398,2026-05-11,178,2026-05-15,2026-05-19,Delayed,3980452,160,SUP539
O3909,P7992,2026-03-14,435,2026-03-20,2026-03-20,Delayed,699778,392,SUP3625
O3910,P774,2026-01-06,121,2026-01-13,2026-01-17,Delivered,4343616,121,SUP3585
O3911,P4397,2025-09-11,380,2025-09-15,2025-09-18,Delayed,458854,342,
O3912,P6233,2026-03-05,471,2026-03-15,2026-03-15,Pending,1913416,236,SUP4319
O3913,P1598,2025-10-10,387,2025-10-19,2025-10-21,Delayed,1205044,348,SUP632
O3914,P8374,2026-03-16,472,2026-03-25,2026-03-26,Delayed,4737180,425,SUP2208
O3915,P7210,2025-06-10,165,2025-06-20,2025-06-24,Delayed,137934,148,SUP6296
O3916,P7008,2025-12-02,123,2025-12-08,2025-12-11,Delayed,1498724,111,SUP731
O3917,P937,2025-08-11,361,2025-08-18,2025-08-18,Delivered,4895481,361,SUP8339
O3918,P3231,2026-01-01,12,2026-01-08,2026-01-09,Pending,555259,6,
O3919,P5569,2025-08-28,220,2025-09-05,2025-09-06,Delivered,3825966,220,SUP8922
O3920,P902,2026-03-11,101,2026-03-14,2026-03-15,Delivered,947932,101,SUP1755
O3921,P5059,2026-03-16,12,2026-03-20,2026-03-24,Delivered,96189,12,
O3922,P814,2025-11-22,173,2025-11-30,2025-11-30,Delayed,4867608,156,SUP1018
O3923,P9657,2025-07-01,468,2025-07-11,2025-07-11,Pending,4288451,234,
O3924,P6911,2026-04-05,333,2026-04-10,2026-04-13,Pending,4952248,166,
O3925,P862,2025-09-16,481,2025-09-19,2025-09-23,Pending,1734180,240,SUP4719
O3926,P3688,2026-01-17,37,2026-01-22,2026-01-25,Delivered,373070,37,SUP7355
O3927,P2600,2026-01-02,265,2026-01-11,2026-01-13,Pending,4534823,132,SUP417
O3928,P5591,2026-01-15,98,2026-01-19,2026-01-22,Delivered,2175977,98,SUP2305
O3929,P7307,2026-04-28,431,2026-05-03,2026-05-07,Delivered,1440660,431,SUP4496
O3930,P7293,2026-04-06,302,2026-04-10,2026-04-11,Delivered,3505577,302,
O3931,P7817,2025-07-04,486,2025-07-09,2025-07-14,Delivered,4102541,486,
O3932,P1733,2025-12-12,430,2025-12-16,2025-12-16,Delayed,1085342,387,SUP8641
O3933,P7181,2026-02-12,358,2026-02-19,2026-02-21,Delayed,3550083,322,
O3934,P7588,2025-09-01,333,2025-09-08,2025-09-08,Delivered,1930266,333,SUP7877
O3935,P1107,2025-07-21,229,2025-07-25,2025-07-26,Delayed,2527220,206,SUP9092
O3936,P2593,2025-06-20,27,2025-06-27,2025-07-02,Delayed,2145513,24,SUP7958
O3937,P1136,2025-12-12,336,2025-12-20,2025-12-24,Delayed,3349199,302,SUP842
O3938,P4488,2025-09-17,347,2025-09-23,2025-09-27,Delivered,1024417,347,
O3939,P330,2025-06-20,49,2025-06-24,2025-06-28,Pending,249618,24,
O3940,P37,2026-01-21,320,2026-01-26,2026-01-26,Delivered,4040278,320,
O3941,P552,2025-07-01,330,2025-07-06,2025-07-10,Delivered,4113976,330,
O3942,P6924,2025-08-04,360,2025-08-12,2025-08-17,Delivered,1866583,360,SUP6559
O3943,P4065,2025-10-11,417,2025-10-16,2025-10-16,Delivered,2869503,417,
O3944,P8233,2025-07-01,252,2025-07-04,2025-07-06,Delayed,1428365,227,SUP845
O3945,P1381,2025-08-27,178,2025-09-02,2025-09-04,Delayed,1957996,160,SUP9739
O3946,P667,2026-05-22,31,2026-05-27,2026-05-30,Delivered,4028808,31,SUP9973
O3947,P4460,2026-05-22,491,2026-06-01,2026-06-01,Pending,3774328,246,SUP923
O3948,P4489,2025-08-14,90,2025-08-22,2025-08-24,Delayed,4861522,81,
O3949,P8567,2025-08-10,320,2025-08-15,2025-08-15,Delayed,2912204,288,SUP142
O3950,P9060,2025-12-08,88,2025-12-18,2025-12-20,Delayed,3356283,79,
O3951,P1849,2026-03-06,465,2026-03-13,2026-03-13,Pending,2396257,232,SUP6604
O3952,P435,2026-03-14,392,2026-03-18,2026-03-19,Delayed,4735893,353,
O3953,P2496,2026-04-06,107,2026-04-12,2026-04-14,Delayed,2564748,96,SUP1326
O3954,P2960,2025-12-15,164,2025-12-18,2025-12-21,Pending,2551042,82,
O3955,P9200,2025-11-04,123,2025-11-10,2025-11-10,Delivered,4375715,123,SUP4885
O3956,P1132,2026-04-01,415,2026-04-08,2026-04-11,Delayed,3589203,374,SUP665
O3957,P3842,2025-08-21,480,2025-08-31,2025-09-02,Pending,1668619,240,SUP1901
O3958,P6030,2026-04-19,37,2026-04-22,2026-04-24,Delivered,3889373,37,
O3959,P7575,2025-06-08,73,2025-06-13,2025-06-14,Pending,632795,36,SUP3832
O3960,P4140,2025-08-05,240,2025-08-11,2025-08-15,Pending,1906437,120,
O3961,P7963,2025-12-27,378,2026-01-06,2026-01-08,Delivered,2113063,378,SUP7982
O3962,P4004,2026-05-19,205,2026-05-22,2026-05-24,Delivered,1114564,205,
O3963,P3004,2025-09-22,187,2025-09-26,2025-09-26,Delayed,2739672,168,
O3964,P6128,2025-06-30,462,2025-07-03,2025-07-07,Delivered,2462347,462,SUP6600
O3965,P2450,2025-11-13,205,2025-11-18,2025-11-19,Delivered,290744,205,SUP9705
O3966,P9688,2025-12-31,317,2026-01-10,2026-01-11,Delayed,1475699,285,SUP5509
O3967,P854,2026-01-15,131,2026-01-24,2026-01-25,Delayed,912563,118,
O3968,P4239,2025-08-26,305,2025-08-29,2025-08-29,Pending,206627,152,SUP7918
O3969,P2672,2026-05-10,86,2026-05-20,2026-05-20,Pending,3060432,43,SUP3149
O3970,P5848,2025-06-17,360,2025-06-26,2025-06-29,Delivered,2569436,360,SUP1904
O3971,P7450,2026-01-30,321,2026-02-07,2026-02-09,Delivered,2314407,321,SUP3450
O3972,P3540,2025-06-25,397,2025-06-28,2025-06-30,Delayed,3704708,357,SUP3663
O3973,P2545,2025-11-06,393,2025-11-16,2025-11-17,Delivered,4277571,393,SUP8914
O3974,P9762,2026-05-28,255,2026-06-01,2026-06-06,Delayed,4150133,230,
O3975,P2517,2025-08-09,175,2025-08-19,2025-08-21,Delivered,798928,175,SUP1641
O3976,P510,2025-09-05,353,2025-09-14,2025-09-18,Delivered,2015642,353,
O3977,P6778,2026-01-26,192,2026-01-30,2026-02-03,Pending,1164331,96,
O3978,P5159,2025-10-06,364,2025-10-12,2025-10-16,Pending,4664227,182,SUP7947
O3979,P4962,2026-05-07,54,2026-05-12,2026-05-12,Delivered,4985896,54,SUP2256
O3980,P3260,2026-02-25,380,2026-03-02,2026-03-06,Delayed,1532600,342,
O3981,P5519,2026-05-21,198,2026-05-31,2026-06-02,Delayed,1756697,178,SUP1053
O3982,P7634,2026-02-04,77,2026-02-13,2026-02-15,Pending,4207117,38,SUP3712
O3983,P8220,2026-03-06,449,2026-03-16,2026-03-18,Delivered,3628502,449,SUP9901
O3984,P1668,2026-02-06,115,2026-02-12,2026-02-15,Pending,1889212,58,
O3985,P1764,2025-06-06,160,2025-06-11,2025-06-16,Delayed,1107416,144,
O3986,P8798,2025-07-11,414,2025-07-15,2025-07-19,Delayed,3623197,373,
O3987,P5271,2026-02-16,247,2026-02-25,2026-02-26,Delayed,2167090,222,SUP788
O3988,P8035,2025-11-06,388,2025-11-15,2025-11-18,Pending,1695090,194,
O3989,P2510,2026-04-05,170,2026-04-13,2026-04-18,Pending,1454995,85,SUP1036
O3990,P8605,2025-07-19,247,2025-07-29,2025-08-02,Delivered,742176,247,SUP1861
O3991,P2787,2025-09-14,383,2025-09-19,2025-09-23,Delayed,1775192,345,SUP3655
O3992,P1639,2026-05-22,89,2026-05-29,2026-05-30,Pending,4505737,44,
O3993,P8780,2026-01-08,279,2026-01-11,2026-01-15,Delivered,1282127,279,SUP3492
O3994,P5532,2026-02-27,443,2026-03-07,2026-03-08,Pending,1238441,222,SUP5642
O3995,P4432,2025-12-12,157,2025-12-22,2025-12-25,Delivered,3644701,157,SUP2404
O3996,P5300,2026-02-04,130,2026-02-07,2026-02-09,Delayed,4117936,117,SUP7416
O3997,P5792,2025-10-24,159,2025-11-03,2025-11-03,Delivered,4426200,159,
O3998,P6922,2025-10-23,231,2025-10-27,2025-10-28,Delivered,3468110,231,
O3999,P8433,2026-01-09,90,2026-01-13,2026-01-18,Delayed,420977,81,SUP5226
O4000,P6030,2026-01-31,431,2026-02-04,2026-02-06,Delivered,1883317,431,
O4001,P8794,2026-01-02,169,2026-01-05,2026-01-08,Delayed,3600531,152,SUP1089
O4002,P3279,2025-08-08,97,2025-08-12,2025-08-12,Pending,3434895,48,SUP2919
O4003,P41,2026-05-09,354,2026-05-18,2026-05-19,Delivered,3208144,354,SUP9947
O4004,P8562,2025-06-10,244,2025-06-20,2025-06-25,Delayed,54562,220,
O4005,P8430,2025-09-05,175,2025-09-08,2025-09-11,Pending,2141533,88,SUP7196
O4006,P3439,2025-11-27,26,2025-12-01,2025-12-06,Delayed,4493643,23,SUP4698
O4007,P2678,2025-06-15,296,2025-06-20,2025-06-25,Delayed,1646138,266,SUP2039
O4008,P6471,2025-09-18,461,2025-09-28,2025-09-29,Delayed,1186943,415,SUP3778
O4009,P4901,2026-04-15,473,2026-04-23,2026-04-25,Delayed,4248382,426,SUP8614
O4010,P5060,2025-08-22,29,2025-08-27,2025-08-28,Delivered,2223094,29,
O4011,P5183,2025-06-09,195,2025-06-12,2025-06-16,Delayed,3603008,176,SUP63
O4012,P4628,2026-02-09,352,2026-02-16,2026-02-21,Delayed,2328699,317,SUP2719
O4013,P1820,2025-07-09,214,2025-07-18,2025-07-21,Delivered,2288089,214,
O4014,P6886,2026-03-05,176,2026-03-09,2026-03-14,Delivered,2186654,176,SUP4934
O4015,P1261,2025-05-29,416,2025-06-01,2025-06-03,Delivered,1508860,416,SUP169
O4016,P9688,2025-08-10,225,2025-08-15,2025-08-15,Pending,414538,112,SUP5509
O4017,P9364,2025-08-05,139,2025-08-11,2025-08-14,Delivered,2332775,139,SUP9879
O4018,P6851,2026-01-30,193,2026-02-02,2026-02-02,Delivered,881658,193,SUP5302
O4019,P3981,2026-05-24,464,2026-06-03,2026-06-08,Delayed,3489930,418,
O4020,P7582,2025-08-04,396,2025-08-12,2025-08-14,Delayed,4136590,356,SUP2616
O4021,P7385,2025-11-30,293,2025-12-03,2025-12-04,Delayed,883862,264,SUP1277
O4022,P9175,2026-05-08,357,2026-05-15,2026-05-20,Pending,1539296,178,SUP1330
O4023,P5374,2026-02-25,89,2026-03-07,2026-03-12,Pending,395563,44,
O4024,P8451,2025-06-29,230,2025-07-04,2025-07-08,Delayed,445945,207,SUP3864
O4025,P7588,2025-10-01,378,2025-10-10,2025-10-10,Pending,4019019,189,SUP7877
O4026,P2159,2025-06-05,146,2025-06-09,2025-06-14,Pending,3579989,73,
O4027,P8981,2026-04-28,401,2026-05-07,2026-05-07,Delayed,4068226,361,SUP2025
O4028,P2238,2025-07-02,324,2025-07-12,2025-07-17,Delayed,4303545,292,SUP8703
O4029,P3826,2025-07-06,42,2025-07-16,2025-07-19,Delivered,4264162,42,SUP1938
O4030,P2744,2025-06-01,153,2025-06-11,2025-06-12,Delayed,3191946,138,SUP9747
O4031,P165,2025-07-20,221,2025-07-24,2025-07-24,Delayed,396076,199,
O4032,P7503,2025-11-05,316,2025-11-14,2025-11-19,Delivered,2076192,316,SUP523
O4033,P4878,2025-09-05,110,2025-09-14,2025-09-16,Pending,4126911,55,SUP8768
O4034,P5396,2025-12-26,406,2026-01-04,2026-01-05,Delivered,916618,406,
O4035,P739,2026-02-27,135,2026-03-03,2026-03-06,Delivered,2217851,135,
O4036,P7333,2026-03-20,197,2026-03-29,2026-03-29,Delivered,2117538,197,
O4037,P3689,2025-09-30,107,2025-10-07,2025-10-07,Pending,1759023,54,SUP3340
O4038,P5232,2025-08-29,175,2025-09-03,2025-09-04,Pending,3397496,88,SUP120
O4039,P3738,2026-04-12,361,2026-04-19,2026-04-20,Pending,277655,180,
O4040,P9003,2025-10-17,88,2025-10-26,2025-10-26,Delayed,1833992,79,SUP605
O4041,P2915,2025-11-23,58,2025-11-29,2025-12-04,Pending,2087706,29,SUP6157
O4042,P35,2026-05-01,374,2026-05-08,2026-05-11,Delivered,4101492,374,
O4043,P4407,2026-03-18,362,2026-03-21,2026-03-26,Delayed,624712,326,SUP2044
O4044,P1985,2026-01-24,231,2026-02-02,2026-02-05,Pending,585197,116,
O4045,P2194,2026-02-26,418,2026-03-01,2026-03-03,Pending,1658094,209,SUP577
O4046,P6054,2025-08-18,408,2025-08-26,2025-08-28,Delayed,373616,367,SUP1261
O4047,P6682,2025-06-27,314,2025-07-04,2025-07-07,Delivered,837573,314,
O4048,P3186,2026-05-19,304,2026-05-22,2026-05-22,Delivered,1781451,304,
O4049,P2920,2025-08-29,80,2025-09-01,2025-09-01,Delivered,2201489,80,
O4050,P6070,2025-09-05,475,2025-09-08,2025-09-12,Delivered,3010671,475,SUP6268
O4051,P6786,2025-09-15,138,2025-09-19,2025-09-22,Pending,4270222,69,SUP398
O4052,P5654,2025-10-13,458,2025-10-16,2025-10-20,Pending,4887183,229,SUP7888
O4053,P1934,2025-11-29,218,2025-12-03,2025-12-06,Pending,4137528,109,SUP2222
O4054,P2739,2026-05-08,162,2026-05-12,2026-05-15,Delayed,3692835,146,SUP561
O4055,P6279,2025-08-13,28,2025-08-19,2025-08-23,Delayed,1595367,25,
O4056,P3757,2026-03-03,236,2026-03-13,2026-03-14,Delayed,996862,212,SUP7004
O4057,P4903,2026-05-09,18,2026-05-16,2026-05-18,Delayed,2479954,16,
O4058,P7557,2025-09-03,155,2025-09-13,2025-09-13,Delayed,3356887,140,
O4059,P5280,2025-09-26,242,2025-09-29,2025-09-29,Delivered,4188565,242,
O4060,P1549,2025-09-12,500,2025-09-22,2025-09-24,Delayed,3304994,450,SUP7112
O4061,P2916,2025-10-05,118,2025-10-11,2025-10-15,Delivered,4977558,118,SUP441
O4062,P1437,2026-04-09,66,2026-04-12,2026-04-16,Delivered,1731938,66,SUP1020
O4063,P3664,2025-12-31,38,2026-01-08,2026-01-10,Pending,4005516,19,SUP4806
O4064,P6349,2025-09-08,261,2025-09-14,2025-09-15,Delivered,1804079,261,SUP1913
O4065,P2496,2026-04-17,205,2026-04-22,2026-04-24,Delayed,276591,184,SUP1326
O4066,P3890,2025-08-06,332,2025-08-10,2025-08-11,Delivered,3341018,332,SUP8442
O4067,P3023,2025-06-21,128,2025-06-29,2025-06-29,Delayed,3135712,115,
O4068,P47,2025-11-13,211,2025-11-18,2025-11-23,Delivered,4061776,211,
O4069,P6048,2025-11-18,101,2025-11-26,2025-12-01,Pending,4546216,50,SUP7902
O4070,P1899,2026-03-12,315,2026-03-19,2026-03-22,Delivered,3102158,315,SUP6455
O4071,P7716,2026-01-08,222,2026-01-11,2026-01-16,Delivered,4531383,222,
O4072,P2714,2025-08-19,376,2025-08-23,2025-08-26,Delivered,4376756,376,SUP581
O4073,P8249,2025-08-07,308,2025-08-12,2025-08-17,Delayed,1260521,277,
O4074,P4333,2025-10-31,72,2025-11-10,2025-11-11,Delayed,4738788,65,SUP3628
O4075,P1404,2025-10-18,150,2025-10-27,2025-10-30,Delayed,4422918,135,
O4076,P9499,2025-06-22,440,2025-06-25,2025-06-25,Delivered,1237438,440,
O4077,P429,2026-03-11,460,2026-03-15,2026-03-19,Delivered,962839,460,
O4078,P1039,2025-11-23,36,2025-11-27,2025-11-27,Pending,105304,18,
O4079,P331,2026-03-26,238,2026-04-03,2026-04-03,Pending,4146553,119,SUP4860
O4080,P719,2025-09-22,120,2025-09-26,2025-09-29,Pending,2901866,60,SUP3364
O4081,P214,2026-05-09,40,2026-05-15,2026-05-16,Delayed,1133436,36,
O4082,P3226,2025-09-16,472,2025-09-24,2025-09-25,Pending,749886,236,SUP7161
O4083,P6619,2025-09-15,164,2025-09-25,2025-09-26,Delayed,4019249,148,
O4084,P8252,2026-01-07,452,2026-01-13,2026-01-16,Delayed,892444,407,SUP3961
O4085,P2775,2025-08-20,95,2025-08-24,2025-08-24,Pending,4255756,48,
O4086,P2380,2026-03-18,289,2026-03-21,2026-03-23,Pending,1877951,144,SUP843
O4087,P252,2026-02-23,446,2026-02-27,2026-03-04,Pending,4981745,223,SUP9491
O4088,P1353,2025-11-28,175,2025-12-01,2025-12-04,Delayed,3562383,158,SUP3206
O4089,P3699,2026-05-22,107,2026-05-29,2026-06-03,Pending,123098,54,SUP1764
O4090,P1186,2025-12-06,351,2025-12-11,2025-12-12,Delayed,3364242,316,SUP1728
O4091,P6936,2025-06-28,111,2025-07-06,2025-07-08,Delayed,1813095,100,SUP2201
O4092,P9940,2025-09-16,21,2025-09-24,2025-09-24,Delivered,4120024,21,SUP5342
O4093,P7228,2025-12-15,495,2025-12-23,2025-12-24,Delayed,2554059,446,SUP119
O4094,P3540,2025-12-16,448,2025-12-23,2025-12-23,Delayed,510322,403,SUP3663
O4095,P4953,2025-06-17,255,2025-06-20,2025-06-21,Delivered,65540,255,SUP647
O4096,P737,2025-12-05,268,2025-12-10,2025-12-14,Delivered,4450896,268,SUP9711
O4097,P8369,2025-11-03,317,2025-11-07,2025-11-07,Delayed,4619158,285,SUP8775
O4098,P8520,2026-04-14,86,2026-04-20,2026-04-25,Delivered,4271863,86,
O4099,P5980,2026-01-19,440,2026-01-24,2026-01-24,Delivered,462240,440,SUP4086
O4100,P3070,2026-03-17,20,2026-03-27,2026-03-30,Delayed,3052887,18,
O4101,P4158,2026-04-10,297,2026-04-15,2026-04-18,Delivered,3922968,297,SUP4326
O4102,P1839,2025-07-30,315,2025-08-09,2025-08-09,Pending,1203587,158,SUP6781
O4103,P5754,2025-06-21,176,2025-06-24,2025-06-26,Pending,323150,88,
O4104,P1283,2026-02-20,488,2026-02-23,2026-02-24,Delivered,899325,488,SUP3356
O4105,P9283,2025-08-11,118,2025-08-17,2025-08-21,Delayed,4655372,106,SUP1710
O4106,P8996,2025-11-07,144,2025-11-13,2025-11-15,Delivered,2803431,144,SUP6048
O4107,P9096,2025-10-25,122,2025-11-04,2025-11-04,Delivered,3120832,122,
O4108,P6,2025-06-07,188,2025-06-16,2025-06-21,Delayed,1142937,169,SUP177
O4109,P1724,2026-01-27,197,2026-01-30,2026-02-02,Delayed,407158,177,SUP108
O4110,P2775,2026-04-17,177,2026-04-24,2026-04-26,Delayed,2381122,159,
O4111,P1277,2026-04-11,252,2026-04-16,2026-04-19,Delayed,1860597,227,
O4112,P7453,2025-12-14,385,2025-12-24,2025-12-25,Delivered,1614307,385,
O4113,P7269,2025-11-08,169,2025-11-18,2025-11-23,Delivered,4145775,169,SUP4654
O4114,P4364,2025-12-02,261,2025-12-07,2025-12-12,Delivered,1084689,261,
O4115,P3795,2025-11-23,348,2025-11-26,2025-11-29,Delivered,3503138,348,SUP7659
O4116,P7721,2026-01-07,429,2026-01-10,2026-01-13,Delivered,4024385,429,SUP5957
O4117,P6562,2025-11-20,474,2025-11-25,2025-11-25,Delayed,488617,427,
O4118,P3807,2026-03-01,284,2026-03-06,2026-03-11,Delivered,4632920,284,SUP3963
O4119,P2730,2025-11-11,500,2025-11-17,2025-11-21,Delivered,816571,500,
O4120,P8645,2025-11-29,442,2025-12-07,2025-12-11,Delivered,4221092,442,SUP4929
O4121,P1475,2026-04-11,240,2026-04-20,2026-04-25,Delayed,711376,216,SUP6718
O4122,P8022,2025-07-18,133,2025-07-22,2025-07-27,Pending,4081498,66,
O4123,P8554,2025-12-31,320,2026-01-03,2026-01-08,Delivered,2477674,320,SUP4229
O4124,P3202,2025-06-05,322,2025-06-09,2025-06-10,Delivered,4667964,322,SUP3147
O4125,P1874,2025-07-25,104,2025-08-02,2025-08-07,Delivered,1526026,104,
O4126,P6861,2025-10-07,137,2025-10-10,2025-10-12,Delivered,3944432,137,
O4127,P9226,2025-09-12,193,2025-09-15,2025-09-18,Delivered,3316737,193,
O4128,P650,2025-08-05,225,2025-08-15,2025-08-17,Delayed,2909781,202,SUP3877
O4129,P7645,2025-06-02,410,2025-06-08,2025-06-08,Delayed,3937171,369,SUP134
O4130,P1209,2026-03-31,58,2026-04-08,2026-04-12,Delivered,3558406,58,SUP2333
O4131,P7580,2026-01-27,467,2026-02-03,2026-02-07,Delayed,2906635,420,SUP9099
O4132,P1262,2025-07-21,437,2025-07-30,2025-08-04,Pending,4279966,218,SUP804
O4133,P21,2025-11-18,212,2025-11-22,2025-11-22,Pending,982433,106,
O4134,P8492,2025-11-19,289,2025-11-22,2025-11-22,Pending,1817016,144,
O4135,P7410,2026-03-13,262,2026-03-21,2026-03-23,Delivered,3687953,262,SUP32
O4136,P8563,2025-12-30,409,2026-01-03,2026-01-08,Delayed,2939009,368,SUP1434
O4137,P4086,2025-10-21,382,2025-10-28,2025-11-02,Pending,2733055,191,
O4138,P8481,2026-04-01,152,2026-04-07,2026-04-09,Delayed,2031936,137,SUP5384
O4139,P4529,2025-06-17,255,2025-06-26,2025-06-28,Pending,3489899,128,SUP5106
O4140,P4719,2025-08-01,455,2025-08-11,2025-08-13,Delivered,4512898,455,SUP6460
O4141,P8149,2025-09-08,105,2025-09-17,2025-09-17,Pending,975827,52,SUP1673
O4142,P5296,2026-02-25,476,2026-03-04,2026-03-04,Delayed,3432466,428,
O4143,P1463,2025-07-29,56,2025-08-06,2025-08-07,Delayed,4705902,50,SUP4003
O4144,P3197,2025-08-19,458,2025-08-28,2025-09-02,Pending,3234166,229,SUP7667
O4145,P2454,2025-09-13,224,2025-09-16,2025-09-17,Delayed,4583139,202,SUP1386
O4146,P8190,2026-01-17,381,2026-01-23,2026-01-24,Delayed,4824081,343,
O4147,P3254,2025-06-28,93,2025-07-06,2025-07-11,Delayed,1450025,84,
O4148,P5940,2025-06-11,134,2025-06-21,2025-06-24,Pending,1122036,67,SUP1852
O4149,P8501,2025-10-11,448,2025-10-20,2025-10-23,Pending,4156829,224,SUP1930
O4150,P4179,2025-07-20,492,2025-07-23,2025-07-28,Delivered,932606,492,
O4151,P7612,2025-10-03,122,2025-10-06,2025-10-07,Delayed,178113,110,SUP1097
O4152,P720,2025-07-08,46,2025-07-11,2025-07-16,Delayed,4307548,41,SUP2496
O4153,P5210,2025-06-28,213,2025-07-06,2025-07-10,Pending,3313964,106,SUP8581
O4154,P2840,2025-10-09,375,2025-10-19,2025-10-24,Delayed,1725030,338,
O4155,P2948,2026-01-14,473,2026-01-17,2026-01-17,Delivered,4143690,473,SUP8700
O4156,P481,2025-10-30,248,2025-11-09,2025-11-11,Delayed,137049,223,
O4157,P1802,2025-06-17,475,2025-06-24,2025-06-25,Pending,2669579,238,
O4158,P5395,2025-10-05,119,2025-10-13,2025-10-14,Delivered,2649615,119,SUP861
O4159,P9927,2025-07-23,156,2025-07-29,2025-07-29,Delivered,416765,156,
O4160,P4559,2026-03-16,302,2026-03-24,2026-03-25,Delayed,1395144,272,
O4161,P6085,2026-03-11,165,2026-03-21,2026-03-21,Pending,1518926,82,
O4162,P3302,2026-05-11,136,2026-05-16,2026-05-17,Delivered,2400493,136,SUP4671
O4163,P5462,2026-05-09,426,2026-05-16,2026-05-21,Delivered,2791141,426,
O4164,P4117,2026-02-08,492,2026-02-11,2026-02-15,Delivered,3526891,492,SUP1613
O4165,P9829,2025-09-10,155,2025-09-14,2025-09-17,Delayed,4385615,140,SUP5721
O4166,P9514,2025-06-29,500,2025-07-07,2025-07-07,Delivered,1880868,500,SUP2914
O4167,P3363,2025-08-07,368,2025-08-17,2025-08-21,Delivered,3135072,368,SUP2570
O4168,P2034,2025-10-31,267,2025-11-05,2025-11-07,Delivered,543633,267,SUP7267
O4169,P841,2026-04-17,336,2026-04-23,2026-04-26,Pending,3575640,168,SUP2559
O4170,P9957,2025-07-10,235,2025-07-17,2025-07-17,Pending,618946,118,SUP1883
O4171,P512,2026-04-08,284,2026-04-18,2026-04-21,Pending,4850295,142,
O4172,P3735,2025-10-12,160,2025-10-21,2025-10-25,Pending,1380504,80,
O4173,P96,2026-04-16,143,2026-04-23,2026-04-23,Delayed,569531,129,
O4174,P2753,2025-09-11,211,2025-09-20,2025-09-24,Pending,3712561,106,SUP248
O4175,P6064,2026-01-08,315,2026-01-18,2026-01-22,Delivered,1427300,315,SUP6404
O4176,P1351,2026-04-15,246,2026-04-18,2026-04-21,Delivered,1224838,246,SUP5435
O4177,P7025,2025-12-25,102,2026-01-01,2026-01-04,Pending,1173194,51,
O4178,P1701,2026-01-07,368,2026-01-14,2026-01-14,Delivered,4295182,368,
O4179,P3576,2025-11-15,143,2025-11-22,2025-11-23,Pending,3125627,72,SUP844
O4180,P4383,2025-09-28,68,2025-10-02,2025-10-04,Delivered,4725493,68,
O4181,P3039,2025-12-26,437,2026-01-04,2026-01-07,Pending,3787209,218,SUP9488
O4182,P2956,2025-12-24,27,2026-01-02,2026-01-02,Delivered,195859,27,SUP6707
O4183,P4682,2025-06-07,263,2025-06-10,2025-06-15,Pending,1672956,132,SUP765
O4184,P2457,2025-12-27,115,2026-01-05,2026-01-09,Delayed,2659804,104,
O4185,P7550,2025-09-20,385,2025-09-30,2025-10-01,Pending,3828479,192,
O4186,P7383,2026-02-09,492,2026-02-13,2026-02-16,Delivered,1574070,492,
O4187,P8035,2025-12-31,313,2026-01-08,2026-01-09,Pending,947743,156,
O4188,P1604,2025-11-09,363,2025-11-14,2025-11-15,Pending,1983104,182,
O4189,P7647,2026-01-14,191,2026-01-20,2026-01-25,Delivered,3866994,191,SUP7912
O4190,P3492,2025-08-27,137,2025-09-06,2025-09-08,Delivered,3734691,137,
O4191,P1751,2026-01-05,65,2026-01-08,2026-01-09,Delayed,3489299,58,SUP1387
O4192,P3798,2025-12-22,495,2026-01-01,2026-01-02,Delayed,49059,446,SUP8730
O4193,P554,2025-09-29,448,2025-10-04,2025-10-04,Pending,1471874,224,SUP1615
O4194,P9727,2025-11-20,45,2025-11-25,2025-11-27,Delayed,128322,40,SUP2350
O4195,P9974,2026-03-31,94,2026-04-04,2026-04-04,Pending,3895043,47,
O4196,P3810,2025-09-24,342,2025-09-27,2025-10-01,Delivered,1550246,342,SUP5405
O4197,P7647,2025-11-08,477,2025-11-12,2025-11-12,Delayed,2400123,429,SUP7912
O4198,P6582,2026-05-27,289,2026-05-31,2026-06-01,Delivered,3476032,289,SUP136
O4199,P4121,2025-09-28,364,2025-10-07,2025-10-12,Delivered,535260,364,SUP3927
O4200,P5292,2025-06-14,134,2025-06-17,2025-06-17,Pending,1667808,67,SUP4432
O4201,P7290,2026-04-30,173,2026-05-10,2026-05-10,Delivered,3492147,173,
O4202,P5848,2026-01-14,168,2026-01-18,2026-01-19,Delivered,1696822,168,SUP1904
O4203,P1902,2025-12-16,164,2025-12-24,2025-12-28,Delivered,1509458,164,SUP3437
O4204,P6031,2025-07-12,144,2025-07-21,2025-07-26,Delivered,3933956,144,
O4205,P9705,2025-09-15,76,2025-09-20,2025-09-25,Delayed,906067,68,SUP1157
O4206,P8222,2026-02-15,26,2026-02-22,2026-02-26,Pending,4270036,13,
O4207,P4924,2025-06-15,327,2025-06-25,2025-06-27,Delivered,2265544,327,SUP9925
O4208,P8863,2026-05-03,352,2026-05-07,2026-05-12,Delivered,16372,352,SUP82
O4209,P4207,2025-07-05,237,2025-07-08,2025-07-12,Delivered,4493358,237,SUP7655
O4210,P2741,2026-04-27,48,2026-05-05,2026-05-05,Delivered,2628448,48,SUP447
O4211,P720,2026-01-25,473,2026-02-01,2026-02-06,Delayed,1662284,426,SUP2496
O4212,P5151,2025-06-18,485,2025-06-23,2025-06-27,Delayed,4379225,436,SUP4380
O4213,P7099,2025-07-13,253,2025-07-18,2025-07-21,Delayed,165744,228,SUP2398
O4214,P7140,2025-10-29,160,2025-11-02,2025-11-07,Delivered,4448150,160,
O4215,P2015,2026-04-01,244,2026-04-07,2026-04-11,Delayed,260546,220,SUP9659
O4216,P9246,2025-09-28,254,2025-10-06,2025-10-08,Delayed,3654004,229,
O4217,P2678,2025-07-30,353,2025-08-02,2025-08-06,Pending,3199597,176,SUP2039
O4218,P1806,2025-11-07,68,2025-11-16,2025-11-19,Pending,4210364,34,
O4219,P3748,2025-06-06,469,2025-06-15,2025-06-17,Pending,1167844,234,SUP1788
O4220,P8689,2026-03-24,313,2026-03-28,2026-04-01,Pending,303333,156,SUP6551
O4221,P5516,2025-11-04,287,2025-11-13,2025-11-15,Pending,955301,144,
O4222,P4269,2026-01-04,249,2026-01-07,2026-01-08,Delivered,3361066,249,SUP3967
O4223,P1339,2025-10-11,467,2025-10-19,2025-10-19,Pending,198414,234,
O4224,P1174,2025-07-02,308,2025-07-05,2025-07-06,Delivered,3635112,308,SUP6071
O4225,P6384,2025-07-25,26,2025-07-29,2025-08-02,Delivered,3529327,26,SUP418
O4226,P4239,2026-05-08,217,2026-05-18,2026-05-21,Pending,3906796,108,SUP7918
O4227,P8727,2025-11-11,245,2025-11-19,2025-11-20,Delivered,3896901,245,SUP208
O4228,P2084,2026-03-26,169,2026-03-31,2026-03-31,Delayed,487789,152,
O4229,P665,2026-03-26,86,2026-04-03,2026-04-08,Delivered,4642555,86,
O4230,P9266,2026-01-17,405,2026-01-25,2026-01-29,Pending,2556174,202,SUP6687
O4231,P2618,2025-07-13,242,2025-07-18,2025-07-21,Pending,1519687,121,SUP1335
O4232,P8996,2025-10-12,153,2025-10-15,2025-10-20,Pending,4210858,76,SUP6048
O4233,P9709,2026-01-05,294,2026-01-13,2026-01-17,Pending,887592,147,SUP7638
O4234,P7652,2025-07-10,54,2025-07-17,2025-07-20,Pending,979928,27,SUP4577
O4235,P1212,2025-07-17,493,2025-07-27,2025-07-31,Pending,4079677,246,SUP6442
O4236,P3535,2026-03-25,52,2026-03-30,2026-03-30,Delivered,318637,52,SUP5266
O4237,P9684,2025-06-26,431,2025-07-02,2025-07-07,Delivered,4446766,431,
O4238,P5476,2026-05-11,83,2026-05-21,2026-05-22,Pending,110853,42,
O4239,P9459,2026-01-05,266,2026-01-09,2026-01-13,Delayed,1653774,239,
O4240,P11,2025-12-26,73,2025-12-30,2025-12-31,Delivered,3222646,73,SUP892
O4241,P4616,2025-12-18,212,2025-12-28,2025-12-28,Delivered,4935247,212,
O4242,P1350,2025-10-07,235,2025-10-16,2025-10-19,Pending,1730934,118,SUP3661
O4243,P6357,2025-07-17,468,2025-07-23,2025-07-24,Delayed,4756559,421,SUP1245
O4244,P7133,2025-06-20,280,2025-06-29,2025-06-29,Pending,453856,140,
O4245,P6668,2025-06-24,50,2025-07-03,2025-07-03,Delayed,2941962,45,SUP2862
O4246,P9370,2025-10-11,74,2025-10-15,2025-10-20,Pending,4308866,37,
O4247,P1183,2025-06-14,427,2025-06-17,2025-06-19,Delayed,857668,384,SUP1496
O4248,P4084,2026-05-06,299,2026-05-15,2026-05-18,Delayed,2920131,269,
O4249,P6061,2026-01-15,333,2026-01-20,2026-01-20,Delayed,4606130,300,SUP1449
O4250,P2249,2026-02-23,212,2026-03-01,2026-03-01,Pending,2329590,106,SUP2
O4251,P6963,2025-12-27,65,2026-01-02,2026-01-05,Delayed,4271501,58,
O4252,P4193,2026-02-08,129,2026-02-12,2026-02-16,Pending,2232914,64,SUP7397
O4253,P7358,2026-04-20,19,2026-04-29,2026-04-29,Delayed,1191280,17,SUP895
O4254,P8096,2025-08-10,402,2025-08-16,2025-08-17,Delivered,3602615,402,SUP2244
O4255,P3780,2025-08-31,442,2025-09-07,2025-09-12,Pending,1207766,221,SUP1067
O4256,P4085,2026-05-11,447,2026-05-16,2026-05-21,Delayed,3197726,402,
O4257,P5586,2026-02-28,336,2026-03-09,2026-03-14,Pending,2316250,168,
O4258,P9090,2025-11-25,179,2025-12-03,2025-12-03,Pending,4074991,90,
O4259,P3369,2025-08-09,426,2025-08-16,2025-08-19,Delivered,3636551,426,SUP160
O4260,P9470,2026-04-03,105,2026-04-09,2026-04-10,Delivered,3805319,105,
O4261,P2917,2025-08-04,40,2025-08-10,2025-08-10,Pending,1950846,20,
O4262,P3758,2025-09-21,55,2025-10-01,2025-10-03,Delivered,73868,55,
O4263,P8980,2026-01-09,334,2026-01-12,2026-01-13,Pending,2231112,167,SUP7061
O4264,P6656,2025-12-04,244,2025-12-11,2025-12-13,Delivered,4729853,244,SUP883
O4265,P8246,2025-11-04,477,2025-11-11,2025-11-14,Delivered,4676589,477,SUP2234
O4266,P700,2025-07-04,473,2025-07-08,2025-07-08,Delivered,805783,473,SUP1947
O4267,P4808,2025-06-15,320,2025-06-23,2025-06-23,Delivered,1418482,320,SUP1079
O4268,P8797,2025-12-20,361,2025-12-29,2026-01-02,Delivered,4603556,361,
O4269,P4899,2026-02-24,452,2026-02-28,2026-02-28,Delivered,1151261,452,
O4270,P9770,2025-12-25,408,2026-01-02,2026-01-06,Delayed,833523,367,SUP1530
O4271,P5294,2026-01-23,396,2026-02-02,2026-02-07,Pending,3564401,198,SUP7047
O4272,P9725,2025-10-23,73,2025-10-26,2025-10-31,Delivered,844186,73,SUP3991
O4273,P3684,2026-03-27,490,2026-04-05,2026-04-08,Pending,2743190,245,SUP3109
O4274,P733,2025-11-25,244,2025-11-28,2025-12-01,Pending,2296434,122,SUP2621
O4275,P1915,2026-05-10,460,2026-05-16,2026-05-18,Pending,2796799,230,SUP1629
O4276,P5270,2025-06-20,346,2025-06-24,2025-06-27,Pending,3462681,173,SUP1099
O4277,P3765,2025-07-30,493,2025-08-04,2025-08-05,Delayed,4917569,444,SUP3024
O4278,P1334,2025-12-11,151,2025-12-16,2025-12-17,Pending,157694,76,SUP5240
O4279,P9425,2025-12-25,379,2026-01-03,2026-01-08,Delivered,35425,379,SUP2622
O4280,P6800,2026-05-04,480,2026-05-10,2026-05-11,Pending,766639,240,SUP2124
O4281,P5418,2026-01-30,102,2026-02-05,2026-02-10,Delayed,1373152,92,SUP6203
O4282,P1351,2026-01-29,478,2026-02-07,2026-02-12,Pending,169362,239,SUP5435
O4283,P8639,2026-03-25,21,2026-04-01,2026-04-05,Delayed,2902263,19,
O4284,P7659,2025-11-08,220,2025-11-17,2025-11-18,Pending,3683328,110,
O4285,P8694,2025-06-25,235,2025-07-01,2025-07-01,Pending,867950,118,SUP3100
O4286,P5149,2026-04-09,483,2026-04-14,2026-04-15,Delayed,3819724,435,SUP2818
O4287,P9886,2026-02-19,61,2026-02-26,2026-02-28,Pending,655541,30,SUP8542
O4288,P9386,2025-07-10,402,2025-07-20,2025-07-20,Pending,2776622,201,SUP2531
O4289,P7873,2026-02-09,359,2026-02-18,2026-02-19,Pending,1290118,180,SUP5285
O4290,P7488,2025-08-09,246,2025-08-18,2025-08-21,Delayed,1158725,221,
O4291,P6880,2025-08-05,409,2025-08-11,2025-08-16,Delayed,3341469,368,SUP9363
O4292,P6010,2025-11-02,271,2025-11-09,2025-11-11,Delivered,17380,271,
O4293,P7112,2025-10-03,151,2025-10-09,2025-10-11,Pending,952948,76,SUP1488
O4294,P4904,2025-11-22,268,2025-11-26,2025-11-30,Pending,3306308,134,
O4295,P6423,2026-01-06,106,2026-01-11,2026-01-12,Delayed,3488374,95,SUP255
O4296,P6174,2025-09-22,135,2025-09-30,2025-10-05,Delayed,2911421,122,SUP4743
O4297,P9187,2025-06-28,32,2025-07-02,2025-07-04,Delivered,3376217,32,
O4298,P2436,2025-06-13,323,2025-06-21,2025-06-25,Delivered,4126656,323,
O4299,P4498,2025-10-12,104,2025-10-22,2025-10-24,Delivered,706047,104,SUP1048
O4300,P1341,2026-02-15,438,2026-02-24,2026-02-24,Delayed,3939197,394,SUP1095
O4301,P6719,2026-02-07,111,2026-02-15,2026-02-15,Delayed,876508,100,SUP3161
O4302,P4152,2025-09-02,109,2025-09-11,2025-09-12,Delayed,2860951,98,SUP2847
O4303,P6258,2025-12-01,379,2025-12-07,2025-12-10,Delayed,2280943,341,SUP2042
O4304,P2839,2025-09-03,193,2025-09-07,2025-09-09,Delayed,588875,174,SUP4913
O4305,P582,2026-02-05,141,2026-02-09,2026-02-13,Delayed,178869,127,SUP1680
O4306,P539,2026-04-23,132,2026-04-26,2026-04-29,Delayed,3279957,119,SUP8862
O4307,P8048,2025-10-14,317,2025-10-18,2025-10-23,Delivered,4169643,317,SUP918
O4308,P6255,2025-12-03,57,2025-12-12,2025-12-16,Delayed,1388529,51,
O4309,P9181,2026-02-03,137,2026-02-11,2026-02-15,Delivered,2507352,137,
O4310,P257,2026-05-24,388,2026-06-03,2026-06-06,Delayed,910050,349,SUP1872
O4311,P335,2026-01-27,297,2026-02-01,2026-02-05,Pending,1067317,148,SUP7100
O4312,P8606,2026-04-02,479,2026-04-12,2026-04-12,Pending,1946890,240,SUP9757
O4313,P5782,2026-05-28,471,2026-05-31,2026-06-04,Delayed,4851168,424,SUP1470
O4314,P5767,2026-01-07,406,2026-01-14,2026-01-17,Delivered,1149041,406,
O4315,P7714,2026-05-19,217,2026-05-27,2026-05-27,Delayed,4614898,195,
O4316,P1106,2026-02-01,262,2026-02-05,2026-02-06,Delayed,3667284,236,
O4317,P151,2025-06-15,85,2025-06-20,2025-06-20,Pending,2588599,42,
O4318,P4810,2025-11-12,305,2025-11-16,2025-11-18,Delivered,2890150,305,SUP7733
O4319,P6991,2025-10-29,333,2025-11-03,2025-11-08,Pending,1328884,166,
O4320,P9595,2026-05-16,449,2026-05-19,2026-05-21,Delivered,3427063,449,
O4321,P3024,2025-10-08,114,2025-10-16,2025-10-18,Delivered,1002149,114,SUP6792
O4322,P2032,2025-12-22,85,2025-12-26,2025-12-31,Delivered,13308,85,SUP3391
O4323,P2856,2025-10-02,181,2025-10-11,2025-10-16,Delivered,937683,181,SUP9360
O4324,P2959,2025-08-09,235,2025-08-18,2025-08-23,Pending,3727860,118,
O4325,P6485,2026-05-27,106,2026-06-05,2026-06-06,Delayed,252102,95,SUP443
O4326,P7843,2026-03-19,69,2026-03-22,2026-03-27,Delayed,2367640,62,SUP372
O4327,P3755,2025-09-27,169,2025-10-01,2025-10-01,Pending,179154,84,
O4328,P2934,2025-06-05,403,2025-06-12,2025-06-12,Delayed,1152537,363,SUP9495
O4329,P4806,2026-02-12,380,2026-02-16,2026-02-19,Pending,1218569,190,
O4330,P7615,2025-10-23,43,2025-11-02,2025-11-06,Pending,3040175,22,SUP8538
O4331,P4806,2025-05-31,424,2025-06-09,2025-06-11,Pending,974842,212,
O4332,P4628,2025-08-27,93,2025-09-02,2025-09-07,Delivered,1731227,93,SUP2719
O4333,P8949,2026-04-17,365,2026-04-20,2026-04-22,Pending,3626699,182,
O4334,P6294,2025-12-16,240,2025-12-19,2025-12-24,Delivered,3879079,240,
O4335,P4509,2025-11-04,173,2025-11-12,2025-11-14,Delivered,2146083,173,SUP147
O4336,P8786,2025-12-16,336,2025-12-23,2025-12-24,Delayed,3093000,302,
O4337,P2422,2025-09-09,386,2025-09-13,2025-09-16,Delayed,4104164,347,
O4338,P1867,2026-01-23,194,2026-01-31,2026-02-01,Delivered,3775548,194,SUP4152
O4339,P6792,2025-10-05,183,2025-10-11,2025-10-13,Delayed,584444,165,SUP8191
O4340,P595,2025-11-26,425,2025-11-29,2025-12-03,Pending,4816300,212,
O4341,P3431,2026-01-21,25,2026-01-28,2026-01-30,Pending,1835489,12,
O4342,P3725,2025-12-17,55,2025-12-21,2025-12-25,Pending,97771,28,SUP6790
O4343,P4208,2026-04-10,172,2026-04-15,2026-04-18,Delayed,2636556,155,SUP3904
O4344,P1309,2025-10-20,23,2025-10-25,2025-10-25,Delayed,1087733,21,
O4345,P506,2026-02-03,247,2026-02-10,2026-02-14,Pending,2501633,124,SUP3349
O4346,P3903,2026-02-15,326,2026-02-24,2026-03-01,Pending,4724150,163,SUP7244
O4347,P7395,2025-10-09,384,2025-10-16,2025-10-17,Delivered,680311,384,SUP1839
O4348,P8858,2025-06-02,294,2025-06-12,2025-06-16,Pending,456567,147,SUP8502
O4349,P2431,2025-06-23,15,2025-06-30,2025-06-30,Delivered,894753,15,SUP1611
O4350,P7377,2025-08-15,342,2025-08-23,2025-08-23,Pending,1398348,171,SUP2576
O4351,P3338,2026-01-17,150,2026-01-25,2026-01-25,Pending,796118,75,
O4352,P5780,2025-08-24,382,2025-08-30,2025-08-30,Delivered,3779185,382,SUP2468
O4353,P6372,2026-01-28,414,2026-02-06,2026-02-08,Pending,2919021,207,
O4354,P3907,2025-08-22,119,2025-08-30,2025-09-01,Pending,3106626,60,SUP5819
O4355,P2968,2026-04-23,64,2026-05-03,2026-05-04,Delivered,1460372,64,
O4356,P8123,2025-07-09,360,2025-07-16,2025-07-18,Delayed,3152067,324,
O4357,P6671,2026-05-06,68,2026-05-16,2026-05-19,Pending,1829004,34,SUP3126
O4358,P1393,2025-10-30,334,2025-11-08,2025-11-11,Pending,3893475,167,SUP2736
O4359,P7655,2026-04-12,318,2026-04-16,2026-04-16,Delayed,3772193,286,SUP2340
O4360,P4817,2025-11-24,492,2025-11-28,2025-12-02,Delayed,1736616,443,
O4361,P5380,2025-12-22,313,2025-12-31,2025-12-31,Delayed,28451,282,
O4362,P1610,2026-04-19,483,2026-04-24,2026-04-25,Pending,601825,242,
O4363,P8805,2026-05-06,213,2026-05-11,2026-05-14,Pending,4484311,106,
O4364,P4263,2025-11-03,344,2025-11-13,2025-11-13,Delayed,486697,310,
O4365,P7282,2026-02-02,323,2026-02-08,2026-02-12,Delayed,4173016,291,SUP2872
O4366,P9816,2026-04-13,74,2026-04-16,2026-04-17,Delayed,553106,67,
O4367,P1687,2025-10-09,15,2025-10-15,2025-10-15,Delivered,1369953,15,SUP7016
O4368,P7310,2025-09-23,138,2025-10-01,2025-10-05,Delayed,3523024,124,SUP2877
O4369,P1069,2025-11-15,451,2025-11-24,2025-11-29,Delayed,1295047,406,
O4370,P1664,2026-01-07,476,2026-01-10,2026-01-14,Delayed,1612516,428,SUP8546
O4371,P5331,2026-04-07,313,2026-04-11,2026-04-12,Delayed,2630254,282,SUP1338
O4372,P3377,2025-10-22,118,2025-10-26,2025-10-31,Delivered,4715170,118,SUP7654
O4373,P7354,2026-01-03,211,2026-01-09,2026-01-14,Pending,180030,106,SUP6129
O4374,P7259,2025-08-04,409,2025-08-12,2025-08-13,Delivered,943713,409,SUP4192
O4375,P7620,2026-02-07,87,2026-02-14,2026-02-14,Pending,2943537,44,SUP9916
O4376,P7460,2025-12-12,369,2025-12-16,2025-12-19,Delivered,2658366,369,SUP7237
O4377,P3588,2025-06-07,430,2025-06-12,2025-06-13,Delivered,364239,430,SUP754
O4378,P2035,2025-10-21,25,2025-10-26,2025-10-28,Delivered,2385872,25,
O4379,P1585,2026-04-13,291,2026-04-23,2026-04-27,Delayed,4525775,262,
O4380,P7217,2025-11-24,466,2025-12-02,2025-12-03,Delivered,2394481,466,SUP3476
O4381,P7160,2025-09-05,459,2025-09-08,2025-09-11,Pending,4396856,230,SUP1608
O4382,P8162,2025-07-31,281,2025-08-10,2025-08-13,Pending,2672326,140,SUP9519
O4383,P6240,2025-08-23,101,2025-09-01,2025-09-03,Pending,3650504,50,SUP3705
O4384,P910,2025-07-23,234,2025-07-28,2025-08-01,Delivered,770166,234,SUP1409
O4385,P4519,2026-03-24,208,2026-04-01,2026-04-02,Delivered,3076602,208,
O4386,P7451,2025-06-23,297,2025-07-01,2025-07-01,Delivered,2282142,297,
O4387,P6123,2026-04-22,68,2026-05-02,2026-05-07,Pending,3799824,34,SUP3425
O4388,P6841,2025-09-18,398,2025-09-27,2025-10-02,Delayed,2588131,358,SUP3854
O4389,P6291,2026-01-08,362,2026-01-11,2026-01-11,Delayed,3917925,326,
O4390,P4439,2025-08-18,209,2025-08-28,2025-09-02,Pending,3809591,104,
O4391,P82,2026-03-01,361,2026-03-05,2026-03-06,Delivered,2873163,361,
O4392,P9777,2025-06-30,79,2025-07-09,2025-07-09,Delivered,3947097,79,SUP8882
O4393,P8502,2025-08-05,26,2025-08-13,2025-08-17,Pending,2949077,13,
O4394,P1094,2025-09-02,173,2025-09-09,2025-09-11,Pending,4144311,86,SUP1474
O4395,P1165,2025-11-09,405,2025-11-15,2025-11-17,Delivered,209377,405,SUP2992
O4396,P1938,2025-09-15,439,2025-09-19,2025-09-21,Delayed,2421722,395,SUP3178
O4397,P5893,2026-05-21,332,2026-05-28,2026-05-28,Pending,3384931,166,SUP5502
O4398,P6787,2025-11-30,58,2025-12-08,2025-12-12,Delayed,2605893,52,SUP3870
O4399,P393,2026-03-31,254,2026-04-05,2026-04-08,Delivered,2961181,254,
O4400,P320,2025-10-24,331,2025-10-31,2025-11-04,Delivered,398607,331,SUP2941
O4401,P7083,2026-05-08,105,2026-05-15,2026-05-18,Delayed,3674014,94,SUP9717
O4402,P9162,2026-03-20,304,2026-03-29,2026-03-31,Pending,3671029,152,SUP9434
O4403,P3514,2025-11-02,327,2025-11-06,2025-11-10,Delivered,4014876,327,SUP3102
O4404,P374,2026-05-02,437,2026-05-07,2026-05-08,Delayed,2887310,393,
O4405,P1085,2025-05-29,220,2025-06-05,2025-06-05,Pending,2199635,110,
O4406,P6261,2025-08-05,30,2025-08-15,2025-08-18,Pending,3862701,15,SUP8456
O4407,P7485,2026-01-01,424,2026-01-11,2026-01-13,Delivered,2434050,424,SUP6633
O4408,P1809,2025-08-21,447,2025-08-28,2025-08-30,Pending,48992,224,SUP1063
O4409,P2206,2025-08-16,342,2025-08-26,2025-08-29,Delivered,951805,342,SUP2819
O4410,P1184,2026-05-05,491,2026-05-11,2026-05-11,Delayed,4727755,442,SUP6378
O4411,P2599,2025-08-09,326,2025-08-16,2025-08-18,Pending,2388445,163,SUP9154
O4412,P6918,2026-01-29,259,2026-02-02,2026-02-03,Delivered,3868634,259,SUP2349
O4413,P528,2026-05-13,51,2026-05-20,2026-05-22,Delivered,4171221,51,
O4414,P3627,2026-03-01,261,2026-03-09,2026-03-11,Delivered,416897,261,SUP6337
O4415,P3810,2025-07-05,27,2025-07-08,2025-07-08,Pending,1789781,14,SUP5405
O4416,P2697,2026-01-22,343,2026-01-26,2026-01-28,Delivered,4851819,343,SUP6539
O4417,P4281,2025-10-02,204,2025-10-10,2025-10-14,Delayed,4342569,184,SUP1436
O4418,P2903,2025-07-04,96,2025-07-10,2025-07-11,Delivered,3295837,96,SUP3132
O4419,P4716,2026-01-25,500,2026-02-02,2026-02-02,Pending,270183,250,SUP1808
O4420,P8290,2026-03-07,29,2026-03-10,2026-03-12,Delayed,1084334,26,
O4421,P104,2026-04-30,441,2026-05-03,2026-05-04,Delayed,110153,397,SUP1985
O4422,P3622,2026-05-22,91,2026-05-29,2026-05-29,Pending,4726232,46,
O4423,P8551,2025-10-21,180,2025-10-25,2025-10-27,Delivered,712679,180,SUP272
O4424,P2384,2026-02-28,341,2026-03-06,2026-03-07,Delayed,1144482,307,SUP5034
O4425,P7594,2025-06-28,285,2025-07-02,2025-07-07,Delivered,1607726,285,SUP3624
O4426,P9522,2026-01-16,500,2026-01-23,2026-01-24,Delivered,3082538,500,SUP6842
O4427,P3678,2026-02-04,100,2026-02-08,2026-02-08,Delayed,1134011,90,SUP1899
O4428,P3443,2026-01-30,201,2026-02-04,2026-02-04,Pending,2266552,100,SUP6188
O4429,P6196,2025-11-24,51,2025-11-30,2025-12-01,Pending,1843015,26,SUP1546
O4430,P1056,2025-11-14,455,2025-11-23,2025-11-28,Pending,3508787,228,
O4431,P6578,2025-12-23,20,2025-12-31,2026-01-02,Delayed,1213643,18,SUP3740
O4432,P4029,2026-01-15,20,2026-01-18,2026-01-19,Pending,1728384,10,
O4433,P2388,2025-10-31,274,2025-11-06,2025-11-07,Pending,2187359,137,SUP859
O4434,P972,2026-01-28,342,2026-02-07,2026-02-09,Delivered,1351132,342,SUP2221
O4435,P3021,2026-05-01,484,2026-05-04,2026-05-08,Delayed,1885602,436,SUP1781
O4436,P174,2025-12-20,197,2025-12-29,2025-12-30,Delayed,3036329,177,SUP1130
O4437,P8952,2026-05-04,31,2026-05-11,2026-05-15,Pending,2179712,16,SUP9325
O4438,P2391,2026-03-14,124,2026-03-24,2026-03-25,Delayed,4913336,112,
O4439,P935,2026-03-22,87,2026-03-25,2026-03-30,Delivered,3668026,87,SUP499
O4440,P9409,2025-10-12,350,2025-10-15,2025-10-20,Delivered,1206818,350,SUP9685
O4441,P1850,2025-07-29,219,2025-08-05,2025-08-08,Delayed,3777251,197,
O4442,P3237,2026-04-08,498,2026-04-14,2026-04-19,Pending,3747324,249,
O4443,P996,2026-05-23,188,2026-06-02,2026-06-02,Delayed,3020505,169,SUP9807
O4444,P9541,2025-08-11,303,2025-08-14,2025-08-14,Delivered,3533814,303,
O4445,P1648,2025-09-30,296,2025-10-10,2025-10-10,Delayed,4543209,266,SUP898
O4446,P71,2025-11-13,28,2025-11-16,2025-11-20,Delayed,4001770,25,SUP8734
O4447,P9898,2025-12-19,220,2025-12-22,2025-12-25,Delivered,2743867,220,SUP4241
O4448,P923,2026-01-05,327,2026-01-14,2026-01-16,Pending,3511328,164,SUP4295
O4449,P716,2025-06-09,234,2025-06-17,2025-06-18,Pending,4299048,117,
O4450,P2908,2025-06-20,499,2025-06-24,2025-06-26,Delivered,396616,499,
O4451,P8365,2025-09-20,122,2025-09-26,2025-09-28,Delayed,803600,110,
O4452,P673,2025-08-04,307,2025-08-08,2025-08-10,Pending,1050215,154,SUP3503
O4453,P7279,2025-10-25,293,2025-10-31,2025-11-05,Delivered,3571475,293,SUP6750
O4454,P5080,2026-02-08,232,2026-02-11,2026-02-13,Pending,699425,116,SUP520
O4455,P9738,2025-12-30,177,2026-01-02,2026-01-02,Delayed,3398788,159,SUP3795
O4456,P9015,2025-10-19,100,2025-10-26,2025-10-31,Delayed,4955275,90,
O4457,P4158,2025-11-09,78,2025-11-12,2025-11-16,Delivered,3610447,78,SUP4326
O4458,P5251,2025-06-06,205,2025-06-14,2025-06-17,Delivered,4837271,205,
O4459,P9637,2026-02-17,180,2026-02-26,2026-02-27,Delivered,2195096,180,SUP7971
O4460,P2304,2025-06-10,423,2025-06-16,2025-06-21,Delayed,1370634,381,
O4461,P6630,2025-08-19,370,2025-08-25,2025-08-27,Delivered,2042677,370,SUP4702
O4462,P5547,2026-03-10,82,2026-03-14,2026-03-15,Delayed,1248763,74,SUP4049
O4463,P3186,2026-01-22,490,2026-01-30,2026-02-03,Delivered,2942116,490,
O4464,P224,2025-08-23,389,2025-08-30,2025-08-31,Delayed,1671885,350,
O4465,P5210,2026-03-23,323,2026-03-30,2026-03-31,Delivered,3084669,323,SUP8581
O4466,P6845,2025-08-25,102,2025-08-29,2025-09-02,Delivered,3625511,102,SUP9400
O4467,P3547,2025-10-06,82,2025-10-11,2025-10-13,Delivered,181601,82,SUP1435
O4468,P982,2025-12-30,30,2026-01-09,2026-01-11,Pending,2448767,15,
O4469,P4076,2025-10-04,155,2025-10-08,2025-10-10,Pending,4491146,78,SUP5958
O4470,P3302,2025-08-29,344,2025-09-03,2025-09-03,Delivered,3730988,344,SUP4671
O4471,P657,2025-08-28,29,2025-09-05,2025-09-08,Pending,839975,14,
O4472,P496,2026-01-29,440,2026-02-01,2026-02-04,Delivered,3254211,440,
O4473,P2318,2025-06-08,49,2025-06-18,2025-06-19,Pending,3551808,24,
O4474,P3817,2025-11-25,162,2025-12-01,2025-12-04,Delivered,2230632,162,
O4475,P6406,2026-02-19,401,2026-02-22,2026-02-26,Delayed,3132586,361,
O4476,P3853,2025-11-03,146,2025-11-12,2025-11-15,Delayed,186858,131,SUP8490
O4477,P8912,2025-10-02,93,2025-10-05,2025-10-07,Delayed,4466115,84,
O4478,P6993,2025-09-23,456,2025-10-01,2025-10-01,Delivered,1023796,456,SUP2328
O4479,P4820,2025-10-31,253,2025-11-05,2025-11-05,Pending,4736508,126,
O4480,P316,2025-07-08,331,2025-07-17,2025-07-19,Delivered,1096946,331,
O4481,P8981,2025-08-27,295,2025-09-02,2025-09-07,Delayed,2099920,266,SUP2025
O4482,P561,2025-06-26,450,2025-07-03,2025-07-06,Delayed,471224,405,SUP4165
O4483,P4644,2026-02-17,182,2026-02-25,2026-02-26,Delayed,4732386,164,SUP5386
O4484,P5855,2025-12-10,441,2025-12-16,2025-12-20,Delivered,4315716,441,SUP3777
O4485,P4972,2025-08-25,382,2025-08-30,2025-09-01,Delayed,3494370,344,
O4486,P4694,2025-05-31,493,2025-06-04,2025-06-07,Delayed,3611765,444,
O4487,P6141,2026-02-18,254,2026-02-25,2026-03-01,Pending,854534,127,SUP5919
O4488,P2874,2025-06-24,105,2025-07-02,2025-07-06,Pending,2789987,52,SUP8273
O4489,P1643,2025-07-20,359,2025-07-23,2025-07-26,Delayed,296905,323,
O4490,P4844,2025-06-26,97,2025-07-04,2025-07-06,Delivered,1209937,97,SUP4207
O4491,P8187,2026-03-03,345,2026-03-12,2026-03-12,Pending,182721,172,SUP2555
O4492,P2018,2026-03-28,305,2026-04-03,2026-04-07,Pending,3271603,152,SUP6069
O4493,P3984,2025-07-03,380,2025-07-09,2025-07-13,Delayed,3535037,342,
O4494,P9934,2025-09-14,478,2025-09-22,2025-09-25,Delayed,2810368,430,
O4495,P8258,2025-10-06,127,2025-10-09,2025-10-09,Delivered,2193823,127,SUP463
O4496,P6879,2025-11-01,402,2025-11-08,2025-11-08,Delayed,4982148,362,SUP3970
O4497,P4377,2026-03-16,411,2026-03-20,2026-03-22,Delivered,2846326,411,SUP6513
O4498,P4777,2025-06-09,404,2025-06-15,2025-06-18,Delayed,32979,364,SUP8248
O4499,P7786,2025-11-20,398,2025-11-26,2025-11-28,Delayed,214969,358,
O4500,P2923,2026-01-26,130,2026-02-01,2026-02-01,Delivered,4973969,130,SUP4984
O4501,P399,2025-11-29,492,2025-12-07,2025-12-10,Delayed,1252108,443,
O4502,P3395,2025-09-09,248,2025-09-12,2025-09-15,Pending,504576,124,SUP6731
O4503,P865,2025-10-03,142,2025-10-12,2025-10-14,Delivered,902457,142,
O4504,P999,2025-10-21,238,2025-10-31,2025-10-31,Pending,46632,119,SUP7181
O4505,P4180,2025-06-17,46,2025-06-20,2025-06-23,Pending,1033906,23,
O4506,P8723,2025-09-21,138,2025-09-30,2025-10-03,Delivered,2221784,138,SUP2252
O4507,P6709,2025-08-21,159,2025-08-30,2025-09-02,Delayed,503951,143,SUP5690
O4508,P5466,2025-11-06,60,2025-11-16,2025-11-21,Delayed,1211311,54,SUP716
O4509,P6215,2025-06-11,348,2025-06-21,2025-06-23,Delayed,1908290,313,
O4510,P1923,2026-02-09,44,2026-02-17,2026-02-17,Delayed,4619880,40,
O4511,P7606,2025-11-20,345,2025-11-26,2025-11-29,Delayed,2172542,310,
O4512,P1933,2026-05-20,354,2026-05-30,2026-05-30,Pending,639171,177,
O4513,P7404,2025-06-15,45,2025-06-22,2025-06-24,Delayed,120054,40,SUP1768
O4514,P1090,2026-03-27,441,2026-04-02,2026-04-03,Pending,3500810,220,SUP7969
O4515,P8187,2025-10-01,406,2025-10-06,2025-10-09,Delivered,4540899,406,SUP2555
O4516,P4666,2026-01-24,316,2026-01-29,2026-01-31,Delayed,2820693,284,SUP4226
O4517,P9777,2026-02-07,391,2026-02-12,2026-02-16,Delivered,1709437,391,SUP8882
O4518,P9892,2025-09-05,322,2025-09-15,2025-09-17,Pending,2752608,161,SUP666
O4519,P3868,2025-12-01,410,2025-12-09,2025-12-09,Delayed,224806,369,SUP3750
O4520,P8810,2026-02-06,147,2026-02-15,2026-02-17,Delivered,4866127,147,
O4521,P1170,2025-12-04,212,2025-12-14,2025-12-17,Delayed,1913714,191,SUP9838
O4522,P5977,2025-08-13,129,2025-08-21,2025-08-21,Delivered,3586555,129,SUP7625
O4523,P5938,2026-02-22,438,2026-03-02,2026-03-02,Delayed,3340115,394,SUP8292
O4524,P8499,2025-09-25,251,2025-10-03,2025-10-05,Delayed,4046106,226,SUP3743
O4525,P988,2025-06-10,111,2025-06-17,2025-06-21,Delayed,1151030,100,SUP6942
O4526,P8600,2026-02-18,471,2026-02-28,2026-03-05,Delayed,232701,424,SUP1370
O4527,P4760,2026-03-11,467,2026-03-21,2026-03-21,Delayed,2982679,420,
O4528,P5226,2025-12-10,412,2025-12-19,2025-12-19,Pending,3773378,206,
O4529,P1869,2025-11-09,202,2025-11-15,2025-11-19,Delivered,1484856,202,SUP2908
O4530,P5089,2025-10-15,366,2025-10-19,2025-10-20,Pending,1735800,183,SUP7714
O4531,P2265,2025-06-03,321,2025-06-09,2025-06-10,Pending,1797748,160,SUP3691
O4532,P4055,2025-09-23,381,2025-10-02,2025-10-02,Pending,2235577,190,SUP7173
O4533,P3689,2025-07-24,27,2025-07-28,2025-07-31,Delivered,4529155,27,SUP3340
O4534,P458,2026-01-10,172,2026-01-19,2026-01-24,Delayed,1074631,155,SUP4022
O4535,P9819,2026-01-10,429,2026-01-18,2026-01-18,Pending,885621,214,
O4536,P3224,2026-05-02,178,2026-05-07,2026-05-09,Delivered,163701,178,SUP8799
O4537,P6386,2025-08-14,46,2025-08-20,2025-08-23,Delivered,3074727,46,SUP7975
O4538,P1332,2025-06-17,434,2025-06-21,2025-06-23,Delayed,3209498,391,
O4539,P1951,2025-08-08,395,2025-08-16,2025-08-17,Pending,2185715,198,SUP7374
O4540,P5527,2026-01-23,90,2026-01-28,2026-01-28,Delayed,4721277,81,
O4541,P3872,2026-01-28,292,2026-01-31,2026-02-02,Delivered,3055474,292,
O4542,P9086,2025-09-26,68,2025-10-06,2025-10-07,Delayed,2951486,61,SUP7488
O4543,P4166,2025-07-29,398,2025-08-07,2025-08-07,Pending,2815844,199,
O4544,P8372,2025-09-21,358,2025-09-26,2025-09-26,Pending,1045880,179,
O4545,P1982,2026-05-27,458,2026-06-05,2026-06-10,Delivered,3070561,458,SUP5228
O4546,P9771,2025-11-04,40,2025-11-11,2025-11-13,Pending,2077140,20,SUP3120
O4547,P4919,2026-04-17,370,2026-04-25,2026-04-25,Delivered,2037015,370,
O4548,P8889,2025-09-06,286,2025-09-12,2025-09-17,Pending,1264027,143,SUP181
O4549,P6191,2025-06-15,310,2025-06-18,2025-06-22,Pending,4972565,155,SUP9045
O4550,P8548,2026-02-01,58,2026-02-06,2026-02-06,Delivered,4936749,58,SUP1802
O4551,P2956,2026-04-26,317,2026-05-03,2026-05-05,Delayed,2411944,285,SUP6707
O4552,P4998,2026-01-25,365,2026-01-31,2026-02-04,Delivered,4273837,365,SUP5390
O4553,P1095,2026-03-16,450,2026-03-22,2026-03-22,Delayed,2420175,405,SUP2571
O4554,P8607,2025-10-20,280,2025-10-27,2025-10-30,Delivered,1810378,280,SUP2734
O4555,P2168,2025-09-19,266,2025-09-26,2025-09-27,Pending,2111545,133,SUP596
O4556,P5331,2025-12-29,324,2026-01-01,2026-01-05,Pending,2088066,162,SUP1338
O4557,P2527,2025-06-05,64,2025-06-10,2025-06-14,Delivered,550178,64,SUP5860
O4558,P7013,2025-10-24,317,2025-10-27,2025-11-01,Delayed,3802236,285,SUP6606
O4559,P262,2025-08-18,28,2025-08-26,2025-08-26,Pending,2714740,14,SUP4564
O4560,P4340,2025-11-18,488,2025-11-22,2025-11-22,Delivered,391925,488,SUP4436
O4561,P1768,2025-11-03,261,2025-11-13,2025-11-15,Delayed,1106269,235,SUP790
O4562,P9141,2025-06-27,62,2025-07-07,2025-07-10,Pending,2374892,31,
O4563,P1990,2025-06-27,241,2025-06-30,2025-07-03,Delayed,1719713,217,
O4564,P4291,2026-04-10,470,2026-04-16,2026-04-18,Delayed,3504206,423,
O4565,P3133,2026-05-07,50,2026-05-16,2026-05-19,Delivered,2858917,50,
O4566,P8575,2026-03-07,329,2026-03-11,2026-03-12,Delayed,2515148,296,
O4567,P2210,2025-05-29,105,2025-06-03,2025-06-06,Delivered,4510498,105,SUP2171
O4568,P8058,2026-05-07,164,2026-05-10,2026-05-13,Delivered,3158276,164,SUP9810
O4569,P2458,2025-07-18,141,2025-07-28,2025-07-28,Delivered,4183984,141,
O4570,P8813,2025-06-21,74,2025-06-24,2025-06-27,Delayed,953646,67,SUP7422
O4571,P3074,2026-03-25,214,2026-03-31,2026-04-04,Pending,3801458,107,SUP7192
O4572,P4350,2025-12-10,390,2025-12-13,2025-12-13,Delayed,4388573,351,SUP2783
O4573,P4887,2025-06-29,152,2025-07-05,2025-07-06,Delivered,455660,152,SUP4755
O4574,P8572,2026-03-09,399,2026-03-14,2026-03-18,Pending,1681609,200,SUP9304
O4575,P4400,2025-08-26,339,2025-09-05,2025-09-10,Delayed,1940826,305,SUP189
O4576,P1355,2026-01-08,122,2026-01-12,2026-01-16,Delayed,1962968,110,
O4577,P3071,2025-06-06,192,2025-06-16,2025-06-19,Delayed,1177539,173,SUP47
O4578,P471,2026-01-08,334,2026-01-17,2026-01-21,Delayed,1932187,301,SUP1937
O4579,P4471,2025-09-03,188,2025-09-07,2025-09-09,Pending,3484310,94,
O4580,P7801,2026-04-10,192,2026-04-17,2026-04-19,Delivered,4042445,192,SUP7207
O4581,P5672,2025-05-30,228,2025-06-02,2025-06-03,Delivered,987112,228,
O4582,P6498,2025-09-25,125,2025-10-03,2025-10-03,Delayed,4195518,112,SUP3587
O4583,P9629,2026-02-04,147,2026-02-09,2026-02-14,Delivered,535150,147,
O4584,P3007,2025-11-13,27,2025-11-22,2025-11-27,Pending,2770688,14,SUP6309
O4585,P9054,2025-06-02,336,2025-06-09,2025-06-09,Delivered,2854792,336,
O4586,P6380,2025-12-26,328,2026-01-04,2026-01-08,Pending,1412255,164,SUP9614
O4587,P5590,2025-12-30,119,2026-01-07,2026-01-09,Delayed,1038686,107,SUP7881
O4588,P7687,2026-05-17,11,2026-05-25,2026-05-26,Pending,595187,6,
O4589,P4085,2026-02-11,267,2026-02-15,2026-02-19,Delivered,4076266,267,
O4590,P7570,2025-06-14,500,2025-06-22,2025-06-26,Delayed,1393913,450,SUP8622
O4591,P7569,2025-08-18,257,2025-08-26,2025-08-30,Pending,1567361,128,
O4592,P8995,2025-11-10,115,2025-11-15,2025-11-15,Delayed,1247889,104,
O4593,P7093,2026-01-25,120,2026-01-31,2026-02-03,Delayed,401061,108,
O4594,P2216,2025-07-28,86,2025-08-03,2025-08-08,Delayed,3750634,77,SUP2593
O4595,P4439,2025-11-14,216,2025-11-19,2025-11-19,Pending,1612492,108,
O4596,P1266,2026-01-27,43,2026-02-01,2026-02-06,Delayed,1288021,39,SUP5641
O4597,P2440,2025-11-15,355,2025-11-20,2025-11-21,Delivered,1214842,355,
O4598,P9155,2025-10-11,51,2025-10-19,2025-10-22,Delivered,4641581,51,SUP75
O4599,P8522,2026-04-21,207,2026-05-01,2026-05-03,Delivered,642338,207,SUP3828
O4600,P7079,2026-05-12,338,2026-05-19,2026-05-23,Delayed,3989027,304,
O4601,P9175,2025-07-20,203,2025-07-24,2025-07-24,Delivered,1753452,203,SUP1330
O4602,P9322,2025-08-26,387,2025-09-04,2025-09-06,Pending,3820105,194,
O4603,P539,2026-03-05,49,2026-03-15,2026-03-19,Delivered,3128384,49,SUP8862
O4604,P8866,2025-11-23,111,2025-11-26,2025-11-29,Pending,3696751,56,SUP1669
O4605,P8603,2025-12-08,203,2025-12-16,2025-12-20,Pending,366645,102,SUP2859
O4606,P4396,2026-04-16,367,2026-04-26,2026-04-30,Pending,2333356,184,
O4607,P6633,2026-04-03,79,2026-04-13,2026-04-16,Delayed,2381010,71,SUP4871
O4608,P7477,2026-01-09,303,2026-01-17,2026-01-17,Pending,4173755,152,SUP4484
O4609,P2006,2025-08-19,330,2025-08-22,2025-08-22,Delivered,4299598,330,
O4610,P7422,2026-04-17,53,2026-04-24,2026-04-28,Pending,3853079,26,SUP1837
O4611,P8368,2026-03-24,392,2026-03-28,2026-03-30,Delivered,4140480,392,SUP3522
O4612,P9955,2026-01-12,23,2026-01-20,2026-01-22,Delivered,2704469,23,SUP6449
O4613,P3816,2025-11-05,302,2025-11-11,2025-11-12,Pending,2422730,151,
O4614,P7481,2025-08-09,70,2025-08-18,2025-08-18,Delayed,3432599,63,
O4615,P1984,2026-03-15,346,2026-03-19,2026-03-21,Delivered,2569998,346,
O4616,P1348,2025-09-23,251,2025-10-02,2025-10-02,Delayed,2480913,226,
O4617,P5538,2025-11-19,37,2025-11-28,2025-11-30,Delivered,965941,37,SUP7314
O4618,P2726,2025-09-12,349,2025-09-17,2025-09-21,Delivered,3604095,349,
O4619,P6655,2025-08-22,341,2025-08-25,2025-08-25,Delayed,4262044,307,SUP5629
O4620,P7582,2026-01-27,62,2026-02-01,2026-02-06,Delivered,4788301,62,SUP2616
O4621,P9503,2025-07-05,102,2025-07-08,2025-07-10,Delayed,4242628,92,SUP2709
O4622,P3437,2026-05-10,12,2026-05-19,2026-05-21,Delayed,2933971,11,SUP9220
O4623,P1843,2025-08-15,239,2025-08-24,2025-08-27,Delivered,1412123,239,
O4624,P8779,2025-12-12,129,2025-12-21,2025-12-25,Pending,2067063,64,SUP5035
O4625,P4558,2025-12-09,131,2025-12-16,2025-12-21,Delayed,288370,118,SUP325
O4626,P9228,2026-01-13,365,2026-01-23,2026-01-23,Delayed,4247147,328,
O4627,P6433,2026-03-22,260,2026-03-26,2026-03-26,Delivered,2495203,260,SUP2230
O4628,P3074,2026-04-23,326,2026-04-30,2026-05-02,Pending,2622417,163,SUP7192
O4629,P7721,2025-08-20,487,2025-08-28,2025-08-29,Delayed,3392523,438,SUP5957
O4630,P4676,2026-01-12,86,2026-01-22,2026-01-25,Delivered,3996213,86,SUP1854
O4631,P2682,2025-12-31,326,2026-01-06,2026-01-09,Pending,1257255,163,SUP8833
O4632,P6046,2026-03-26,237,2026-03-30,2026-04-04,Delivered,91127,237,SUP8056
O4633,P8566,2026-01-01,460,2026-01-11,2026-01-13,Delayed,1399410,414,SUP5427
O4634,P3231,2025-07-24,169,2025-07-27,2025-07-30,Delivered,4634426,169,
O4635,P2386,2025-12-01,210,2025-12-10,2025-12-13,Delayed,3411353,189,SUP8242
O4636,P5015,2026-04-18,207,2026-04-24,2026-04-24,Delayed,3629642,186,SUP6435
O4637,P7431,2025-11-02,90,2025-11-06,2025-11-09,Pending,4080540,45,
O4638,P8861,2025-07-08,69,2025-07-17,2025-07-20,Delivered,3118626,69,SUP8826
O4639,P5550,2025-09-17,457,2025-09-22,2025-09-23,Delivered,368550,457,SUP3906
O4640,P2181,2025-09-27,366,2025-09-30,2025-10-05,Pending,1133017,183,SUP4297
O4641,P3709,2026-04-12,419,2026-04-18,2026-04-22,Pending,1287979,210,
O4642,P5252,2025-09-21,197,2025-09-25,2025-09-25,Pending,4946951,98,
O4643,P6203,2025-05-29,207,2025-06-07,2025-06-11,Delayed,4076117,186,SUP823
O4644,P7962,2025-08-09,369,2025-08-13,2025-08-16,Delayed,3292612,332,
O4645,P2354,2026-03-01,104,2026-03-10,2026-03-10,Delivered,1782007,104,
O4646,P4219,2026-03-09,338,2026-03-16,2026-03-20,Delivered,493661,338,SUP3726
O4647,P8763,2025-06-25,33,2025-07-01,2025-07-02,Pending,4279026,16,
O4648,P4636,2025-11-07,145,2025-11-15,2025-11-16,Delivered,648606,145,SUP8322
O4649,P6370,2025-10-26,119,2025-10-30,2025-11-01,Delivered,3892781,119,SUP825
O4650,P6791,2025-10-25,252,2025-11-02,2025-11-05,Pending,4748558,126,SUP9804
O4651,P9470,2026-02-28,38,2026-03-07,2026-03-09,Pending,3409053,19,
O4652,P4342,2025-08-07,147,2025-08-13,2025-08-16,Pending,1792198,74,SUP8842
O4653,P4085,2025-06-30,205,2025-07-04,2025-07-05,Delivered,4733824,205,
O4654,P9772,2025-07-26,283,2025-08-04,2025-08-08,Pending,4283544,142,SUP5379
O4655,P2873,2025-07-19,197,2025-07-22,2025-07-25,Pending,104511,98,SUP6996
O4656,P2613,2026-03-24,117,2026-03-29,2026-04-02,Delivered,2820654,117,SUP4097
O4657,P7735,2025-10-03,108,2025-10-13,2025-10-16,Delivered,849603,108,
O4658,P4391,2025-07-12,414,2025-07-15,2025-07-17,Delivered,565547,414,SUP6713
O4659,P622,2026-04-26,354,2026-05-05,2026-05-07,Delayed,3415701,319,
O4660,P3511,2026-04-18,143,2026-04-25,2026-04-26,Pending,3436142,72,
O4661,P788,2026-03-09,81,2026-03-17,2026-03-21,Pending,1746338,40,
O4662,P7492,2025-12-18,498,2025-12-24,2025-12-24,Pending,231380,249,SUP7233
O4663,P4828,2026-02-18,282,2026-02-25,2026-02-28,Pending,3675439,141,SUP1932
O4664,P1195,2025-10-04,394,2025-10-09,2025-10-09,Delayed,2865203,355,SUP370
O4665,P1626,2026-02-18,468,2026-02-24,2026-02-24,Delivered,1011219,468,
O4666,P6614,2025-09-11,422,2025-09-18,2025-09-23,Delayed,3931787,380,SUP8223
O4667,P1225,2025-11-16,436,2025-11-22,2025-11-25,Pending,1325268,218,SUP6219
O4668,P2658,2025-07-04,229,2025-07-10,2025-07-11,Delivered,921462,229,SUP579
O4669,P5814,2026-04-02,483,2026-04-07,2026-04-12,Delivered,1242476,483,SUP3317
O4670,P6394,2025-07-03,22,2025-07-07,2025-07-07,Pending,1985965,11,SUP3346
O4671,P4702,2026-04-02,177,2026-04-10,2026-04-14,Delivered,1202284,177,SUP4214
O4672,P1869,2025-11-26,11,2025-12-03,2025-12-03,Delayed,2272324,10,SUP2908
O4673,P7727,2026-02-09,185,2026-02-13,2026-02-15,Delayed,3415651,166,SUP3058
O4674,P7644,2025-07-31,464,2025-08-06,2025-08-11,Pending,2854786,232,SUP1383
O4675,P9238,2025-09-11,123,2025-09-20,2025-09-24,Pending,4828523,62,SUP7711
O4676,P8061,2025-08-18,232,2025-08-25,2025-08-25,Delivered,3518979,232,
O4677,P5624,2025-08-25,474,2025-08-31,2025-08-31,Pending,2202880,237,SUP6607
O4678,P6852,2026-01-08,240,2026-01-16,2026-01-18,Delayed,3365871,216,SUP1362
O4679,P49,2026-05-04,131,2026-05-13,2026-05-13,Delivered,2895065,131,SUP3343
O4680,P8309,2025-08-24,47,2025-08-30,2025-09-01,Delivered,3665600,47,SUP7872
O4681,P447,2026-04-22,321,2026-04-26,2026-05-01,Delivered,3467927,321,
O4682,P9649,2025-06-23,483,2025-07-01,2025-07-02,Pending,2221607,242,SUP5071
O4683,P5108,2025-10-19,220,2025-10-25,2025-10-26,Delivered,3751602,220,
O4684,P6199,2025-12-27,27,2026-01-01,2026-01-05,Pending,4480342,14,
O4685,P8262,2026-01-11,307,2026-01-19,2026-01-21,Delivered,4830157,307,
O4686,P4055,2025-06-18,452,2025-06-23,2025-06-25,Delayed,2824320,407,SUP7173
O4687,P364,2026-01-06,71,2026-01-16,2026-01-17,Delayed,2512000,64,SUP7274
O4688,P8128,2025-08-12,321,2025-08-15,2025-08-18,Pending,4478645,160,SUP7170
O4689,P2154,2025-08-09,494,2025-08-16,2025-08-19,Delivered,71082,494,SUP2975
O4690,P9803,2025-09-11,329,2025-09-18,2025-09-18,Pending,1315061,164,SUP1127
O4691,P8093,2026-03-07,297,2026-03-16,2026-03-19,Delayed,1020094,267,SUP656
O4692,P5281,2026-05-24,115,2026-05-28,2026-05-31,Delivered,4191310,115,
O4693,P6561,2025-10-16,10,2025-10-22,2025-10-22,Delivered,2791127,10,SUP675
O4694,P4527,2026-02-19,450,2026-02-26,2026-03-02,Delayed,3451598,405,SUP1379
O4695,P8665,2026-05-16,152,2026-05-20,2026-05-24,Delivered,1055363,152,
O4696,P57,2025-09-05,243,2025-09-12,2025-09-16,Delivered,4693797,243,SUP6805
O4697,P5831,2025-12-17,18,2025-12-27,2025-12-29,Delayed,1759999,16,
O4698,P1672,2025-08-11,206,2025-08-18,2025-08-22,Delivered,3387557,206,SUP3443
O4699,P2670,2026-05-20,283,2026-05-25,2026-05-30,Delivered,2371987,283,SUP6728
O4700,P2506,2025-11-12,327,2025-11-16,2025-11-18,Pending,4874256,164,SUP7385
O4701,P6134,2026-04-03,288,2026-04-06,2026-04-06,Delayed,3072124,259,SUP4371
O4702,P4189,2026-03-12,397,2026-03-16,2026-03-18,Pending,4945750,198,
O4703,P9522,2025-08-02,143,2025-08-12,2025-08-14,Delayed,4297558,129,SUP6842
O4704,P3497,2025-11-10,397,2025-11-15,2025-11-15,Delayed,579488,357,SUP100
O4705,P931,2026-02-05,462,2026-02-09,2026-02-10,Delivered,4869422,462,SUP383
O4706,P9780,2025-10-10,291,2025-10-14,2025-10-18,Pending,1703139,146,SUP5697
O4707,P6745,2026-01-28,403,2026-02-01,2026-02-06,Delayed,4902267,363,
O4708,P2785,2025-12-28,163,2026-01-01,2026-01-02,Delayed,484997,147,SUP4475
O4709,P5042,2026-01-02,26,2026-01-06,2026-01-09,Delivered,2064380,26,SUP1213
O4710,P6055,2025-06-04,26,2025-06-09,2025-06-09,Pending,3137512,13,SUP3643
O4711,P6469,2026-04-30,45,2026-05-06,2026-05-08,Delayed,292608,40,SUP6601
O4712,P1539,2026-02-05,14,2026-02-09,2026-02-09,Delayed,4005490,13,SUP4132
O4713,P6083,2025-09-01,358,2025-09-06,2025-09-10,Pending,1343025,179,SUP3761
O4714,P6767,2025-09-06,273,2025-09-12,2025-09-13,Pending,1432673,136,SUP1290
O4715,P3380,2025-06-06,203,2025-06-15,2025-06-19,Delayed,663362,183,
O4716,P3820,2026-01-29,252,2026-02-08,2026-02-12,Delivered,4713610,252,SUP2673
O4717,P591,2026-03-09,141,2026-03-13,2026-03-16,Delivered,4071715,141,
O4718,P8189,2026-05-11,68,2026-05-17,2026-05-20,Pending,1104015,34,SUP9237
O4719,P9303,2025-07-22,436,2025-07-28,2025-07-29,Delayed,4872719,392,
O4720,P561,2026-03-06,99,2026-03-09,2026-03-10,Delayed,3766025,89,SUP4165
O4721,P7691,2025-07-29,273,2025-08-08,2025-08-12,Delayed,2553168,246,SUP6553
O4722,P4933,2025-05-30,195,2025-06-08,2025-06-11,Pending,3897324,98,
O4723,P1649,2025-12-24,382,2025-12-28,2025-12-29,Delivered,401036,382,SUP9422
O4724,P7265,2025-12-09,275,2025-12-14,2025-12-17,Delivered,2919386,275,SUP334
O4725,P9710,2026-04-30,320,2026-05-10,2026-05-10,Delivered,84209,320,SUP4781
O4726,P6958,2026-03-24,104,2026-04-02,2026-04-05,Delivered,101501,104,
O4727,P7828,2026-01-31,312,2026-02-03,2026-02-03,Delivered,1904755,312,SUP9792
O4728,P2131,2026-05-20,286,2026-05-25,2026-05-27,Delayed,4050789,257,SUP3577
O4729,P5344,2026-04-09,34,2026-04-19,2026-04-19,Pending,17845,17,SUP8462
O4730,P61,2025-12-11,97,2025-12-15,2025-12-18,Delayed,2918391,87,SUP5014
O4731,P3748,2026-03-30,380,2026-04-03,2026-04-05,Delivered,4205553,380,SUP1788
O4732,P6732,2026-05-12,211,2026-05-16,2026-05-16,Delayed,1993423,190,
O4733,P16,2025-06-30,480,2025-07-08,2025-07-08,Delayed,1377168,432,SUP6323
O4734,P1008,2025-08-07,432,2025-08-16,2025-08-16,Delivered,803001,432,
O4735,P7528,2025-08-25,64,2025-08-28,2025-08-28,Pending,3507931,32,SUP3004
O4736,P8905,2026-03-08,189,2026-03-13,2026-03-17,Delayed,1053679,170,SUP5542
O4737,P1029,2025-09-26,464,2025-10-01,2025-10-05,Delivered,1394669,464,SUP5200
O4738,P502,2025-11-16,290,2025-11-21,2025-11-24,Delivered,4042704,290,
O4739,P8240,2025-10-17,164,2025-10-26,2025-10-31,Pending,3166778,82,SUP5544
O4740,P3860,2026-05-15,374,2026-05-22,2026-05-25,Delayed,3995249,337,SUP3272
O4741,P8802,2025-09-16,470,2025-09-21,2025-09-26,Delayed,32433,423,
O4742,P263,2025-12-26,408,2025-12-29,2025-12-30,Pending,3769045,204,SUP8340
O4743,P3962,2026-01-24,327,2026-02-02,2026-02-03,Delivered,646695,327,
O4744,P7171,2025-10-01,126,2025-10-10,2025-10-12,Pending,3804497,63,
O4745,P2384,2025-09-23,150,2025-10-01,2025-10-04,Pending,1571232,75,SUP5034
O4746,P7920,2025-06-05,338,2025-06-15,2025-06-16,Delayed,4231615,304,SUP9467
O4747,P298,2026-02-08,411,2026-02-11,2026-02-11,Delayed,4737095,370,SUP237
O4748,P3086,2025-11-05,343,2025-11-13,2025-11-14,Pending,4052090,172,SUP8838
O4749,P6372,2025-08-23,314,2025-08-30,2025-08-31,Pending,3683701,157,
O4750,P611,2025-09-02,491,2025-09-08,2025-09-08,Pending,1388837,246,
O4751,P4441,2026-04-09,464,2026-04-15,2026-04-15,Delivered,1774063,464,SUP8777
O4752,P4529,2026-01-14,177,2026-01-22,2026-01-22,Pending,450685,88,SUP5106
O4753,P8387,2025-08-23,426,2025-08-28,2025-08-28,Delayed,2961220,383,SUP4157
O4754,P1575,2025-07-21,24,2025-07-31,2025-08-01,Pending,655891,12,SUP2197
O4755,P1976,2026-02-04,56,2026-02-14,2026-02-17,Delayed,1442338,50,SUP7914
O4756,P6088,2026-04-09,439,2026-04-15,2026-04-18,Delayed,1570642,395,
O4757,P4798,2025-06-23,417,2025-06-28,2025-07-01,Delivered,443751,417,SUP8990
O4758,P3525,2025-11-13,61,2025-11-16,2025-11-18,Delayed,3501404,55,SUP3033
O4759,P7928,2026-04-22,27,2026-04-27,2026-05-02,Pending,1881438,14,
O4760,P7256,2025-12-09,80,2025-12-17,2025-12-21,Pending,3627851,40,SUP1715
O4761,P8623,2025-06-19,60,2025-06-26,2025-06-28,Delayed,4230208,54,
O4762,P7558,2026-03-02,105,2026-03-06,2026-03-08,Pending,3514501,52,SUP1633
O4763,P5427,2026-03-12,414,2026-03-20,2026-03-24,Delayed,923064,373,SUP571
O4764,P445,2026-03-25,390,2026-04-04,2026-04-08,Delivered,2104850,390,SUP9943
O4765,P8261,2026-02-10,51,2026-02-14,2026-02-18,Delayed,1464508,46,SUP8409
O4766,P7266,2026-04-11,310,2026-04-19,2026-04-24,Delivered,2754326,310,
O4767,P4669,2025-10-17,213,2025-10-26,2025-10-28,Delivered,3256659,213,SUP6110
O4768,P4762,2025-07-10,448,2025-07-15,2025-07-18,Pending,647989,224,SUP8232
O4769,P4453,2025-09-19,298,2025-09-27,2025-10-01,Delivered,2117586,298,SUP582
O4770,P5526,2025-11-13,269,2025-11-18,2025-11-20,Pending,3931709,134,
O4771,P7936,2025-12-19,63,2025-12-23,2025-12-25,Delivered,4590719,63,
O4772,P4056,2025-08-16,196,2025-08-20,2025-08-22,Pending,583537,98,
O4773,P2494,2026-01-21,439,2026-01-24,2026-01-24,Delivered,1242292,439,SUP7339
O4774,P6280,2025-08-09,358,2025-08-18,2025-08-20,Delivered,2179489,358,
O4775,P5797,2025-08-29,125,2025-09-02,2025-09-02,Delivered,2327588,125,SUP1954
O4776,P9359,2025-07-22,43,2025-07-31,2025-08-01,Delayed,3737198,39,SUP9364
O4777,P3156,2026-04-12,143,2026-04-21,2026-04-25,Pending,1098263,72,
O4778,P3780,2026-02-16,350,2026-02-25,2026-03-01,Delayed,1620813,315,SUP1067
O4779,P5644,2025-08-30,342,2025-09-09,2025-09-13,Delayed,4876005,308,SUP8104
O4780,P8622,2025-06-29,25,2025-07-06,2025-07-06,Pending,4767087,12,SUP2552
O4781,P3256,2025-06-24,87,2025-07-02,2025-07-05,Pending,1972244,44,SUP9689
O4782,P8250,2026-03-17,190,2026-03-21,2026-03-21,Delayed,3238864,171,SUP3985
O4783,P5916,2026-01-30,259,2026-02-05,2026-02-08,Delivered,416678,259,SUP532
O4784,P7173,2026-05-11,385,2026-05-14,2026-05-15,Pending,4611099,192,
O4785,P3587,2026-05-13,477,2026-05-18,2026-05-18,Delivered,2879864,477,SUP2928
O4786,P8703,2026-04-21,96,2026-04-28,2026-04-29,Delivered,4158018,96,
O4787,P3713,2026-03-01,323,2026-03-08,2026-03-09,Delayed,565213,291,SUP5576
O4788,P5188,2025-12-27,60,2026-01-03,2026-01-04,Delayed,2804826,54,SUP5463
O4789,P7413,2026-05-13,253,2026-05-18,2026-05-23,Pending,4833183,126,
O4790,P1764,2026-01-26,160,2026-01-30,2026-01-30,Delayed,3635613,144,
O4791,P4953,2026-01-28,462,2026-02-06,2026-02-07,Delivered,1671069,462,SUP647
O4792,P8164,2026-05-23,461,2026-05-30,2026-05-31,Pending,4823444,230,SUP7607
O4793,P8915,2025-11-17,56,2025-11-25,2025-11-25,Pending,4203485,28,SUP7364
O4794,P9231,2026-01-31,335,2026-02-10,2026-02-15,Pending,4959671,168,
O4795,P7006,2026-05-17,221,2026-05-27,2026-05-28,Pending,1991665,110,
O4796,P1027,2025-08-04,164,2025-08-12,2025-08-17,Delayed,1459845,148,SUP4290
O4797,P3818,2025-07-24,421,2025-07-27,2025-07-31,Pending,595286,210,SUP3846
O4798,P1896,2025-07-17,288,2025-07-20,2025-07-21,Pending,1454976,144,SUP4238
O4799,P8777,2025-08-31,87,2025-09-10,2025-09-12,Delayed,740110,78,SUP6861
O4800,P2643,2025-12-27,85,2026-01-02,2026-01-04,Delivered,1853876,85,
O4801,P1576,2026-04-15,465,2026-04-18,2026-04-18,Delivered,4790028,465,SUP9959
O4802,P1108,2026-01-19,192,2026-01-28,2026-02-02,Delayed,4555571,173,SUP5772
O4803,P539,2025-11-16,143,2025-11-24,2025-11-24,Delayed,1812700,129,SUP8862
O4804,P7199,2025-08-03,241,2025-08-12,2025-08-16,Delivered,4175933,241,SUP7140
O4805,P8711,2026-02-01,293,2026-02-05,2026-02-09,Delayed,3998458,264,SUP3681
O4806,P6738,2026-01-25,214,2026-01-29,2026-01-31,Pending,152671,107,SUP9621
O4807,P3246,2025-06-15,179,2025-06-18,2025-06-23,Delayed,2880533,161,
O4808,P2039,2025-06-17,185,2025-06-23,2025-06-23,Delivered,3706534,185,SUP701
O4809,P5571,2025-09-27,427,2025-10-01,2025-10-04,Pending,4819099,214,
O4810,P7102,2025-06-10,476,2025-06-13,2025-06-18,Delayed,2892841,428,SUP2455
O4811,P279,2025-07-01,321,2025-07-06,2025-07-11,Pending,4799183,160,SUP4446
O4812,P5461,2026-05-03,235,2026-05-08,2026-05-09,Delivered,122014,235,
O4813,P9136,2025-09-20,66,2025-09-28,2025-09-30,Delayed,4016550,59,
O4814,P6496,2025-06-14,95,2025-06-21,2025-06-23,Delayed,2938490,86,SUP2626
O4815,P9017,2025-06-28,20,2025-07-07,2025-07-10,Pending,1307676,10,
O4816,P5947,2025-06-30,335,2025-07-10,2025-07-11,Pending,3548047,168,SUP558
O4817,P5455,2025-06-19,57,2025-06-25,2025-06-25,Delayed,3653588,51,SUP3189
O4818,P1714,2025-06-17,319,2025-06-21,2025-06-22,Delayed,2769636,287,
O4819,P7195,2026-04-09,500,2026-04-17,2026-04-21,Delivered,4478748,500,SUP3488
O4820,P2230,2026-05-01,369,2026-05-08,2026-05-09,Delayed,251812,332,
O4821,P2474,2026-03-17,132,2026-03-23,2026-03-23,Delivered,3392660,132,SUP348
O4822,P657,2025-10-10,44,2025-10-15,2025-10-19,Pending,633767,22,
O4823,P9105,2025-12-07,461,2025-12-14,2025-12-15,Pending,2502000,230,
O4824,P7384,2026-02-14,352,2026-02-18,2026-02-23,Pending,1116998,176,
O4825,P8616,2025-09-19,126,2025-09-25,2025-09-28,Delayed,2124366,113,SUP1668
O4826,P9260,2025-07-21,250,2025-07-26,2025-07-27,Delivered,2845896,250,SUP2368
O4827,P9113,2025-06-06,232,2025-06-10,2025-06-14,Delivered,407332,232,
O4828,P5356,2025-11-30,84,2025-12-06,2025-12-06,Delayed,2953198,76,SUP8136
O4829,P7554,2025-07-30,369,2025-08-03,2025-08-04,Pending,3011526,184,SUP7396
O4830,P4035,2026-05-13,328,2026-05-18,2026-05-21,Delivered,3041791,328,
O4831,P7172,2025-11-19,421,2025-11-28,2025-11-29,Delayed,4594393,379,
O4832,P8532,2025-07-27,185,2025-07-31,2025-08-03,Delivered,291526,185,
O4833,P5205,2025-10-21,131,2025-10-31,2025-10-31,Pending,4721444,66,SUP2510
O4834,P7977,2025-06-29,335,2025-07-07,2025-07-07,Delayed,2666858,302,SUP2846
O4835,P3262,2025-11-13,441,2025-11-22,2025-11-22,Delayed,3375301,397,
O4836,P6319,2026-03-19,156,2026-03-29,2026-03-30,Delivered,2902806,156,SUP1472
O4837,P3235,2026-02-06,362,2026-02-10,2026-02-10,Pending,2900640,181,SUP1208
O4838,P4275,2025-09-07,398,2025-09-11,2025-09-16,Delivered,3845208,398,
O4839,P2053,2025-07-18,271,2025-07-24,2025-07-24,Delivered,1147258,271,SUP6401
O4840,P998,2025-06-25,454,2025-06-30,2025-07-03,Delivered,3003387,454,
O4841,P9711,2026-03-10,255,2026-03-16,2026-03-17,Pending,779110,128,SUP4657
O4842,P3768,2026-02-03,174,2026-02-08,2026-02-09,Pending,4131239,87,SUP5005
O4843,P1857,2025-11-25,306,2025-11-30,2025-12-04,Pending,1249313,153,
O4844,P3856,2025-07-17,87,2025-07-20,2025-07-23,Delivered,4920778,87,
O4845,P5013,2025-08-28,242,2025-09-04,2025-09-09,Delivered,4137701,242,SUP2180
O4846,P4610,2026-02-20,155,2026-02-25,2026-02-25,Delayed,1371105,140,SUP3547
O4847,P1805,2025-12-30,375,2026-01-08,2026-01-08,Delayed,2406139,338,
O4848,P7644,2025-12-08,250,2025-12-11,2025-12-16,Pending,315052,125,SUP1383
O4849,P8605,2026-05-19,57,2026-05-23,2026-05-24,Pending,2337903,28,SUP1861
O4850,P1912,2026-03-16,247,2026-03-21,2026-03-23,Pending,2498807,124,SUP141
O4851,P4736,2025-09-25,93,2025-09-30,2025-10-04,Pending,1512134,46,SUP1415
O4852,P7974,2025-09-22,357,2025-09-27,2025-09-29,Delayed,1267256,321,
O4853,P7661,2026-03-24,457,2026-04-01,2026-04-06,Delayed,577916,411,
O4854,P4005,2025-07-18,340,2025-07-25,2025-07-27,Pending,2803564,170,
O4855,P3476,2025-12-06,168,2025-12-12,2025-12-12,Delivered,3290790,168,
O4856,P9917,2025-12-19,291,2025-12-29,2026-01-02,Delayed,4830522,262,SUP5207
O4857,P1828,2025-12-21,487,2025-12-31,2026-01-03,Delayed,2973452,438,SUP2950
O4858,P9223,2025-08-21,117,2025-08-24,2025-08-26,Pending,2378515,58,SUP4072
O4859,P1932,2025-11-12,420,2025-11-19,2025-11-20,Delivered,1041857,420,SUP7981
O4860,P8241,2025-06-15,129,2025-06-18,2025-06-21,Pending,2468840,64,SUP1600
O4861,P8125,2026-03-01,31,2026-03-05,2026-03-09,Delayed,899352,28,SUP8435
O4862,P2945,2025-10-27,87,2025-10-31,2025-10-31,Delivered,2374391,87,
O4863,P5020,2025-07-17,306,2025-07-23,2025-07-23,Delivered,1230819,306,
O4864,P2249,2025-06-27,104,2025-07-06,2025-07-11,Pending,648849,52,SUP2
O4865,P3616,2026-04-26,274,2026-05-01,2026-05-02,Pending,2700437,137,SUP4186
O4866,P1456,2025-12-29,62,2026-01-01,2026-01-03,Delivered,2571424,62,
O4867,P1829,2025-09-17,108,2025-09-25,2025-09-28,Delivered,2789518,108,
O4868,P5905,2026-03-05,127,2026-03-15,2026-03-19,Pending,4704194,64,SUP2411
O4869,P430,2026-03-24,459,2026-04-03,2026-04-05,Pending,4994639,230,SUP5783
O4870,P9863,2026-03-07,486,2026-03-13,2026-03-18,Pending,895598,243,SUP664
O4871,P1729,2025-06-11,160,2025-06-21,2025-06-26,Pending,1387383,80,SUP2361
O4872,P9367,2025-08-23,366,2025-08-28,2025-08-31,Delayed,4575134,329,
O4873,P6617,2026-01-21,236,2026-01-29,2026-02-02,Delivered,4956600,236,SUP6146
O4874,P8687,2025-06-26,97,2025-06-30,2025-07-03,Delivered,3946910,97,SUP411
O4875,P1798,2026-04-05,143,2026-04-09,2026-04-14,Delayed,2323555,129,SUP9716
O4876,P1509,2025-08-06,27,2025-08-15,2025-08-17,Delivered,292598,27,SUP7940
O4877,P2074,2025-10-13,84,2025-10-20,2025-10-24,Delivered,807933,84,SUP5534
O4878,P2970,2025-10-14,490,2025-10-17,2025-10-17,Pending,1497630,245,
O4879,P7440,2026-05-04,353,2026-05-07,2026-05-10,Delivered,2667255,353,SUP8465
O4880,P7166,2026-03-02,193,2026-03-12,2026-03-13,Pending,2838573,96,SUP5314
O4881,P8851,2025-08-19,268,2025-08-27,2025-08-31,Delivered,2388300,268,SUP3514
O4882,P9987,2025-06-15,429,2025-06-24,2025-06-26,Delayed,2002123,386,
O4883,P7826,2025-07-14,83,2025-07-23,2025-07-23,Delayed,3276611,75,SUP557
O4884,P9816,2026-01-26,366,2026-01-29,2026-02-01,Delivered,651618,366,
O4885,P323,2026-05-28,310,2026-06-02,2026-06-06,Delayed,3244290,279,
O4886,P5601,2025-06-03,18,2025-06-12,2025-06-12,Pending,2576542,9,
O4887,P5902,2025-06-04,50,2025-06-10,2025-06-12,Pending,669577,25,SUP9658
O4888,P2551,2026-04-07,230,2026-04-14,2026-04-16,Delivered,2962274,230,
O4889,P7990,2025-12-04,15,2025-12-12,2025-12-16,Pending,1993544,8,SUP1501
O4890,P8760,2025-12-10,113,2025-12-13,2025-12-17,Pending,1109369,56,
O4891,P414,2026-02-22,460,2026-03-03,2026-03-03,Delivered,2965834,460,SUP3917
O4892,P3149,2025-09-15,439,2025-09-21,2025-09-26,Pending,2553301,220,SUP1123
O4893,P3859,2025-10-14,232,2025-10-17,2025-10-19,Delayed,4935742,209,SUP2575
O4894,P6190,2025-08-19,443,2025-08-28,2025-08-31,Delayed,2826233,399,
O4895,P4191,2025-08-17,363,2025-08-20,2025-08-23,Delivered,241774,363,SUP304
O4896,P4535,2026-01-14,395,2026-01-24,2026-01-25,Delivered,1705509,395,
O4897,P6994,2025-12-02,163,2025-12-12,2025-12-17,Pending,969032,82,
O4898,P3662,2026-05-24,68,2026-05-31,2026-06-01,Delayed,3689326,61,SUP1906
O4899,P612,2026-03-25,268,2026-04-04,2026-04-07,Delayed,2506059,241,SUP4111
O4900,P5424,2025-06-06,31,2025-06-12,2025-06-16,Delayed,2807036,28,
O4901,P7341,2026-02-07,294,2026-02-17,2026-02-19,Pending,4491150,147,SUP1823
O4902,P4593,2025-06-21,28,2025-06-24,2025-06-29,Delayed,1922372,25,SUP2285
O4903,P1164,2026-04-23,36,2026-05-02,2026-05-06,Delayed,3427139,32,SUP8894
O4904,P3151,2025-10-12,440,2025-10-15,2025-10-15,Delivered,3037088,440,SUP8053
O4905,P764,2026-03-03,292,2026-03-13,2026-03-18,Delayed,3718538,263,SUP1554
O4906,P9604,2026-01-11,453,2026-01-20,2026-01-24,Delayed,4688250,408,
O4907,P7866,2025-10-04,164,2025-10-11,2025-10-12,Delivered,4362922,164,
O4908,P9979,2025-09-03,400,2025-09-12,2025-09-12,Delayed,1480622,360,
O4909,P816,2025-05-28,148,2025-06-04,2025-06-08,Delivered,795683,148,SUP3530
O4910,P1351,2025-07-22,27,2025-07-28,2025-08-02,Delivered,3079398,27,SUP5435
O4911,P7488,2026-05-07,416,2026-05-10,2026-05-14,Delayed,11889,374,
O4912,P9947,2025-12-25,450,2025-12-28,2025-12-28,Delayed,3030461,405,SUP6169
O4913,P6231,2026-02-21,109,2026-02-28,2026-03-03,Delayed,2698143,98,SUP7075
O4914,P1845,2025-06-06,29,2025-06-09,2025-06-11,Delayed,72033,26,
O4915,P7982,2026-03-17,361,2026-03-27,2026-03-31,Delivered,3143090,361,SUP962
O4916,P2355,2025-09-19,178,2025-09-23,2025-09-27,Delivered,4185299,178,SUP576
O4917,P8965,2025-09-02,137,2025-09-05,2025-09-10,Delivered,273801,137,
O4918,P2331,2025-12-10,14,2025-12-16,2025-12-18,Delivered,1978986,14,SUP9550
O4919,P284,2025-08-24,345,2025-08-31,2025-08-31,Pending,4917032,172,SUP4569
O4920,P959,2026-02-20,445,2026-02-25,2026-02-26,Delayed,1440241,400,
O4921,P5190,2025-11-10,493,2025-11-15,2025-11-19,Delivered,2022467,493,SUP3754
O4922,P5831,2026-03-10,258,2026-03-16,2026-03-16,Delivered,1401320,258,
O4923,P9091,2025-08-17,481,2025-08-20,2025-08-21,Delayed,2719290,433,SUP4006
O4924,P7816,2026-04-04,362,2026-04-14,2026-04-15,Delayed,1164716,326,
O4925,P1264,2025-11-04,56,2025-11-14,2025-11-18,Delayed,840424,50,SUP3449
O4926,P7667,2026-02-22,26,2026-02-27,2026-02-28,Pending,874605,13,SUP2284
O4927,P5925,2026-01-21,220,2026-01-30,2026-02-02,Delayed,2825235,198,
O4928,P1568,2025-12-11,155,2025-12-14,2025-12-18,Delivered,154874,155,
O4929,P4094,2025-12-29,139,2026-01-08,2026-01-10,Delivered,1057026,139,
O4930,P1674,2025-12-05,161,2025-12-13,2025-12-18,Pending,4346792,80,SUP3662
O4931,P1336,2026-01-12,128,2026-01-15,2026-01-19,Pending,800918,64,SUP3650
O4932,P1558,2025-10-11,320,2025-10-19,2025-10-24,Pending,3780370,160,SUP2701
O4933,P9885,2026-04-21,242,2026-04-30,2026-05-01,Delivered,4174471,242,SUP2825
O4934,P4466,2026-04-15,386,2026-04-20,2026-04-22,Pending,3135136,193,
O4935,P2439,2025-10-03,157,2025-10-08,2025-10-12,Delivered,3994725,157,
O4936,P5852,2025-09-28,316,2025-10-05,2025-10-08,Pending,2965142,158,
O4937,P2547,2025-12-12,459,2025-12-17,2025-12-17,Pending,1103485,230,
O4938,P7553,2025-10-19,50,2025-10-23,2025-10-28,Pending,3783347,25,
O4939,P7509,2026-03-09,303,2026-03-15,2026-03-17,Delivered,1783960,303,SUP2032
O4940,P3716,2025-11-11,35,2025-11-20,2025-11-23,Pending,4224906,18,SUP1756
O4941,P6281,2025-12-12,124,2025-12-17,2025-12-18,Delayed,2326776,112,
O4942,P353,2025-12-27,480,2026-01-02,2026-01-02,Pending,1787844,240,SUP74
O4943,P7671,2025-06-11,436,2025-06-20,2025-06-25,Delayed,2875030,392,
O4944,P28,2025-06-26,343,2025-07-02,2025-07-02,Pending,2705720,172,SUP1489
O4945,P8140,2025-12-27,439,2026-01-05,2026-01-10,Delivered,944765,439,SUP7932
O4946,P2775,2025-09-14,105,2025-09-24,2025-09-27,Delivered,2779738,105,
O4947,P6933,2026-05-25,326,2026-06-02,2026-06-07,Pending,3127900,163,SUP7222
O4948,P7508,2025-11-03,363,2025-11-12,2025-11-13,Pending,2183918,182,SUP8575
O4949,P2525,2025-07-24,382,2025-07-30,2025-08-02,Delayed,3983564,344,
O4950,P7451,2025-07-22,53,2025-07-26,2025-07-28,Delivered,766600,53,
O4951,P3504,2025-09-24,68,2025-09-27,2025-10-02,Delivered,3256011,68,SUP874
O4952,P6415,2025-07-29,270,2025-08-08,2025-08-10,Delivered,4189559,270,SUP207
O4953,P9897,2025-11-19,221,2025-11-27,2025-12-01,Delivered,737396,221,SUP9640
O4954,P9904,2025-08-02,314,2025-08-10,2025-08-11,Pending,2945429,157,SUP5959
O4955,P5430,2025-10-18,283,2025-10-22,2025-10-25,Delivered,1806882,283,SUP7057
O4956,P5400,2025-11-08,418,2025-11-12,2025-11-17,Delayed,648156,376,SUP1405
O4957,P4523,2026-03-01,54,2026-03-09,2026-03-12,Pending,4511948,27,
O4958,P4573,2025-06-14,451,2025-06-20,2025-06-22,Delayed,283522,406,
O4959,P6923,2026-04-19,172,2026-04-26,2026-04-27,Pending,4936905,86,SUP1269
O4960,P3496,2026-02-17,442,2026-02-21,2026-02-23,Delivered,1261443,442,
O4961,P238,2026-04-25,78,2026-05-03,2026-05-07,Pending,2088707,39,
O4962,P4411,2026-04-23,238,2026-04-27,2026-05-01,Pending,2966676,119,
O4963,P7803,2025-05-28,292,2025-06-05,2025-06-07,Pending,4593441,146,SUP4958
O4964,P2253,2025-07-29,275,2025-08-05,2025-08-05,Pending,4950900,138,SUP6317
O4965,P4778,2025-11-10,359,2025-11-16,2025-11-18,Delayed,3411523,323,
O4966,P3112,2025-08-14,196,2025-08-17,2025-08-22,Delayed,1155779,176,SUP7330
O4967,P5183,2025-09-30,265,2025-10-05,2025-10-05,Delayed,3005302,238,SUP63
O4968,P177,2026-05-27,98,2026-06-05,2026-06-09,Pending,2922570,49,SUP849
O4969,P8448,2026-04-08,216,2026-04-16,2026-04-17,Pending,2838130,108,SUP5165
O4970,P9961,2026-05-10,251,2026-05-18,2026-05-22,Delayed,2379039,226,
O4971,P2534,2025-08-06,455,2025-08-13,2025-08-15,Delivered,1255526,455,SUP2731
O4972,P4375,2025-10-22,203,2025-10-28,2025-10-31,Delayed,1450353,183,SUP7791
O4973,P1493,2026-02-08,155,2026-02-11,2026-02-11,Delayed,4544635,140,SUP2424
O4974,P4289,2025-12-22,197,2025-12-26,2025-12-26,Delayed,3747974,177,SUP4775
O4975,P1449,2025-08-12,116,2025-08-15,2025-08-15,Pending,50045,58,SUP4051
O4976,P6088,2025-09-11,473,2025-09-19,2025-09-22,Delayed,4542354,426,
O4977,P4809,2025-10-20,383,2025-10-25,2025-10-26,Pending,2419388,192,SUP3159
O4978,P5800,2025-11-14,376,2025-11-23,2025-11-27,Pending,4474094,188,
O4979,P7577,2026-05-20,359,2026-05-26,2026-05-30,Delivered,718558,359,
O4980,P2936,2025-07-11,65,2025-07-17,2025-07-18,Delayed,4222719,58,
O4981,P9773,2026-05-09,271,2026-05-15,2026-05-20,Pending,4736535,136,
O4982,P2925,2025-08-30,346,2025-09-06,2025-09-06,Delivered,4320928,346,SUP9240
O4983,P3272,2026-05-18,229,2026-05-22,2026-05-26,Pending,3269651,114,
O4984,P6269,2026-04-05,244,2026-04-11,2026-04-16,Pending,1967264,122,SUP8352
O4985,P2174,2026-03-08,88,2026-03-17,2026-03-20,Delayed,1425770,79,SUP3884
O4986,P430,2025-12-07,176,2025-12-12,2025-12-16,Delivered,340744,176,SUP5783
O4987,P7003,2025-06-14,231,2025-06-23,2025-06-27,Delayed,4553382,208,SUP86
O4988,P1549,2025-09-13,289,2025-09-23,2025-09-23,Delayed,2858268,260,SUP7112
O4989,P1042,2025-12-28,355,2026-01-01,2026-01-06,Pending,980274,178,SUP3131
O4990,P5882,2025-09-16,336,2025-09-24,2025-09-28,Pending,3410895,168,SUP1407
O4991,P2607,2026-02-06,480,2026-02-10,2026-02-11,Pending,1933889,240,SUP3721
O4992,P5882,2025-08-06,432,2025-08-15,2025-08-20,Delivered,2215524,432,SUP1407
O4993,P3613,2025-11-06,121,2025-11-11,2025-11-11,Delayed,4476731,109,SUP8738
O4994,P407,2026-02-15,301,2026-02-25,2026-03-02,Delayed,2671644,271,
O4995,P7039,2026-04-10,281,2026-04-14,2026-04-14,Delayed,2992280,253,SUP560
O4996,P4368,2026-01-03,321,2026-01-11,2026-01-14,Delivered,4298698,321,
O4997,P7605,2025-06-02,108,2025-06-05,2025-06-05,Delayed,2728451,97,SUP419
O4998,P2409,2025-06-16,105,2025-06-19,2025-06-21,Delayed,4869188,94,SUP1359
O4999,P9316,2025-09-09,182,2025-09-13,2025-09-18,Pending,823921,91,SUP3067
O5000,P141,2025-07-08,351,2025-07-15,2025-07-15,Delivered,2621584,351,
O5001,P6152,2025-08-13,171,2025-08-16,2025-08-16,Delivered,1439224,171,
O5002,P3767,2026-02-09,303,2026-02-15,2026-02-15,Delayed,2558541,273,SUP2853
O5003,P5962,2025-09-18,92,2025-09-28,2025-10-03,Delayed,4233874,83,
O5004,P2990,2025-08-11,473,2025-08-21,2025-08-21,Delayed,1376859,426,SUP1609
O5005,P3754,2025-06-09,396,2025-06-15,2025-06-15,Pending,4948176,198,SUP5238
O5006,P6042,2025-10-21,184,2025-10-30,2025-11-04,Delivered,2203442,184,
O5007,P22,2025-10-18,239,2025-10-27,2025-11-01,Pending,1752376,120,SUP4116
O5008,P240,2026-01-13,488,2026-01-17,2026-01-17,Pending,27215,244,
O5009,P4053,2026-03-19,202,2026-03-25,2026-03-26,Delayed,4936755,182,SUP6811
O5010,P9080,2026-04-07,181,2026-04-15,2026-04-20,Delayed,1418296,163,SUP8858
O5011,P7089,2025-08-29,222,2025-09-04,2025-09-04,Delivered,1441327,222,SUP3011
O5012,P3934,2025-08-14,371,2025-08-19,2025-08-23,Pending,1020393,186,SUP4823
O5013,P2257,2025-10-27,227,2025-11-01,2025-11-01,Delayed,3975950,204,
O5014,P8187,2025-08-10,266,2025-08-18,2025-08-21,Delivered,214612,266,SUP2555
O5015,P1188,2025-09-03,28,2025-09-06,2025-09-08,Delivered,4099575,28,
O5016,P9223,2025-07-16,227,2025-07-20,2025-07-20,Delayed,1009046,204,SUP4072
O5017,P8328,2025-10-21,405,2025-10-29,2025-10-29,Delivered,3116521,405,SUP48
O5018,P453,2026-03-01,259,2026-03-10,2026-03-15,Delayed,2708191,233,SUP2494
O5019,P8737,2025-10-18,479,2025-10-25,2025-10-28,Delayed,3348454,431,SUP4706
O5020,P2584,2026-04-05,445,2026-04-08,2026-04-08,Pending,3107261,222,SUP2874
O5021,P2746,2026-04-27,204,2026-05-06,2026-05-11,Delivered,4219420,204,
O5022,P1901,2025-06-04,385,2025-06-14,2025-06-17,Pending,2410353,192,SUP3926
O5023,P4476,2025-07-11,82,2025-07-15,2025-07-17,Delayed,3312278,74,
O5024,P7152,2026-05-03,297,2026-05-09,2026-05-09,Delivered,4379111,297,SUP6871
O5025,P3979,2025-12-21,87,2025-12-30,2025-12-30,Pending,923144,44,SUP4180
O5026,P2688,2025-10-16,370,2025-10-22,2025-10-22,Delayed,2483321,333,
O5027,P8299,2025-06-11,81,2025-06-18,2025-06-22,Delivered,1674663,81,SUP589
O5028,P7896,2025-10-16,468,2025-10-22,2025-10-22,Delayed,1681511,421,
O5029,P8437,2025-11-28,353,2025-12-01,2025-12-02,Delivered,2091848,353,
O5030,P2828,2025-10-03,283,2025-10-11,2025-10-13,Pending,3768617,142,SUP7151
O5031,P7998,2025-12-03,184,2025-12-10,2025-12-12,Delayed,2634113,166,
O5032,P8930,2025-10-07,402,2025-10-13,2025-10-18,Pending,4116332,201,
O5033,P2575,2025-11-11,17,2025-11-16,2025-11-19,Delayed,2532876,15,
O5034,P70,2025-10-27,111,2025-11-04,2025-11-04,Delayed,4230692,100,SUP1354
O5035,P4372,2025-12-03,391,2025-12-12,2025-12-14,Delivered,19229,391,
O5036,P1258,2025-09-02,197,2025-09-08,2025-09-08,Delayed,2259947,177,
O5037,P2105,2026-03-03,164,2026-03-12,2026-03-13,Pending,4935296,82,SUP3728
O5038,P4971,2025-11-27,323,2025-12-05,2025-12-10,Delayed,3173083,291,SUP3972
O5039,P9019,2025-12-15,165,2025-12-22,2025-12-24,Pending,411048,82,
O5040,P2125,2025-10-26,205,2025-10-29,2025-11-02,Pending,4229220,102,
O5041,P1174,2025-11-23,176,2025-12-02,2025-12-06,Delayed,2849911,158,SUP6071
O5042,P9928,2025-10-24,171,2025-10-28,2025-11-02,Delayed,4418993,154,
O5043,P81,2026-03-29,419,2026-04-04,2026-04-05,Delivered,850748,419,SUP8594
O5044,P5830,2026-02-26,225,2026-03-07,2026-03-07,Delivered,4430333,225,
O5045,P6614,2026-05-02,441,2026-05-06,2026-05-10,Delayed,2046599,397,SUP8223
O5046,P8830,2026-04-21,246,2026-04-29,2026-05-04,Pending,4868382,123,
O5047,P9981,2026-05-25,445,2026-06-03,2026-06-04,Delivered,4421190,445,SUP4357
O5048,P5815,2026-04-11,267,2026-04-21,2026-04-25,Delivered,730837,267,SUP4263
O5049,P2179,2025-07-26,157,2025-08-02,2025-08-03,Delayed,3424579,141,SUP8404
O5050,P7713,2026-04-07,149,2026-04-16,2026-04-21,Delivered,3663312,149,
O5051,P3376,2025-12-25,51,2026-01-04,2026-01-05,Delivered,3635213,51,
O5052,P7346,2025-06-28,328,2025-07-05,2025-07-06,Delayed,4980091,295,
O5053,P2712,2025-10-12,150,2025-10-18,2025-10-21,Delayed,2941589,135,SUP3504
O5054,P1772,2025-06-30,157,2025-07-09,2025-07-09,Delivered,3958913,157,
O5055,P5759,2026-03-20,122,2026-03-25,2026-03-30,Pending,1541332,61,
O5056,P3016,2026-01-18,102,2026-01-27,2026-01-28,Pending,152310,51,
O5057,P2278,2026-05-01,161,2026-05-11,2026-05-14,Delayed,4737906,145,
O5058,P8676,2026-01-21,130,2026-01-24,2026-01-28,Delivered,4063544,130,SUP1991
O5059,P9576,2025-10-04,179,2025-10-09,2025-10-13,Delivered,1088922,179,SUP6885
O5060,P8431,2026-04-13,301,2026-04-17,2026-04-19,Delayed,2535109,271,SUP2437
O5061,P1213,2025-06-15,188,2025-06-21,2025-06-23,Delivered,4089968,188,
O5062,P5573,2026-02-10,187,2026-02-14,2026-02-14,Pending,4375804,94,SUP3914
O5063,P6496,2026-04-12,217,2026-04-19,2026-04-21,Pending,4367212,108,SUP2626
O5064,P22,2026-01-21,428,2026-01-31,2026-01-31,Pending,242666,214,SUP4116
O5065,P4546,2026-04-18,26,2026-04-21,2026-04-25,Delivered,1889636,26,SUP164
O5066,P230,2026-04-06,317,2026-04-10,2026-04-11,Delivered,2604510,317,
O5067,P9812,2026-04-23,360,2026-05-02,2026-05-03,Pending,2488851,180,
O5068,P8301,2025-06-09,139,2025-06-12,2025-06-13,Delayed,1192257,125,
O5069,P1264,2026-05-04,300,2026-05-11,2026-05-15,Delayed,2105156,270,SUP3449
O5070,P2778,2025-11-21,13,2025-12-01,2025-12-06,Delayed,4949264,12,SUP2457
O5071,P2810,2026-01-20,319,2026-01-30,2026-01-31,Pending,2401635,160,
O5072,P7845,2026-05-08,380,2026-05-11,2026-05-13,Pending,287244,190,SUP7903
O5073,P4325,2026-03-14,239,2026-03-23,2026-03-23,Delayed,2248200,215,
O5074,P3611,2026-02-22,439,2026-02-27,2026-02-27,Delayed,3475893,395,SUP6243
O5075,P2948,2026-05-01,468,2026-05-11,2026-05-12,Delivered,4974986,468,SUP8700
O5076,P6379,2025-10-16,197,2025-10-24,2025-10-29,Delivered,2234525,197,SUP1345
O5077,P6214,2025-10-14,257,2025-10-23,2025-10-26,Delayed,1532194,231,SUP7501
O5078,P5673,2025-10-09,480,2025-10-12,2025-10-12,Delivered,1845875,480,SUP7744
O5079,P7000,2025-10-04,457,2025-10-13,2025-10-18,Delayed,4861010,411,
O5080,P6426,2025-12-08,257,2025-12-12,2025-12-13,Delayed,1771268,231,SUP3801
O5081,P8290,2026-05-12,275,2026-05-16,2026-05-16,Pending,1112204,138,
O5082,P8668,2025-11-14,288,2025-11-19,2025-11-21,Delayed,2001311,259,SUP7402
O5083,P2878,2025-06-22,121,2025-07-02,2025-07-03,Delayed,4144607,109,SUP174
O5084,P8437,2026-03-22,36,2026-03-28,2026-04-01,Delayed,3279506,32,
O5085,P3307,2025-06-09,394,2025-06-16,2025-06-18,Pending,985495,197,SUP8067
O5086,P6484,2026-01-31,145,2026-02-04,2026-02-07,Delivered,555036,145,SUP2041
O5087,P4054,2026-05-02,398,2026-05-11,2026-05-13,Delayed,3596081,358,
O5088,P7166,2025-07-28,193,2025-08-04,2025-08-07,Delivered,1636070,193,SUP5314
O5089,P1251,2025-06-04,241,2025-06-12,2025-06-12,Pending,2231682,120,
O5090,P5186,2026-01-30,208,2026-02-09,2026-02-09,Delayed,2964575,187,SUP2005
O5091,P476,2026-03-01,314,2026-03-10,2026-03-12,Delayed,4352877,283,
O5092,P9346,2025-07-06,93,2025-07-10,2025-07-14,Pending,1030847,46,SUP2190
O5093,P9707,2026-04-12,426,2026-04-18,2026-04-23,Delivered,3937052,426,
O5094,P1135,2025-09-14,89,2025-09-22,2025-09-22,Delivered,895016,89,SUP863
O5095,P5891,2025-12-29,259,2026-01-05,2026-01-09,Delivered,1995524,259,
O5096,P2685,2025-09-07,62,2025-09-13,2025-09-18,Delivered,3519026,62,SUP5678
O5097,P5879,2026-03-21,302,2026-03-30,2026-03-31,Pending,1212556,151,SUP3151
O5098,P7626,2026-01-02,425,2026-01-09,2026-01-13,Pending,4504110,212,SUP7931
O5099,P2863,2026-05-23,146,2026-05-29,2026-05-30,Delayed,131557,131,SUP584
O5100,P4924,2026-05-28,251,2026-06-03,2026-06-06,Pending,1504681,126,SUP9925
O5101,P3392,2025-12-15,137,2025-12-22,2025-12-22,Delayed,1446281,123,
O5102,P6131,2026-03-07,473,2026-03-10,2026-03-12,Delivered,942934,473,SUP4315
O5103,P2728,2026-05-10,438,2026-05-19,2026-05-21,Delayed,1454125,394,SUP125
O5104,P6776,2025-08-01,329,2025-08-11,2025-08-16,Pending,2561747,164,SUP682
O5105,P822,2026-01-20,440,2026-01-30,2026-02-03,Delivered,4987937,440,
O5106,P3223,2025-07-04,299,2025-07-08,2025-07-13,Delayed,1484062,269,
O5107,P8616,2025-08-23,63,2025-08-27,2025-08-29,Delivered,3026579,63,SUP1668
O5108,P2155,2025-09-24,41,2025-09-28,2025-09-28,Delayed,3060060,37,
O5109,P3029,2025-08-21,248,2025-08-25,2025-08-28,Delayed,2279902,223,SUP5625
O5110,P4518,2026-02-11,324,2026-02-20,2026-02-21,Delivered,2071817,324,SUP2500
O5111,P8137,2025-11-23,227,2025-11-29,2025-11-29,Pending,3089126,114,
O5112,P2101,2026-02-02,431,2026-02-10,2026-02-13,Delivered,1208792,431,SUP1504
O5113,P7779,2026-05-28,107,2026-06-07,2026-06-10,Delivered,2326835,107,SUP2799
O5114,P4354,2026-03-22,476,2026-03-27,2026-03-31,Pending,4854693,238,SUP3620
O5115,P3404,2026-05-27,116,2026-06-06,2026-06-07,Delayed,2767018,104,
O5116,P6979,2026-05-15,197,2026-05-19,2026-05-24,Delayed,473237,177,
O5117,P5403,2025-11-27,53,2025-12-03,2025-12-06,Pending,131633,26,
O5118,P9130,2025-10-04,480,2025-10-09,2025-10-12,Delivered,4226860,480,
O5119,P728,2026-01-18,399,2026-01-22,2026-01-23,Delayed,1716564,359,
O5120,P6250,2025-08-11,22,2025-08-17,2025-08-18,Delivered,1249410,22,
O5121,P6313,2025-09-25,495,2025-10-03,2025-10-06,Delayed,2678548,446,SUP8303
O5122,P7141,2025-10-30,469,2025-11-08,2025-11-09,Delayed,3729860,422,
O5123,P2786,2026-04-30,395,2026-05-05,2026-05-07,Delivered,3476259,395,SUP930
O5124,P1578,2026-01-09,452,2026-01-19,2026-01-19,Delivered,208309,452,SUP9564
O5125,P5340,2026-05-27,479,2026-06-06,2026-06-06,Delivered,2446737,479,
O5126,P2172,2025-07-19,477,2025-07-23,2025-07-25,Delayed,3828308,429,SUP9499
O5127,P4837,2025-11-06,33,2025-11-10,2025-11-10,Pending,3955351,16,
O5128,P6373,2025-06-17,405,2025-06-24,2025-06-27,Pending,4163922,202,SUP721
O5129,P8037,2026-03-07,137,2026-03-15,2026-03-15,Delivered,4932996,137,
O5130,P1778,2025-11-12,194,2025-11-20,2025-11-21,Delivered,2460087,194,SUP2132
O5131,P7896,2025-08-23,238,2025-08-27,2025-08-30,Pending,4322214,119,
O5132,P9719,2025-08-02,365,2025-08-06,2025-08-10,Delivered,4618894,365,SUP846
O5133,P7488,2025-06-11,87,2025-06-17,2025-06-18,Delayed,1057430,78,
O5134,P7599,2026-02-15,269,2026-02-22,2026-02-26,Delivered,524523,269,SUP7009
O5135,P3087,2025-11-10,252,2025-11-17,2025-11-21,Delivered,4523455,252,
O5136,P3514,2026-04-20,287,2026-04-23,2026-04-24,Delivered,743979,287,SUP3102
O5137,P3916,2025-06-10,319,2025-06-14,2025-06-14,Delayed,919798,287,SUP985
O5138,P6312,2025-09-17,94,2025-09-24,2025-09-27,Delivered,4906833,94,SUP3301
O5139,P1831,2025-06-10,16,2025-06-17,2025-06-20,Delayed,1842237,14,SUP6875
O5140,P8312,2025-10-23,72,2025-11-02,2025-11-02,Delivered,2567684,72,SUP3157
O5141,P809,2025-07-04,378,2025-07-14,2025-07-17,Delivered,4787457,378,SUP9089
O5142,P3110,2025-09-07,129,2025-09-17,2025-09-21,Pending,2065230,64,SUP1765
O5143,P5429,2026-04-16,337,2026-04-21,2026-04-26,Pending,1623627,168,SUP2723
O5144,P2194,2025-07-06,30,2025-07-14,2025-07-15,Delayed,1896536,27,SUP577
O5145,P8943,2025-10-15,171,2025-10-18,2025-10-22,Delayed,1318679,154,SUP9859
O5146,P5737,2025-07-21,254,2025-07-24,2025-07-25,Delivered,1447625,254,SUP979
O5147,P4590,2025-11-28,435,2025-12-04,2025-12-08,Delayed,1871462,392,
O5148,P6711,2025-11-03,122,2025-11-08,2025-11-08,Delivered,1386757,122,SUP2931
O5149,P5909,2025-09-03,449,2025-09-09,2025-09-13,Delivered,849829,449,
O5150,P8654,2026-03-03,44,2026-03-07,2026-03-10,Delayed,1531949,40,
O5151,P4335,2026-02-27,199,2026-03-02,2026-03-06,Pending,2318825,100,SUP922
O5152,P9012,2025-12-09,143,2025-12-13,2025-12-15,Delayed,1911886,129,SUP8887
O5153,P3263,2026-03-11,310,2026-03-14,2026-03-17,Pending,1623320,155,
O5154,P9941,2025-11-08,219,2025-11-15,2025-11-19,Pending,691946,110,SUP5344
O5155,P3501,2026-04-06,351,2026-04-12,2026-04-15,Pending,2581703,176,SUP6943
O5156,P6822,2025-06-01,309,2025-06-08,2025-06-12,Delivered,4399108,309,
O5157,P3614,2025-10-26,214,2025-11-05,2025-11-05,Delayed,1684670,193,SUP7722
O5158,P9789,2026-05-07,284,2026-05-17,2026-05-22,Delayed,4459653,256,SUP7536
O5159,P5960,2026-03-09,300,2026-03-18,2026-03-23,Pending,4677788,150,SUP8262
O5160,P2559,2025-11-03,428,2025-11-08,2025-11-13,Pending,4401394,214,
O5161,P5578,2025-09-17,199,2025-09-20,2025-09-20,Delayed,54287,179,SUP5582
O5162,P2346,2025-11-14,191,2025-11-17,2025-11-17,Delayed,2246606,172,SUP8294
O5163,P5937,2025-07-03,493,2025-07-10,2025-07-14,Delayed,1971252,444,
O5164,P7313,2026-01-07,409,2026-01-13,2026-01-15,Delayed,4003733,368,SUP7121
O5165,P5137,2026-05-20,292,2026-05-25,2026-05-28,Delivered,1293392,292,
O5166,P9869,2026-04-11,382,2026-04-16,2026-04-19,Delivered,2569547,382,
O5167,P278,2026-05-04,165,2026-05-11,2026-05-14,Delivered,367852,165,SUP1012
O5168,P7102,2025-12-10,286,2025-12-18,2025-12-20,Pending,3521080,143,SUP2455
O5169,P9897,2025-06-16,120,2025-06-20,2025-06-20,Delivered,2861709,120,SUP9640
O5170,P6051,2025-10-25,445,2025-10-30,2025-11-03,Delivered,3937070,445,
O5171,P7020,2025-09-18,76,2025-09-22,2025-09-22,Delayed,4534664,68,
O5172,P4668,2026-04-12,258,2026-04-22,2026-04-26,Delayed,1290096,232,SUP1132
O5173,P2643,2026-05-10,100,2026-05-13,2026-05-13,Delivered,3038133,100,
O5174,P249,2026-02-05,401,2026-02-08,2026-02-10,Pending,1177865,200,SUP986
O5175,P550,2025-10-30,295,2025-11-06,2025-11-09,Pending,878786,148,
O5176,P7718,2026-02-20,485,2026-02-24,2026-02-25,Delayed,2633434,436,SUP6108
O5177,P645,2026-05-13,143,2026-05-16,2026-05-20,Pending,4967035,72,SUP1494
O5178,P111,2025-09-30,214,2025-10-09,2025-10-13,Delivered,3983534,214,SUP9630
O5179,P9053,2025-07-10,316,2025-07-20,2025-07-20,Delivered,3129987,316,SUP4879
O5180,P928,2025-10-14,43,2025-10-19,2025-10-20,Delayed,3287308,39,
O5181,P3419,2026-04-27,82,2026-05-05,2026-05-05,Delivered,319237,82,
O5182,P1421,2025-12-16,74,2025-12-21,2025-12-22,Delivered,4990655,74,SUP1602
O5183,P762,2025-07-21,321,2025-07-25,2025-07-30,Pending,3007830,160,
O5184,P9737,2026-02-23,227,2026-03-01,2026-03-04,Delivered,2658680,227,SUP6501
O5185,P2647,2026-03-25,127,2026-04-02,2026-04-07,Delayed,4903363,114,
O5186,P730,2026-01-08,190,2026-01-11,2026-01-13,Delayed,1647818,171,
O5187,P8070,2025-11-02,36,2025-11-10,2025-11-10,Pending,2664837,18,
O5188,P7751,2025-10-05,437,2025-10-14,2025-10-17,Pending,589846,218,SUP7768
O5189,P8418,2025-08-20,442,2025-08-24,2025-08-25,Delayed,4192256,398,SUP2479
O5190,P9804,2025-12-08,331,2025-12-15,2025-12-15,Delivered,1883881,331,
O5191,P4222,2026-02-24,402,2026-03-02,2026-03-02,Pending,3039327,201,SUP4546
O5192,P8861,2025-09-20,305,2025-09-27,2025-09-29,Delayed,3806132,274,SUP8826
O5193,P3186,2026-05-21,434,2026-05-26,2026-05-29,Delivered,4905485,434,
O5194,P8804,2025-12-23,451,2025-12-28,2026-01-01,Delivered,2785426,451,
O5195,P1075,2025-10-27,260,2025-11-01,2025-11-02,Pending,3465216,130,SUP1875
O5196,P7788,2025-09-29,216,2025-10-08,2025-10-10,Delivered,4511948,216,
O5197,P6126,2026-03-03,423,2026-03-08,2026-03-12,Pending,1783372,212,SUP1679
O5198,P745,2025-11-29,408,2025-12-05,2025-12-10,Delivered,2389300,408,
O5199,P2674,2026-03-26,28,2026-03-30,2026-03-30,Delivered,3228300,28,SUP1769
O5200,P7024,2025-08-30,280,2025-09-03,2025-09-05,Pending,3770942,140,
O5201,P3082,2025-11-01,64,2025-11-11,2025-11-12,Delayed,472214,58,
O5202,P2230,2026-05-05,91,2026-05-11,2026-05-13,Pending,4731648,46,
O5203,P8795,2025-08-14,468,2025-08-22,2025-08-27,Pending,4682297,234,SUP7599
O5204,P6501,2026-04-14,402,2026-04-22,2026-04-27,Delayed,1932302,362,SUP1685
O5205,P3989,2026-01-21,257,2026-01-29,2026-02-01,Delayed,1009900,231,SUP704
O5206,P5841,2025-11-16,370,2025-11-24,2025-11-25,Delayed,1540583,333,
O5207,P2087,2026-03-26,168,2026-04-04,2026-04-05,Delayed,975961,151,
O5208,P4428,2025-09-11,199,2025-09-21,2025-09-22,Delayed,3349355,179,SUP5926
O5209,P732,2025-10-05,370,2025-10-12,2025-10-14,Pending,4757167,185,
O5210,P5410,2026-03-05,64,2026-03-10,2026-03-13,Delayed,808040,58,SUP7886
O5211,P199,2026-01-15,161,2026-01-19,2026-01-22,Pending,3129292,80,SUP2108
O5212,P3246,2025-06-05,220,2025-06-13,2025-06-15,Pending,3980358,110,
O5213,P7605,2025-08-05,138,2025-08-09,2025-08-10,Delayed,418665,124,SUP419
O5214,P4472,2026-03-14,246,2026-03-20,2026-03-23,Delayed,2525406,221,SUP884
O5215,P5322,2026-01-06,350,2026-01-09,2026-01-10,Pending,4234752,175,SUP7408
O5216,P3042,2026-03-06,194,2026-03-11,2026-03-15,Pending,3185146,97,SUP240
O5217,P8644,2025-06-11,342,2025-06-21,2025-06-26,Delayed,4644708,308,
O5218,P1920,2025-06-05,425,2025-06-08,2025-06-09,Delivered,1321161,425,
O5219,P283,2025-07-18,443,2025-07-21,2025-07-22,Delayed,637656,399,
O5220,P65,2026-04-25,74,2026-05-05,2026-05-10,Delivered,236355,74,
O5221,P6388,2025-08-16,346,2025-08-21,2025-08-22,Pending,4562416,173,
O5222,P921,2025-10-13,253,2025-10-20,2025-10-20,Pending,4924420,126,SUP4014
O5223,P2782,2026-04-15,477,2026-04-23,2026-04-25,Pending,3368371,238,SUP6702
O5224,P4095,2026-01-04,446,2026-01-11,2026-01-13,Pending,2020268,223,SUP3947
O5225,P8718,2026-05-21,177,2026-05-31,2026-06-03,Pending,926827,88,SUP1698
O5226,P498,2025-08-16,466,2025-08-26,2025-08-26,Pending,3094854,233,SUP2748
O5227,P6627,2026-01-31,137,2026-02-09,2026-02-10,Delivered,920021,137,SUP7371
O5228,P8759,2025-08-26,217,2025-09-03,2025-09-08,Pending,416936,108,SUP2694
O5229,P7508,2025-07-28,377,2025-07-31,2025-08-03,Delayed,1775928,339,SUP8575
O5230,P2601,2026-02-13,243,2026-02-22,2026-02-26,Delayed,4267875,219,
O5231,P4531,2026-02-22,71,2026-03-03,2026-03-04,Pending,2413958,36,SUP1701
O5232,P545,2025-12-20,78,2025-12-30,2025-12-30,Delivered,2085583,78,SUP254
O5233,P9540,2025-12-15,44,2025-12-21,2025-12-22,Delivered,3910528,44,
O5234,P8359,2025-07-04,483,2025-07-13,2025-07-17,Delivered,4897426,483,SUP1943
O5235,P529,2025-08-17,130,2025-08-26,2025-08-27,Pending,3677647,65,SUP4651
O5236,P5202,2025-06-29,427,2025-07-03,2025-07-03,Delayed,3493407,384,SUP8145
O5237,P8040,2026-05-05,30,2026-05-15,2026-05-16,Pending,1446983,15,
O5238,P3469,2025-09-10,479,2025-09-17,2025-09-19,Delivered,3394862,479,SUP1442
O5239,P3467,2026-05-18,198,2026-05-25,2026-05-26,Delayed,2611361,178,
O5240,P6103,2026-01-18,311,2026-01-26,2026-01-26,Delayed,3462239,280,
O5241,P5195,2025-08-27,356,2025-09-01,2025-09-06,Pending,2329497,178,SUP2662
O5242,P2024,2025-08-28,366,2025-09-01,2025-09-02,Pending,4011219,183,
O5243,P5704,2025-08-16,76,2025-08-24,2025-08-26,Delayed,4459629,68,SUP5118
O5244,P2802,2025-12-25,301,2025-12-29,2026-01-03,Pending,3738411,150,
O5245,P8330,2025-12-20,219,2025-12-25,2025-12-27,Delivered,1983898,219,SUP1064
O5246,P2232,2025-08-15,480,2025-08-25,2025-08-29,Pending,856823,240,
O5247,P6732,2026-02-02,492,2026-02-05,2026-02-06,Pending,255897,246,
O5248,P3634,2026-04-24,476,2026-04-29,2026-05-01,Delivered,2810548,476,
O5249,P2843,2025-12-25,321,2025-12-29,2025-12-31,Delayed,1530302,289,SUP4769
O5250,P9348,2026-02-09,78,2026-02-18,2026-02-21,Delivered,1725983,78,
O5251,P242,2025-10-08,443,2025-10-12,2025-10-16,Pending,1504413,222,SUP8715
O5252,P5264,2025-08-04,197,2025-08-12,2025-08-17,Pending,4374339,98,
O5253,P6208,2025-06-21,452,2025-06-30,2025-06-30,Pending,2040166,226,SUP9642
O5254,P5278,2025-09-21,449,2025-09-29,2025-10-04,Pending,4640192,224,SUP6897
O5255,P6642,2026-03-12,445,2026-03-21,2026-03-25,Delayed,3037830,400,SUP6047
O5256,P7861,2026-02-21,178,2026-02-24,2026-02-25,Pending,4145868,89,
O5257,P1183,2025-07-06,383,2025-07-11,2025-07-12,Delayed,941952,345,SUP1496
O5258,P2373,2026-01-15,458,2026-01-19,2026-01-19,Pending,2418530,229,SUP2758
O5259,P9805,2026-05-21,135,2026-05-31,2026-06-03,Delivered,650971,135,SUP3179
O5260,P2313,2026-02-16,82,2026-02-25,2026-03-01,Pending,1227766,41,SUP4509
O5261,P6826,2026-05-13,246,2026-05-18,2026-05-21,Pending,305862,123,SUP3588
O5262,P8564,2025-05-28,339,2025-06-05,2025-06-10,Delayed,2047345,305,SUP829
O5263,P9357,2025-08-10,442,2025-08-18,2025-08-19,Pending,2261508,221,SUP2425
O5264,P6660,2025-12-20,121,2025-12-25,2025-12-29,Delivered,1372518,121,SUP321
O5265,P8250,2025-09-10,210,2025-09-18,2025-09-23,Delayed,3329187,189,SUP3985
O5266,P2114,2026-03-05,173,2026-03-15,2026-03-16,Delivered,4123319,173,
O5267,P5077,2025-08-11,289,2025-08-17,2025-08-21,Pending,847084,144,SUP3292
O5268,P7303,2026-03-27,134,2026-04-04,2026-04-09,Delivered,3375141,134,SUP1977
O5269,P1156,2026-02-07,351,2026-02-13,2026-02-18,Pending,2787871,176,SUP1579
O5270,P3544,2025-07-13,441,2025-07-21,2025-07-23,Pending,3755589,220,SUP3956
O5271,P8734,2025-09-25,426,2025-09-30,2025-10-03,Pending,1018139,213,SUP1104
O5272,P4858,2025-09-18,421,2025-09-22,2025-09-26,Pending,4947588,210,SUP808
O5273,P8609,2025-06-03,491,2025-06-11,2025-06-12,Delayed,470604,442,
O5274,P6277,2026-03-17,446,2026-03-21,2026-03-22,Pending,3992258,223,SUP4948
O5275,P1088,2025-11-12,343,2025-11-21,2025-11-25,Pending,423698,172,
O5276,P1029,2026-01-25,386,2026-01-30,2026-02-03,Delivered,4649918,386,SUP5200
O5277,P3220,2026-01-09,267,2026-01-15,2026-01-19,Pending,3553233,134,
O5278,P6363,2025-10-08,146,2025-10-17,2025-10-20,Delayed,3134553,131,
O5279,P6413,2025-09-14,294,2025-09-18,2025-09-20,Delivered,454759,294,
O5280,P8245,2026-05-24,131,2026-05-28,2026-05-29,Pending,533919,66,SUP5769
O5281,P4702,2025-11-08,118,2025-11-18,2025-11-18,Pending,4187221,59,SUP4214
O5282,P726,2025-06-23,307,2025-07-02,2025-07-07,Pending,2994448,154,
O5283,P7795,2025-12-02,111,2025-12-08,2025-12-11,Delayed,2231244,100,SUP4428
O5284,P825,2025-11-15,400,2025-11-24,2025-11-28,Delivered,3208904,400,SUP2891
O5285,P2313,2026-05-17,151,2026-05-20,2026-05-25,Delayed,1931236,136,SUP4509
O5286,P4400,2025-06-14,174,2025-06-22,2025-06-24,Delayed,2785101,157,SUP189
O5287,P9782,2026-01-18,384,2026-01-27,2026-01-28,Delayed,504938,346,SUP6144
O5288,P8176,2025-06-10,270,2025-06-16,2025-06-17,Pending,3129913,135,
O5289,P1577,2026-04-23,249,2026-04-30,2026-04-30,Delayed,589944,224,SUP7480
O5290,P438,2026-02-23,175,2026-03-04,2026-03-09,Delayed,3506809,158,SUP5198
O5291,P7957,2025-09-04,483,2025-09-13,2025-09-17,Pending,4580694,242,SUP3939
O5292,P8969,2026-04-03,46,2026-04-08,2026-04-12,Pending,1684572,23,SUP695
O5293,P3375,2026-02-03,174,2026-02-06,2026-02-09,Delayed,4618840,157,SUP8941
O5294,P5317,2025-07-24,86,2025-07-27,2025-08-01,Delayed,641118,77,SUP1244
O5295,P5043,2026-02-18,430,2026-02-24,2026-02-25,Delayed,1498196,387,
O5296,P7039,2026-04-15,318,2026-04-21,2026-04-22,Delayed,3953325,286,SUP560
O5297,P8154,2025-07-29,265,2025-08-04,2025-08-07,Delivered,3355458,265,SUP8080
O5298,P1411,2026-04-15,445,2026-04-25,2026-04-28,Pending,11452,222,
O5299,P9074,2026-03-11,126,2026-03-16,2026-03-19,Delayed,3648075,113,SUP5724
O5300,P7491,2026-01-21,348,2026-01-29,2026-02-01,Delayed,1321870,313,
O5301,P4480,2026-03-24,278,2026-03-27,2026-03-30,Pending,2454947,139,SUP1273
O5302,P2769,2025-12-01,222,2025-12-08,2025-12-09,Pending,2419057,111,SUP9708
O5303,P4919,2025-07-10,431,2025-07-19,2025-07-24,Delivered,4922586,431,
O5304,P9791,2026-04-18,115,2026-04-25,2026-04-25,Delayed,4425901,104,
O5305,P9349,2025-07-30,47,2025-08-09,2025-08-10,Pending,4741085,24,
O5306,P2151,2026-04-13,446,2026-04-19,2026-04-20,Delayed,97813,401,
O5307,P5918,2026-02-07,153,2026-02-17,2026-02-21,Delayed,1041838,138,
O5308,P9754,2025-10-24,13,2025-10-30,2025-11-03,Delivered,2343944,13,SUP900
O5309,P7037,2025-08-04,469,2025-08-08,2025-08-13,Delivered,4493076,469,SUP2693
O5310,P599,2025-11-26,476,2025-12-03,2025-12-05,Delayed,4756018,428,
O5311,P9128,2025-08-26,438,2025-08-31,2025-09-04,Delayed,1888590,394,
O5312,P4938,2025-06-16,238,2025-06-23,2025-06-25,Delayed,4862284,214,SUP9731
O5313,P8344,2026-05-20,188,2026-05-28,2026-05-28,Delivered,4765779,188,SUP2537
O5314,P4342,2026-02-20,165,2026-02-27,2026-03-03,Pending,2535456,82,SUP8842
O5315,P9691,2025-11-23,167,2025-11-29,2025-12-03,Delivered,1289814,167,SUP2292
O5316,P5998,2026-03-11,111,2026-03-20,2026-03-22,Delayed,3595884,100,SUP2046
O5317,P5747,2025-09-30,382,2025-10-10,2025-10-14,Delayed,3640596,344,
O5318,P7217,2026-01-18,386,2026-01-26,2026-01-31,Delayed,2359677,347,SUP3476
O5319,P7173,2025-07-02,91,2025-07-12,2025-07-14,Pending,4833314,46,
O5320,P979,2025-10-09,321,2025-10-14,2025-10-19,Delivered,1658119,321,
O5321,P1621,2026-01-25,141,2026-01-29,2026-02-03,Delayed,896688,127,
O5322,P1511,2025-07-13,52,2025-07-17,2025-07-17,Pending,1137731,26,
O5323,P8163,2025-09-29,42,2025-10-03,2025-10-05,Delivered,216063,42,
O5324,P2689,2025-12-04,207,2025-12-09,2025-12-10,Delivered,208313,207,
O5325,P6467,2025-10-27,420,2025-11-03,2025-11-07,Delivered,2484865,420,SUP9990
O5326,P4907,2025-11-05,313,2025-11-12,2025-11-13,Delayed,2612461,282,
O5327,P7862,2026-01-11,256,2026-01-15,2026-01-17,Delayed,3897033,230,
O5328,P9142,2026-01-28,209,2026-02-06,2026-02-09,Delivered,2138483,209,SUP9243
O5329,P2401,2026-01-08,76,2026-01-18,2026-01-21,Delayed,260654,68,SUP4563
O5330,P1071,2025-12-04,427,2025-12-09,2025-12-13,Pending,2050825,214,
O5331,P398,2025-10-04,349,2025-10-08,2025-10-10,Pending,1734562,174,SUP3264
O5332,P8142,2026-03-07,163,2026-03-12,2026-03-16,Delayed,1373475,147,
O5333,P3381,2025-06-12,447,2025-06-16,2025-06-21,Delayed,2017613,402,SUP78
O5334,P4597,2025-12-06,495,2025-12-10,2025-12-15,Delivered,4283081,495,SUP7542
O5335,P4075,2025-06-26,469,2025-06-29,2025-07-04,Delayed,1821560,422,
O5336,P4220,2025-08-27,466,2025-08-30,2025-09-01,Delayed,2188881,419,
O5337,P8759,2025-11-09,256,2025-11-15,2025-11-15,Delivered,1389672,256,SUP2694
O5338,P6409,2025-12-31,423,2026-01-05,2026-01-07,Pending,4127787,212,
O5339,P2097,2025-12-24,104,2025-12-30,2025-12-31,Delivered,3512699,104,SUP1592
O5340,P3182,2025-09-18,264,2025-09-23,2025-09-26,Delayed,4716543,238,SUP5422
O5341,P9535,2025-11-23,372,2025-12-02,2025-12-02,Delivered,4035916,372,SUP4331
O5342,P815,2025-10-25,135,2025-11-02,2025-11-04,Delayed,3220850,122,SUP409
O5343,P4723,2025-09-24,350,2025-10-04,2025-10-05,Delivered,2997635,350,
O5344,P7374,2026-05-12,326,2026-05-19,2026-05-24,Pending,3135136,163,
O5345,P2697,2025-12-27,173,2026-01-05,2026-01-06,Delayed,4113305,156,SUP6539
O5346,P6183,2025-12-05,409,2025-12-14,2025-12-16,Delayed,4534607,368,SUP6862
O5347,P6634,2026-03-07,445,2026-03-16,2026-03-17,Pending,2044576,222,
O5348,P512,2025-10-26,48,2025-10-31,2025-11-04,Delayed,1965378,43,
O5349,P8738,2025-11-18,151,2025-11-27,2025-11-27,Pending,3225341,76,SUP385
O5350,P1800,2025-10-02,382,2025-10-08,2025-10-08,Delayed,353143,344,
O5351,P6522,2025-09-25,176,2025-10-02,2025-10-07,Delivered,2129666,176,SUP1851
O5352,P5895,2025-07-11,352,2025-07-16,2025-07-16,Delivered,4900624,352,
O5353,P4101,2025-10-27,484,2025-11-02,2025-11-06,Delivered,4890074,484,SUP7312
O5354,P6241,2025-05-28,201,2025-06-01,2025-06-02,Delivered,380259,201,
O5355,P8528,2025-08-05,448,2025-08-10,2025-08-14,Pending,2835387,224,SUP3354
O5356,P3784,2025-09-08,42,2025-09-12,2025-09-17,Pending,320407,21,
O5357,P513,2025-09-03,179,2025-09-10,2025-09-11,Delayed,564759,161,SUP651
O5358,P4063,2026-04-23,195,2026-04-28,2026-04-30,Pending,218330,98,
O5359,P6820,2026-03-16,305,2026-03-22,2026-03-24,Delivered,502142,305,SUP282
O5360,P405,2025-10-06,487,2025-10-11,2025-10-16,Delivered,493603,487,
O5361,P6782,2026-05-10,199,2026-05-15,2026-05-18,Delayed,4124481,179,SUP7964
O5362,P7780,2026-04-21,267,2026-04-24,2026-04-25,Pending,4058457,134,SUP6936
O5363,P5937,2025-06-16,21,2025-06-25,2025-06-26,Delivered,19044,21,
O5364,P137,2025-08-20,156,2025-08-25,2025-08-26,Delayed,4419580,140,SUP755
O5365,P4338,2025-10-19,300,2025-10-25,2025-10-25,Delivered,1668778,300,
O5366,P596,2026-03-02,278,2026-03-11,2026-03-16,Delayed,1258397,250,SUP4641
O5367,P8580,2025-11-30,435,2025-12-04,2025-12-07,Delivered,3806530,435,SUP1300
O5368,P9332,2026-05-18,22,2026-05-24,2026-05-29,Pending,3493419,11,SUP1951
O5369,P6495,2026-01-06,278,2026-01-11,2026-01-12,Delayed,4938332,250,SUP6271
O5370,P4915,2025-06-07,357,2025-06-16,2025-06-19,Delayed,448090,321,SUP2235
O5371,P6444,2026-04-03,497,2026-04-12,2026-04-16,Delivered,2370065,497,
O5372,P9198,2025-07-21,472,2025-07-29,2025-07-30,Delivered,3985828,472,
O5373,P8195,2026-03-22,13,2026-03-27,2026-03-30,Delivered,73430,13,SUP8180
O5374,P2050,2026-02-19,421,2026-02-25,2026-02-26,Pending,25043,210,
O5375,P2255,2025-11-20,234,2025-11-25,2025-11-30,Pending,573123,117,SUP5105
O5376,P5389,2025-12-04,245,2025-12-07,2025-12-10,Delayed,1661023,220,
O5377,P2725,2026-05-03,62,2026-05-10,2026-05-13,Pending,1008746,31,SUP9803
O5378,P2021,2025-10-02,171,2025-10-11,2025-10-16,Delayed,4909291,154,SUP2878
O5379,P248,2026-03-24,50,2026-03-27,2026-03-28,Delayed,203486,45,
O5380,P8311,2026-04-30,273,2026-05-05,2026-05-07,Delivered,3139506,273,
O5381,P6138,2026-04-21,63,2026-04-28,2026-05-02,Pending,4709560,32,
O5382,P8370,2026-01-19,332,2026-01-28,2026-01-29,Pending,3984542,166,SUP8161
O5383,P1108,2025-10-24,44,2025-11-03,2025-11-03,Delayed,104395,40,SUP5772
O5384,P8636,2026-01-29,470,2026-02-03,2026-02-08,Delivered,2358805,470,
O5385,P4327,2025-10-19,285,2025-10-23,2025-10-23,Delivered,1177622,285,
O5386,P2784,2025-09-03,385,2025-09-07,2025-09-10,Delivered,2986984,385,SUP2436
O5387,P5023,2026-02-26,247,2026-03-01,2026-03-05,Delivered,3698177,247,
O5388,P4037,2025-09-03,237,2025-09-12,2025-09-12,Pending,4118284,118,SUP525
O5389,P8881,2025-07-16,12,2025-07-25,2025-07-27,Pending,3187706,6,SUP9938
O5390,P9101,2025-10-04,471,2025-10-10,2025-10-10,Pending,3970337,236,
O5391,P7478,2025-12-27,470,2026-01-03,2026-01-06,Delivered,2637412,470,
O5392,P7781,2025-11-30,376,2025-12-06,2025-12-10,Delayed,1965253,338,SUP9405
O5393,P2898,2026-03-22,468,2026-03-31,2026-04-04,Delayed,3562414,421,
O5394,P499,2026-02-18,313,2026-02-26,2026-03-01,Delivered,4271577,313,SUP1232
O5395,P2386,2025-07-09,314,2025-07-17,2025-07-20,Delayed,2626653,283,SUP8242
O5396,P6598,2026-04-21,263,2026-04-30,2026-05-02,Delayed,2335267,237,SUP8759
O5397,P2463,2025-08-05,417,2025-08-15,2025-08-19,Delayed,4725351,375,
O5398,P4459,2026-03-25,390,2026-04-04,2026-04-05,Pending,415375,195,SUP328
O5399,P9,2025-06-16,147,2025-06-20,2025-06-23,Delayed,4841793,132,
O5400,P7411,2026-02-08,60,2026-02-12,2026-02-13,Delivered,3555704,60,
O5401,P5688,2025-10-07,243,2025-10-10,2025-10-15,Delayed,4336931,219,SUP3659
O5402,P8125,2025-09-27,88,2025-10-03,2025-10-03,Delayed,3740676,79,SUP8435
O5403,P8064,2025-11-13,447,2025-11-23,2025-11-28,Pending,2406607,224,SUP2707
O5404,P3243,2025-10-05,365,2025-10-11,2025-10-13,Pending,2859618,182,SUP5735
O5405,P7160,2026-05-12,383,2026-05-21,2026-05-23,Pending,2564347,192,SUP1608
O5406,P9367,2026-02-23,421,2026-03-01,2026-03-06,Delivered,2437696,421,
O5407,P7318,2025-10-20,481,2025-10-26,2025-10-28,Delivered,3198875,481,SUP4134
O5408,P7934,2026-03-22,115,2026-03-25,2026-03-25,Pending,4784578,58,SUP2322
O5409,P6956,2025-10-21,321,2025-10-30,2025-10-31,Delivered,2966413,321,
O5410,P9542,2026-02-27,376,2026-03-02,2026-03-05,Delayed,2685973,338,
O5411,P7741,2025-12-13,125,2025-12-22,2025-12-24,Delivered,1649941,125,SUP6655
O5412,P1102,2026-03-05,171,2026-03-15,2026-03-17,Delivered,4897500,171,SUP6486
O5413,P790,2025-08-18,55,2025-08-28,2025-08-28,Delivered,290271,55,
O5414,P4524,2025-07-01,311,2025-07-10,2025-07-11,Delivered,2772005,311,SUP1567
O5415,P2562,2025-08-04,222,2025-08-08,2025-08-09,Delayed,1593841,200,SUP3473
O5416,P2562,2026-04-06,159,2026-04-16,2026-04-16,Pending,1015274,80,SUP3473
O5417,P1624,2025-08-10,157,2025-08-20,2025-08-23,Delayed,4934443,141,SUP8088
O5418,P9769,2026-02-06,375,2026-02-10,2026-02-11,Delivered,4038660,375,SUP681
O5419,P4835,2025-10-22,449,2025-10-31,2025-11-01,Delivered,1516293,449,
O5420,P539,2026-05-23,467,2026-05-30,2026-06-04,Delivered,3516568,467,SUP8862
O5421,P8990,2025-08-10,490,2025-08-13,2025-08-18,Delivered,2168431,490,SUP2636
O5422,P7860,2025-11-22,302,2025-11-28,2025-12-01,Delayed,2149343,272,SUP1786
O5423,P2741,2026-04-07,406,2026-04-13,2026-04-15,Delayed,1677689,365,SUP447
O5424,P7730,2025-12-08,267,2025-12-13,2025-12-15,Pending,753332,134,SUP4552
O5425,P1137,2025-09-07,140,2025-09-14,2025-09-17,Pending,2686509,70,
O5426,P9487,2025-10-04,138,2025-10-09,2025-10-11,Pending,2167330,69,
O5427,P5809,2026-03-08,75,2026-03-16,2026-03-18,Delayed,191899,68,SUP1291
O5428,P2931,2026-03-24,28,2026-04-01,2026-04-02,Delivered,4016810,28,
O5429,P6604,2025-12-23,173,2025-12-26,2025-12-27,Pending,3205231,86,SUP489
O5430,P4308,2026-03-31,103,2026-04-04,2026-04-08,Delayed,1626717,93,SUP7290
O5431,P779,2025-06-12,213,2025-06-22,2025-06-24,Delivered,1674564,213,SUP6622
O5432,P38,2025-06-16,246,2025-06-23,2025-06-23,Delivered,73384,246,SUP8474
O5433,P1164,2025-07-01,28,2025-07-05,2025-07-07,Delayed,4971517,25,SUP8894
O5434,P7130,2025-08-09,368,2025-08-17,2025-08-17,Pending,1632327,184,
O5435,P256,2025-10-24,219,2025-10-27,2025-10-30,Delayed,1767618,197,SUP3764
O5436,P9744,2025-11-07,291,2025-11-17,2025-11-20,Delivered,4627532,291,
O5437,P4759,2025-06-15,326,2025-06-19,2025-06-21,Pending,578338,163,
O5438,P5718,2026-01-24,229,2026-01-27,2026-01-31,Delivered,595704,229,SUP3988
O5439,P215,2026-05-21,234,2026-05-30,2026-06-01,Delivered,1391513,234,SUP1088
O5440,P9585,2026-04-27,177,2026-05-01,2026-05-02,Pending,4797997,88,
O5441,P1097,2026-03-21,394,2026-03-25,2026-03-26,Delivered,554190,394,SUP6673
O5442,P256,2025-10-25,72,2025-11-03,2025-11-04,Delivered,1019987,72,SUP3764
O5443,P2315,2025-08-28,131,2025-09-01,2025-09-04,Pending,1883939,66,
O5444,P8797,2026-02-07,407,2026-02-11,2026-02-15,Delivered,3108189,407,
O5445,P580,2026-01-30,13,2026-02-06,2026-02-10,Delayed,4024907,12,SUP3323
O5446,P5247,2025-12-07,364,2025-12-10,2025-12-12,Delivered,574441,364,SUP2136
O5447,P3386,2026-01-31,253,2026-02-07,2026-02-07,Delivered,4790798,253,SUP7901
O5448,P1742,2026-04-19,382,2026-04-23,2026-04-24,Pending,3316615,191,SUP9774
O5449,P5594,2025-07-11,166,2025-07-21,2025-07-22,Delivered,4161889,166,
O5450,P3362,2026-01-24,348,2026-02-02,2026-02-04,Delivered,3420981,348,SUP318
O5451,P8115,2026-01-17,394,2026-01-26,2026-01-27,Delayed,1289044,355,SUP5381
O5452,P8217,2025-09-11,101,2025-09-17,2025-09-19,Delivered,2120355,101,
O5453,P6069,2026-03-03,154,2026-03-10,2026-03-13,Delayed,4451312,139,
O5454,P8790,2026-04-18,134,2026-04-26,2026-04-29,Delivered,1445396,134,SUP6628
O5455,P1214,2026-05-04,165,2026-05-08,2026-05-10,Delivered,1152785,165,SUP8967
O5456,P5528,2025-07-30,130,2025-08-02,2025-08-06,Delivered,4657880,130,
O5457,P7378,2025-06-06,139,2025-06-13,2025-06-14,Delayed,1556920,125,SUP2015
O5458,P892,2025-07-22,163,2025-07-25,2025-07-29,Delayed,3528412,147,
O5459,P3730,2025-09-21,387,2025-09-27,2025-09-30,Pending,4139901,194,SUP619
O5460,P2726,2025-07-12,155,2025-07-19,2025-07-24,Pending,1838274,78,
O5461,P82,2026-02-24,268,2026-03-03,2026-03-03,Delayed,4066501,241,
O5462,P3200,2026-04-13,442,2026-04-20,2026-04-23,Delivered,3126502,442,SUP5119
O5463,P1315,2025-07-01,313,2025-07-10,2025-07-14,Delivered,2031894,313,SUP3782
O5464,P3381,2025-06-04,461,2025-06-07,2025-06-10,Delayed,3886371,415,SUP78
O5465,P1934,2025-08-14,355,2025-08-19,2025-08-19,Delayed,927046,320,SUP2222
O5466,P1867,2025-09-01,192,2025-09-10,2025-09-15,Delivered,2498016,192,SUP4152
O5467,P4798,2025-10-12,432,2025-10-19,2025-10-20,Delivered,306939,432,SUP8990
O5468,P8212,2025-09-12,155,2025-09-18,2025-09-19,Delivered,1365725,155,SUP1159
O5469,P2428,2026-04-06,26,2026-04-12,2026-04-12,Delivered,3075481,26,
O5470,P1145,2025-08-19,95,2025-08-28,2025-08-29,Delivered,461468,95,
O5471,P4025,2026-04-28,331,2026-05-07,2026-05-07,Delayed,4050467,298,
O5472,P7148,2025-09-15,390,2025-09-19,2025-09-19,Delayed,965072,351,SUP2829
O5473,P4425,2025-07-24,465,2025-08-01,2025-08-03,Delivered,1611274,465,
O5474,P1965,2026-03-18,441,2026-03-22,2026-03-25,Pending,2193757,220,
O5475,P6040,2025-09-13,115,2025-09-17,2025-09-19,Delayed,3080684,104,SUP1017
O5476,P4217,2026-03-09,207,2026-03-19,2026-03-24,Delayed,298968,186,SUP2683
O5477,P3268,2025-07-29,224,2025-08-01,2025-08-05,Delayed,2030688,202,
O5478,P7811,2026-05-14,219,2026-05-20,2026-05-24,Delivered,2577044,219,
O5479,P7376,2025-11-10,276,2025-11-15,2025-11-20,Delivered,4530241,276,SUP8918
O5480,P5163,2025-09-03,192,2025-09-10,2025-09-13,Pending,4035679,96,SUP2227
O5481,P2827,2026-02-28,68,2026-03-04,2026-03-05,Delayed,4206326,61,SUP96
O5482,P515,2025-10-15,75,2025-10-25,2025-10-27,Delivered,4487234,75,
O5483,P6727,2026-02-08,379,2026-02-13,2026-02-18,Delivered,3262577,379,
O5484,P7646,2026-04-30,216,2026-05-09,2026-05-14,Delivered,251883,216,SUP3474
O5485,P7248,2025-09-04,293,2025-09-08,2025-09-09,Delayed,4279371,264,
O5486,P6121,2026-03-13,149,2026-03-23,2026-03-23,Delayed,120109,134,
O5487,P8897,2025-09-14,67,2025-09-17,2025-09-22,Delayed,1804575,60,SUP4041
O5488,P7371,2026-02-04,392,2026-02-08,2026-02-12,Delivered,1325906,392,
O5489,P4861,2025-06-08,312,2025-06-11,2025-06-16,Pending,1867651,156,SUP5945
O5490,P8981,2025-08-11,248,2025-08-16,2025-08-20,Delayed,3088782,223,SUP2025
O5491,P6080,2025-11-20,280,2025-11-23,2025-11-24,Delivered,3227305,280,
O5492,P9109,2025-10-22,310,2025-10-29,2025-11-01,Delivered,3935278,310,SUP800
O5493,P4987,2026-03-11,109,2026-03-16,2026-03-18,Delivered,4902487,109,SUP3505
O5494,P8524,2025-12-10,51,2025-12-13,2025-12-16,Delivered,3166562,51,
O5495,P5117,2025-11-21,340,2025-11-25,2025-11-26,Pending,3241854,170,
O5496,P3242,2025-06-02,312,2025-06-09,2025-06-14,Pending,16842,156,SUP4199
O5497,P9218,2026-04-01,242,2026-04-05,2026-04-07,Pending,4131820,121,SUP2837
O5498,P1874,2026-05-10,87,2026-05-20,2026-05-23,Pending,4773430,44,
O5499,P9261,2026-02-18,165,2026-02-26,2026-03-02,Delivered,199871,165,SUP3047
O5500,P6035,2025-11-07,319,2025-11-15,2025-11-17,Pending,3322713,160,SUP4804
O5501,P836,2026-05-04,321,2026-05-08,2026-05-10,Delivered,1663220,321,SUP1616
O5502,P5029,2026-04-02,150,2026-04-12,2026-04-15,Delayed,1125900,135,
O5503,P9360,2026-03-30,362,2026-04-03,2026-04-08,Pending,1601145,181,
O5504,P2200,2025-10-18,454,2025-10-26,2025-10-27,Pending,397875,227,SUP4539
O5505,P6049,2026-04-13,106,2026-04-17,2026-04-22,Delivered,3956988,106,
O5506,P7161,2025-12-11,471,2025-12-18,2025-12-23,Pending,2321947,236,SUP5144
O5507,P5696,2026-01-06,174,2026-01-12,2026-01-13,Delivered,128905,174,SUP6840
O5508,P1934,2026-01-16,130,2026-01-21,2026-01-26,Delivered,4789390,130,SUP2222
O5509,P5553,2026-01-29,499,2026-02-02,2026-02-06,Delayed,1777766,449,SUP835
O5510,P2315,2025-06-08,353,2025-06-16,2025-06-16,Pending,3082287,176,
O5511,P7409,2025-09-05,285,2025-09-13,2025-09-14,Pending,872959,142,
O5512,P4400,2026-02-19,180,2026-03-01,2026-03-06,Delivered,2074549,180,SUP189
O5513,P7353,2026-03-26,184,2026-04-03,2026-04-06,Delivered,1570501,184,SUP369
O5514,P8173,2026-02-02,157,2026-02-10,2026-02-10,Delayed,4966598,141,SUP5449
O5515,P9215,2025-06-04,186,2025-06-07,2025-06-09,Delivered,3040852,186,
O5516,P4388,2025-07-13,388,2025-07-22,2025-07-22,Delayed,1085942,349,
O5517,P3321,2025-09-01,489,2025-09-06,2025-09-11,Pending,3312750,244,SUP9412
O5518,P6682,2026-04-15,178,2026-04-18,2026-04-19,Delivered,1160464,178,
O5519,P2522,2026-02-07,238,2026-02-12,2026-02-13,Pending,2557238,119,SUP753
O5520,P4908,2026-01-25,346,2026-02-02,2026-02-05,Pending,1145896,173,SUP7202
O5521,P8717,2025-07-24,25,2025-08-01,2025-08-03,Pending,2718588,12,SUP1483
O5522,P9537,2025-09-10,86,2025-09-19,2025-09-21,Delivered,3399099,86,SUP6419
O5523,P6993,2026-05-13,444,2026-05-20,2026-05-22,Delivered,4842488,444,SUP2328
O5524,P6806,2025-11-07,372,2025-11-11,2025-11-13,Pending,273709,186,SUP8036
O5525,P7419,2026-04-24,473,2026-04-30,2026-05-04,Pending,1795107,236,SUP8346
O5526,P7075,2026-01-22,42,2026-01-27,2026-01-31,Delivered,4447816,42,SUP4619
O5527,P6895,2026-03-11,16,2026-03-19,2026-03-24,Delivered,1284723,16,SUP2689
O5528,P1612,2025-09-08,314,2025-09-17,2025-09-19,Pending,637437,157,
O5529,P2581,2026-02-03,375,2026-02-10,2026-02-10,Delayed,3426511,338,
O5530,P215,2025-08-29,438,2025-09-01,2025-09-02,Pending,661651,219,SUP1088
O5531,P6174,2026-01-05,101,2026-01-11,2026-01-14,Pending,3720375,50,SUP4743
O5532,P5547,2026-02-23,400,2026-03-04,2026-03-05,Delayed,524528,360,SUP4049
O5533,P9951,2026-05-13,250,2026-05-23,2026-05-27,Pending,1195682,125,
O5534,P5210,2026-05-12,93,2026-05-15,2026-05-20,Pending,1061501,46,SUP8581
O5535,P3930,2025-07-05,215,2025-07-15,2025-07-19,Delayed,263921,194,SUP6198
O5536,P6503,2025-11-18,71,2025-11-25,2025-11-29,Delivered,976088,71,SUP5171
O5537,P5237,2025-08-07,246,2025-08-12,2025-08-17,Delayed,3571062,221,SUP6636
O5538,P4557,2025-07-21,358,2025-07-29,2025-07-29,Pending,1257280,179,SUP1869
O5539,P3455,2026-03-14,432,2026-03-18,2026-03-22,Delivered,2919197,432,
O5540,P539,2026-01-29,39,2026-02-05,2026-02-07,Delivered,1562149,39,SUP8862
O5541,P9909,2026-03-01,454,2026-03-04,2026-03-05,Delayed,3681504,409,SUP432
O5542,P7457,2025-11-16,306,2025-11-20,2025-11-25,Delayed,2631899,275,SUP4507
O5543,P3638,2026-03-21,319,2026-03-29,2026-03-30,Delayed,586204,287,SUP4101
O5544,P7880,2025-09-26,23,2025-10-04,2025-10-05,Delayed,4834205,21,SUP1809
O5545,P6361,2026-05-19,466,2026-05-22,2026-05-24,Delayed,4310033,419,
O5546,P8680,2025-06-10,396,2025-06-17,2025-06-20,Pending,3347798,198,SUP9789
O5547,P4153,2026-05-12,15,2026-05-15,2026-05-17,Delayed,253140,14,SUP145
O5548,P52,2025-10-05,109,2025-10-11,2025-10-11,Delivered,2290007,109,SUP2782
O5549,P868,2026-01-04,70,2026-01-14,2026-01-19,Pending,102613,35,SUP2156
O5550,P9195,2026-01-10,185,2026-01-17,2026-01-18,Delivered,1811763,185,
O5551,P7780,2026-02-25,89,2026-03-03,2026-03-05,Delayed,46330,80,SUP6936
O5552,P6210,2025-06-10,262,2025-06-14,2025-06-19,Delayed,78612,236,SUP3454
O5553,P3599,2025-07-26,149,2025-07-29,2025-08-03,Delivered,3861955,149,
O5554,P6552,2025-09-04,289,2025-09-10,2025-09-10,Delayed,4279475,260,
O5555,P6407,2025-06-01,244,2025-06-04,2025-06-09,Delivered,3838404,244,SUP2587
O5556,P8780,2026-04-16,226,2026-04-26,2026-04-30,Delivered,3381334,226,SUP3492
O5557,P5200,2025-11-17,305,2025-11-20,2025-11-25,Pending,2800603,152,SUP4583
O5558,P553,2025-06-12,282,2025-06-15,2025-06-20,Delayed,3548657,254,SUP9120
O5559,P7794,2025-08-13,154,2025-08-21,2025-08-25,Pending,1126007,77,
O5560,P1407,2025-12-22,428,2025-12-27,2025-12-29,Pending,2509159,214,
O5561,P7916,2026-01-08,270,2026-01-18,2026-01-22,Delayed,191398,243,SUP5608
O5562,P6166,2025-11-20,261,2025-11-30,2025-12-03,Delayed,2801248,235,SUP2099
O5563,P5926,2025-07-10,386,2025-07-20,2025-07-25,Pending,1801159,193,SUP2038
O5564,P2877,2025-12-24,469,2026-01-03,2026-01-07,Delivered,600167,469,
O5565,P3835,2026-01-13,308,2026-01-18,2026-01-19,Delivered,169852,308,SUP3381
O5566,P4232,2026-02-26,113,2026-03-03,2026-03-07,Delayed,1672474,102,SUP5012
O5567,P5899,2026-03-19,464,2026-03-23,2026-03-27,Delivered,3490619,464,SUP5560
O5568,P1506,2025-06-29,130,2025-07-06,2025-07-07,Delivered,4965736,130,SUP1969
O5569,P8124,2026-01-06,364,2026-01-13,2026-01-16,Pending,4086689,182,
O5570,P6439,2026-04-29,500,2026-05-02,2026-05-04,Delivered,1999272,500,SUP876
O5571,P3935,2025-08-05,424,2025-08-15,2025-08-17,Delivered,522528,424,SUP8422
O5572,P1310,2025-07-05,333,2025-07-15,2025-07-17,Delayed,3199992,300,SUP56
O5573,P5774,2025-06-01,374,2025-06-04,2025-06-04,Pending,87523,187,
O5574,P8020,2025-07-29,241,2025-08-01,2025-08-06,Delayed,4443674,217,SUP3955
O5575,P7338,2026-04-12,181,2026-04-16,2026-04-16,Pending,4747792,90,SUP8331
O5576,P7837,2025-07-24,198,2025-07-30,2025-07-30,Pending,4292330,99,
O5577,P27,2026-03-03,54,2026-03-07,2026-03-07,Pending,1320561,27,SUP3073
O5578,P844,2025-07-20,82,2025-07-23,2025-07-26,Pending,2976191,41,
O5579,P9611,2025-09-07,477,2025-09-13,2025-09-17,Delivered,1854249,477,SUP6107
O5580,P5702,2026-03-17,98,2026-03-27,2026-03-28,Delivered,2339022,98,
O5581,P4220,2025-10-17,47,2025-10-24,2025-10-24,Delayed,52888,42,
O5582,P4533,2026-02-21,224,2026-02-28,2026-03-02,Delivered,2588188,224,SUP4301
O5583,P8955,2025-09-05,17,2025-09-12,2025-09-14,Pending,3165053,8,SUP9051
O5584,P7044,2025-07-04,412,2025-07-09,2025-07-12,Delivered,4817162,412,SUP3757
O5585,P5439,2025-07-09,19,2025-07-17,2025-07-18,Pending,1330198,10,SUP5539
O5586,P7013,2025-12-22,207,2025-12-30,2026-01-02,Pending,4939517,104,SUP6606
O5587,P174,2025-09-02,466,2025-09-06,2025-09-06,Delayed,4411311,419,SUP1130
O5588,P2855,2026-05-17,306,2026-05-25,2026-05-29,Pending,2537538,153,SUP9793
O5589,P6976,2025-06-02,352,2025-06-06,2025-06-11,Delivered,4694574,352,SUP2419
O5590,P4884,2025-06-04,276,2025-06-13,2025-06-13,Delivered,1870281,276,SUP2832
O5591,P310,2025-06-18,37,2025-06-24,2025-06-28,Pending,3633631,18,SUP6960
O5592,P191,2025-07-17,309,2025-07-22,2025-07-26,Delayed,4677436,278,SUP4183
O5593,P9729,2025-09-12,33,2025-09-16,2025-09-16,Pending,2004983,16,
O5594,P7908,2025-07-14,429,2025-07-17,2025-07-18,Delayed,2876932,386,SUP9425
O5595,P9442,2025-05-29,256,2025-06-06,2025-06-07,Pending,1653719,128,SUP1031
O5596,P865,2026-01-24,175,2026-01-31,2026-02-05,Delivered,2066291,175,
O5597,P2893,2025-07-30,138,2025-08-07,2025-08-10,Delivered,1806163,138,
O5598,P5245,2026-02-18,495,2026-02-25,2026-02-25,Delayed,1922944,446,
O5599,P6612,2025-08-29,218,2025-09-07,2025-09-08,Delivered,4423912,218,SUP2867
O5600,P7448,2025-09-17,190,2025-09-20,2025-09-20,Delivered,1595626,190,SUP6005
O5601,P1102,2026-05-08,44,2026-05-12,2026-05-14,Pending,2876072,22,SUP6486
O5602,P1612,2026-03-16,500,2026-03-24,2026-03-24,Delayed,339275,450,
O5603,P34,2026-04-21,356,2026-05-01,2026-05-02,Delivered,708520,356,
O5604,P8979,2026-03-24,326,2026-03-27,2026-03-28,Delivered,4536011,326,
O5605,P5140,2026-02-16,34,2026-02-22,2026-02-22,Delayed,3784477,31,SUP9543
O5606,P5226,2025-08-19,55,2025-08-22,2025-08-23,Pending,566063,28,
O5607,P6369,2025-12-03,290,2025-12-11,2025-12-15,Delivered,4707098,290,
O5608,P8180,2025-11-04,379,2025-11-09,2025-11-14,Delivered,1995125,379,SUP454
O5609,P8682,2025-10-06,450,2025-10-11,2025-10-14,Delivered,4036341,450,
O5610,P2763,2025-07-11,285,2025-07-20,2025-07-25,Pending,2682709,142,SUP6286
O5611,P2013,2026-05-05,216,2026-05-09,2026-05-09,Delayed,3328399,194,SUP6342
O5612,P4143,2025-07-19,388,2025-07-24,2025-07-28,Delivered,4386596,388,SUP7144
O5613,P6503,2025-05-31,304,2025-06-04,2025-06-09,Pending,3036145,152,SUP5171
O5614,P6281,2025-11-08,440,2025-11-11,2025-11-16,Pending,602642,220,
O5615,P3762,2025-10-23,86,2025-10-26,2025-10-30,Delivered,1847572,86,
O5616,P7724,2025-10-01,135,2025-10-06,2025-10-06,Delayed,1503823,122,
O5617,P73,2026-01-18,178,2026-01-24,2026-01-27,Delayed,2976285,160,SUP4361
O5618,P1907,2025-06-07,246,2025-06-16,2025-06-18,Delivered,1157536,246,SUP2583
O5619,P5910,2026-01-21,260,2026-01-24,2026-01-29,Delivered,1779249,260,SUP9116
O5620,P2703,2026-02-16,56,2026-02-24,2026-02-27,Delayed,3352426,50,SUP3465
O5621,P8116,2025-12-03,425,2025-12-08,2025-12-08,Delayed,1426953,382,
O5622,P4934,2025-12-14,470,2025-12-22,2025-12-22,Pending,1489524,235,
O5623,P6626,2026-03-15,324,2026-03-19,2026-03-20,Pending,2750274,162,SUP4243
O5624,P6662,2025-12-11,64,2025-12-20,2025-12-20,Delayed,708220,58,SUP7169
O5625,P9181,2025-09-27,46,2025-09-30,2025-10-05,Delivered,327393,46,
O5626,P3823,2026-04-09,340,2026-04-19,2026-04-24,Delayed,2303081,306,SUP6846
O5627,P3834,2026-03-08,153,2026-03-13,2026-03-17,Delayed,1570834,138,SUP7015
O5628,P3174,2025-09-11,496,2025-09-16,2025-09-16,Delivered,4670604,496,SUP8860
O5629,P1320,2025-12-11,302,2025-12-20,2025-12-23,Delivered,318483,302,SUP9688
O5630,P8921,2026-04-24,329,2026-04-30,2026-04-30,Delivered,1464735,329,SUP4837
O5631,P6353,2026-05-17,413,2026-05-26,2026-05-30,Delivered,3459326,413,SUP8895
O5632,P4624,2026-05-27,305,2026-06-01,2026-06-01,Pending,1131416,152,SUP1868
O5633,P6613,2025-07-12,386,2025-07-21,2025-07-25,Delivered,3233236,386,SUP4975
O5634,P2134,2025-12-23,392,2026-01-01,2026-01-05,Delivered,1863353,392,SUP6293
O5635,P6364,2025-09-13,145,2025-09-17,2025-09-17,Delivered,1671330,145,SUP2215
O5636,P445,2025-09-26,14,2025-10-04,2025-10-05,Delivered,3192865,14,SUP9943
O5637,P2193,2026-04-03,286,2026-04-08,2026-04-13,Delivered,3768853,286,SUP8068
O5638,P7383,2025-11-18,231,2025-11-22,2025-11-27,Pending,1696663,116,
O5639,P5675,2026-05-19,172,2026-05-24,2026-05-28,Pending,132178,86,SUP431
O5640,P9034,2026-03-27,364,2026-03-30,2026-04-03,Delayed,1773724,328,SUP1780
O5641,P2768,2025-10-30,152,2025-11-04,2025-11-05,Pending,923590,76,SUP4249
O5642,P2780,2026-02-21,494,2026-03-02,2026-03-03,Delivered,1455225,494,SUP1069
O5643,P638,2026-04-06,169,2026-04-11,2026-04-16,Delayed,1371137,152,SUP1289
O5644,P1956,2025-07-10,162,2025-07-20,2025-07-20,Pending,1955338,81,
O5645,P1142,2026-01-01,71,2026-01-11,2026-01-11,Delivered,3894204,71,SUP1072
O5646,P4707,2025-10-12,189,2025-10-21,2025-10-24,Pending,538137,94,SUP6643
O5647,P5652,2025-06-18,401,2025-06-22,2025-06-25,Delivered,2755860,401,SUP526
O5648,P1529,2026-04-08,388,2026-04-18,2026-04-20,Delayed,3255286,349,
O5649,P4002,2026-04-02,142,2026-04-09,2026-04-14,Delivered,63796,142,
O5650,P2569,2026-02-03,176,2026-02-10,2026-02-13,Delayed,2377643,158,SUP6766
O5651,P3359,2025-09-18,263,2025-09-27,2025-09-30,Delayed,655088,237,SUP5326
O5652,P1380,2026-04-15,51,2026-04-20,2026-04-20,Delivered,1859210,51,
O5653,P6053,2025-07-09,402,2025-07-17,2025-07-22,Delayed,3541658,362,SUP5006
O5654,P3325,2026-01-18,458,2026-01-21,2026-01-22,Delayed,3115107,412,
O5655,P8101,2025-05-30,277,2025-06-02,2025-06-07,Pending,4781224,138,SUP1966
O5656,P4070,2026-03-09,27,2026-03-15,2026-03-17,Delivered,1480622,27,
O5657,P3545,2025-06-13,435,2025-06-18,2025-06-21,Pending,2252191,218,
O5658,P6532,2025-11-19,402,2025-11-24,2025-11-24,Delivered,4149058,402,SUP1074
O5659,P8460,2025-08-10,176,2025-08-17,2025-08-19,Delayed,1285956,158,SUP5425
O5660,P9286,2025-10-07,217,2025-10-11,2025-10-11,Pending,4220255,108,SUP7479
O5661,P1534,2026-01-13,435,2026-01-16,2026-01-19,Delivered,1120994,435,SUP113
O5662,P4047,2025-08-21,180,2025-08-27,2025-08-29,Delivered,3858002,180,SUP2097
O5663,P390,2025-07-05,206,2025-07-14,2025-07-15,Pending,4924417,103,SUP3284
O5664,P185,2025-07-16,148,2025-07-21,2025-07-24,Delivered,909748,148,
O5665,P2425,2025-08-30,290,2025-09-07,2025-09-08,Delayed,3224506,261,
O5666,P7274,2025-08-09,259,2025-08-16,2025-08-20,Pending,2520446,130,SUP3318
O5667,P9116,2025-09-01,232,2025-09-10,2025-09-11,Pending,1034043,116,SUP4419
O5668,P5245,2025-12-14,358,2025-12-23,2025-12-25,Delayed,3387523,322,
O5669,P1300,2026-02-16,411,2026-02-22,2026-02-25,Delivered,3411480,411,SUP6319
O5670,P4818,2025-12-22,341,2025-12-26,2025-12-26,Delivered,2044406,341,SUP2054
O5671,P5525,2026-04-22,454,2026-04-29,2026-05-02,Delivered,2124701,454,
O5672,P2,2026-03-05,173,2026-03-08,2026-03-11,Delayed,2766066,156,SUP6057
O5673,P5803,2026-05-19,338,2026-05-22,2026-05-25,Delayed,767136,304,SUP6312
O5674,P1827,2026-01-14,268,2026-01-21,2026-01-21,Delivered,694815,268,SUP893
O5675,P9181,2026-05-09,178,2026-05-16,2026-05-18,Delayed,2157697,160,
O5676,P9219,2026-04-09,277,2026-04-14,2026-04-14,Delivered,3915427,277,SUP9196
O5677,P3820,2025-06-11,254,2025-06-16,2025-06-19,Pending,4173901,127,SUP2673
O5678,P388,2025-07-09,341,2025-07-14,2025-07-16,Delivered,1901687,341,
O5679,P9980,2026-03-12,221,2026-03-16,2026-03-19,Delivered,28935,221,SUP8327
O5680,P628,2026-02-23,165,2026-02-28,2026-03-01,Delivered,1037140,165,
O5681,P9405,2025-10-04,437,2025-10-07,2025-10-11,Pending,234335,218,SUP2989
O5682,P4200,2025-10-05,203,2025-10-15,2025-10-19,Delayed,4811058,183,SUP2512
O5683,P2715,2026-03-04,312,2026-03-13,2026-03-14,Delivered,4272970,312,
O5684,P8213,2025-09-26,337,2025-10-03,2025-10-03,Pending,486075,168,
O5685,P1689,2025-12-19,11,2025-12-26,2025-12-30,Delivered,2412312,11,
O5686,P8349,2025-08-16,44,2025-08-25,2025-08-25,Pending,2293510,22,
O5687,P319,2025-08-08,64,2025-08-16,2025-08-20,Delivered,32712,64,
O5688,P1064,2026-04-12,88,2026-04-18,2026-04-21,Delivered,4974737,88,SUP907
O5689,P3737,2025-08-24,57,2025-09-01,2025-09-02,Pending,2268112,28,SUP1140
O5690,P4665,2026-01-22,487,2026-01-25,2026-01-26,Delivered,2113303,487,SUP4369
O5691,P2301,2025-06-13,286,2025-06-19,2025-06-23,Delivered,877758,286,SUP6372
O5692,P3110,2025-06-21,88,2025-07-01,2025-07-01,Delayed,404134,79,SUP1765
O5693,P5521,2025-11-04,175,2025-11-09,2025-11-14,Delayed,1061407,158,SUP9753
O5694,P5446,2026-03-14,189,2026-03-21,2026-03-24,Delivered,1710299,189,SUP5287
O5695,P9763,2026-02-07,195,2026-02-14,2026-02-18,Delivered,4243889,195,SUP7568
O5696,P7047,2025-11-07,155,2025-11-10,2025-11-10,Pending,45654,78,SUP3254
O5697,P5896,2026-05-19,380,2026-05-27,2026-05-27,Delayed,4148243,342,
O5698,P1001,2025-07-16,260,2025-07-26,2025-07-31,Delayed,4264363,234,SUP617
O5699,P4339,2025-10-06,30,2025-10-15,2025-10-15,Pending,2685432,15,SUP1856
O5700,P9408,2025-09-10,24,2025-09-14,2025-09-19,Delivered,3623274,24,
O5701,P2679,2026-02-20,446,2026-03-02,2026-03-05,Pending,2188796,223,
O5702,P5098,2026-04-22,221,2026-05-02,2026-05-02,Pending,2644665,110,
O5703,P5080,2025-08-07,372,2025-08-12,2025-08-17,Delayed,1262958,335,SUP520
O5704,P3953,2025-08-18,442,2025-08-28,2025-08-31,Pending,2470793,221,SUP6269
O5705,P7826,2026-02-07,73,2026-02-13,2026-02-16,Pending,1273281,36,SUP557
O5706,P3106,2026-04-20,250,2026-04-24,2026-04-28,Delayed,4146460,225,SUP6529
O5707,P651,2026-04-01,190,2026-04-11,2026-04-16,Delayed,307328,171,SUP4161
O5708,P774,2025-12-19,49,2025-12-26,2025-12-28,Delivered,292589,49,SUP3585
O5709,P1145,2026-05-03,64,2026-05-11,2026-05-11,Pending,1150880,32,
O5710,P6293,2026-02-07,377,2026-02-15,2026-02-19,Pending,2464495,188,SUP3891
O5711,P8225,2025-11-17,302,2025-11-25,2025-11-30,Pending,522999,151,
O5712,P137,2025-11-08,406,2025-11-13,2025-11-15,Delivered,1207326,406,SUP755
O5713,P5545,2026-01-17,24,2026-01-24,2026-01-26,Delayed,4629877,22,
O5714,P1843,2025-10-30,42,2025-11-02,2025-11-05,Delayed,284714,38,
O5715,P8751,2025-08-24,10,2025-09-01,2025-09-01,Pending,2157748,5,SUP5112
O5716,P4437,2026-01-13,373,2026-01-23,2026-01-28,Delivered,4290494,373,
O5717,P6273,2025-10-01,225,2025-10-10,2025-10-12,Pending,3904519,112,
O5718,P4555,2026-01-06,301,2026-01-10,2026-01-11,Delayed,2592170,271,SUP1513
O5719,P8837,2025-12-03,85,2025-12-09,2025-12-09,Delayed,485033,76,
O5720,P9371,2026-04-20,278,2026-04-28,2026-04-30,Delivered,3319302,278,SUP420
O5721,P7568,2025-05-28,88,2025-06-01,2025-06-06,Pending,4099521,44,SUP5973
O5722,P4500,2025-12-22,429,2025-12-25,2025-12-27,Pending,3238824,214,SUP6742
O5723,P7422,2025-07-30,378,2025-08-07,2025-08-09,Delivered,2794587,378,SUP1837
O5724,P3408,2025-12-07,252,2025-12-16,2025-12-20,Pending,2585322,126,SUP2079
O5725,P2872,2025-07-01,52,2025-07-11,2025-07-15,Delayed,4813036,47,
O5726,P5844,2026-04-26,137,2026-05-02,2026-05-04,Delayed,1997296,123,SUP4864
O5727,P8011,2025-12-17,367,2025-12-20,2025-12-23,Delayed,67872,330,SUP4764
O5728,P7620,2025-12-16,65,2025-12-24,2025-12-29,Pending,4782831,32,SUP9916
O5729,P7680,2025-12-09,381,2025-12-12,2025-12-17,Delivered,3379181,381,
O5730,P5021,2026-05-02,332,2026-05-11,2026-05-12,Pending,4874483,166,SUP7698
O5731,P5909,2025-09-29,227,2025-10-06,2025-10-07,Pending,187900,114,
O5732,P8110,2025-12-10,237,2025-12-15,2025-12-17,Delivered,3214615,237,SUP6131
O5733,P8577,2025-11-27,284,2025-12-07,2025-12-07,Delivered,3226270,284,SUP8788
O5734,P7453,2025-10-10,10,2025-10-19,2025-10-22,Delivered,1881789,10,
O5735,P6068,2026-02-15,194,2026-02-18,2026-02-22,Pending,2366888,97,SUP3779
O5736,P8998,2025-12-03,21,2025-12-12,2025-12-15,Delivered,2518503,21,
O5737,P1468,2025-08-14,224,2025-08-17,2025-08-18,Delivered,1455436,224,
O5738,P8160,2025-06-22,213,2025-06-30,2025-07-02,Delayed,2923238,192,SUP6678
O5739,P7990,2026-03-11,49,2026-03-18,2026-03-20,Pending,389054,24,SUP1501
O5740,P9980,2025-08-27,304,2025-08-31,2025-09-03,Delayed,2407467,274,SUP8327
O5741,P3465,2026-05-18,415,2026-05-24,2026-05-25,Delivered,3369907,415,SUP787
O5742,P2639,2025-09-30,81,2025-10-07,2025-10-08,Pending,4932190,40,SUP3872
O5743,P3001,2026-02-11,386,2026-02-16,2026-02-20,Pending,1244755,193,SUP9781
O5744,P851,2026-03-17,267,2026-03-22,2026-03-24,Delivered,3457591,267,SUP2231
O5745,P2074,2026-05-05,328,2026-05-10,2026-05-11,Pending,4658209,164,SUP5534
O5746,P3738,2025-11-07,356,2025-11-16,2025-11-18,Pending,4763645,178,
O5747,P5970,2026-01-02,144,2026-01-08,2026-01-12,Delivered,568941,144,
O5748,P3408,2025-12-23,463,2025-12-28,2025-12-29,Delayed,4363634,417,SUP2079
O5749,P3337,2026-04-21,336,2026-04-27,2026-04-27,Delayed,1694654,302,
O5750,P9467,2026-02-04,152,2026-02-12,2026-02-15,Delayed,664845,137,
O5751,P6679,2026-02-16,450,2026-02-24,2026-02-28,Delayed,2155162,405,SUP4561
O5752,P5601,2025-08-25,30,2025-09-02,2025-09-04,Pending,3294927,15,
O5753,P2588,2025-08-25,443,2025-09-01,2025-09-03,Delayed,337745,399,SUP1448
O5754,P7901,2025-06-11,128,2025-06-15,2025-06-18,Delayed,4375950,115,SUP2841
O5755,P9257,2026-05-27,402,2026-05-31,2026-06-05,Delayed,4613891,362,SUP4336
O5756,P4994,2025-09-12,414,2025-09-20,2025-09-24,Delayed,700519,373,SUP9430
O5757,P1145,2026-04-03,318,2026-04-13,2026-04-14,Pending,3171867,159,
O5758,P749,2025-08-16,332,2025-08-25,2025-08-30,Pending,2119590,166,SUP858
O5759,P9118,2025-08-14,242,2025-08-17,2025-08-18,Delayed,4676176,218,
O5760,P4417,2026-02-02,441,2026-02-10,2026-02-14,Pending,3815748,220,SUP3840
O5761,P9697,2025-11-21,434,2025-11-30,2025-12-03,Delayed,4698953,391,SUP2722
O5762,P2971,2025-11-17,30,2025-11-27,2025-11-29,Delayed,4266520,27,SUP2228
O5763,P5197,2025-11-28,471,2025-12-04,2025-12-08,Delivered,4371763,471,SUP273
O5764,P2606,2025-10-28,78,2025-11-07,2025-11-09,Pending,974607,39,SUP973
O5765,P4841,2025-12-25,321,2026-01-01,2026-01-06,Delivered,255843,321,SUP6476
O5766,P4501,2025-12-28,359,2026-01-03,2026-01-08,Delivered,3096808,359,SUP6908
O5767,P2895,2025-07-10,174,2025-07-14,2025-07-14,Delivered,3945626,174,
O5768,P1422,2025-05-30,178,2025-06-02,2025-06-03,Delivered,791334,178,SUP7079
O5769,P8214,2025-11-11,497,2025-11-21,2025-11-23,Delivered,2006336,497,SUP8453
O5770,P9595,2026-01-21,103,2026-01-28,2026-01-29,Pending,461417,52,
O5771,P9540,2025-09-15,235,2025-09-20,2025-09-23,Delayed,726357,212,
O5772,P6831,2026-05-01,370,2026-05-08,2026-05-08,Delivered,4795538,370,SUP9609
O5773,P2954,2025-11-28,101,2025-12-08,2025-12-08,Pending,763617,50,SUP1052
O5774,P3551,2025-11-15,123,2025-11-23,2025-11-27,Pending,837880,62,
O5775,P8802,2025-09-19,353,2025-09-26,2025-09-28,Delayed,4824681,318,
O5776,P4777,2026-04-29,492,2026-05-09,2026-05-11,Delayed,1243648,443,SUP8248
O5777,P766,2025-10-21,57,2025-10-28,2025-11-02,Delayed,4619432,51,
O5778,P4025,2025-07-16,397,2025-07-24,2025-07-26,Delayed,2080369,357,
O5779,P6796,2025-08-04,295,2025-08-10,2025-08-11,Delivered,3339017,295,
O5780,P6126,2026-04-16,485,2026-04-26,2026-04-30,Delayed,3824123,436,SUP1679
O5781,P4171,2026-03-24,154,2026-03-29,2026-03-31,Pending,2871848,77,SUP7038
O5782,P9816,2025-08-15,104,2025-08-19,2025-08-24,Delayed,1492020,94,
O5783,P5570,2025-06-28,306,2025-07-06,2025-07-09,Delivered,3489948,306,SUP9327
O5784,P7551,2026-02-19,95,2026-02-24,2026-02-28,Pending,4564211,48,SUP6425
O5785,P346,2025-08-26,125,2025-08-30,2025-09-03,Delivered,1877065,125,
O5786,P3561,2026-01-10,449,2026-01-15,2026-01-18,Pending,4889571,224,SUP2831
O5787,P3172,2025-09-27,237,2025-10-07,2025-10-07,Delayed,4931318,213,
O5788,P1503,2026-05-15,307,2026-05-25,2026-05-27,Delivered,1091299,307,
O5789,P1311,2025-07-24,449,2025-08-02,2025-08-03,Delayed,3613949,404,SUP9361
O5790,P9073,2026-01-30,69,2026-02-03,2026-02-04,Delayed,1093850,62,SUP1520
O5791,P4852,2025-09-21,301,2025-09-26,2025-09-29,Pending,4521366,150,SUP6584
O5792,P5036,2026-02-08,174,2026-02-18,2026-02-19,Delayed,1254375,157,SUP1819
O5793,P1258,2025-12-14,114,2025-12-22,2025-12-25,Delivered,4069067,114,
O5794,P5008,2025-11-06,405,2025-11-16,2025-11-16,Pending,1364735,202,
O5795,P3621,2025-05-30,208,2025-06-09,2025-06-10,Delivered,4311415,208,SUP9548
O5796,P1437,2025-12-15,212,2025-12-24,2025-12-28,Delivered,104709,212,SUP1020
O5797,P7952,2025-09-05,374,2025-09-12,2025-09-16,Delivered,4625615,374,SUP2167
O5798,P2786,2026-03-03,62,2026-03-11,2026-03-15,Delivered,4686873,62,SUP930
O5799,P7534,2025-11-05,367,2025-11-12,2025-11-12,Pending,1888311,184,SUP6729
O5800,P1440,2026-04-22,477,2026-04-29,2026-04-29,Delayed,3173721,429,SUP3479
O5801,P1031,2025-11-12,152,2025-11-22,2025-11-26,Pending,3315245,76,SUP279
O5802,P9603,2025-08-18,137,2025-08-27,2025-08-28,Delivered,4415929,137,SUP6760
O5803,P6442,2025-12-27,182,2026-01-04,2026-01-04,Delivered,4601172,182,SUP9482
O5804,P3107,2025-10-23,103,2025-10-29,2025-11-01,Delayed,3576607,93,
O5805,P8955,2025-08-31,314,2025-09-05,2025-09-06,Delivered,1500824,314,SUP9051
O5806,P8705,2025-07-12,237,2025-07-19,2025-07-22,Pending,1224439,118,SUP3623
O5807,P7251,2026-01-24,385,2026-01-30,2026-01-31,Delivered,2069119,385,
O5808,P7926,2026-01-06,254,2026-01-10,2026-01-15,Delivered,2765996,254,SUP1135
O5809,P4636,2026-04-04,287,2026-04-07,2026-04-08,Delayed,4295033,258,SUP8322
O5810,P1415,2025-11-02,78,2025-11-05,2025-11-10,Delivered,4335066,78,
O5811,P3202,2025-12-24,341,2025-12-29,2026-01-02,Delivered,1595508,341,SUP3147
O5812,P933,2026-02-10,64,2026-02-20,2026-02-25,Delayed,3093869,58,SUP9694
O5813,P3254,2026-01-22,55,2026-01-27,2026-02-01,Delayed,3305995,50,
O5814,P106,2025-07-17,190,2025-07-21,2025-07-25,Pending,2654642,95,
O5815,P1504,2025-06-06,121,2025-06-09,2025-06-10,Delivered,4152279,121,SUP2568
O5816,P118,2025-08-12,191,2025-08-16,2025-08-21,Pending,3327722,96,SUP5485
O5817,P1278,2026-04-21,441,2026-05-01,2026-05-02,Pending,1436461,220,SUP5011
O5818,P9218,2026-01-06,361,2026-01-16,2026-01-17,Delayed,781260,325,SUP2837
O5819,P2284,2026-04-13,363,2026-04-17,2026-04-22,Delivered,2399897,363,SUP4098
O5820,P9831,2026-03-01,379,2026-03-04,2026-03-06,Pending,1777444,190,SUP5837
O5821,P9967,2025-08-24,240,2025-08-30,2025-09-01,Pending,1055386,120,SUP1369
O5822,P7111,2026-05-28,428,2026-05-31,2026-06-01,Pending,2359982,214,SUP4115
O5823,P1467,2025-09-14,128,2025-09-17,2025-09-21,Pending,3500532,64,
O5824,P831,2025-10-17,477,2025-10-21,2025-10-26,Delayed,620251,429,SUP5870
O5825,P9477,2025-12-12,41,2025-12-22,2025-12-24,Pending,2836171,20,SUP27
O5826,P6017,2026-04-10,474,2026-04-18,2026-04-23,Pending,2564741,237,SUP4219
O5827,P5153,2026-04-01,277,2026-04-10,2026-04-10,Pending,2278155,138,SUP9561
O5828,P307,2025-07-07,252,2025-07-10,2025-07-10,Pending,2237795,126,SUP1144
O5829,P7213,2026-02-07,254,2026-02-12,2026-02-14,Pending,1061833,127,SUP1034
O5830,P1180,2025-07-03,237,2025-07-06,2025-07-11,Delivered,3623013,237,SUP852
O5831,P6736,2025-10-11,151,2025-10-17,2025-10-20,Delivered,1461796,151,SUP9740
O5832,P1772,2025-06-18,12,2025-06-22,2025-06-24,Delayed,911432,11,
O5833,P1438,2025-08-03,124,2025-08-13,2025-08-17,Delayed,4185374,112,SUP1155
O5834,P4993,2025-09-26,158,2025-09-30,2025-10-03,Pending,4348964,79,
O5835,P91,2025-08-15,325,2025-08-21,2025-08-25,Delivered,3256713,325,SUP2765
O5836,P9298,2026-01-12,75,2026-01-17,2026-01-19,Pending,4972536,38,SUP5461
O5837,P4468,2026-04-14,260,2026-04-21,2026-04-21,Delayed,4514535,234,SUP302
O5838,P9213,2025-07-14,42,2025-07-20,2025-07-20,Delayed,4182592,38,SUP5481
O5839,P2167,2025-06-09,309,2025-06-16,2025-06-20,Delayed,2296291,278,SUP6468
O5840,P8328,2026-04-12,66,2026-04-16,2026-04-17,Pending,2238479,33,SUP48
O5841,P4791,2025-06-04,115,2025-06-08,2025-06-09,Pending,1317305,58,SUP2963
O5842,P6716,2026-04-03,150,2026-04-13,2026-04-18,Delayed,3954307,135,SUP424
O5843,P6509,2025-09-16,18,2025-09-21,2025-09-24,Pending,3978823,9,SUP7528
O5844,P6851,2025-09-20,350,2025-09-24,2025-09-26,Delivered,1945948,350,SUP5302
O5845,P5285,2025-07-29,127,2025-08-06,2025-08-08,Delivered,768837,127,SUP261
O5846,P5580,2026-03-29,108,2026-04-02,2026-04-02,Pending,2605494,54,SUP5586
O5847,P9577,2025-12-25,221,2026-01-03,2026-01-06,Delivered,427591,221,SUP1678
O5848,P4273,2026-05-28,166,2026-06-04,2026-06-06,Delayed,1622004,149,SUP1634
O5849,P1980,2025-10-30,159,2025-11-08,2025-11-10,Delayed,585933,143,SUP626
O5850,P2491,2026-03-27,72,2026-03-31,2026-04-01,Delayed,1995164,65,SUP4437
O5851,P5566,2026-02-20,155,2026-02-25,2026-02-27,Pending,982501,78,SUP1430
O5852,P2467,2025-09-23,87,2025-10-02,2025-10-03,Delivered,292801,87,
O5853,P5536,2025-07-26,11,2025-07-31,2025-08-04,Pending,4003938,6,
O5854,P5044,2025-10-29,491,2025-11-07,2025-11-10,Delayed,4795150,442,SUP5761
O5855,P54,2025-06-18,20,2025-06-27,2025-07-01,Delayed,4239747,18,SUP7281
O5856,P4176,2025-10-12,482,2025-10-19,2025-10-22,Delivered,4665586,482,SUP7533
O5857,P9719,2026-05-23,354,2026-05-27,2026-06-01,Delivered,4151805,354,SUP846
O5858,P2408,2025-06-28,169,2025-07-06,2025-07-06,Delayed,2992746,152,
O5859,P6568,2025-08-29,360,2025-09-08,2025-09-08,Delivered,244256,360,SUP8289
O5860,P789,2026-01-02,361,2026-01-11,2026-01-14,Delayed,2854352,325,
O5861,P6150,2025-11-10,498,2025-11-17,2025-11-22,Delayed,144623,448,SUP920
O5862,P5537,2026-02-16,267,2026-02-26,2026-02-27,Delivered,1881964,267,SUP3678
O5863,P737,2026-03-06,476,2026-03-16,2026-03-21,Delivered,4114187,476,SUP9711
O5864,P6375,2026-04-09,227,2026-04-14,2026-04-15,Delivered,2512152,227,SUP1334
O5865,P1783,2025-09-02,192,2025-09-11,2025-09-14,Delayed,2596451,173,SUP1046
O5866,P1196,2026-01-10,106,2026-01-18,2026-01-19,Pending,1727688,53,
O5867,P362,2025-09-06,466,2025-09-16,2025-09-20,Pending,169478,233,SUP5857
O5868,P2636,2025-07-10,341,2025-07-14,2025-07-18,Pending,431915,170,
O5869,P5791,2025-10-04,17,2025-10-13,2025-10-18,Pending,1555013,8,SUP6546
O5870,P9499,2026-05-20,58,2026-05-28,2026-06-01,Delivered,2913526,58,
O5871,P6507,2026-02-26,281,2026-03-04,2026-03-07,Pending,2161148,140,
O5872,P9280,2026-03-04,175,2026-03-13,2026-03-18,Delivered,4439651,175,SUP3738
O5873,P9818,2025-08-26,100,2025-09-03,2025-09-04,Pending,4457898,50,SUP4067
O5874,P2379,2025-06-29,272,2025-07-05,2025-07-06,Pending,2623156,136,
O5875,P6330,2025-09-21,255,2025-09-27,2025-09-29,Delivered,1970336,255,
O5876,P8955,2025-07-18,200,2025-07-26,2025-07-28,Pending,2059604,100,SUP9051
O5877,P8130,2025-10-22,140,2025-10-25,2025-10-28,Delayed,1239786,126,SUP8038
O5878,P4547,2025-09-16,435,2025-09-20,2025-09-22,Delivered,2324338,435,SUP3088
O5879,P1365,2025-06-11,399,2025-06-16,2025-06-18,Delivered,1376100,399,SUP8702
O5880,P254,2025-11-19,142,2025-11-26,2025-12-01,Delayed,3988967,128,SUP7019
O5881,P894,2026-04-26,79,2026-05-06,2026-05-06,Delivered,743310,79,
O5882,P8410,2026-05-20,210,2026-05-28,2026-05-28,Delivered,4862061,210,SUP7589
O5883,P1045,2025-06-11,87,2025-06-21,2025-06-22,Delivered,2149881,87,
O5884,P6066,2025-07-19,414,2025-07-22,2025-07-26,Delayed,4779093,373,
O5885,P6017,2025-08-16,320,2025-08-19,2025-08-24,Delivered,1016439,320,SUP4219
O5886,P8628,2025-09-08,88,2025-09-18,2025-09-23,Pending,2972140,44,SUP2751
O5887,P532,2026-05-25,97,2026-05-29,2026-05-31,Delayed,3400816,87,SUP8597
O5888,P395,2026-01-06,381,2026-01-10,2026-01-15,Delayed,207207,343,
O5889,P5905,2026-04-11,480,2026-04-16,2026-04-17,Pending,713140,240,SUP2411
O5890,P6195,2025-06-17,280,2025-06-21,2025-06-22,Delivered,1908660,280,SUP7666
O5891,P9366,2026-03-11,337,2026-03-21,2026-03-22,Delayed,397724,303,
O5892,P651,2026-01-14,393,2026-01-17,2026-01-20,Pending,2344095,196,SUP4161
O5893,P6137,2025-09-19,161,2025-09-28,2025-09-30,Delayed,2042616,145,SUP9148
O5894,P1283,2025-10-02,435,2025-10-12,2025-10-12,Pending,697926,218,SUP3356
O5895,P6602,2025-07-07,46,2025-07-13,2025-07-17,Delayed,3425217,41,SUP2302
O5896,P9053,2026-04-20,327,2026-04-24,2026-04-29,Delivered,2467991,327,SUP4879
O5897,P338,2025-10-24,79,2025-11-03,2025-11-06,Pending,2804384,40,SUP5803
O5898,P3190,2025-08-07,378,2025-08-12,2025-08-16,Delivered,316463,378,SUP3129
O5899,P8508,2025-06-17,476,2025-06-22,2025-06-25,Pending,2892770,238,SUP2851
O5900,P1752,2025-06-22,197,2025-07-02,2025-07-03,Delayed,726562,177,SUP9887
O5901,P2633,2026-01-01,325,2026-01-11,2026-01-15,Delayed,235497,292,SUP6578
O5902,P6315,2025-10-14,443,2025-10-22,2025-10-22,Pending,2188774,222,SUP7333
O5903,P8439,2026-04-24,346,2026-05-03,2026-05-03,Delayed,4281878,311,SUP2504
O5904,P8391,2025-11-19,250,2025-11-29,2025-11-30,Delivered,3879703,250,SUP5659
O5905,P5983,2025-11-02,354,2025-11-08,2025-11-10,Delayed,3349856,319,SUP6709
O5906,P7357,2026-04-03,296,2026-04-11,2026-04-14,Delivered,257327,296,SUP305
O5907,P898,2025-11-23,256,2025-11-27,2025-11-29,Delayed,1316351,230,
O5908,P5279,2025-06-07,191,2025-06-12,2025-06-14,Delayed,2206205,172,SUP270
O5909,P387,2025-12-10,28,2025-12-13,2025-12-13,Pending,2392029,14,SUP575
O5910,P5742,2026-01-26,271,2026-01-31,2026-02-03,Delayed,2057125,244,
O5911,P5266,2025-08-04,340,2025-08-14,2025-08-14,Pending,2442724,170,SUP4556
O5912,P2849,2026-05-12,365,2026-05-16,2026-05-20,Delivered,1739715,365,SUP1684
O5913,P7886,2025-07-10,133,2025-07-13,2025-07-17,Delayed,3855635,120,SUP3647
O5914,P5819,2025-08-02,360,2025-08-05,2025-08-10,Delivered,4801933,360,SUP2140
O5915,P5561,2025-06-24,483,2025-07-04,2025-07-08,Delivered,891628,483,SUP8185
O5916,P8307,2026-03-09,140,2026-03-17,2026-03-19,Pending,2124043,70,SUP1666
O5917,P483,2026-02-24,359,2026-03-06,2026-03-08,Delivered,3729792,359,
O5918,P8412,2025-06-14,410,2025-06-20,2025-06-21,Delivered,3313309,410,SUP1604
O5919,P5079,2025-06-03,115,2025-06-07,2025-06-12,Delayed,4657426,104,
O5920,P300,2026-05-15,111,2026-05-18,2026-05-21,Pending,1126138,56,SUP4661
O5921,P5057,2026-01-31,29,2026-02-09,2026-02-14,Pending,3960450,14,SUP2994
O5922,P4002,2026-04-09,477,2026-04-13,2026-04-17,Delivered,3323036,477,
O5923,P4133,2025-07-01,83,2025-07-11,2025-07-12,Pending,4452194,42,SUP9204
O5924,P1192,2025-10-17,157,2025-10-24,2025-10-27,Delivered,709694,157,SUP2265
O5925,P6124,2025-12-15,420,2025-12-23,2025-12-27,Delivered,493753,420,SUP1967
O5926,P591,2025-08-03,51,2025-08-09,2025-08-14,Delivered,3855704,51,
O5927,P561,2026-03-28,42,2026-04-07,2026-04-10,Delivered,2182432,42,SUP4165
O5928,P3266,2025-10-20,448,2025-10-30,2025-11-03,Pending,2701637,224,SUP7994
O5929,P7815,2025-12-23,230,2025-12-26,2025-12-29,Delivered,2380840,230,
O5930,P8087,2025-09-05,410,2025-09-12,2025-09-14,Delayed,4238571,369,SUP2312
O5931,P6224,2025-06-14,142,2025-06-20,2025-06-24,Delayed,3280506,128,SUP1192
O5932,P2490,2025-10-19,281,2025-10-24,2025-10-26,Delivered,1391699,281,SUP3201
O5933,P6862,2025-08-06,421,2025-08-13,2025-08-15,Delivered,4964911,421,SUP1424
O5934,P600,2025-06-07,385,2025-06-12,2025-06-17,Pending,177582,192,SUP6670
O5935,P3265,2025-12-13,48,2025-12-16,2025-12-20,Pending,4259205,24,SUP8203
O5936,P9011,2025-09-28,60,2025-10-06,2025-10-06,Pending,3336255,30,
O5937,P602,2025-10-26,362,2025-11-01,2025-11-02,Pending,537459,181,SUP8160
O5938,P433,2026-01-30,495,2026-02-08,2026-02-13,Pending,3802068,248,SUP2118
O5939,P3048,2025-06-23,78,2025-07-01,2025-07-01,Delayed,3600598,70,SUP8091
O5940,P4426,2025-07-20,95,2025-07-29,2025-08-01,Pending,47276,48,
O5941,P7804,2025-12-27,388,2025-12-30,2026-01-04,Delayed,3337368,349,
O5942,P28,2025-12-06,493,2025-12-16,2025-12-21,Delayed,892597,444,SUP1489
O5943,P2456,2025-07-21,323,2025-07-30,2025-08-03,Delayed,4824891,291,SUP39
O5944,P5173,2025-05-28,498,2025-06-02,2025-06-06,Pending,946006,249,
O5945,P8455,2026-03-13,373,2026-03-21,2026-03-22,Pending,1951462,186,SUP820
O5946,P2782,2026-02-22,383,2026-03-02,2026-03-04,Delayed,2400126,345,SUP6702
O5947,P3248,2025-08-16,374,2025-08-25,2025-08-28,Delivered,3374560,374,
O5948,P8164,2026-05-08,422,2026-05-11,2026-05-15,Pending,3330106,211,SUP7607
O5949,P113,2025-11-03,79,2025-11-10,2025-11-12,Pending,2703697,40,
O5950,P425,2025-12-05,437,2025-12-08,2025-12-10,Delayed,1744752,393,
O5951,P8168,2026-04-04,22,2026-04-13,2026-04-14,Delayed,3233109,20,
O5952,P2736,2026-01-24,166,2026-01-27,2026-01-29,Delayed,4705896,149,SUP1890
O5953,P1431,2025-11-26,104,2025-12-02,2025-12-02,Delayed,3565348,94,SUP209
O5954,P5625,2025-07-05,300,2025-07-08,2025-07-11,Pending,2562032,150,SUP554
O5955,P7171,2026-04-22,224,2026-04-25,2026-04-26,Delayed,4478165,202,
O5956,P1621,2026-03-31,242,2026-04-04,2026-04-07,Delayed,1778633,218,
O5957,P3448,2026-02-02,282,2026-02-11,2026-02-15,Delayed,3677737,254,
O5958,P4992,2026-02-16,295,2026-02-22,2026-02-25,Delivered,4037868,295,
O5959,P8508,2026-04-24,271,2026-05-01,2026-05-01,Delivered,2175610,271,SUP2851
O5960,P1293,2025-10-15,444,2025-10-23,2025-10-23,Delivered,3627993,444,SUP5203
O5961,P7667,2025-08-04,220,2025-08-14,2025-08-19,Delivered,2511246,220,SUP2284
O5962,P9865,2025-10-13,460,2025-10-16,2025-10-19,Delivered,3379820,460,
O5963,P6187,2025-11-14,391,2025-11-21,2025-11-22,Pending,4323803,196,SUP3015
O5964,P3656,2025-11-13,248,2025-11-20,2025-11-23,Pending,1023683,124,
O5965,P9639,2026-04-09,408,2026-04-15,2026-04-15,Delivered,2998543,408,SUP1107
O5966,P5608,2026-02-02,131,2026-02-09,2026-02-09,Delivered,200359,131,
O5967,P9848,2025-11-17,96,2025-11-21,2025-11-24,Delayed,2072059,86,SUP4931
O5968,P1492,2025-08-01,276,2025-08-04,2025-08-04,Delivered,2869208,276,
O5969,P360,2025-12-26,179,2026-01-04,2026-01-04,Delivered,4473980,179,SUP3771
O5970,P143,2025-05-28,308,2025-05-31,2025-06-02,Pending,2006436,154,SUP4122
O5971,P3893,2025-10-16,243,2025-10-26,2025-10-29,Delayed,2832022,219,
O5972,P1963,2025-11-29,240,2025-12-06,2025-12-10,Pending,2541555,120,SUP7966
O5973,P2558,2026-05-04,58,2026-05-07,2026-05-09,Delivered,496998,58,SUP1635
O5974,P7375,2025-10-22,500,2025-10-27,2025-10-29,Delivered,1176516,500,
O5975,P6810,2025-12-20,61,2025-12-29,2026-01-01,Delayed,4950417,55,
O5976,P216,2026-05-22,150,2026-06-01,2026-06-03,Delivered,2768987,150,SUP1087
O5977,P4438,2026-04-26,271,2026-05-05,2026-05-10,Delayed,1720719,244,SUP4818
O5978,P968,2025-07-03,33,2025-07-12,2025-07-14,Delayed,1323908,30,SUP289
O5979,P409,2026-03-28,287,2026-04-06,2026-04-11,Delayed,4798822,258,SUP8092
O5980,P5819,2025-06-02,198,2025-06-10,2025-06-12,Delayed,1809848,178,SUP2140
O5981,P7202,2026-03-30,461,2026-04-02,2026-04-06,Pending,3868535,230,SUP1729
O5982,P7374,2026-04-18,478,2026-04-27,2026-04-29,Pending,453959,239,
O5983,P9756,2026-04-22,296,2026-04-29,2026-05-04,Pending,4132288,148,
O5984,P5674,2025-05-31,350,2025-06-04,2025-06-05,Pending,1811340,175,SUP578
O5985,P2726,2026-05-21,356,2026-05-24,2026-05-27,Pending,4401280,178,
O5986,P7810,2026-02-08,317,2026-02-16,2026-02-17,Delivered,2667871,317,SUP3384
O5987,P9150,2026-04-02,466,2026-04-09,2026-04-14,Delivered,1497328,466,SUP2655
O5988,P3770,2026-04-11,154,2026-04-14,2026-04-18,Pending,4394314,77,SUP1429
O5989,P1372,2025-08-25,479,2025-08-28,2025-08-28,Delayed,1509059,431,
O5990,P1378,2026-02-14,333,2026-02-23,2026-02-28,Delayed,2698413,300,SUP725
O5991,P5992,2026-02-01,14,2026-02-10,2026-02-13,Pending,4758774,7,SUP5265
O5992,P753,2026-05-26,465,2026-05-31,2026-06-01,Delivered,4623596,465,
O5993,P640,2025-10-05,297,2025-10-08,2025-10-13,Pending,1885355,148,
O5994,P970,2025-10-13,278,2025-10-16,2025-10-17,Delayed,2145542,250,SUP16
O5995,P9734,2025-06-11,483,2025-06-18,2025-06-21,Pending,3577806,242,
O5996,P7187,2025-06-13,109,2025-06-22,2025-06-23,Delivered,604117,109,
O5997,P2841,2026-05-18,172,2026-05-28,2026-06-02,Pending,410325,86,SUP5275
O5998,P7694,2026-04-02,100,2026-04-07,2026-04-11,Delayed,4836382,90,
O5999,P1214,2025-06-18,246,2025-06-21,2025-06-22,Delivered,1966139,246,SUP8967
O6000,P3384,2025-09-15,463,2025-09-23,2025-09-24,Pending,1814441,232,
O6001,P5598,2025-12-18,355,2025-12-23,2025-12-23,Delayed,3672734,320,
O6002,P9789,2026-02-15,272,2026-02-19,2026-02-24,Delivered,4588464,272,SUP7536
O6003,P1977,2025-10-26,312,2025-11-04,2025-11-09,Pending,4568437,156,SUP9388
O6004,P6607,2025-10-23,166,2025-11-02,2025-11-05,Delayed,2541912,149,
O6005,P6271,2025-09-02,356,2025-09-07,2025-09-10,Delayed,544447,320,SUP1306
O6006,P7091,2025-08-27,369,2025-09-05,2025-09-05,Delayed,3954660,332,SUP4636
O6007,P5567,2025-07-16,142,2025-07-25,2025-07-29,Delayed,1904481,128,
O6008,P1145,2026-01-23,286,2026-02-02,2026-02-05,Pending,522527,143,
O6009,P8728,2026-02-18,215,2026-02-24,2026-02-25,Delayed,3775853,194,SUP93
O6010,P8210,2026-01-29,35,2026-02-02,2026-02-02,Delayed,1886507,32,SUP5705
O6011,P9320,2026-01-25,51,2026-02-01,2026-02-06,Delivered,4179521,51,
O6012,P2568,2025-07-14,344,2025-07-22,2025-07-24,Pending,1940032,172,SUP9945
O6013,P3292,2025-10-19,81,2025-10-26,2025-10-26,Pending,110817,40,SUP9056
O6014,P9825,2026-05-14,293,2026-05-23,2026-05-25,Delayed,784609,264,SUP415
O6015,P6183,2026-02-02,445,2026-02-06,2026-02-06,Delayed,4129086,400,SUP6862
O6016,P1499,2025-11-17,394,2025-11-23,2025-11-26,Pending,1222249,197,SUP1956
O6017,P4674,2026-02-20,105,2026-03-01,2026-03-01,Delayed,3572146,94,SUP315
O6018,P2013,2025-07-13,447,2025-07-18,2025-07-21,Delivered,4597243,447,SUP6342
O6019,P4122,2026-02-14,495,2026-02-23,2026-02-28,Delivered,4014486,495,SUP2899
O6020,P1482,2025-11-10,186,2025-11-20,2025-11-23,Delivered,4210834,186,SUP6381
O6021,P9290,2025-11-24,294,2025-11-30,2025-11-30,Pending,1664503,147,SUP9871
O6022,P9926,2025-11-08,252,2025-11-16,2025-11-19,Delayed,1633439,227,SUP4750
O6023,P7429,2025-12-11,211,2025-12-19,2025-12-20,Delayed,2611598,190,
O6024,P4125,2025-05-29,260,2025-06-02,2025-06-06,Pending,4174532,130,SUP8026
O6025,P7157,2025-09-22,348,2025-09-26,2025-09-28,Pending,364162,174,SUP2642
O6026,P1771,2026-03-26,154,2026-04-04,2026-04-05,Pending,3518881,77,SUP4890
O6027,P5845,2026-04-18,148,2026-04-22,2026-04-22,Delayed,26719,133,
O6028,P2495,2026-05-17,351,2026-05-27,2026-05-28,Delayed,4315924,316,
O6029,P5718,2025-09-27,425,2025-10-07,2025-10-09,Delivered,2286334,425,SUP3988
O6030,P7782,2025-11-08,374,2025-11-15,2025-11-18,Delivered,4599533,374,SUP2144
O6031,P4602,2026-03-07,148,2026-03-11,2026-03-13,Delivered,2146446,148,
O6032,P8534,2025-11-08,498,2025-11-17,2025-11-18,Delayed,2470493,448,
O6033,P7650,2025-10-28,499,2025-11-01,2025-11-03,Pending,4025286,250,SUP4611
O6034,P633,2025-12-17,445,2025-12-23,2025-12-25,Delayed,354795,400,SUP299
O6035,P1206,2025-07-16,220,2025-07-24,2025-07-29,Pending,4261031,110,
O6036,P6602,2025-06-29,129,2025-07-08,2025-07-08,Delivered,3718456,129,SUP2302
O6037,P8821,2026-04-06,179,2026-04-10,2026-04-10,Pending,3133521,90,
O6038,P9045,2025-10-04,30,2025-10-10,2025-10-12,Pending,3520235,15,
O6039,P1040,2025-08-17,60,2025-08-25,2025-08-29,Delivered,780214,60,SUP5787
O6040,P8827,2025-12-06,100,2025-12-15,2025-12-19,Pending,1475979,50,
O6041,P2652,2026-02-22,385,2026-02-25,2026-02-27,Delayed,2575807,346,SUP2905
O6042,P8846,2026-05-22,157,2026-05-31,2026-06-02,Pending,4656499,78,SUP9219
O6043,P1566,2026-02-21,425,2026-03-01,2026-03-03,Pending,487828,212,SUP1328
O6044,P6466,2026-03-09,488,2026-03-16,2026-03-21,Delivered,3743452,488,SUP2631
O6045,P2380,2026-03-29,215,2026-04-08,2026-04-10,Delivered,1867190,215,SUP843
O6046,P8335,2026-03-07,82,2026-03-15,2026-03-15,Delayed,4383692,74,
O6047,P5888,2025-06-28,222,2025-07-04,2025-07-09,Delayed,507529,200,
O6048,P7986,2026-04-20,451,2026-04-28,2026-04-28,Pending,517716,226,SUP5729
O6049,P3414,2025-05-28,479,2025-06-01,2025-06-05,Pending,3329071,240,
O6050,P5932,2026-05-25,271,2026-06-02,2026-06-02,Pending,4884782,136,SUP3519
O6051,P4554,2025-11-17,445,2025-11-22,2025-11-24,Delayed,22392,400,SUP8805
O6052,P7740,2026-02-07,358,2026-02-11,2026-02-12,Delayed,2356800,322,
O6053,P4579,2026-02-01,391,2026-02-05,2026-02-09,Delivered,3267558,391,SUP4803
O6054,P7512,2025-10-16,413,2025-10-22,2025-10-24,Delayed,2327670,372,
O6055,P6569,2026-02-06,376,2026-02-16,2026-02-16,Delivered,296734,376,
O6056,P684,2025-07-13,98,2025-07-22,2025-07-25,Delivered,1982110,98,SUP8167
O6057,P5922,2025-06-18,414,2025-06-26,2025-07-01,Delayed,941394,373,SUP3856
O6058,P4776,2026-05-02,296,2026-05-06,2026-05-10,Pending,3410120,148,
O6059,P5301,2025-08-18,448,2025-08-21,2025-08-21,Pending,1361448,224,SUP4490
O6060,P2628,2025-06-25,346,2025-07-03,2025-07-03,Delivered,3901273,346,SUP3325
O6061,P3937,2026-02-12,171,2026-02-15,2026-02-19,Delivered,4026415,171,
O6062,P6745,2025-12-14,315,2025-12-21,2025-12-23,Delivered,1104155,315,
O6063,P476,2026-05-17,460,2026-05-25,2026-05-28,Delivered,893886,460,
O6064,P4396,2026-02-22,62,2026-03-04,2026-03-06,Delayed,728939,56,
O6065,P4290,2025-06-26,96,2025-07-02,2025-07-04,Delayed,2037255,86,SUP1453
O6066,P8743,2026-05-21,359,2026-05-31,2026-06-04,Delayed,1928531,323,
O6067,P313,2026-01-26,484,2026-02-03,2026-02-05,Delivered,1823343,484,
O6068,P5318,2025-07-10,34,2025-07-13,2025-07-17,Pending,782399,17,
O6069,P9452,2026-05-11,25,2026-05-16,2026-05-21,Delayed,2441199,22,
O6070,P5949,2026-05-25,45,2026-05-29,2026-06-02,Delivered,4595364,45,SUP263
O6071,P6677,2026-04-27,115,2026-05-06,2026-05-06,Delayed,1768770,104,SUP132
O6072,P5739,2026-04-03,240,2026-04-07,2026-04-09,Delayed,4821610,216,SUP2448
O6073,P738,2025-08-22,433,2025-08-31,2025-08-31,Delayed,3936631,390,
O6074,P9113,2026-02-04,99,2026-02-14,2026-02-15,Delivered,3420365,99,
O6075,P2784,2026-02-05,240,2026-02-14,2026-02-19,Delayed,807390,216,SUP2436
O6076,P931,2026-05-26,19,2026-05-30,2026-06-04,Delivered,4687044,19,SUP383
O6077,P8983,2026-03-06,263,2026-03-11,2026-03-12,Delivered,4529262,263,SUP5695
O6078,P6241,2025-12-26,222,2026-01-02,2026-01-07,Delivered,481546,222,
O6079,P1600,2025-10-17,363,2025-10-27,2025-11-01,Delayed,1994698,327,SUP2996
O6080,P4950,2025-07-07,313,2025-07-15,2025-07-15,Delivered,1221073,313,SUP5650
O6081,P9604,2026-02-16,374,2026-02-25,2026-02-28,Delivered,2596466,374,
O6082,P3817,2026-03-09,118,2026-03-19,2026-03-22,Delayed,2284343,106,
O6083,P357,2026-03-23,444,2026-03-28,2026-04-02,Delayed,2676466,400,
O6084,P3016,2025-08-16,354,2025-08-19,2025-08-19,Pending,407974,177,
O6085,P7144,2026-05-18,31,2026-05-27,2026-05-27,Pending,2321958,16,
O6086,P4841,2026-02-03,462,2026-02-13,2026-02-17,Delayed,3558242,416,SUP6476
O6087,P2221,2026-01-25,423,2026-02-01,2026-02-03,Pending,2369700,212,SUP5499
O6088,P7699,2025-12-17,475,2025-12-21,2025-12-26,Delivered,2234647,475,
O6089,P5178,2025-12-08,237,2025-12-16,2025-12-21,Delivered,2371008,237,SUP2347
O6090,P7733,2025-11-09,36,2025-11-12,2025-11-12,Delivered,3217610,36,SUP6660
O6091,P802,2026-05-23,94,2026-05-28,2026-05-28,Delayed,2864681,85,
O6092,P3118,2025-10-02,84,2025-10-07,2025-10-12,Pending,3426696,42,
O6093,P1149,2025-07-03,366,2025-07-13,2025-07-17,Delayed,1319843,329,SUP4008
O6094,P858,2025-10-19,498,2025-10-26,2025-10-26,Delayed,4126461,448,SUP5184
O6095,P2982,2025-11-29,289,2025-12-06,2025-12-09,Delayed,1442078,260,
O6096,P9518,2025-07-10,217,2025-07-18,2025-07-18,Delayed,2231615,195,SUP1176
O6097,P6616,2025-10-06,336,2025-10-16,2025-10-18,Delivered,1711130,336,
O6098,P1630,2025-09-19,355,2025-09-29,2025-10-03,Delayed,2783514,320,SUP8008
O6099,P6952,2026-02-09,294,2026-02-13,2026-02-18,Pending,2953459,147,
O6100,P2662,2025-08-31,156,2025-09-10,2025-09-15,Delayed,1252496,140,
O6101,P5107,2025-08-15,351,2025-08-21,2025-08-24,Delayed,3907922,316,SUP5559
O6102,P9923,2026-04-15,162,2026-04-25,2026-04-26,Delayed,2398982,146,SUP3653
O6103,P6432,2025-11-30,16,2025-12-05,2025-12-10,Delayed,1999222,14,SUP496
O6104,P9063,2026-04-13,154,2026-04-17,2026-04-18,Delayed,2449708,139,SUP2653
O6105,P7856,2025-12-12,488,2025-12-22,2025-12-27,Pending,1362259,244,SUP2021
O6106,P1426,2025-12-05,66,2025-12-13,2025-12-15,Delivered,1348164,66,SUP7242
O6107,P6441,2025-11-15,111,2025-11-23,2025-11-28,Delivered,4948428,111,SUP2526
O6108,P9237,2025-05-31,208,2025-06-08,2025-06-12,Delivered,3074891,208,SUP1199
O6109,P136,2025-08-23,386,2025-09-02,2025-09-03,Pending,1697492,193,
O6110,P6283,2025-07-05,167,2025-07-15,2025-07-15,Pending,4035615,84,
O6111,P6674,2026-01-28,306,2026-02-07,2026-02-12,Pending,4519615,153,
O6112,P2982,2025-06-17,455,2025-06-21,2025-06-23,Delayed,4667451,410,
O6113,P3220,2025-07-13,350,2025-07-18,2025-07-18,Delivered,2956332,350,
O6114,P9799,2025-07-23,103,2025-07-31,2025-08-03,Pending,2847241,52,SUP5506
O6115,P1072,2026-03-09,180,2026-03-13,2026-03-15,Pending,3909388,90,SUP6821
O6116,P3860,2025-11-03,186,2025-11-12,2025-11-15,Delayed,2281777,167,SUP3272
O6117,P1964,2025-07-17,385,2025-07-24,2025-07-25,Delivered,227461,385,SUP6580
O6118,P9164,2025-10-28,308,2025-11-05,2025-11-05,Delivered,2710653,308,
O6119,P6195,2026-05-27,336,2026-06-01,2026-06-04,Delivered,3366218,336,SUP7666
O6120,P1376,2025-06-09,277,2025-06-18,2025-06-23,Delayed,1782361,249,SUP633
O6121,P3005,2026-04-16,361,2026-04-23,2026-04-25,Delivered,1040927,361,SUP3922
O6122,P5517,2026-05-26,253,2026-06-05,2026-06-07,Delivered,1101417,253,SUP9522
O6123,P8396,2026-04-20,257,2026-04-30,2026-05-01,Delivered,2034203,257,SUP6189
O6124,P6131,2025-08-24,386,2025-08-28,2025-09-02,Delivered,4046727,386,SUP4315
O6125,P6629,2026-02-12,329,2026-02-19,2026-02-19,Delivered,3622908,329,
O6126,P6498,2025-09-15,312,2025-09-22,2025-09-22,Pending,882617,156,SUP3587
O6127,P9298,2026-02-01,61,2026-02-11,2026-02-14,Delayed,3329923,55,SUP5461
O6128,P5606,2026-04-05,119,2026-04-15,2026-04-15,Delivered,4858248,119,SUP8518
O6129,P2465,2026-02-01,340,2026-02-06,2026-02-07,Delivered,1930144,340,SUP2315
O6130,P8632,2026-03-22,365,2026-04-01,2026-04-06,Delayed,1102719,328,
O6131,P8607,2026-01-03,490,2026-01-13,2026-01-13,Delivered,557956,490,SUP2734
O6132,P9085,2025-09-24,397,2025-10-04,2025-10-06,Delivered,4832595,397,SUP2995
O6133,P8299,2025-09-30,483,2025-10-04,2025-10-08,Delayed,281794,435,SUP589
O6134,P1228,2026-01-31,98,2026-02-10,2026-02-11,Delayed,2612704,88,SUP7395
O6135,P6957,2026-01-01,178,2026-01-07,2026-01-12,Delivered,3948174,178,
O6136,P6528,2026-05-17,80,2026-05-26,2026-05-29,Delayed,775663,72,
O6137,P5275,2025-08-25,109,2025-09-03,2025-09-07,Pending,20390,54,SUP6624
O6138,P6687,2025-10-22,424,2025-10-29,2025-10-31,Delivered,4741348,424,SUP6207
O6139,P9682,2025-12-05,459,2025-12-11,2025-12-15,Delivered,4285234,459,SUP8244
O6140,P2067,2026-03-12,389,2026-03-15,2026-03-17,Pending,2280907,194,SUP1996
O6141,P1690,2025-07-25,455,2025-07-30,2025-07-31,Delayed,3776973,410,SUP1247
O6142,P6416,2025-09-17,431,2025-09-20,2025-09-24,Pending,3142312,216,SUP3857
O6143,P1882,2025-11-04,163,2025-11-11,2025-11-14,Delayed,3472684,147,SUP6304
O6144,P7944,2025-10-14,39,2025-10-23,2025-10-28,Delivered,3504765,39,
O6145,P162,2026-04-21,208,2026-05-01,2026-05-02,Pending,2728064,104,
O6146,P4758,2026-01-13,365,2026-01-19,2026-01-23,Pending,4278396,182,SUP1302
O6147,P5385,2025-07-04,246,2025-07-08,2025-07-09,Delivered,3776596,246,SUP7303
O6148,P1060,2025-06-07,12,2025-06-10,2025-06-15,Delayed,4132197,11,
O6149,P5743,2026-05-10,385,2026-05-19,2026-05-20,Delivered,2484245,385,
O6150,P6648,2025-09-17,489,2025-09-24,2025-09-25,Delivered,2200476,489,
O6151,P1320,2025-09-14,489,2025-09-22,2025-09-26,Delayed,1351318,440,SUP9688
O6152,P9594,2026-04-06,42,2026-04-09,2026-04-13,Delayed,3953045,38,SUP7058
O6153,P8517,2025-06-22,453,2025-07-01,2025-07-06,Delayed,2095986,408,SUP3329
O6154,P2994,2025-08-30,476,2025-09-06,2025-09-06,Delayed,315069,428,SUP6322
O6155,P6118,2025-08-07,62,2025-08-10,2025-08-11,Delayed,2122936,56,SUP3992
O6156,P7539,2025-12-21,285,2025-12-31,2026-01-05,Delivered,4495682,285,SUP5523
O6157,P9788,2025-09-12,466,2025-09-19,2025-09-20,Delayed,2892621,419,SUP65
O6158,P5988,2026-02-26,486,2026-03-03,2026-03-04,Delayed,4791864,437,
O6159,P6476,2025-07-08,467,2025-07-13,2025-07-18,Pending,1369871,234,SUP2351
O6160,P217,2026-03-23,242,2026-03-31,2026-04-03,Delivered,159399,242,SUP6623
O6161,P4539,2025-09-30,259,2025-10-03,2025-10-03,Delayed,634955,233,SUP4527
O6162,P3421,2025-05-31,121,2025-06-07,2025-06-08,Delayed,4257721,109,SUP2517
O6163,P4640,2026-05-24,497,2026-05-28,2026-06-02,Delayed,4866279,447,
O6164,P5397,2026-05-04,289,2026-05-09,2026-05-09,Pending,3875424,144,
O6165,P1617,2025-10-20,194,2025-10-28,2025-10-31,Pending,4023054,97,
O6166,P952,2026-04-15,482,2026-04-22,2026-04-26,Delayed,3495589,434,SUP807
O6167,P4453,2025-10-09,77,2025-10-13,2025-10-15,Delayed,4285387,69,SUP582
O6168,P5778,2026-04-29,284,2026-05-03,2026-05-03,Delivered,3879011,284,
O6169,P2062,2026-03-27,105,2026-03-30,2026-04-02,Pending,778720,52,
O6170,P1731,2026-02-17,68,2026-02-27,2026-03-04,Delayed,2918499,61,
O6171,P7117,2026-02-01,115,2026-02-09,2026-02-10,Delayed,1351049,104,SUP6287
O6172,P1197,2025-07-29,67,2025-08-07,2025-08-12,Delayed,3924363,60,SUP9657
O6173,P5329,2025-08-05,289,2025-08-14,2025-08-18,Delivered,743619,289,SUP4915
O6174,P4913,2025-06-02,187,2025-06-10,2025-06-13,Delivered,4162166,187,SUP5632
O6175,P25,2026-01-08,134,2026-01-15,2026-01-18,Delivered,3327441,134,SUP3699
O6176,P3700,2026-02-25,403,2026-03-07,2026-03-10,Delayed,2412335,363,SUP1697
O6177,P209,2025-07-12,445,2025-07-16,2025-07-18,Pending,4375463,222,SUP6225
O6178,P3836,2025-07-22,284,2025-07-26,2025-07-27,Pending,2272063,142,SUP3060
O6179,P7706,2026-05-16,396,2026-05-26,2026-05-27,Pending,2457288,198,SUP9619
O6180,P9938,2026-01-28,62,2026-02-04,2026-02-04,Delayed,2106633,56,
O6181,P3330,2025-09-27,391,2025-10-03,2025-10-06,Delivered,3161842,391,SUP6097
O6182,P1386,2025-07-18,15,2025-07-25,2025-07-29,Delivered,3376094,15,SUP5404
O6183,P6754,2025-07-04,211,2025-07-10,2025-07-11,Delivered,683166,211,SUP5997
O6184,P8986,2025-10-01,226,2025-10-04,2025-10-09,Delivered,3643913,226,SUP3095
O6185,P3874,2026-02-23,107,2026-03-05,2026-03-09,Pending,567671,54,
O6186,P3204,2026-03-15,132,2026-03-18,2026-03-19,Delayed,1017597,119,SUP1585
O6187,P4293,2025-08-14,224,2025-08-19,2025-08-21,Pending,982404,112,SUP6104
O6188,P2768,2025-10-10,236,2025-10-17,2025-10-18,Delivered,3213049,236,SUP4249
O6189,P4846,2026-04-10,19,2026-04-16,2026-04-17,Pending,4828211,10,SUP8369
O6190,P1790,2026-01-18,284,2026-01-27,2026-01-27,Delayed,2617007,256,
O6191,P6308,2026-04-20,209,2026-04-24,2026-04-25,Delayed,1751123,188,SUP812
O6192,P7755,2026-03-02,52,2026-03-09,2026-03-09,Delivered,3442456,52,SUP6091
O6193,P8668,2025-10-25,187,2025-10-30,2025-11-04,Pending,2149922,94,SUP7402
O6194,P4878,2025-08-16,369,2025-08-25,2025-08-28,Delayed,577840,332,SUP8768
O6195,P4958,2026-05-11,188,2026-05-19,2026-05-23,Delayed,3817296,169,SUP3068
O6196,P9807,2025-06-13,302,2025-06-22,2025-06-25,Delayed,1982339,272,SUP3696
O6197,P6986,2026-04-08,484,2026-04-12,2026-04-15,Delayed,4147562,436,SUP3393
O6198,P8301,2026-03-25,37,2026-03-29,2026-04-01,Delayed,476985,33,
O6199,P9780,2026-03-04,129,2026-03-12,2026-03-12,Delayed,941754,116,SUP5697
O6200,P1085,2026-03-11,388,2026-03-17,2026-03-20,Delivered,1932716,388,
O6201,P8919,2025-07-24,188,2025-07-29,2025-08-03,Delayed,2112971,169,
O6202,P3128,2026-05-21,23,2026-05-28,2026-05-30,Delivered,3373616,23,SUP2601
O6203,P6942,2025-06-21,298,2025-06-26,2025-06-27,Pending,2254130,149,SUP6522
O6204,P5224,2025-07-10,156,2025-07-17,2025-07-22,Pending,3935195,78,
O6205,P4789,2025-07-28,438,2025-08-05,2025-08-06,Delayed,4636075,394,
O6206,P6428,2025-06-26,93,2025-07-02,2025-07-05,Delayed,3599834,84,
O6207,P8805,2025-09-19,234,2025-09-28,2025-10-01,Delivered,4917583,234,
O6208,P1844,2026-02-24,368,2026-03-04,2026-03-05,Delayed,1369570,331,SUP4503
O6209,P2271,2026-02-16,192,2026-02-24,2026-03-01,Pending,4752281,96,SUP1866
O6210,P6702,2025-12-05,28,2025-12-15,2025-12-17,Pending,3529175,14,SUP9608
O6211,P9795,2025-08-10,250,2025-08-13,2025-08-17,Delivered,3599217,250,SUP3732
O6212,P5880,2025-06-30,249,2025-07-08,2025-07-10,Delivered,2614176,249,SUP569
O6213,P5850,2026-02-18,152,2026-02-22,2026-02-23,Delayed,3474323,137,SUP7767
O6214,P8976,2026-03-25,203,2026-04-03,2026-04-05,Pending,3348566,102,SUP3061
O6215,P1577,2025-06-17,374,2025-06-22,2025-06-26,Delivered,181335,374,SUP7480
O6216,P705,2025-10-15,317,2025-10-22,2025-10-24,Pending,2913658,158,SUP1001
O6217,P3835,2025-06-19,134,2025-06-28,2025-07-01,Delayed,4118287,121,SUP3381
O6218,P6326,2025-08-28,193,2025-09-02,2025-09-06,Delayed,232380,174,SUP9414
O6219,P6118,2025-10-31,195,2025-11-08,2025-11-12,Delayed,59060,176,SUP3992
O6220,P1759,2025-10-16,400,2025-10-23,2025-10-26,Delivered,3236399,400,SUP7961
O6221,P5731,2025-06-02,166,2025-06-08,2025-06-09,Pending,53893,83,SUP833
O6222,P961,2025-10-31,62,2025-11-04,2025-11-06,Pending,3413492,31,SUP1925
O6223,P8542,2025-12-07,255,2025-12-15,2025-12-16,Delayed,1841575,230,SUP2160
O6224,P9527,2025-11-24,42,2025-12-03,2025-12-04,Delayed,2250218,38,SUP5376
O6225,P2430,2026-01-19,351,2026-01-23,2026-01-23,Delivered,686234,351,SUP6058
O6226,P8199,2025-07-30,105,2025-08-04,2025-08-07,Pending,924729,52,
O6227,P9195,2026-02-09,330,2026-02-17,2026-02-19,Delivered,2894606,330,
O6228,P7302,2025-07-31,174,2025-08-08,2025-08-10,Pending,2973368,87,SUP5494
O6229,P4024,2025-12-17,283,2025-12-25,2025-12-27,Delivered,668808,283,SUP5875
O6230,P8439,2025-10-06,14,2025-10-15,2025-10-17,Delayed,2436297,13,SUP2504
O6231,P9092,2025-07-14,75,2025-07-20,2025-07-22,Delivered,3849370,75,
O6232,P7838,2025-11-05,121,2025-11-12,2025-11-13,Delivered,1547865,121,
O6233,P3417,2025-08-10,487,2025-08-15,2025-08-19,Delivered,1883337,487,SUP8919
O6234,P1809,2025-07-26,159,2025-08-05,2025-08-10,Pending,3042427,80,SUP1063
O6235,P2061,2025-10-20,294,2025-10-26,2025-10-27,Delayed,2997922,265,
O6236,P8405,2026-05-09,230,2026-05-12,2026-05-13,Delivered,3594326,230,
O6237,P6859,2026-04-14,62,2026-04-19,2026-04-22,Delayed,2025110,56,SUP953
O6238,P7826,2026-04-09,166,2026-04-16,2026-04-16,Delayed,2225038,149,SUP557
O6239,P3931,2026-01-10,477,2026-01-13,2026-01-15,Delivered,4249971,477,
O6240,P9842,2025-08-10,240,2025-08-16,2025-08-18,Pending,4435472,120,
O6241,P7594,2025-08-15,98,2025-08-24,2025-08-25,Pending,3074249,49,SUP3624
O6242,P3338,2026-02-26,97,2026-03-02,2026-03-07,Delayed,4142715,87,
O6243,P642,2025-12-03,168,2025-12-12,2025-12-15,Pending,1631394,84,
O6244,P1085,2026-03-30,27,2026-04-08,2026-04-13,Delayed,4924202,24,
O6245,P4468,2025-07-20,197,2025-07-24,2025-07-28,Pending,2324800,98,SUP302
O6246,P7752,2026-05-04,95,2026-05-14,2026-05-19,Delivered,1571836,95,SUP8864
O6247,P6729,2025-11-30,405,2025-12-04,2025-12-06,Pending,34888,202,SUP9601
O6248,P7164,2025-06-29,256,2025-07-09,2025-07-12,Pending,3270728,128,SUP2389
O6249,P7699,2026-05-23,206,2026-05-30,2026-06-01,Pending,4548333,103,
O6250,P6895,2025-11-19,21,2025-11-23,2025-11-27,Delivered,4844165,21,SUP2689
O6251,P9194,2026-01-01,61,2026-01-04,2026-01-05,Delayed,4171812,55,
O6252,P5514,2026-05-01,236,2026-05-05,2026-05-07,Pending,4934437,118,SUP1917
O6253,P7623,2025-12-08,87,2025-12-12,2025-12-12,Delivered,1493122,87,SUP1358
O6254,P4101,2025-09-03,416,2025-09-08,2025-09-10,Delivered,555091,416,SUP7312
O6255,P5989,2025-06-02,380,2025-06-11,2025-06-13,Delivered,1109335,380,SUP4034
O6256,P7231,2026-03-13,140,2026-03-16,2026-03-18,Delivered,4148568,140,
O6257,P3816,2026-05-22,130,2026-05-29,2026-05-30,Delivered,3580477,130,
O6258,P7554,2025-07-16,245,2025-07-22,2025-07-22,Delivered,2249478,245,SUP7396
O6259,P415,2025-06-09,21,2025-06-16,2025-06-18,Delivered,379209,21,SUP3634
O6260,P7953,2026-04-09,287,2026-04-13,2026-04-18,Delayed,4495975,258,
O6261,P3192,2026-03-10,313,2026-03-16,2026-03-18,Delivered,919187,313,SUP457
O6262,P2857,2025-11-20,188,2025-11-28,2025-11-29,Delivered,548690,188,SUP8393
O6263,P84,2026-02-13,258,2026-02-16,2026-02-18,Delayed,4753241,232,SUP1230
O6264,P7306,2026-01-16,367,2026-01-23,2026-01-28,Delivered,841217,367,SUP5581
O6265,P3664,2025-11-26,145,2025-12-04,2025-12-09,Pending,1965694,72,SUP4806
O6266,P4875,2025-11-09,177,2025-11-12,2025-11-14,Delivered,4791230,177,
O6267,P2851,2025-11-04,310,2025-11-10,2025-11-10,Pending,3625929,155,SUP608
O6268,P7399,2025-07-12,456,2025-07-22,2025-07-25,Delivered,1112652,456,SUP1255
O6269,P8668,2025-08-22,299,2025-08-29,2025-09-01,Pending,3285901,150,SUP7402
O6270,P5122,2026-04-23,105,2026-04-30,2026-05-02,Delayed,2683611,94,SUP366
O6271,P9498,2026-02-06,349,2026-02-15,2026-02-19,Pending,4370840,174,SUP406
O6272,P3868,2025-07-03,401,2025-07-07,2025-07-11,Delayed,3670991,361,SUP3750
O6273,P9641,2025-10-14,203,2025-10-23,2025-10-23,Delayed,2344017,183,SUP2912
O6274,P3492,2025-09-13,156,2025-09-18,2025-09-18,Pending,3656686,78,
O6275,P789,2026-03-25,394,2026-03-31,2026-04-02,Delivered,4362138,394,
O6276,P5775,2026-01-08,27,2026-01-18,2026-01-22,Pending,962281,14,
O6277,P1738,2026-01-14,36,2026-01-21,2026-01-24,Pending,2612349,18,
O6278,P4599,2025-05-28,48,2025-06-02,2025-06-07,Delivered,2401635,48,SUP7967
O6279,P3419,2025-10-02,488,2025-10-11,2025-10-16,Pending,90155,244,
O6280,P8697,2025-12-20,292,2025-12-23,2025-12-27,Delayed,1698187,263,
O6281,P5095,2025-12-10,356,2025-12-15,2025-12-18,Delivered,360580,356,
O6282,P3699,2025-07-17,474,2025-07-22,2025-07-23,Delayed,517285,427,SUP1764
O6283,P9809,2026-01-30,258,2026-02-04,2026-02-07,Delivered,1232415,258,
O6284,P3893,2026-05-02,416,2026-05-09,2026-05-13,Delivered,4723085,416,
O6285,P4584,2025-09-08,132,2025-09-14,2025-09-15,Delayed,632889,119,SUP97
O6286,P6734,2025-09-26,330,2025-09-30,2025-10-03,Delayed,3630033,297,SUP1103
O6287,P2568,2026-04-16,428,2026-04-24,2026-04-28,Pending,4359775,214,SUP9945
O6288,P1281,2026-01-24,234,2026-01-27,2026-01-29,Pending,2528349,117,SUP4390
O6289,P5094,2025-08-19,54,2025-08-25,2025-08-25,Pending,3596539,27,
O6290,P4593,2026-05-02,325,2026-05-06,2026-05-09,Delayed,3487718,292,SUP2285
O6291,P5671,2025-08-29,39,2025-09-06,2025-09-07,Delivered,4397402,39,SUP4167
O6292,P7892,2025-06-01,311,2025-06-09,2025-06-10,Pending,4727159,156,SUP603
O6293,P3951,2025-09-02,49,2025-09-07,2025-09-11,Pending,1233407,24,SUP3733
O6294,P1948,2025-07-26,324,2025-08-05,2025-08-07,Pending,4606781,162,
O6295,P4264,2026-02-01,407,2026-02-07,2026-02-09,Delivered,456513,407,SUP6245
O6296,P1563,2025-08-30,418,2025-09-08,2025-09-09,Delayed,1032516,376,SUP1767
O6297,P5570,2025-08-26,75,2025-09-01,2025-09-01,Delayed,543470,68,SUP9327
O6298,P7697,2025-10-29,281,2025-11-08,2025-11-13,Delivered,1712496,281,SUP5760
O6299,P5736,2025-06-11,444,2025-06-20,2025-06-22,Delayed,1125778,400,
O6300,P2935,2025-11-20,214,2025-11-30,2025-12-02,Delivered,2193874,214,SUP2999
O6301,P9915,2025-06-20,498,2025-06-24,2025-06-24,Pending,3706944,249,
O6302,P52,2025-06-24,489,2025-06-27,2025-06-29,Delivered,1251145,489,SUP2782
O6303,P6564,2025-10-14,490,2025-10-24,2025-10-27,Pending,4138362,245,SUP1750
O6304,P4921,2025-11-09,65,2025-11-16,2025-11-16,Delivered,1973431,65,
O6305,P1380,2026-04-15,419,2026-04-22,2026-04-22,Delivered,4177055,419,
O6306,P7852,2025-11-16,85,2025-11-25,2025-11-27,Delivered,2526375,85,SUP2067
O6307,P1608,2026-03-25,269,2026-03-31,2026-04-01,Pending,945400,134,SUP1165
O6308,P819,2025-07-31,262,2025-08-03,2025-08-04,Delayed,449112,236,SUP1987
O6309,P9775,2026-02-01,424,2026-02-11,2026-02-12,Pending,4187824,212,
O6310,P3380,2025-09-02,46,2025-09-08,2025-09-12,Delivered,3745990,46,
O6311,P3348,2025-07-03,246,2025-07-08,2025-07-12,Delayed,3629574,221,SUP1102
O6312,P2028,2026-03-24,157,2026-04-03,2026-04-04,Pending,141615,78,SUP3166
O6313,P2741,2026-05-02,466,2026-05-12,2026-05-15,Delayed,58129,419,SUP447
O6314,P337,2026-01-24,64,2026-02-03,2026-02-04,Delayed,1961323,58,
O6315,P6428,2025-12-05,215,2025-12-08,2025-12-10,Delivered,3080217,215,
O6316,P8623,2026-01-31,347,2026-02-08,2026-02-11,Delivered,2988508,347,
O6317,P3114,2025-08-19,331,2025-08-23,2025-08-24,Delivered,4086415,331,SUP269
O6318,P7676,2026-03-04,305,2026-03-14,2026-03-19,Delayed,4063469,274,
O6319,P7768,2025-08-27,148,2025-09-01,2025-09-03,Delivered,1067977,148,SUP1299
O6320,P7009,2026-03-15,299,2026-03-22,2026-03-23,Delivered,267074,299,
O6321,P4748,2025-09-21,189,2025-09-26,2025-10-01,Delayed,2048119,170,SUP4478
O6322,P9064,2025-12-31,485,2026-01-07,2026-01-12,Delivered,646322,485,SUP1014
O6323,P4965,2025-07-21,240,2025-07-27,2025-07-27,Pending,4908828,120,SUP5131
O6324,P7835,2026-03-23,294,2026-03-31,2026-04-03,Delivered,1197968,294,SUP1200
O6325,P6373,2025-09-11,392,2025-09-16,2025-09-18,Pending,4676507,196,SUP721
O6326,P5502,2026-05-25,25,2026-06-02,2026-06-07,Delivered,4188107,25,
O6327,P1744,2026-03-05,75,2026-03-11,2026-03-16,Delivered,2568735,75,SUP3253
O6328,P8570,2026-04-07,225,2026-04-15,2026-04-19,Delayed,3218419,202,SUP3921
O6329,P8653,2025-11-02,69,2025-11-06,2025-11-11,Pending,686049,34,SUP1007
O6330,P1728,2025-08-03,492,2025-08-06,2025-08-06,Delivered,2858801,492,SUP161
O6331,P9837,2026-01-21,364,2026-01-26,2026-01-30,Delayed,4291783,328,SUP127
O6332,P2276,2026-05-18,242,2026-05-24,2026-05-27,Pending,753484,121,
O6333,P4331,2025-12-29,281,2026-01-02,2026-01-05,Pending,588867,140,
O6334,P571,2026-05-08,73,2026-05-14,2026-05-16,Delayed,558225,66,
O6335,P1714,2026-01-06,433,2026-01-10,2026-01-15,Pending,4040823,216,
O6336,P2304,2026-01-25,489,2026-02-03,2026-02-08,Pending,897499,244,
O6337,P8299,2025-08-15,258,2025-08-25,2025-08-25,Delayed,4694646,232,SUP589
O6338,P1658,2025-07-02,418,2025-07-08,2025-07-12,Delivered,3811170,418,SUP1080
O6339,P8827,2026-05-01,495,2026-05-04,2026-05-05,Delayed,207205,446,
O6340,P7302,2026-03-24,194,2026-03-29,2026-03-29,Delayed,173601,175,SUP5494
O6341,P315,2026-03-23,198,2026-03-31,2026-04-04,Pending,3443310,99,SUP437
O6342,P7543,2026-02-25,407,2026-03-04,2026-03-07,Delayed,1696262,366,SUP9350
O6343,P3679,2025-11-09,424,2025-11-18,2025-11-22,Delayed,4973141,382,
O6344,P1254,2025-12-28,308,2026-01-06,2026-01-09,Pending,2605421,154,SUP5366
O6345,P4466,2026-04-22,374,2026-04-29,2026-05-03,Pending,3410058,187,
O6346,P4994,2026-01-01,392,2026-01-11,2026-01-11,Pending,902534,196,SUP9430
O6347,P9572,2025-10-17,490,2025-10-22,2025-10-27,Delayed,2998978,441,SUP5237
O6348,P646,2026-01-26,183,2026-02-02,2026-02-04,Delivered,2584908,183,
O6349,P3457,2026-04-25,165,2026-05-02,2026-05-07,Delayed,1126318,148,
O6350,P8222,2025-11-21,41,2025-11-24,2025-11-27,Pending,2341167,20,
O6351,P9179,2025-08-14,408,2025-08-19,2025-08-20,Pending,621510,204,SUP8102
O6352,P5594,2026-01-09,249,2026-01-17,2026-01-18,Pending,2475107,124,
O6353,P4082,2025-06-28,392,2025-07-05,2025-07-10,Delayed,4995627,353,SUP3139
O6354,P4311,2025-09-26,113,2025-10-02,2025-10-06,Delivered,3587461,113,SUP226
O6355,P6539,2026-04-05,452,2026-04-15,2026-04-19,Delivered,3186145,452,
O6356,P6084,2025-08-27,283,2025-09-06,2025-09-11,Delayed,3417892,255,SUP3242
O6357,P1584,2026-05-01,461,2026-05-07,2026-05-09,Pending,1409548,230,SUP1671
O6358,P5927,2026-04-02,82,2026-04-11,2026-04-11,Delayed,2879302,74,SUP4974
O6359,P6775,2025-08-26,329,2025-09-01,2025-09-06,Delayed,3776523,296,SUP8361
O6360,P83,2025-06-17,221,2025-06-21,2025-06-23,Pending,1861773,110,
O6361,P5606,2025-09-23,453,2025-10-02,2025-10-05,Pending,2741348,226,SUP8518
O6362,P3259,2026-02-11,315,2026-02-17,2026-02-18,Delivered,1272414,315,
O6363,P5301,2025-10-16,352,2025-10-25,2025-10-29,Pending,1424868,176,SUP4490
O6364,P1892,2026-04-11,160,2026-04-16,2026-04-20,Delivered,187475,160,SUP76
O6365,P6529,2026-03-31,395,2026-04-05,2026-04-07,Delayed,4508935,356,
O6366,P1524,2025-07-16,409,2025-07-25,2025-07-26,Delayed,3104846,368,SUP2749
O6367,P5084,2025-06-06,273,2025-06-09,2025-06-09,Delivered,3900357,273,SUP3042
O6368,P4057,2026-04-26,339,2026-04-29,2026-04-30,Delayed,1106166,305,
O6369,P6379,2025-11-23,456,2025-11-29,2025-12-01,Pending,1860358,228,SUP1345
O6370,P6678,2026-04-19,246,2026-04-26,2026-04-28,Delayed,494583,221,SUP4178
O6371,P6671,2025-11-30,346,2025-12-03,2025-12-04,Delivered,1783465,346,SUP3126
O6372,P313,2026-02-11,81,2026-02-21,2026-02-24,Pending,1305477,40,
O6373,P9754,2025-10-04,126,2025-10-10,2025-10-12,Pending,2112434,63,SUP900
O6374,P232,2025-12-01,333,2025-12-04,2025-12-05,Delayed,102712,300,SUP6221
O6375,P7348,2025-08-06,19,2025-08-14,2025-08-17,Delivered,3426379,19,
O6376,P8773,2025-11-21,356,2025-11-24,2025-11-29,Delayed,3252551,320,
O6377,P9517,2026-01-14,54,2026-01-23,2026-01-24,Delayed,1743980,49,SUP5733
O6378,P4689,2025-09-15,293,2025-09-18,2025-09-19,Delayed,4826747,264,SUP2373
O6379,P8858,2025-08-31,21,2025-09-10,2025-09-15,Delayed,3641984,19,SUP8502
O6380,P683,2025-11-24,161,2025-11-29,2025-12-04,Delivered,1336374,161,
O6381,P9821,2025-10-16,232,2025-10-20,2025-10-21,Pending,2890542,116,SUP9176
O6382,P2821,2025-07-01,397,2025-07-08,2025-07-09,Delayed,370046,357,
O6383,P8961,2026-04-30,344,2026-05-08,2026-05-10,Delivered,1702572,344,SUP8618
O6384,P2159,2026-03-12,266,2026-03-18,2026-03-19,Pending,1754661,133,
O6385,P5104,2026-03-23,406,2026-03-26,2026-03-26,Pending,2005311,203,SUP6361
O6386,P7711,2025-12-19,430,2025-12-23,2025-12-23,Pending,2296548,215,SUP6142
O6387,P848,2025-11-23,280,2025-11-29,2025-12-01,Delayed,3611766,252,
O6388,P515,2026-01-07,419,2026-01-14,2026-01-15,Delayed,4823165,377,
O6389,P1466,2026-05-05,481,2026-05-11,2026-05-16,Delivered,4775354,481,
O6390,P1144,2025-10-16,285,2025-10-22,2025-10-27,Delivered,1136893,285,
O6391,P3218,2025-10-19,317,2025-10-29,2025-11-03,Pending,598818,158,
O6392,P8224,2025-05-31,465,2025-06-03,2025-06-08,Delivered,2764366,465,SUP5742
O6393,P8707,2025-11-08,388,2025-11-17,2025-11-20,Delayed,3329754,349,
O6394,P6587,2025-12-06,56,2025-12-16,2025-12-18,Delayed,4580815,50,
O6395,P5564,2025-06-01,348,2025-06-09,2025-06-13,Delayed,4012146,313,
O6396,P9380,2025-07-13,237,2025-07-20,2025-07-20,Delivered,1814960,237,SUP6348
O6397,P6965,2025-12-28,175,2026-01-03,2026-01-07,Delivered,1429133,175,
O6398,P7908,2026-03-13,83,2026-03-16,2026-03-17,Pending,3996182,42,SUP9425
O6399,P1511,2025-06-20,296,2025-06-29,2025-07-03,Delivered,4367198,296,
O6400,P1017,2026-02-11,369,2026-02-21,2026-02-25,Delayed,292023,332,
O6401,P7020,2025-08-02,485,2025-08-09,2025-08-11,Delivered,1906553,485,
O6402,P1791,2025-10-29,355,2025-11-02,2025-11-05,Pending,3997380,178,SUP2002
O6403,P5335,2025-10-25,130,2025-11-03,2025-11-03,Delivered,874740,130,
O6404,P7901,2026-05-02,374,2026-05-08,2026-05-13,Pending,4255793,187,SUP2841
O6405,P4994,2025-08-31,204,2025-09-08,2025-09-13,Pending,2131743,102,SUP9430
O6406,P1362,2025-12-08,320,2025-12-14,2025-12-18,Delayed,1507989,288,SUP726
O6407,P2864,2025-12-02,127,2025-12-10,2025-12-14,Pending,475380,64,
O6408,P2729,2025-05-31,390,2025-06-03,2025-06-05,Delayed,3519499,351,SUP2170
O6409,P8481,2025-07-04,81,2025-07-10,2025-07-15,Delayed,4884445,73,SUP5384
O6410,P6247,2025-08-04,243,2025-08-07,2025-08-11,Pending,2050413,122,SUP3199
O6411,P2649,2026-03-13,107,2026-03-22,2026-03-25,Pending,2256227,54,
O6412,P531,2025-11-03,445,2025-11-11,2025-11-14,Delayed,2835207,400,SUP7585
O6413,P8330,2026-05-04,238,2026-05-14,2026-05-18,Delayed,2943000,214,SUP1064
O6414,P8489,2026-02-15,67,2026-02-21,2026-02-26,Delayed,542203,60,
O6415,P4996,2025-07-10,241,2025-07-18,2025-07-20,Pending,343094,120,
O6416,P7550,2026-03-15,187,2026-03-19,2026-03-19,Pending,3336623,94,
O6417,P8190,2026-01-27,338,2026-02-03,2026-02-08,Delayed,715172,304,
O6418,P6075,2026-03-03,369,2026-03-07,2026-03-12,Delivered,451159,369,
O6419,P9044,2025-08-23,425,2025-08-27,2025-08-30,Pending,4574203,212,SUP708
O6420,P7617,2025-12-28,153,2026-01-07,2026-01-09,Delayed,4663911,138,SUP2594
O6421,P7881,2025-12-30,359,2026-01-08,2026-01-13,Delayed,2564171,323,SUP3525
O6422,P1336,2026-03-03,79,2026-03-12,2026-03-16,Pending,2972001,40,SUP3650
O6423,P6054,2025-10-05,285,2025-10-15,2025-10-20,Delivered,2182665,285,SUP1261
O6424,P3668,2026-03-12,49,2026-03-17,2026-03-20,Delayed,3907651,44,SUP2320
O6425,P8673,2025-12-15,129,2025-12-20,2025-12-22,Pending,2062561,64,SUP5431
O6426,P7345,2026-05-22,331,2026-05-25,2026-05-25,Pending,3750412,166,SUP3940
O6427,P7782,2026-02-01,211,2026-02-05,2026-02-05,Delivered,118151,211,SUP2144
O6428,P2115,2025-09-15,268,2025-09-25,2025-09-27,Delivered,1796082,268,SUP1218
O6429,P2333,2026-05-06,341,2026-05-14,2026-05-19,Pending,2381224,170,
O6430,P8284,2026-04-12,474,2026-04-15,2026-04-15,Delivered,4337719,474,SUP4338
O6431,P7343,2025-05-30,78,2025-06-07,2025-06-08,Delayed,2992739,70,SUP1437
O6432,P7387,2026-01-17,97,2026-01-22,2026-01-27,Delayed,1944191,87,SUP809
O6433,P9646,2026-01-24,30,2026-02-01,2026-02-02,Pending,2865260,15,SUP1975
O6434,P3831,2026-01-30,448,2026-02-09,2026-02-12,Delayed,3399122,403,
O6435,P5505,2025-11-18,82,2025-11-25,2025-11-28,Delivered,413884,82,
O6436,P9101,2025-12-17,56,2025-12-26,2025-12-30,Delayed,3602855,50,
O6437,P7654,2026-02-18,400,2026-02-23,2026-02-27,Pending,1784139,200,
O6438,P8862,2025-11-17,244,2025-11-20,2025-11-25,Pending,3644925,122,SUP7332
O6439,P833,2025-06-21,115,2025-06-30,2025-07-01,Delivered,367480,115,
O6440,P8175,2025-09-11,240,2025-09-21,2025-09-24,Delivered,909989,240,
O6441,P6575,2026-04-21,435,2026-04-29,2026-04-30,Delivered,1279399,435,SUP3160
O6442,P6833,2026-03-14,139,2026-03-24,2026-03-29,Delivered,4211503,139,
O6443,P9398,2026-04-14,115,2026-04-20,2026-04-20,Pending,3218554,58,SUP7634
O6444,P9517,2026-01-01,271,2026-01-10,2026-01-15,Pending,339122,136,SUP5733
O6445,P404,2026-02-15,364,2026-02-22,2026-02-26,Delayed,1309242,328,
O6446,P8494,2025-10-19,227,2025-10-26,2025-10-26,Pending,1802134,114,SUP3549
O6447,P8286,2026-02-05,493,2026-02-13,2026-02-14,Delivered,2691644,493,
O6448,P5973,2025-07-29,464,2025-08-04,2025-08-07,Delivered,1753999,464,SUP6382
O6449,P7997,2025-07-17,310,2025-07-25,2025-07-30,Delayed,2919466,279,
O6450,P6300,2025-11-28,493,2025-12-01,2025-12-01,Pending,3315390,246,
O6451,P4499,2025-10-08,382,2025-10-16,2025-10-20,Delayed,4288649,344,SUP3055
O6452,P5930,2026-03-09,98,2026-03-12,2026-03-15,Pending,3667175,49,SUP6043
O6453,P2277,2026-05-20,211,2026-05-25,2026-05-26,Delayed,2252755,190,SUP2637
O6454,P4625,2026-02-07,102,2026-02-17,2026-02-17,Delivered,278036,102,
O6455,P8937,2025-09-01,96,2025-09-09,2025-09-09,Pending,1764969,48,
O6456,P1856,2026-01-12,129,2026-01-16,2026-01-21,Delayed,4931515,116,SUP4560
O6457,P1069,2025-11-13,289,2025-11-16,2025-11-20,Pending,2660376,144,
O6458,P6461,2025-10-06,500,2025-10-09,2025-10-10,Delayed,907585,450,
O6459,P5631,2026-04-24,320,2026-05-01,2026-05-06,Delivered,4556972,320,SUP4012
O6460,P8592,2025-08-25,162,2025-09-03,2025-09-06,Pending,1361480,81,SUP1741
O6461,P9354,2026-03-20,170,2026-03-27,2026-03-31,Delivered,4926839,170,SUP6692
O6462,P7563,2025-06-04,385,2025-06-07,2025-06-11,Pending,4369035,192,SUP1312
O6463,P5753,2025-12-26,395,2025-12-31,2026-01-02,Delayed,4173651,356,SUP4865
O6464,P3265,2026-04-07,41,2026-04-17,2026-04-22,Pending,4062425,20,SUP8203
O6465,P7814,2025-12-14,193,2025-12-21,2025-12-24,Delayed,3538480,174,
O6466,P4301,2025-06-18,70,2025-06-21,2025-06-26,Pending,4770628,35,
O6467,P9395,2026-04-14,384,2026-04-23,2026-04-24,Delivered,464478,384,
O6468,P9210,2026-04-26,169,2026-05-06,2026-05-07,Delayed,1435575,152,SUP61
O6469,P6948,2025-08-26,68,2025-09-05,2025-09-10,Pending,3779546,34,SUP1598
O6470,P9826,2025-12-22,419,2025-12-26,2025-12-31,Delivered,685481,419,SUP1990
O6471,P826,2025-10-28,62,2025-11-01,2025-11-05,Delivered,4230367,62,SUP970
O6472,P2625,2026-02-24,48,2026-03-03,2026-03-07,Delivered,1803511,48,SUP6447
O6473,P4007,2026-03-20,356,2026-03-25,2026-03-27,Delivered,2199564,356,
O6474,P696,2025-07-10,360,2025-07-14,2025-07-15,Delayed,1297087,324,SUP175
O6475,P1349,2025-10-25,58,2025-10-29,2025-10-30,Delivered,2681472,58,SUP379
O6476,P2551,2026-04-28,451,2026-05-07,2026-05-08,Delayed,4052282,406,
O6477,P9947,2026-03-12,286,2026-03-21,2026-03-23,Delayed,2579418,257,SUP6169
O6478,P9753,2025-11-03,38,2025-11-13,2025-11-15,Delivered,1531476,38,SUP2958
O6479,P5588,2025-08-01,152,2025-08-05,2025-08-10,Delivered,1636634,152,SUP9932
O6480,P6375,2025-12-28,224,2026-01-05,2026-01-09,Pending,1866048,112,SUP1334
O6481,P1932,2026-05-25,321,2026-06-03,2026-06-04,Delayed,2385801,289,SUP7981
O6482,P3850,2025-10-15,247,2025-10-22,2025-10-27,Pending,3130106,124,
O6483,P1886,2025-07-11,489,2025-07-20,2025-07-20,Pending,1251873,244,
O6484,P3686,2026-04-26,307,2026-04-29,2026-05-04,Delayed,2515601,276,SUP2641
O6485,P4782,2026-01-09,493,2026-01-18,2026-01-20,Pending,1466197,246,
O6486,P5076,2025-08-07,264,2025-08-11,2025-08-15,Delivered,1114490,264,SUP5108
O6487,P3923,2026-04-12,267,2026-04-19,2026-04-23,Delivered,4106387,267,SUP9890
O6488,P2264,2025-12-26,483,2026-01-05,2026-01-07,Delivered,4914496,483,SUP1419
O6489,P7271,2025-09-20,264,2025-09-28,2025-10-02,Delayed,3041089,238,SUP4113
O6490,P2286,2026-04-15,105,2026-04-23,2026-04-27,Pending,1957988,52,
O6491,P6435,2025-09-15,222,2025-09-18,2025-09-20,Pending,3619125,111,SUP8438
O6492,P6222,2025-10-10,90,2025-10-13,2025-10-17,Delivered,3076204,90,
O6493,P8834,2026-03-24,45,2026-03-29,2026-03-30,Pending,2394438,22,SUP6303
O6494,P1648,2025-07-21,385,2025-07-26,2025-07-30,Delayed,2093162,346,SUP898
O6495,P7796,2025-08-01,172,2025-08-08,2025-08-09,Delivered,2811142,172,
O6496,P9873,2025-12-11,439,2025-12-15,2025-12-17,Delivered,3419830,439,SUP2185
O6497,P9148,2026-01-28,207,2026-02-02,2026-02-03,Delivered,3016260,207,SUP7949
O6498,P4998,2025-07-25,361,2025-08-04,2025-08-07,Pending,4525604,180,SUP5390
O6499,P6742,2025-10-10,225,2025-10-13,2025-10-18,Pending,3276307,112,SUP2022
O6500,P9621,2025-12-26,340,2026-01-05,2026-01-08,Delayed,3495183,306,SUP9378
O6501,P8842,2025-12-21,418,2025-12-30,2025-12-31,Delivered,4025279,418,SUP6196
O6502,P3511,2025-10-22,110,2025-10-25,2025-10-29,Delayed,3123989,99,
O6503,P7464,2026-02-07,432,2026-02-15,2026-02-20,Delayed,1388054,389,
O6504,P8546,2026-02-25,118,2026-03-06,2026-03-08,Pending,789974,59,SUP2382
O6505,P5332,2025-12-17,484,2025-12-21,2025-12-24,Delayed,2914800,436,
O6506,P3057,2025-09-16,70,2025-09-24,2025-09-28,Pending,1407732,35,
O6507,P7476,2026-04-01,134,2026-04-10,2026-04-15,Delivered,3154802,134,SUP3560
O6508,P8956,2026-05-14,302,2026-05-23,2026-05-26,Pending,3308254,151,SUP5708
O6509,P985,2026-05-04,444,2026-05-13,2026-05-18,Delivered,4812813,444,
O6510,P7478,2026-04-12,377,2026-04-22,2026-04-24,Delayed,4831044,339,
O6511,P4226,2025-09-15,254,2025-09-23,2025-09-24,Delivered,896390,254,SUP461
O6512,P3400,2025-07-15,184,2025-07-19,2025-07-21,Delivered,3228682,184,SUP1381
O6513,P5269,2025-09-24,452,2025-09-27,2025-10-01,Pending,4296540,226,
O6514,P7074,2025-09-15,325,2025-09-25,2025-09-30,Delivered,2376589,325,SUP3089
O6515,P6704,2026-04-14,480,2026-04-23,2026-04-25,Delivered,3078377,480,
O6516,P7742,2025-12-31,137,2026-01-05,2026-01-09,Delivered,4112515,137,
O6517,P1441,2025-09-21,249,2025-09-25,2025-09-28,Delivered,4434547,249,
O6518,P5092,2025-08-29,34,2025-09-05,2025-09-10,Delayed,912050,31,SUP592
O6519,P50,2025-07-13,89,2025-07-18,2025-07-21,Pending,3356863,44,
O6520,P6288,2025-06-26,331,2025-06-29,2025-06-30,Delivered,37690,331,SUP620
O6521,P1191,2025-09-22,489,2025-09-26,2025-09-30,Delivered,463793,489,SUP2274
O6522,P6646,2025-08-13,71,2025-08-16,2025-08-19,Delivered,796510,71,SUP6251
O6523,P3065,2026-01-15,238,2026-01-22,2026-01-23,Delayed,1846708,214,SUP2762
O6524,P4120,2026-05-01,118,2026-05-07,2026-05-07,Delayed,3663308,106,
O6525,P5336,2025-11-27,359,2025-12-05,2025-12-08,Delivered,3862146,359,SUP2557
O6526,P2359,2026-03-20,339,2026-03-30,2026-03-31,Pending,1617456,170,SUP3388
O6527,P9767,2026-05-23,253,2026-05-27,2026-05-28,Delayed,2265293,228,SUP6774
O6528,P1783,2026-03-31,140,2026-04-08,2026-04-09,Delayed,2782123,126,SUP1046
O6529,P5910,2025-09-28,264,2025-10-07,2025-10-11,Pending,3537813,132,SUP9116
O6530,P7944,2025-07-14,398,2025-07-20,2025-07-25,Delayed,4953917,358,
O6531,P8121,2025-08-22,75,2025-09-01,2025-09-05,Delayed,2058042,68,SUP4349
O6532,P4584,2025-06-16,45,2025-06-19,2025-06-19,Delayed,1354100,40,SUP97
O6533,P709,2025-10-26,67,2025-10-30,2025-10-30,Delivered,4124572,67,
O6534,P1129,2025-10-17,164,2025-10-24,2025-10-29,Delivered,147033,164,
O6535,P8169,2025-09-25,288,2025-09-29,2025-09-30,Delivered,3292090,288,
O6536,P3441,2025-11-09,316,2025-11-17,2025-11-20,Delayed,2639730,284,SUP4694
O6537,P1221,2026-02-18,19,2026-02-22,2026-02-22,Pending,255558,10,SUP942
O6538,P576,2026-05-15,105,2026-05-18,2026-05-21,Delivered,4721979,105,
O6539,P4002,2026-03-09,32,2026-03-17,2026-03-20,Delayed,3484675,29,
O6540,P8335,2026-05-01,40,2026-05-09,2026-05-10,Delivered,4084065,40,
O6541,P2547,2025-12-12,465,2025-12-18,2025-12-20,Delayed,3486595,418,
O6542,P9687,2026-05-01,99,2026-05-08,2026-05-10,Delivered,2063255,99,SUP1830
O6543,P3142,2026-03-04,321,2026-03-08,2026-03-13,Pending,600767,160,
O6544,P4844,2026-04-21,27,2026-04-25,2026-04-25,Delayed,4287956,24,SUP4207
O6545,P2705,2026-04-12,308,2026-04-20,2026-04-23,Delayed,241692,277,
O6546,P4563,2025-10-10,247,2025-10-16,2025-10-17,Pending,1604285,124,
O6547,P2161,2026-04-27,338,2026-05-01,2026-05-03,Delivered,1588633,338,
O6548,P246,2025-10-30,478,2025-11-03,2025-11-07,Delayed,1288884,430,SUP1323
O6549,P1788,2026-05-15,261,2026-05-21,2026-05-26,Delivered,2539755,261,SUP745
O6550,P8845,2025-09-04,236,2025-09-07,2025-09-11,Pending,2010431,118,SUP4504
O6551,P9083,2026-05-19,259,2026-05-28,2026-05-30,Delivered,2493011,259,SUP6325
O6552,P9107,2026-05-16,130,2026-05-20,2026-05-23,Delayed,3612503,117,
O6553,P7404,2025-12-15,320,2025-12-25,2025-12-30,Pending,2628371,160,SUP1768
O6554,P1681,2025-12-11,123,2025-12-20,2025-12-23,Delivered,3326992,123,SUP1748
O6555,P102,2026-03-31,153,2026-04-09,2026-04-10,Pending,2700216,76,SUP1677
O6556,P9896,2025-12-16,116,2025-12-21,2025-12-24,Pending,3643806,58,
O6557,P5916,2026-03-12,196,2026-03-21,2026-03-26,Pending,4250055,98,SUP532
O6558,P5425,2026-02-02,313,2026-02-06,2026-02-11,Delivered,2180403,313,
O6559,P4270,2025-09-01,62,2025-09-11,2025-09-14,Delayed,1595285,56,SUP6990
O6560,P7210,2025-08-07,482,2025-08-10,2025-08-12,Delayed,3597868,434,SUP6296
O6561,P4265,2025-11-29,499,2025-12-06,2025-12-07,Delivered,564577,499,
O6562,P3492,2025-07-28,196,2025-08-02,2025-08-04,Delivered,4044580,196,
O6563,P880,2026-04-11,13,2026-04-19,2026-04-21,Delivered,1111718,13,SUP4128
O6564,P6499,2025-07-30,287,2025-08-08,2025-08-13,Delayed,499918,258,SUP5578
O6565,P2135,2026-05-28,458,2026-06-02,2026-06-05,Delayed,1639469,412,
O6566,P8340,2025-10-04,47,2025-10-14,2025-10-14,Delivered,4064627,47,SUP7855
O6567,P7859,2026-03-24,292,2026-03-29,2026-04-03,Pending,1764072,146,
O6568,P6335,2025-12-12,23,2025-12-18,2025-12-19,Delayed,4303609,21,
O6569,P2050,2026-01-03,210,2026-01-10,2026-01-12,Delivered,3883356,210,
O6570,P389,2025-10-04,126,2025-10-08,2025-10-13,Pending,76137,63,SUP8069
O6571,P2614,2026-01-14,300,2026-01-22,2026-01-27,Pending,2387578,150,
O6572,P3700,2025-07-18,480,2025-07-28,2025-07-31,Pending,1127883,240,SUP1697
O6573,P233,2025-08-04,287,2025-08-07,2025-08-10,Delayed,3938784,258,SUP710
O6574,P9894,2026-03-29,443,2026-04-07,2026-04-07,Delivered,2622208,443,SUP1202
O6575,P7997,2026-02-09,262,2026-02-19,2026-02-23,Delivered,3909985,262,
O6576,P6281,2025-11-10,69,2025-11-16,2025-11-21,Delivered,2825470,69,
O6577,P4307,2026-02-12,198,2026-02-22,2026-02-22,Delivered,3426610,198,
O6578,P3914,2026-01-30,346,2026-02-04,2026-02-07,Delivered,4991499,346,SUP3098
O6579,P3654,2026-04-28,416,2026-05-07,2026-05-10,Delivered,1591870,416,SUP5734
O6580,P8212,2026-02-18,373,2026-02-22,2026-02-27,Delayed,37233,336,SUP1159
O6581,P3187,2025-06-27,98,2025-07-04,2025-07-04,Delivered,1179207,98,SUP3259
O6582,P249,2026-03-16,90,2026-03-19,2026-03-22,Delivered,2260049,90,SUP986
O6583,P9987,2025-07-13,434,2025-07-16,2025-07-17,Pending,1494060,217,
O6584,P5809,2026-03-19,331,2026-03-22,2026-03-22,Pending,3116659,166,SUP1291
O6585,P9968,2025-09-08,345,2025-09-18,2025-09-20,Delivered,2498551,345,SUP7258
O6586,P7544,2025-11-18,316,2025-11-28,2025-11-30,Delivered,1073817,316,
O6587,P695,2025-12-20,479,2025-12-23,2025-12-25,Delivered,3494214,479,
O6588,P3657,2025-05-31,268,2025-06-10,2025-06-13,Delivered,1674983,268,SUP1304
O6589,P5151,2026-04-11,184,2026-04-14,2026-04-19,Pending,385452,92,SUP4380
O6590,P9753,2026-04-30,130,2026-05-05,2026-05-10,Delivered,2389778,130,SUP2958
O6591,P7706,2025-11-17,304,2025-11-21,2025-11-26,Pending,3620857,152,SUP9619
O6592,P2521,2025-09-25,250,2025-10-01,2025-10-06,Pending,3297423,125,
O6593,P28,2026-03-19,438,2026-03-29,2026-04-01,Delivered,1499255,438,SUP1489
O6594,P692,2025-10-23,435,2025-10-27,2025-10-27,Delayed,3608070,392,SUP6649
O6595,P6366,2025-08-30,229,2025-09-08,2025-09-08,Delayed,1320424,206,SUP1240
O6596,P5219,2026-01-28,459,2026-02-02,2026-02-03,Delivered,78312,459,SUP762
O6597,P9581,2025-12-20,60,2025-12-29,2026-01-01,Pending,2767912,30,
O6598,P6240,2025-06-26,90,2025-07-01,2025-07-04,Delayed,1288314,81,SUP3705
O6599,P8967,2025-12-03,495,2025-12-10,2025-12-11,Delayed,481874,446,SUP2656
O6600,P4883,2025-10-21,211,2025-10-29,2025-10-31,Delayed,3059853,190,SUP3234
O6601,P182,2025-06-03,148,2025-06-06,2025-06-10,Pending,2557484,74,SUP2182
O6602,P2773,2026-05-06,414,2026-05-13,2026-05-13,Delayed,754431,373,SUP502
O6603,P6705,2026-02-14,307,2026-02-24,2026-02-26,Delivered,3163652,307,
O6604,P3086,2025-12-10,263,2025-12-16,2025-12-21,Pending,1170891,132,SUP8838
O6605,P1700,2026-03-02,387,2026-03-10,2026-03-11,Delivered,943867,387,SUP6028
O6606,P9228,2026-03-18,123,2026-03-28,2026-04-02,Delivered,113104,123,
O6607,P4945,2026-05-14,34,2026-05-18,2026-05-19,Delivered,1364161,34,
O6608,P3462,2026-05-03,338,2026-05-13,2026-05-13,Pending,659316,169,
O6609,P1711,2025-09-27,328,2025-10-05,2025-10-05,Pending,4183917,164,SUP963
O6610,P8997,2026-04-09,442,2026-04-17,2026-04-22,Delivered,3566246,442,
O6611,P6281,2025-11-09,443,2025-11-15,2025-11-19,Delayed,3546590,399,
O6612,P3999,2025-12-03,377,2025-12-09,2025-12-13,Pending,2368405,188,SUP5031
O6613,P6085,2025-08-30,337,2025-09-04,2025-09-06,Pending,632823,168,
O6614,P1804,2025-09-07,279,2025-09-15,2025-09-15,Pending,3637089,140,SUP4729
O6615,P2250,2025-11-21,218,2025-11-24,2025-11-26,Delayed,1568745,196,SUP3958
O6616,P4570,2025-12-20,484,2025-12-25,2025-12-30,Delivered,603666,484,SUP599
O6617,P531,2026-05-03,492,2026-05-12,2026-05-14,Delivered,594729,492,SUP7585
O6618,P4071,2025-06-28,437,2025-07-06,2025-07-07,Pending,438802,218,SUP2157
O6619,P4240,2025-10-18,462,2025-10-21,2025-10-26,Delayed,4867293,416,
O6620,P1908,2026-04-03,172,2026-04-08,2026-04-09,Pending,2786058,86,
O6621,P6081,2025-08-06,356,2025-08-15,2025-08-19,Pending,2055645,178,SUP3027
O6622,P3581,2026-01-17,331,2026-01-24,2026-01-24,Delivered,178313,331,
O6623,P8618,2025-12-25,183,2025-12-28,2026-01-02,Pending,2634527,92,SUP2155
O6624,P2133,2026-01-10,488,2026-01-19,2026-01-23,Pending,3479623,244,
O6625,P4930,2026-04-02,170,2026-04-06,2026-04-08,Delivered,909817,170,SUP7446
O6626,P8902,2026-04-13,12,2026-04-23,2026-04-26,Delivered,2385460,12,
O6627,P2994,2025-11-29,418,2025-12-04,2025-12-09,Delivered,4787857,418,SUP6322
O6628,P9623,2026-01-10,50,2026-01-17,2026-01-21,Pending,562960,25,SUP4925
O6629,P2305,2025-08-04,421,2025-08-09,2025-08-10,Delayed,2158280,379,SUP8032
O6630,P7094,2025-08-21,307,2025-08-26,2025-08-31,Delayed,1604428,276,SUP5111
O6631,P1981,2025-07-13,168,2025-07-22,2025-07-25,Delayed,2486264,151,
O6632,P4192,2025-10-31,236,2025-11-09,2025-11-11,Pending,2452892,118,SUP4520
O6633,P9038,2026-05-01,38,2026-05-07,2026-05-12,Pending,708412,19,SUP3
O6634,P9557,2025-08-05,412,2025-08-11,2025-08-12,Pending,3530681,206,
O6635,P4597,2025-12-16,416,2025-12-22,2025-12-24,Delivered,3166673,416,SUP7542
O6636,P8396,2025-05-29,310,2025-06-03,2025-06-04,Pending,2612208,155,SUP6189
O6637,P3169,2025-10-22,471,2025-10-28,2025-11-01,Delayed,144488,424,
O6638,P3477,2025-07-15,272,2025-07-24,2025-07-24,Pending,1720242,136,
O6639,P467,2026-04-19,98,2026-04-26,2026-05-01,Pending,701993,49,
O6640,P7436,2025-07-14,396,2025-07-20,2025-07-25,Delayed,1235396,356,SUP1361
O6641,P6918,2026-01-17,215,2026-01-26,2026-01-27,Delivered,2506267,215,SUP2349
O6642,P973,2026-05-25,302,2026-05-28,2026-05-31,Delivered,4635367,302,
O6643,P7421,2025-07-30,14,2025-08-02,2025-08-02,Delayed,1220779,13,
O6644,P4880,2026-05-12,147,2026-05-21,2026-05-25,Delivered,2210797,147,
O6645,P3741,2025-11-05,272,2025-11-09,2025-11-09,Delayed,4853868,245,SUP6062
O6646,P8969,2025-07-18,238,2025-07-26,2025-07-29,Delivered,1373823,238,SUP695
O6647,P1699,2026-02-06,368,2026-02-12,2026-02-13,Delayed,3677924,331,
O6648,P4137,2025-06-16,202,2025-06-20,2025-06-24,Pending,1374509,101,SUP6987
O6649,P5215,2026-04-30,305,2026-05-09,2026-05-11,Delivered,4834756,305,SUP9528
O6650,P5780,2026-01-06,307,2026-01-14,2026-01-19,Delayed,3581523,276,SUP2468
O6651,P7402,2026-01-14,267,2026-01-17,2026-01-17,Pending,2888316,134,
O6652,P6761,2025-11-08,427,2025-11-11,2025-11-15,Delivered,3481548,427,
O6653,P2074,2025-07-30,343,2025-08-03,2025-08-05,Pending,1083238,172,SUP5534
O6654,P6395,2025-09-25,296,2025-10-01,2025-10-01,Delivered,3167365,296,SUP3169
O6655,P3391,2025-10-30,291,2025-11-04,2025-11-07,Delayed,665208,262,SUP1475
O6656,P8986,2025-06-28,12,2025-07-04,2025-07-06,Delivered,2233528,12,SUP3095
O6657,P9678,2026-01-25,140,2026-01-28,2026-01-31,Delayed,431225,126,SUP149
O6658,P5578,2026-02-01,481,2026-02-06,2026-02-09,Pending,1818667,240,SUP5582
O6659,P3493,2025-11-05,448,2025-11-10,2025-11-13,Pending,3486934,224,SUP7473
O6660,P6153,2026-03-23,241,2026-03-26,2026-03-29,Delivered,1169386,241,
O6661,P3942,2025-07-22,348,2025-07-28,2025-07-31,Pending,3659284,174,
O6662,P6127,2025-07-24,252,2025-08-03,2025-08-05,Delivered,4693684,252,SUP259
O6663,P1115,2025-10-08,327,2025-10-11,2025-10-13,Delayed,1095549,294,SUP9580
O6664,P9869,2026-03-01,427,2026-03-04,2026-03-05,Delivered,593927,427,
O6665,P7650,2026-02-10,114,2026-02-17,2026-02-18,Delayed,3904964,103,SUP4611
O6666,P266,2026-04-12,40,2026-04-19,2026-04-21,Delivered,3366303,40,
O6667,P5419,2026-05-09,320,2026-05-18,2026-05-22,Pending,4872986,160,
O6668,P4423,2026-03-17,124,2026-03-27,2026-03-31,Delayed,4543182,112,SUP5355
O6669,P7471,2025-06-01,398,2025-06-11,2025-06-15,Pending,3681003,199,
O6670,P6819,2025-06-15,229,2025-06-19,2025-06-22,Delivered,2158409,229,SUP8020
O6671,P1695,2025-06-30,29,2025-07-09,2025-07-13,Delivered,3462182,29,SUP4923
O6672,P6541,2025-06-14,188,2025-06-23,2025-06-26,Delayed,3945770,169,
O6673,P6846,2025-12-25,190,2026-01-02,2026-01-06,Delayed,1851263,171,SUP2577
O6674,P9263,2025-10-15,227,2025-10-22,2025-10-26,Delayed,3414359,204,
O6675,P4466,2025-06-19,425,2025-06-29,2025-07-02,Pending,4751605,212,
O6676,P6675,2026-04-11,459,2026-04-17,2026-04-21,Delivered,3422099,459,SUP6252
O6677,P807,2025-10-01,431,2025-10-05,2025-10-07,Delayed,651717,388,SUP6421
O6678,P4303,2026-04-04,108,2026-04-08,2026-04-13,Pending,2356373,54,
O6679,P1806,2026-03-05,410,2026-03-08,2026-03-11,Delivered,1497986,410,
O6680,P3576,2025-11-14,67,2025-11-23,2025-11-23,Delayed,4576069,60,SUP844
O6681,P4509,2025-10-07,15,2025-10-17,2025-10-18,Pending,335801,8,SUP147
O6682,P9978,2025-08-21,396,2025-08-27,2025-08-30,Delayed,3432814,356,SUP580
O6683,P7789,2025-06-09,155,2025-06-17,2025-06-18,Delayed,2979620,140,SUP6772
O6684,P2016,2026-03-06,406,2026-03-11,2026-03-13,Pending,4613272,203,SUP689
O6685,P4013,2025-12-30,38,2026-01-05,2026-01-10,Delayed,2401018,34,SUP1784
O6686,P7653,2025-10-11,170,2025-10-18,2025-10-21,Delivered,683718,170,SUP1038
O6687,P5951,2026-03-06,300,2026-03-12,2026-03-13,Pending,3576054,150,SUP2508
O6688,P7361,2025-07-13,170,2025-07-20,2025-07-25,Pending,2850261,85,
O6689,P770,2025-11-24,48,2025-11-29,2025-12-01,Pending,3404668,24,SUP1234
O6690,P5998,2026-01-30,169,2026-02-03,2026-02-03,Delayed,2105381,152,SUP2046
O6691,P4973,2025-07-06,239,2025-07-10,2025-07-12,Pending,3763317,120,
O6692,P8110,2025-07-12,147,2025-07-18,2025-07-21,Delivered,4526813,147,SUP6131
O6693,P9270,2025-08-17,381,2025-08-25,2025-08-29,Delayed,1007074,343,SUP4681
O6694,P2131,2025-06-06,414,2025-06-15,2025-06-17,Delivered,922251,414,SUP3577
O6695,P733,2026-01-11,473,2026-01-15,2026-01-15,Pending,690326,236,SUP2621
O6696,P6745,2025-07-15,395,2025-07-19,2025-07-20,Pending,677707,198,
O6697,P421,2025-08-01,273,2025-08-04,2025-08-09,Delivered,2835299,273,SUP5794
O6698,P2258,2026-04-03,284,2026-04-07,2026-04-12,Delivered,1832734,284,
O6699,P4269,2026-05-19,414,2026-05-29,2026-05-30,Delayed,3278124,373,SUP3967
O6700,P609,2025-08-03,352,2025-08-10,2025-08-14,Delayed,690888,317,
O6701,P871,2025-06-08,412,2025-06-17,2025-06-18,Delayed,1216481,371,SUP6641
O6702,P681,2026-05-23,281,2026-06-01,2026-06-06,Delivered,1492315,281,SUP2961
O6703,P7280,2025-12-14,333,2025-12-18,2025-12-21,Delivered,3864603,333,
O6704,P506,2025-07-01,56,2025-07-09,2025-07-09,Pending,826461,28,SUP3349
O6705,P9120,2025-08-27,457,2025-09-02,2025-09-04,Delivered,865223,457,SUP4182
O6706,P8959,2026-05-20,476,2026-05-24,2026-05-25,Pending,3117218,238,SUP3186
O6707,P4912,2025-12-28,253,2026-01-01,2026-01-03,Pending,4693770,126,SUP1626
O6708,P1508,2026-01-01,192,2026-01-05,2026-01-09,Pending,1477646,96,SUP9562
O6709,P9731,2025-07-12,113,2025-07-22,2025-07-26,Delayed,4091457,102,
O6710,P9566,2025-05-29,358,2025-06-02,2025-06-06,Pending,2197931,179,
O6711,P5316,2026-03-16,170,2026-03-20,2026-03-23,Pending,4383480,85,SUP551
O6712,P8928,2025-10-22,126,2025-10-30,2025-11-04,Pending,4842754,63,SUP4365
O6713,P1971,2025-12-13,424,2025-12-22,2025-12-22,Delayed,714003,382,SUP1892
O6714,P9697,2026-05-15,163,2026-05-20,2026-05-22,Delivered,1736518,163,SUP2722
O6715,P4614,2025-12-09,490,2025-12-14,2025-12-18,Delivered,4714134,490,SUP176
O6716,P7041,2025-06-20,374,2025-06-26,2025-06-28,Pending,2374214,187,
O6717,P4575,2026-02-07,466,2026-02-13,2026-02-18,Pending,4159981,233,SUP1569
O6718,P7272,2026-04-26,500,2026-05-04,2026-05-04,Pending,594406,250,SUP1318
O6719,P6403,2025-08-02,220,2025-08-06,2025-08-09,Pending,260479,110,
O6720,P1507,2025-11-06,297,2025-11-16,2025-11-17,Pending,2619601,148,SUP227
O6721,P4604,2025-07-28,321,2025-08-01,2025-08-01,Delivered,4803343,321,SUP3670
O6722,P4347,2025-08-31,483,2025-09-04,2025-09-05,Delivered,3129901,483,
O6723,P3089,2026-02-12,169,2026-02-17,2026-02-17,Delivered,1036334,169,
O6724,P9333,2025-08-25,37,2025-08-31,2025-09-03,Pending,4940473,18,
O6725,P6709,2026-01-20,470,2026-01-30,2026-02-03,Delayed,3813543,423,SUP5690
O6726,P6150,2025-07-09,339,2025-07-17,2025-07-19,Delivered,4635507,339,SUP920
O6727,P1252,2026-05-25,38,2026-05-31,2026-06-04,Delivered,3927557,38,
O6728,P5331,2025-06-21,52,2025-06-27,2025-06-27,Pending,4938081,26,SUP1338
O6729,P447,2025-08-04,119,2025-08-09,2025-08-12,Delivered,597338,119,
O6730,P376,2026-01-23,160,2026-01-31,2026-02-02,Pending,4384975,80,SUP5483
O6731,P9964,2025-09-28,254,2025-10-05,2025-10-06,Delivered,3761658,254,SUP3113
O6732,P1040,2025-06-27,386,2025-07-07,2025-07-09,Delivered,547229,386,SUP5787
O6733,P95,2025-11-26,387,2025-12-03,2025-12-07,Delivered,313237,387,SUP1657
O6734,P5705,2025-12-26,194,2025-12-30,2025-12-31,Delayed,2288481,175,
O6735,P3885,2025-09-27,184,2025-10-03,2025-10-04,Pending,1305618,92,SUP1807
O6736,P2613,2025-06-03,42,2025-06-10,2025-06-13,Delivered,4162361,42,SUP4097
O6737,P2069,2025-09-16,292,2025-09-25,2025-09-30,Delivered,958424,292,SUP9313
O6738,P9373,2026-04-06,89,2026-04-13,2026-04-17,Delivered,4749950,89,
O6739,P334,2026-03-09,419,2026-03-16,2026-03-18,Pending,899545,210,SUP1882
O6740,P1850,2025-10-02,332,2025-10-09,2025-10-14,Pending,3661468,166,
O6741,P7502,2026-02-14,284,2026-02-21,2026-02-23,Pending,1423530,142,SUP775
O6742,P3754,2025-08-10,85,2025-08-13,2025-08-18,Pending,1146827,42,SUP5238
O6743,P453,2026-01-04,379,2026-01-08,2026-01-13,Delivered,4356062,379,SUP2494
O6744,P5569,2025-11-30,177,2025-12-03,2025-12-05,Delayed,4125299,159,SUP8922
O6745,P6773,2026-05-22,257,2026-05-26,2026-05-28,Pending,551374,128,SUP8205
O6746,P4330,2026-04-21,106,2026-05-01,2026-05-06,Delayed,1246058,95,
O6747,P5128,2025-08-18,71,2025-08-27,2025-08-27,Pending,4726400,36,
O6748,P9865,2025-10-21,15,2025-10-24,2025-10-29,Pending,3954663,8,
O6749,P1834,2025-12-04,137,2025-12-12,2025-12-13,Delivered,13084,137,
O6750,P8999,2026-05-18,252,2026-05-28,2026-06-01,Pending,717696,126,SUP7216
O6751,P8202,2025-09-21,152,2025-10-01,2025-10-01,Delivered,3709734,152,
O6752,P7263,2025-12-25,376,2026-01-03,2026-01-05,Delayed,4248047,338,SUP1026
O6753,P4517,2025-12-16,399,2025-12-25,2025-12-29,Delayed,4313020,359,
O6754,P8870,2025-10-18,144,2025-10-24,2025-10-27,Pending,888170,72,
O6755,P551,2025-07-24,475,2025-08-02,2025-08-03,Pending,1232601,238,
O6756,P9682,2026-04-16,139,2026-04-19,2026-04-19,Delivered,3600324,139,SUP8244
O6757,P2000,2025-07-29,291,2025-08-02,2025-08-03,Delayed,4878301,262,
O6758,P9200,2025-08-25,332,2025-09-03,2025-09-07,Pending,4579853,166,SUP4885
O6759,P23,2026-04-14,54,2026-04-23,2026-04-25,Pending,3309026,27,SUP1894
O6760,P3699,2026-04-12,193,2026-04-18,2026-04-18,Delivered,3637898,193,SUP1764
O6761,P9745,2025-09-11,61,2025-09-16,2025-09-16,Pending,19841,30,SUP3727
O6762,P1940,2025-06-15,21,2025-06-21,2025-06-26,Delayed,1498157,19,
O6763,P3081,2025-12-23,56,2025-12-28,2026-01-01,Delayed,339914,50,
O6764,P5009,2025-08-08,99,2025-08-11,2025-08-16,Pending,1477418,50,SUP6911
O6765,P6228,2026-03-11,407,2026-03-16,2026-03-21,Delivered,4547817,407,SUP2091
O6766,P4302,2026-05-24,425,2026-05-30,2026-05-31,Delayed,866217,382,SUP9989
O6767,P9983,2025-12-21,174,2025-12-31,2026-01-01,Pending,3773921,87,SUP4391
O6768,P2728,2025-09-26,11,2025-09-29,2025-10-04,Pending,285886,6,SUP125
O6769,P2199,2026-03-29,406,2026-04-07,2026-04-10,Delayed,2955227,365,
O6770,P1941,2026-03-05,202,2026-03-08,2026-03-11,Delivered,3198222,202,SUP4742
O6771,P8785,2026-01-19,483,2026-01-23,2026-01-23,Delivered,2556905,483,
O6772,P3315,2026-01-07,368,2026-01-12,2026-01-15,Delayed,3212052,331,SUP7434
O6773,P9598,2026-01-05,475,2026-01-08,2026-01-09,Delayed,506733,428,SUP8736
O6774,P8321,2025-08-11,174,2025-08-14,2025-08-15,Delivered,2274516,174,
O6775,P2484,2026-03-30,124,2026-04-07,2026-04-10,Delayed,3630163,112,SUP9889
O6776,P4322,2025-10-19,17,2025-10-28,2025-10-29,Pending,4078890,8,
O6777,P7530,2026-01-07,93,2026-01-14,2026-01-18,Pending,701070,46,
O6778,P5841,2025-10-20,119,2025-10-25,2025-10-29,Delayed,4554028,107,
O6779,P306,2025-06-07,43,2025-06-11,2025-06-12,Delayed,3065668,39,SUP4431
O6780,P2045,2026-02-07,178,2026-02-11,2026-02-11,Pending,2234464,89,
O6781,P4644,2025-07-30,111,2025-08-05,2025-08-08,Delivered,1688284,111,SUP5386
O6782,P2072,2026-04-05,441,2026-04-08,2026-04-10,Delayed,596325,397,SUP8014
O6783,P853,2026-04-19,193,2026-04-29,2026-05-01,Delayed,3320762,174,
O6784,P7675,2025-07-04,409,2025-07-12,2025-07-15,Delivered,3215949,409,SUP2149
O6785,P5576,2025-12-01,447,2025-12-09,2025-12-11,Delivered,2567992,447,
O6786,P1358,2025-09-23,27,2025-09-28,2025-10-03,Delayed,4915510,24,
O6787,P1219,2025-12-28,318,2026-01-03,2026-01-08,Delivered,4795751,318,SUP518
O6788,P6760,2025-10-06,265,2025-10-09,2025-10-13,Delayed,419876,238,SUP7234
O6789,P1575,2025-06-01,119,2025-06-04,2025-06-05,Delivered,1767685,119,SUP2197
O6790,P2770,2026-05-09,428,2026-05-14,2026-05-14,Delivered,1404852,428,
O6791,P3140,2026-03-10,145,2026-03-15,2026-03-17,Delayed,2547118,130,SUP7475
O6792,P4996,2025-09-19,431,2025-09-24,2025-09-28,Pending,1909989,216,
O6793,P6198,2026-04-13,328,2026-04-23,2026-04-24,Delayed,1294424,295,SUP2486
O6794,P2240,2025-08-03,152,2025-08-11,2025-08-16,Delayed,341883,137,SUP4454
O6795,P97,2026-04-21,307,2026-04-25,2026-04-26,Delivered,2343489,307,SUP2815
O6796,P407,2025-07-09,290,2025-07-19,2025-07-24,Pending,2558366,145,
O6797,P4810,2025-07-05,225,2025-07-10,2025-07-15,Pending,3976331,112,SUP7733
O6798,P1455,2025-10-31,321,2025-11-04,2025-11-06,Delayed,3622446,289,
O6799,P6736,2025-06-30,452,2025-07-09,2025-07-10,Delivered,2467575,452,SUP9740
O6800,P7475,2025-07-28,45,2025-08-03,2025-08-08,Delayed,1064023,40,
O6801,P5155,2026-02-01,375,2026-02-05,2026-02-08,Delivered,560045,375,
O6802,P6990,2025-11-06,443,2025-11-10,2025-11-13,Delivered,3367895,443,SUP5630
O6803,P2247,2025-06-07,459,2025-06-17,2025-06-17,Delivered,3340096,459,SUP6882
O6804,P7031,2025-11-18,479,2025-11-25,2025-11-28,Pending,911506,240,SUP2467
O6805,P7108,2026-01-05,198,2026-01-10,2026-01-14,Delivered,2340642,198,SUP3380
O6806,P3227,2025-12-06,384,2025-12-14,2025-12-15,Delivered,4062936,384,SUP8595
O6807,P690,2025-07-20,197,2025-07-23,2025-07-27,Delivered,717486,197,SUP1223
O6808,P7940,2026-01-26,384,2026-01-29,2026-02-03,Delivered,3043980,384,SUP6336
O6809,P7798,2025-05-29,33,2025-06-05,2025-06-08,Pending,2167783,16,
O6810,P5153,2026-04-15,443,2026-04-19,2026-04-21,Delayed,3499067,399,SUP9561
O6811,P2978,2026-05-22,49,2026-05-28,2026-05-30,Delayed,3058725,44,SUP2334
O6812,P4464,2025-09-22,136,2025-09-29,2025-10-04,Pending,2981372,68,SUP5096
O6813,P8959,2025-12-30,379,2026-01-08,2026-01-13,Delivered,298730,379,SUP3186
O6814,P300,2025-10-21,274,2025-10-28,2025-11-01,Delivered,1007899,274,SUP4661
O6815,P3349,2026-01-30,228,2026-02-04,2026-02-04,Delivered,2947689,228,
O6816,P7779,2025-11-24,340,2025-12-03,2025-12-07,Delivered,3778574,340,SUP2799
O6817,P7135,2026-02-23,389,2026-03-04,2026-03-06,Delivered,3278019,389,
O6818,P592,2025-11-09,126,2025-11-15,2025-11-16,Delayed,2088427,113,SUP9280
O6819,P796,2026-01-31,298,2026-02-04,2026-02-08,Delayed,312508,268,SUP7993
O6820,P7237,2025-10-23,16,2025-10-27,2025-10-31,Delayed,3721949,14,SUP2934
O6821,P4040,2026-05-21,312,2026-05-24,2026-05-26,Delayed,3930883,281,SUP1941
O6822,P5465,2026-02-13,226,2026-02-19,2026-02-19,Delivered,72996,226,SUP2812
O6823,P5872,2025-06-14,32,2025-06-21,2025-06-26,Delivered,3482439,32,
O6824,P283,2025-07-19,56,2025-07-26,2025-07-28,Delayed,2322248,50,
O6825,P2516,2025-08-16,309,2025-08-24,2025-08-25,Pending,1275560,154,SUP2103
O6826,P1641,2025-07-17,500,2025-07-27,2025-07-31,Pending,1472113,250,SUP43
O6827,P1642,2026-03-26,230,2026-04-05,2026-04-10,Delivered,3219312,230,SUP3533
O6828,P6657,2026-04-13,192,2026-04-18,2026-04-23,Delayed,1114064,173,SUP5963
O6829,P3608,2025-07-21,26,2025-07-31,2025-07-31,Delayed,1117212,23,
O6830,P2728,2025-11-06,35,2025-11-09,2025-11-09,Pending,4777577,18,SUP125
O6831,P4841,2025-11-21,322,2025-11-25,2025-11-30,Pending,418369,161,SUP6476
O6832,P1622,2025-09-09,293,2025-09-15,2025-09-19,Pending,867616,146,SUP1825
O6833,P7075,2025-07-26,19,2025-07-30,2025-08-01,Pending,1495028,10,SUP4619
O6834,P7810,2025-11-18,368,2025-11-26,2025-11-28,Delivered,3625517,368,SUP3384
O6835,P5757,2025-10-14,325,2025-10-18,2025-10-19,Delivered,3770377,325,
O6836,P5289,2025-09-19,254,2025-09-28,2025-09-30,Delayed,3903714,229,SUP470
O6837,P1714,2025-07-01,54,2025-07-06,2025-07-09,Delayed,3464929,49,
O6838,P381,2026-04-27,367,2026-04-30,2026-05-05,Delayed,4034744,330,SUP9504
O6839,P4811,2025-11-01,164,2025-11-04,2025-11-04,Pending,4771418,82,
O6840,P8322,2025-08-07,459,2025-08-11,2025-08-16,Pending,4581120,230,SUP249
O6841,P1735,2025-08-01,301,2025-08-05,2025-08-05,Delivered,2316096,301,SUP6285
O6842,P9980,2025-06-07,33,2025-06-17,2025-06-18,Delivered,1027844,33,SUP8327
O6843,P3545,2026-01-24,84,2026-01-31,2026-01-31,Delayed,1931318,76,
O6844,P4201,2026-04-16,442,2026-04-24,2026-04-27,Delayed,511480,398,SUP1639
O6845,P1490,2026-05-26,424,2026-05-29,2026-05-29,Pending,1578242,212,SUP106
O6846,P7124,2026-03-17,10,2026-03-22,2026-03-23,Pending,2901302,5,SUP3725
O6847,P966,2026-05-26,115,2026-06-02,2026-06-06,Delayed,4112486,104,
O6848,P8188,2026-04-14,292,2026-04-23,2026-04-23,Delayed,2959890,263,SUP4576
O6849,P8408,2025-07-26,395,2025-08-02,2025-08-02,Pending,1058988,198,SUP8126
O6850,P9491,2025-08-18,400,2025-08-22,2025-08-23,Delayed,620646,360,SUP7924
O6851,P1978,2025-08-04,324,2025-08-13,2025-08-13,Pending,2380658,162,SUP3646
O6852,P2221,2026-05-06,262,2026-05-13,2026-05-18,Delivered,4193015,262,SUP5499
O6853,P2409,2026-03-01,250,2026-03-10,2026-03-10,Pending,1357598,125,SUP1359
O6854,P4751,2026-02-17,38,2026-02-20,2026-02-24,Pending,3639512,19,
O6855,P5212,2026-01-23,202,2026-01-31,2026-02-05,Delayed,2656054,182,
O6856,P7814,2026-02-19,121,2026-02-27,2026-03-02,Pending,1662146,60,
O6857,P2989,2026-05-12,35,2026-05-22,2026-05-22,Pending,3517058,18,SUP138
O6858,P979,2026-04-01,88,2026-04-10,2026-04-14,Delayed,750639,79,
O6859,P3001,2025-11-09,424,2025-11-17,2025-11-21,Pending,4941229,212,SUP9781
O6860,P2582,2026-05-27,216,2026-05-31,2026-06-04,Pending,3479499,108,
O6861,P2541,2025-08-01,29,2025-08-07,2025-08-12,Delayed,615746,26,SUP92
O6862,P5879,2026-03-16,323,2026-03-25,2026-03-28,Delivered,2270131,323,SUP3151
O6863,P5279,2026-01-18,157,2026-01-23,2026-01-28,Pending,3170725,78,SUP270
O6864,P1190,2025-06-08,428,2025-06-14,2025-06-16,Delivered,1942870,428,
O6865,P5891,2026-03-04,487,2026-03-07,2026-03-10,Pending,4922268,244,
O6866,P7144,2025-07-03,190,2025-07-09,2025-07-12,Delayed,3622099,171,
O6867,P9237,2025-11-14,489,2025-11-24,2025-11-25,Pending,4845035,244,SUP1199
O6868,P7057,2026-01-12,86,2026-01-19,2026-01-23,Delivered,3509015,86,SUP143
O6869,P8904,2025-08-19,228,2025-08-24,2025-08-27,Pending,4985026,114,SUP1988
O6870,P4198,2025-09-19,276,2025-09-22,2025-09-26,Pending,3196007,138,
O6871,P9475,2025-09-11,492,2025-09-14,2025-09-19,Pending,521844,246,SUP2674
O6872,P6012,2025-12-03,440,2025-12-08,2025-12-09,Delivered,2440607,440,SUP6888
O6873,P149,2025-08-31,34,2025-09-09,2025-09-12,Pending,2862246,17,SUP3804
O6874,P8933,2025-09-22,32,2025-09-27,2025-09-30,Delayed,3714364,29,SUP6503
O6875,P3691,2026-01-31,142,2026-02-07,2026-02-09,Pending,697021,71,SUP5484
O6876,P6520,2025-11-06,430,2025-11-14,2025-11-17,Delivered,2928318,430,
O6877,P3784,2025-06-10,190,2025-06-16,2025-06-20,Delayed,2298205,171,
O6878,P3665,2025-10-15,353,2025-10-25,2025-10-29,Pending,975381,176,SUP377
O6879,P870,2025-06-12,121,2025-06-17,2025-06-20,Pending,3332034,60,SUP8070
O6880,P9795,2025-06-16,390,2025-06-20,2025-06-24,Pending,1862653,195,SUP3732
O6881,P487,2025-08-19,354,2025-08-22,2025-08-27,Pending,4251614,177,SUP5239
O6882,P4713,2026-01-06,499,2026-01-15,2026-01-17,Pending,3118923,250,SUP1307
O6883,P4045,2025-12-10,59,2025-12-13,2025-12-17,Pending,4559572,30,
O6884,P7335,2025-06-19,465,2025-06-28,2025-07-01,Delayed,3886012,418,
O6885,P4096,2026-03-28,311,2026-04-04,2026-04-07,Delayed,4033448,280,SUP1482
O6886,P1003,2025-06-04,240,2025-06-09,2025-06-13,Delayed,2381691,216,SUP2209
O6887,P8736,2026-01-28,305,2026-02-05,2026-02-08,Delayed,1958108,274,
O6888,P1265,2026-01-20,482,2026-01-27,2026-01-28,Delivered,737427,482,SUP8515
O6889,P6831,2026-01-25,36,2026-02-02,2026-02-03,Delayed,1360545,32,SUP9609
O6890,P6933,2026-01-09,483,2026-01-16,2026-01-18,Pending,3951073,242,SUP7222
O6891,P717,2025-07-14,461,2025-07-23,2025-07-27,Delivered,3852348,461,
O6892,P3537,2026-03-19,71,2026-03-25,2026-03-25,Pending,2868254,36,SUP3852
O6893,P1042,2025-07-25,494,2025-07-31,2025-07-31,Delivered,4405346,494,SUP3131
O6894,P822,2025-07-22,437,2025-07-27,2025-07-31,Pending,2142525,218,
O6895,P4180,2026-04-14,112,2026-04-18,2026-04-21,Delayed,4979790,101,
O6896,P2102,2025-10-27,214,2025-11-03,2025-11-03,Pending,4423518,107,SUP6376
O6897,P8680,2025-10-29,459,2025-11-06,2025-11-07,Delivered,875714,459,SUP9789
O6898,P3103,2026-03-16,209,2026-03-22,2026-03-23,Pending,2260604,104,SUP5802
O6899,P6689,2026-03-31,304,2026-04-05,2026-04-10,Delayed,4181401,274,SUP1355
O6900,P1542,2025-08-05,39,2025-08-15,2025-08-17,Delivered,3327164,39,SUP3900
O6901,P9361,2025-10-27,417,2025-11-05,2025-11-05,Delivered,1291098,417,SUP4088
O6902,P2447,2025-11-16,363,2025-11-20,2025-11-24,Delayed,2156171,327,SUP7404
O6903,P5231,2025-09-27,181,2025-10-01,2025-10-04,Delivered,141224,181,SUP3702
O6904,P822,2025-07-22,93,2025-07-25,2025-07-25,Delivered,1149919,93,
O6905,P9481,2025-11-04,35,2025-11-07,2025-11-12,Delayed,247024,32,
O6906,P9739,2025-12-23,498,2025-12-28,2025-12-28,Delayed,2938152,448,SUP5194
O6907,P1164,2025-09-16,271,2025-09-26,2025-09-30,Delivered,1261992,271,SUP8894
O6908,P5661,2025-07-31,147,2025-08-03,2025-08-04,Delayed,2360223,132,
O6909,P8746,2026-05-23,407,2026-06-01,2026-06-01,Pending,1341265,204,SUP545
O6910,P7017,2026-05-13,95,2026-05-19,2026-05-19,Delivered,1342748,95,
O6911,P4401,2025-11-09,374,2025-11-17,2025-11-18,Delayed,4181267,337,
O6912,P2403,2025-10-25,231,2025-10-31,2025-11-01,Pending,3291332,116,SUP1210
O6913,P6805,2025-09-27,23,2025-10-01,2025-10-02,Delivered,146750,23,SUP4090
O6914,P1426,2026-02-10,61,2026-02-20,2026-02-24,Delayed,3149907,55,SUP7242
O6915,P9728,2026-03-11,146,2026-03-14,2026-03-17,Delayed,1106345,131,
O6916,P2372,2025-08-04,82,2025-08-13,2025-08-18,Delayed,4468361,74,SUP4550
O6917,P26,2025-08-04,348,2025-08-14,2025-08-16,Delivered,3273601,348,
O6918,P3528,2026-04-02,342,2026-04-08,2026-04-11,Pending,2473301,171,SUP7720
O6919,P1863,2026-04-24,163,2026-05-01,2026-05-04,Pending,144331,82,SUP5793
O6920,P7012,2025-07-12,68,2025-07-19,2025-07-24,Pending,4277557,34,
O6921,P3221,2026-04-09,102,2026-04-17,2026-04-17,Delayed,3472209,92,SUP5251
O6922,P9833,2025-10-15,372,2025-10-24,2025-10-27,Delayed,551294,335,
O6923,P3524,2025-06-04,27,2025-06-09,2025-06-11,Delivered,3278808,27,SUP5938
O6924,P3793,2026-01-28,55,2026-02-05,2026-02-10,Delivered,4651879,55,
O6925,P4727,2025-08-23,75,2025-08-28,2025-08-31,Pending,4800457,38,SUP197
O6926,P7266,2025-08-21,350,2025-08-24,2025-08-26,Pending,2489517,175,
O6927,P1396,2025-08-29,42,2025-09-03,2025-09-08,Delayed,2553044,38,SUP988
O6928,P623,2026-03-30,443,2026-04-03,2026-04-05,Delayed,3983314,399,
O6929,P3059,2026-02-09,225,2026-02-18,2026-02-23,Delivered,1234310,225,SUP2030
O6930,P2630,2025-11-30,203,2025-12-08,2025-12-12,Delayed,2268910,183,
O6931,P4730,2025-12-10,188,2025-12-18,2025-12-22,Delayed,994573,169,SUP7238
O6932,P4456,2025-06-20,257,2025-06-28,2025-07-01,Delivered,2075694,257,
O6933,P5205,2026-03-20,384,2026-03-24,2026-03-27,Delivered,3575403,384,SUP2510
O6934,P9917,2025-08-23,228,2025-09-02,2025-09-05,Delivered,3944336,228,SUP5207
O6935,P3679,2025-09-16,253,2025-09-19,2025-09-24,Pending,4816944,126,
O6936,P2826,2025-07-07,259,2025-07-17,2025-07-18,Delivered,3874976,259,SUP5948
O6937,P4619,2025-08-15,12,2025-08-24,2025-08-26,Delivered,2923554,12,SUP4026
O6938,P7341,2025-06-14,465,2025-06-23,2025-06-24,Delivered,432043,465,SUP1823
O6939,P7532,2025-06-14,200,2025-06-21,2025-06-22,Pending,812179,100,
O6940,P9424,2026-04-07,342,2026-04-10,2026-04-13,Delayed,3991833,308,SUP2632
O6941,P9234,2025-06-15,20,2025-06-18,2025-06-19,Pending,990990,10,SUP3697
O6942,P1564,2025-09-21,96,2025-10-01,2025-10-06,Delivered,3300028,96,
O6943,P5562,2026-04-23,83,2026-04-28,2026-04-30,Delayed,1342332,75,SUP7208
O6944,P6339,2025-07-16,436,2025-07-26,2025-07-27,Pending,989600,218,
O6945,P8940,2026-01-14,230,2026-01-18,2026-01-23,Delayed,3473695,207,
O6946,P6034,2026-04-28,158,2026-05-05,2026-05-07,Delayed,4759558,142,SUP8852
O6947,P4066,2026-02-01,392,2026-02-08,2026-02-13,Pending,1502685,196,SUP8448
O6948,P9490,2025-07-06,68,2025-07-10,2025-07-13,Delayed,3272244,61,SUP1476
O6949,P4811,2025-10-29,364,2025-11-05,2025-11-08,Delayed,2608843,328,
O6950,P6303,2026-05-02,171,2026-05-07,2026-05-07,Delivered,3044935,171,SUP396
O6951,P5370,2025-10-28,238,2025-11-05,2025-11-07,Pending,1659569,119,
O6952,P5391,2026-01-10,426,2026-01-14,2026-01-18,Delivered,217700,426,
O6953,P8687,2025-09-17,460,2025-09-24,2025-09-26,Delayed,4954049,414,SUP411
O6954,P5143,2026-03-12,177,2026-03-21,2026-03-25,Delivered,4626453,177,SUP5555
O6955,P5171,2026-05-08,326,2026-05-14,2026-05-19,Delivered,1783819,326,
O6956,P4340,2025-08-02,430,2025-08-09,2025-08-09,Pending,1568871,215,SUP4436
O6957,P4389,2025-07-08,446,2025-07-17,2025-07-18,Delivered,3193614,446,SUP9785
O6958,P4713,2026-05-28,382,2026-06-07,2026-06-11,Delivered,2483376,382,SUP1307
O6959,P8259,2026-03-18,322,2026-03-26,2026-03-28,Pending,4819916,161,SUP482
O6960,P2968,2025-09-05,198,2025-09-09,2025-09-12,Delivered,629912,198,
O6961,P4844,2025-06-13,114,2025-06-18,2025-06-23,Pending,27065,57,SUP4207
O6962,P1359,2025-10-11,259,2025-10-20,2025-10-21,Delayed,2299970,233,SUP1134
O6963,P3109,2026-01-18,499,2026-01-25,2026-01-28,Pending,2800575,250,
O6964,P577,2026-03-11,93,2026-03-20,2026-03-21,Pending,4582695,46,
O6965,P6907,2026-02-24,186,2026-02-28,2026-03-03,Pending,2007074,93,SUP3202
O6966,P55,2026-01-23,145,2026-02-02,2026-02-07,Pending,1044706,72,SUP297
O6967,P9435,2025-07-18,133,2025-07-21,2025-07-21,Delayed,2122781,120,
O6968,P7598,2026-04-14,315,2026-04-17,2026-04-17,Delivered,2031124,315,SUP1194
O6969,P5944,2025-09-29,60,2025-10-08,2025-10-08,Delayed,708028,54,
O6970,P9567,2026-02-20,465,2026-02-23,2026-02-23,Pending,3654650,232,SUP6402
O6971,P5013,2026-05-01,55,2026-05-05,2026-05-10,Delivered,1916477,55,SUP2180
O6972,P4202,2025-10-13,38,2025-10-18,2025-10-18,Pending,733581,19,SUP2107
O6973,P190,2026-01-14,320,2026-01-22,2026-01-26,Delivered,147882,320,SUP9446
O6974,P2424,2026-02-03,54,2026-02-10,2026-02-10,Delivered,1016911,54,SUP5575
O6975,P3670,2025-09-06,238,2025-09-09,2025-09-11,Delayed,457619,214,SUP5573
O6976,P4188,2026-04-23,467,2026-04-28,2026-05-02,Pending,599976,234,SUP2802
O6977,P6798,2026-02-14,299,2026-02-22,2026-02-24,Delivered,3636092,299,SUP1733
O6978,P2263,2026-05-12,68,2026-05-17,2026-05-19,Pending,4784769,34,
O6979,P8201,2025-10-28,211,2025-11-01,2025-11-04,Delivered,2069785,211,SUP7798
O6980,P9879,2026-02-17,397,2026-02-24,2026-02-25,Delayed,3224939,357,SUP3946
O6981,P4882,2025-12-21,270,2025-12-28,2025-12-29,Pending,1989432,135,
O6982,P5010,2026-04-01,285,2026-04-05,2026-04-08,Delayed,245014,256,SUP1863
O6983,P8563,2025-07-27,145,2025-08-06,2025-08-10,Pending,676201,72,SUP1434
O6984,P8049,2025-06-25,407,2025-07-02,2025-07-07,Pending,4894263,204,
O6985,P6471,2025-10-04,348,2025-10-11,2025-10-16,Pending,199658,174,SUP3778
O6986,P298,2026-02-13,55,2026-02-19,2026-02-24,Pending,948365,28,SUP237
O6987,P92,2025-08-20,231,2025-08-27,2025-08-28,Delivered,3892807,231,SUP1008
O6988,P4281,2025-06-01,71,2025-06-07,2025-06-10,Delayed,3628465,64,SUP1436
O6989,P3412,2025-09-27,451,2025-10-06,2025-10-07,Delayed,1304357,406,SUP8926
O6990,P129,2026-05-04,129,2026-05-14,2026-05-14,Delivered,3238945,129,SUP3019
O6991,P397,2026-04-25,49,2026-05-02,2026-05-04,Pending,4313689,24,SUP7262
O6992,P4046,2025-08-09,285,2025-08-18,2025-08-18,Pending,981022,142,SUP927
O6993,P8194,2025-07-05,280,2025-07-14,2025-07-14,Delivered,1092506,280,SUP4224
O6994,P141,2025-07-10,35,2025-07-19,2025-07-21,Delivered,3603355,35,
O6995,P26,2025-09-20,480,2025-09-27,2025-09-30,Delayed,1185367,432,
O6996,P5043,2026-05-15,423,2026-05-18,2026-05-22,Pending,911505,212,
O6997,P2943,2026-01-04,121,2026-01-10,2026-01-13,Pending,1406061,60,SUP7018
O6998,P4608,2026-04-26,397,2026-04-29,2026-05-02,Delivered,3307070,397,
O6999,P4363,2026-05-28,286,2026-06-05,2026-06-10,Pending,1536095,143,SUP4745
O7000,P5475,2025-09-25,497,2025-10-05,2025-10-08,Pending,3387367,248,SUP4166
O7001,P7603,2025-12-30,381,2026-01-08,2026-01-11,Delivered,2376158,381,SUP1617
O7002,P2710,2026-04-28,449,2026-05-03,2026-05-07,Delayed,2688177,404,
O7003,P6339,2025-11-25,251,2025-12-01,2025-12-06,Pending,643731,126,
O7004,P2691,2026-04-04,17,2026-04-12,2026-04-14,Delayed,2403992,15,
O7005,P819,2026-01-15,125,2026-01-25,2026-01-26,Delivered,2064569,125,SUP1987
O7006,P1145,2026-05-15,267,2026-05-18,2026-05-23,Delivered,1502649,267,
O7007,P7455,2026-03-18,296,2026-03-23,2026-03-27,Delayed,1311352,266,SUP9257
O7008,P3655,2025-08-29,48,2025-09-04,2025-09-09,Delayed,3838539,43,SUP5458
O7009,P6618,2025-11-27,461,2025-12-06,2025-12-11,Delayed,2566477,415,SUP423
O7010,P1734,2026-03-25,228,2026-04-04,2026-04-07,Delayed,3818696,205,
O7011,P5276,2026-02-09,234,2026-02-16,2026-02-20,Delivered,3955249,234,SUP4659
O7012,P3847,2025-07-20,460,2025-07-25,2025-07-30,Delayed,599821,414,SUP8074
O7013,P4785,2025-10-19,28,2025-10-29,2025-10-29,Pending,1555406,14,
O7014,P6866,2025-09-17,390,2025-09-22,2025-09-22,Pending,1292992,195,SUP5722
O7015,P5823,2025-08-26,388,2025-08-29,2025-09-01,Pending,477534,194,SUP4443
O7016,P6508,2025-09-23,294,2025-10-03,2025-10-05,Delayed,3461361,265,SUP706
O7017,P2787,2025-09-11,28,2025-09-14,2025-09-15,Pending,536047,14,SUP3655
O7018,P7557,2026-03-08,168,2026-03-14,2026-03-17,Delayed,2347015,151,
O7019,P2255,2026-02-10,240,2026-02-16,2026-02-21,Pending,2784930,120,SUP5105
O7020,P785,2025-07-10,89,2025-07-19,2025-07-22,Delayed,749590,80,SUP5951
O7021,P4994,2026-05-22,467,2026-05-27,2026-05-30,Delayed,1389795,420,SUP9430
O7022,P928,2025-09-01,448,2025-09-08,2025-09-11,Delayed,74766,403,
O7023,P3638,2026-04-11,178,2026-04-18,2026-04-20,Pending,287079,89,SUP4101
O7024,P3442,2025-09-05,331,2025-09-09,2025-09-09,Pending,1071193,166,SUP4851
O7025,P357,2025-06-06,385,2025-06-11,2025-06-12,Delayed,565587,346,
O7026,P5948,2025-07-23,223,2025-07-26,2025-07-28,Delayed,3628662,201,SUP5193
O7027,P8777,2026-01-27,353,2026-02-01,2026-02-03,Delivered,2014723,353,SUP6861
O7028,P360,2026-04-29,114,2026-05-08,2026-05-09,Pending,980770,57,SUP3771
O7029,P6781,2025-12-08,128,2025-12-12,2025-12-17,Delivered,151341,128,SUP6261
O7030,P6850,2025-12-14,348,2025-12-19,2025-12-22,Delayed,4417497,313,SUP2000
O7031,P961,2025-09-18,353,2025-09-23,2025-09-26,Pending,4228841,176,SUP1925
O7032,P5506,2026-03-08,115,2026-03-18,2026-03-18,Pending,3854470,58,
O7033,P4760,2025-11-14,294,2025-11-17,2025-11-20,Delayed,4195834,265,
O7034,P4003,2026-02-28,45,2026-03-09,2026-03-13,Pending,1122847,22,SUP4070
O7035,P4046,2025-11-29,259,2025-12-09,2025-12-13,Delivered,827102,259,SUP927
O7036,P7604,2025-06-23,144,2025-06-28,2025-07-02,Pending,2788270,72,SUP3558
O7037,P8601,2025-12-28,400,2026-01-05,2026-01-08,Delayed,3629195,360,SUP2600
O7038,P8337,2025-12-20,499,2025-12-26,2025-12-29,Delayed,2684675,449,SUP955
O7039,P473,2026-01-05,262,2026-01-14,2026-01-18,Delivered,2944874,262,SUP968
O7040,P2341,2026-03-13,66,2026-03-23,2026-03-25,Pending,536313,33,SUP6099
O7041,P1137,2025-11-29,382,2025-12-09,2025-12-09,Delivered,1216036,382,
O7042,P5772,2026-05-21,16,2026-05-28,2026-05-31,Delivered,979278,16,SUP2095
O7043,P8509,2026-03-27,374,2026-04-05,2026-04-08,Delivered,2763992,374,SUP3756
O7044,P1107,2025-12-07,433,2025-12-15,2025-12-18,Delivered,2185892,433,SUP9092
O7045,P348,2025-08-28,287,2025-09-06,2025-09-08,Delayed,701796,258,
O7046,P1264,2025-11-13,162,2025-11-19,2025-11-21,Pending,4250218,81,SUP3449
O7047,P2047,2026-01-29,296,2026-02-07,2026-02-12,Delivered,815637,296,
O7048,P4005,2026-01-07,403,2026-01-15,2026-01-18,Delivered,2792853,403,
O7049,P7742,2025-07-12,401,2025-07-21,2025-07-22,Pending,4376450,200,
O7050,P8941,2026-03-28,193,2026-04-03,2026-04-08,Pending,4787400,96,SUP2985
O7051,P6722,2025-11-16,78,2025-11-21,2025-11-21,Delivered,1616447,78,
O7052,P9249,2025-06-03,93,2025-06-11,2025-06-14,Delivered,876963,93,SUP8441
O7053,P9601,2025-09-19,26,2025-09-24,2025-09-24,Delayed,792955,23,
O7054,P7493,2025-11-30,385,2025-12-07,2025-12-10,Delayed,928878,346,SUP1395
O7055,P3301,2025-06-28,395,2025-07-01,2025-07-06,Pending,4805020,198,SUP2603
O7056,P4086,2025-07-03,330,2025-07-13,2025-07-15,Delayed,737201,297,
O7057,P1757,2025-12-18,417,2025-12-22,2025-12-27,Pending,3744577,208,
O7058,P8023,2026-02-27,282,2026-03-05,2026-03-10,Delivered,2748918,282,SUP150
O7059,P4288,2026-03-10,92,2026-03-19,2026-03-20,Pending,3674935,46,SUP7088
O7060,P6971,2025-08-19,482,2025-08-23,2025-08-26,Delivered,4806865,482,
O7061,P5181,2025-07-15,257,2025-07-25,2025-07-28,Delivered,4607258,257,SUP8767
O7062,P4941,2025-06-05,106,2025-06-10,2025-06-11,Pending,1058117,53,SUP4847
O7063,P9855,2026-02-17,49,2026-02-23,2026-02-26,Delivered,2233034,49,SUP4023
O7064,P6331,2026-05-24,36,2026-06-01,2026-06-03,Pending,2870212,18,
O7065,P7610,2025-06-24,479,2025-07-01,2025-07-06,Delayed,4655031,431,SUP2189
O7066,P7589,2025-10-13,160,2025-10-22,2025-10-22,Delivered,2976670,160,SUP9182
O7067,P376,2025-08-11,204,2025-08-19,2025-08-20,Delayed,3244673,184,SUP5483
O7068,P8224,2026-03-19,287,2026-03-23,2026-03-25,Pending,4344696,144,SUP5742
O7069,P5336,2025-12-09,212,2025-12-16,2025-12-18,Delivered,1524450,212,SUP2557
O7070,P6232,2026-05-06,461,2026-05-16,2026-05-20,Pending,2017518,230,SUP3543
O7071,P921,2026-02-08,288,2026-02-18,2026-02-19,Delayed,4610925,259,SUP4014
O7072,P7055,2026-05-15,291,2026-05-23,2026-05-26,Delayed,523084,262,SUP5460
O7073,P9561,2025-12-27,85,2025-12-31,2026-01-01,Delivered,1866511,85,
O7074,P680,2025-05-29,152,2025-06-03,2025-06-08,Pending,1778454,76,SUP1813
O7075,P792,2025-09-20,434,2025-09-24,2025-09-24,Delivered,3292907,434,SUP2522
O7076,P721,2025-08-08,358,2025-08-17,2025-08-19,Pending,1500466,179,SUP1651
O7077,P596,2025-12-19,162,2025-12-23,2025-12-24,Pending,487919,81,SUP4641
O7078,P1524,2025-10-24,359,2025-11-01,2025-11-05,Delivered,803631,359,SUP2749
O7079,P5297,2025-08-21,274,2025-08-25,2025-08-26,Delivered,1223374,274,
O7080,P3038,2026-05-06,367,2026-05-12,2026-05-13,Delivered,1861906,367,SUP5436
O7081,P4725,2026-01-22,207,2026-02-01,2026-02-04,Delivered,2451280,207,
O7082,P9603,2025-08-16,496,2025-08-21,2025-08-25,Delivered,3798869,496,SUP6760
O7083,P2814,2026-01-10,236,2026-01-13,2026-01-16,Delayed,2425376,212,SUP238
O7084,P6801,2025-12-25,371,2026-01-02,2026-01-07,Delivered,3712077,371,SUP1198
O7085,P869,2025-09-24,465,2025-09-28,2025-10-03,Delayed,4908923,418,SUP1023
O7086,P7600,2025-11-30,452,2025-12-08,2025-12-12,Pending,1039837,226,SUP6726
O7087,P9293,2025-10-05,410,2025-10-15,2025-10-17,Delayed,2818819,369,SUP9733
O7088,P6731,2025-11-22,11,2025-11-30,2025-11-30,Delivered,1411730,11,SUP8839
O7089,P8487,2026-01-12,164,2026-01-22,2026-01-25,Delayed,2959468,148,SUP1402
O7090,P1986,2025-10-20,97,2025-10-30,2025-11-04,Delivered,2026273,97,SUP2710
O7091,P5111,2025-08-17,139,2025-08-20,2025-08-21,Delivered,3978587,139,SUP6870
O7092,P4746,2025-07-31,275,2025-08-06,2025-08-10,Pending,2669667,138,SUP7630
O7093,P4592,2025-09-16,328,2025-09-22,2025-09-23,Delayed,2320575,295,SUP3401
O7094,P2551,2025-08-23,316,2025-08-26,2025-08-26,Pending,4454164,158,
O7095,P5990,2025-10-22,210,2025-10-26,2025-10-31,Delayed,1646728,189,SUP1971
O7096,P6536,2025-09-30,150,2025-10-08,2025-10-13,Delivered,3290241,150,SUP104
O7097,P6799,2025-11-08,12,2025-11-18,2025-11-20,Delayed,3247707,11,SUP946
O7098,P4064,2025-10-29,428,2025-11-01,2025-11-02,Delivered,3103961,428,
O7099,P8276,2025-06-20,121,2025-06-27,2025-06-27,Pending,2327389,60,SUP2539
O7100,P806,2026-05-25,32,2026-06-04,2026-06-04,Pending,1062081,16,SUP2138
O7101,P4094,2026-03-22,61,2026-03-29,2026-04-01,Delayed,4631744,55,
O7102,P5098,2025-12-23,317,2025-12-28,2025-12-31,Delayed,1605913,285,
O7103,P4747,2026-02-25,439,2026-03-02,2026-03-05,Pending,2928193,220,SUP6995
O7104,P5585,2025-11-10,182,2025-11-14,2025-11-18,Pending,1911458,91,SUP7320
O7105,P9338,2026-01-01,410,2026-01-05,2026-01-05,Pending,3882438,205,SUP1568
O7106,P4141,2025-07-16,392,2025-07-23,2025-07-26,Delivered,305787,392,SUP1774
O7107,P4271,2026-02-02,220,2026-02-06,2026-02-08,Delayed,2265212,198,
O7108,P3755,2025-11-23,198,2025-11-26,2025-11-28,Delayed,3486091,178,
O7109,P1684,2026-02-05,417,2026-02-13,2026-02-13,Delayed,3110037,375,SUP8250
O7110,P8150,2025-09-28,315,2025-10-03,2025-10-06,Pending,3012076,158,SUP563
O7111,P5562,2026-03-30,162,2026-04-03,2026-04-06,Delayed,3379256,146,SUP7208
O7112,P2231,2025-05-29,438,2025-06-07,2025-06-07,Delivered,3873721,438,SUP4888
O7113,P9977,2026-03-03,433,2026-03-09,2026-03-11,Pending,1405273,216,
O7114,P9304,2026-02-18,92,2026-02-25,2026-03-02,Delivered,141253,92,
O7115,P8610,2026-01-02,428,2026-01-05,2026-01-10,Delivered,4471234,428,
O7116,P9515,2025-09-04,194,2025-09-08,2025-09-09,Delivered,4440170,194,
O7117,P8197,2025-10-04,413,2025-10-14,2025-10-17,Pending,4946747,206,
O7118,P4074,2026-02-12,149,2026-02-18,2026-02-22,Pending,3334089,74,SUP4966
O7119,P3015,2025-12-22,436,2025-12-31,2025-12-31,Delivered,3557818,436,
O7120,P2815,2025-12-04,251,2025-12-14,2025-12-17,Delivered,2622377,251,
O7121,P9010,2026-01-08,449,2026-01-12,2026-01-13,Delayed,1030530,404,SUP6132
O7122,P3697,2026-04-02,201,2026-04-07,2026-04-07,Delayed,430824,181,SUP1319
O7123,P1953,2026-04-01,474,2026-04-08,2026-04-10,Pending,97158,237,
O7124,P5398,2026-05-08,378,2026-05-16,2026-05-16,Pending,1242148,189,SUP5891
O7125,P3411,2025-08-02,275,2025-08-05,2025-08-05,Delivered,3379906,275,
O7126,P8415,2025-10-30,489,2025-11-06,2025-11-06,Delivered,2317985,489,
O7127,P2568,2026-04-10,258,2026-04-13,2026-04-13,Pending,2665115,129,SUP9945
O7128,P2906,2025-09-03,184,2025-09-06,2025-09-10,Delayed,646925,166,SUP341
O7129,P8758,2026-05-18,420,2026-05-24,2026-05-28,Delivered,3346916,420,
O7130,P8791,2026-01-05,425,2026-01-11,2026-01-14,Delivered,995411,425,SUP8195
O7131,P7228,2026-01-22,148,2026-01-29,2026-02-03,Delivered,2343683,148,SUP119
O7132,P6031,2026-03-03,52,2026-03-12,2026-03-16,Delivered,1031270,52,
O7133,P8920,2025-06-28,238,2025-07-08,2025-07-11,Delayed,4522057,214,
O7134,P4413,2025-11-11,347,2025-11-18,2025-11-23,Pending,4430475,174,SUP6300
O7135,P9496,2026-02-18,92,2026-02-22,2026-02-23,Delivered,154663,92,SUP3195
O7136,P8373,2025-07-26,258,2025-08-04,2025-08-04,Pending,3777539,129,
O7137,P3863,2025-05-29,226,2025-06-04,2025-06-05,Delivered,4527947,226,SUP837
O7138,P9885,2025-06-30,439,2025-07-08,2025-07-08,Delivered,1900168,439,SUP2825
O7139,P2569,2025-11-06,370,2025-11-10,2025-11-10,Delivered,1304717,370,SUP6766
O7140,P751,2025-06-04,199,2025-06-09,2025-06-12,Pending,1317307,100,
O7141,P2426,2025-12-25,465,2025-12-29,2026-01-03,Pending,890465,232,
O7142,P380,2026-01-27,330,2026-02-04,2026-02-05,Delayed,3503127,297,
O7143,P4216,2025-07-10,178,2025-07-15,2025-07-18,Delayed,3586176,160,SUP130
O7144,P9018,2025-07-24,94,2025-08-02,2025-08-04,Delayed,1709881,85,SUP8348
O7145,P937,2026-02-19,284,2026-02-28,2026-02-28,Delivered,3833153,284,SUP8339
O7146,P3552,2025-08-28,116,2025-09-05,2025-09-07,Delayed,2613059,104,
O7147,P9774,2025-07-18,432,2025-07-26,2025-07-26,Delivered,1720887,432,SUP1310
O7148,P7109,2026-04-09,471,2026-04-18,2026-04-22,Pending,1550090,236,
O7149,P5012,2026-04-06,144,2026-04-16,2026-04-20,Pending,2815492,72,
O7150,P2419,2025-08-02,13,2025-08-06,2025-08-07,Pending,1037548,6,
O7151,P8595,2026-03-06,198,2026-03-16,2026-03-21,Delayed,4939911,178,SUP1708
O7152,P5376,2025-06-13,68,2025-06-18,2025-06-18,Delayed,1639065,61,SUP25
O7153,P6906,2025-07-08,266,2025-07-13,2025-07-17,Pending,1050031,133,SUP713
O7154,P2918,2025-06-05,179,2025-06-11,2025-06-16,Delayed,3156347,161,SUP8421
O7155,P5515,2026-01-15,440,2026-01-25,2026-01-27,Delayed,1929892,396,SUP5140
O7156,P6454,2025-07-02,498,2025-07-07,2025-07-08,Delayed,4597195,448,SUP6472
O7157,P6657,2025-08-30,386,2025-09-09,2025-09-11,Delayed,2869492,347,SUP5963
O7158,P4140,2025-07-25,260,2025-08-04,2025-08-09,Delivered,2876432,260,
O7159,P2118,2025-06-12,204,2025-06-20,2025-06-24,Delivered,1027881,204,SUP2174
O7160,P480,2026-02-13,107,2026-02-23,2026-02-25,Delayed,4537551,96,
O7161,P7780,2025-06-13,468,2025-06-21,2025-06-26,Delivered,4203090,468,SUP6936
O7162,P1115,2026-05-28,424,2026-06-01,2026-06-06,Delayed,1705117,382,SUP9580
O7163,P100,2026-04-12,195,2026-04-20,2026-04-21,Delivered,4363433,195,SUP643
O7164,P9923,2025-09-16,264,2025-09-26,2025-09-28,Delayed,3927234,238,SUP3653
O7165,P6963,2026-04-27,126,2026-05-07,2026-05-11,Delayed,2064270,113,
O7166,P8808,2025-12-26,228,2025-12-30,2025-12-31,Pending,1600952,114,
O7167,P592,2025-10-26,469,2025-11-03,2025-11-05,Pending,3841886,234,SUP9280
O7168,P7091,2025-08-24,80,2025-09-03,2025-09-08,Delayed,1680930,72,SUP4636
O7169,P2983,2026-03-22,499,2026-04-01,2026-04-03,Delayed,441073,449,SUP1777
O7170,P5176,2025-12-10,293,2025-12-16,2025-12-17,Delayed,4825332,264,SUP3897
O7171,P7950,2025-08-16,417,2025-08-25,2025-08-26,Pending,4848146,208,SUP1145
O7172,P291,2026-05-13,325,2026-05-17,2026-05-21,Pending,629068,162,SUP996
O7173,P5310,2025-07-01,453,2025-07-11,2025-07-14,Pending,4913727,226,SUP5319
O7174,P8685,2025-12-26,400,2026-01-03,2026-01-04,Pending,1535875,200,SUP7681
O7175,P9833,2025-06-16,61,2025-06-20,2025-06-23,Pending,4034557,30,
O7176,P5029,2026-04-12,156,2026-04-21,2026-04-24,Pending,2565907,78,
O7177,P9480,2025-07-30,70,2025-08-09,2025-08-13,Pending,3769851,35,SUP1792
O7178,P9060,2025-08-08,143,2025-08-12,2025-08-14,Delayed,1139583,129,
O7179,P7223,2026-05-09,346,2026-05-14,2026-05-17,Delayed,671845,311,SUP8063
O7180,P3899,2026-03-07,253,2026-03-16,2026-03-20,Pending,302447,126,
O7181,P9423,2026-01-22,278,2026-01-30,2026-02-03,Delivered,367011,278,
O7182,P3324,2025-12-09,101,2025-12-19,2025-12-22,Delivered,399472,101,
O7183,P6161,2026-04-05,133,2026-04-09,2026-04-12,Delivered,77640,133,SUP9795
O7184,P2806,2025-09-16,431,2025-09-19,2025-09-19,Pending,4525064,216,
O7185,P6474,2025-07-31,382,2025-08-07,2025-08-11,Delivered,1840387,382,SUP1406
O7186,P2583,2025-06-08,44,2025-06-12,2025-06-14,Pending,2703030,22,SUP9456
O7187,P1761,2025-08-21,269,2025-08-29,2025-08-31,Delayed,3435146,242,
O7188,P6319,2025-11-12,283,2025-11-19,2025-11-24,Delivered,1843898,283,SUP1472
O7189,P4759,2026-04-29,100,2026-05-07,2026-05-09,Delivered,2910014,100,
O7190,P7396,2025-11-06,441,2025-11-13,2025-11-16,Delayed,3079316,397,SUP3849
O7191,P122,2025-12-05,363,2025-12-10,2025-12-11,Pending,229842,182,SUP2012
O7192,P6898,2025-11-03,473,2025-11-06,2025-11-06,Delayed,1045020,426,
O7193,P4510,2025-07-21,248,2025-07-25,2025-07-25,Delayed,3450355,223,
O7194,P7583,2025-09-24,148,2025-10-03,2025-10-05,Delivered,1344590,148,
O7195,P8618,2025-11-16,361,2025-11-19,2025-11-22,Pending,3208863,180,SUP2155
O7196,P3185,2025-10-18,190,2025-10-24,2025-10-25,Delayed,1099474,171,SUP8809
O7197,P646,2026-01-18,35,2026-01-25,2026-01-30,Pending,1334530,18,
O7198,P6187,2025-10-03,291,2025-10-11,2025-10-16,Delayed,453054,262,SUP3015
O7199,P1869,2025-11-17,301,2025-11-27,2025-11-27,Pending,2880964,150,SUP2908
O7200,P1855,2025-11-26,436,2025-11-29,2025-12-03,Delivered,4115997,436,SUP5704
O7201,P4106,2026-02-02,187,2026-02-10,2026-02-14,Pending,2260001,94,SUP3233
O7202,P5938,2025-07-11,340,2025-07-16,2025-07-21,Pending,443731,170,SUP8292
O7203,P2637,2025-12-18,321,2025-12-25,2025-12-30,Delivered,2927267,321,SUP4085
O7204,P5484,2026-01-02,339,2026-01-07,2026-01-11,Pending,1237656,170,
O7205,P2458,2025-06-09,156,2025-06-14,2025-06-15,Delivered,4749190,156,
O7206,P3847,2025-09-15,82,2025-09-25,2025-09-28,Pending,4291238,41,SUP8074
O7207,P3743,2025-11-16,314,2025-11-20,2025-11-21,Pending,2574790,157,SUP7429
O7208,P2733,2026-03-06,381,2026-03-10,2026-03-15,Delayed,2938399,343,SUP1500
O7209,P5800,2025-07-19,327,2025-07-22,2025-07-26,Delivered,1243881,327,
O7210,P512,2025-06-12,185,2025-06-17,2025-06-19,Pending,3083770,92,
O7211,P8260,2026-02-28,395,2026-03-07,2026-03-11,Delivered,3954839,395,SUP1260
O7212,P1139,2025-11-29,76,2025-12-07,2025-12-10,Delivered,2775171,76,
O7213,P88,2026-01-10,59,2026-01-15,2026-01-19,Delayed,1093523,53,
O7214,P3770,2025-09-16,309,2025-09-22,2025-09-24,Delayed,3917721,278,SUP1429
O7215,P4635,2026-03-10,95,2026-03-15,2026-03-15,Delayed,2872145,86,SUP9223
O7216,P818,2025-11-17,410,2025-11-23,2025-11-27,Pending,4288688,205,SUP4077
O7217,P885,2025-06-20,468,2025-06-27,2025-07-01,Delayed,2243344,421,SUP3496
O7218,P6268,2026-01-24,160,2026-02-03,2026-02-07,Delayed,3977899,144,SUP1463
O7219,P4011,2025-11-26,375,2025-12-05,2025-12-08,Delivered,3898907,375,SUP3521
O7220,P5149,2025-11-23,109,2025-12-03,2025-12-07,Delivered,2794959,109,SUP2818
O7221,P7548,2025-12-21,110,2025-12-25,2025-12-27,Pending,3918721,55,
O7222,P9028,2025-09-30,31,2025-10-08,2025-10-10,Pending,2283932,16,SUP6586
O7223,P4751,2025-10-22,378,2025-10-29,2025-11-02,Delayed,1268788,340,
O7224,P5604,2025-05-29,234,2025-06-01,2025-06-05,Delivered,3228965,234,SUP1116
O7225,P9837,2025-07-31,175,2025-08-06,2025-08-11,Delivered,3813820,175,SUP127
O7226,P9734,2025-08-07,344,2025-08-17,2025-08-17,Delayed,263917,310,
O7227,P6072,2025-08-03,60,2025-08-06,2025-08-10,Delayed,4546876,54,
O7228,P3115,2026-04-01,23,2026-04-04,2026-04-05,Delivered,1046999,23,
O7229,P5518,2026-02-11,482,2026-02-15,2026-02-17,Delivered,4328514,482,
O7230,P8913,2026-05-21,474,2026-05-26,2026-05-31,Delivered,360284,474,SUP1343
O7231,P131,2025-10-30,349,2025-11-04,2025-11-06,Delayed,2166481,314,
O7232,P5068,2025-07-29,40,2025-08-04,2025-08-06,Delayed,3198949,36,SUP3173
O7233,P2890,2025-12-16,265,2025-12-20,2025-12-20,Delivered,1811854,265,SUP236
O7234,P2375,2025-07-31,109,2025-08-03,2025-08-06,Delivered,2479309,109,SUP2059
O7235,P650,2025-11-23,202,2025-12-02,2025-12-05,Delayed,2538585,182,SUP3877
O7236,P4926,2026-03-18,226,2026-03-21,2026-03-21,Delayed,4587310,203,SUP4538
O7237,P1829,2026-02-26,220,2026-03-05,2026-03-09,Delivered,2628209,220,
O7238,P8080,2026-03-01,393,2026-03-07,2026-03-11,Pending,394337,196,SUP3910
O7239,P8876,2025-07-05,58,2025-07-08,2025-07-10,Pending,4268948,29,
O7240,P319,2025-09-25,246,2025-10-01,2025-10-06,Delayed,2827196,221,
O7241,P2281,2026-02-06,39,2026-02-15,2026-02-15,Delayed,4373096,35,SUP7774
O7242,P7735,2025-12-28,493,2026-01-04,2026-01-05,Pending,3668665,246,
O7243,P483,2025-07-12,396,2025-07-17,2025-07-21,Pending,4382131,198,
O7244,P2713,2025-07-28,372,2025-08-06,2025-08-11,Delayed,2097300,335,SUP4752
O7245,P8886,2025-06-25,96,2025-06-29,2025-07-02,Delayed,2082511,86,
O7246,P6581,2026-04-05,229,2026-04-15,2026-04-19,Delivered,1414105,229,SUP4808
O7247,P6416,2025-10-31,169,2025-11-08,2025-11-08,Delayed,3040168,152,SUP3857
O7248,P848,2026-05-28,276,2026-06-01,2026-06-01,Pending,2723559,138,
O7249,P7273,2025-08-15,12,2025-08-24,2025-08-25,Pending,4563933,6,SUP1392
O7250,P3928,2025-09-24,122,2025-10-02,2025-10-06,Delivered,3155531,122,SUP2102
O7251,P3552,2026-01-31,394,2026-02-04,2026-02-06,Delayed,1101415,355,
O7252,P3366,2025-09-27,290,2025-10-04,2025-10-08,Delayed,1490673,261,SUP5412
O7253,P7765,2026-03-15,140,2026-03-25,2026-03-30,Delivered,3920011,140,SUP663
O7254,P5758,2025-08-12,313,2025-08-20,2025-08-23,Delivered,4252403,313,
O7255,P3185,2025-12-29,376,2026-01-04,2026-01-08,Pending,997922,188,SUP8809
O7256,P2976,2025-11-16,404,2025-11-25,2025-11-27,Pending,4507725,202,SUP2834
O7257,P5894,2026-03-13,333,2026-03-23,2026-03-28,Delayed,3138108,300,SUP4616
O7258,P3935,2025-07-31,476,2025-08-10,2025-08-10,Delivered,429635,476,SUP8422
O7259,P9287,2026-01-02,348,2026-01-08,2026-01-11,Delayed,128375,313,
O7260,P2408,2025-10-24,360,2025-10-31,2025-11-04,Delivered,2898262,360,
O7261,P3510,2025-07-20,80,2025-07-29,2025-07-30,Delayed,1535066,72,SUP5374
O7262,P3111,2025-08-26,295,2025-09-04,2025-09-05,Delivered,4432396,295,SUP6162
O7263,P8969,2026-02-14,383,2026-02-23,2026-02-28,Delivered,4105330,383,SUP695
O7264,P6810,2026-03-29,150,2026-04-03,2026-04-05,Delayed,3760203,135,
O7265,P3358,2026-02-15,422,2026-02-18,2026-02-21,Pending,3177919,211,
O7266,P5656,2025-11-21,172,2025-11-30,2025-12-05,Delayed,3694178,155,SUP2084
O7267,P3570,2026-03-08,169,2026-03-14,2026-03-19,Delivered,2602256,169,SUP2906
O7268,P6335,2026-05-06,65,2026-05-11,2026-05-12,Delivered,284296,65,
O7269,P942,2026-01-11,96,2026-01-15,2026-01-19,Delivered,1484245,96,SUP600
O7270,P5616,2026-01-30,450,2026-02-09,2026-02-09,Delivered,514927,450,SUP2077
O7271,P9131,2026-03-22,408,2026-03-31,2026-03-31,Pending,2709920,204,
O7272,P3105,2025-11-02,338,2025-11-08,2025-11-08,Delivered,1952326,338,SUP9135
O7273,P282,2025-12-03,487,2025-12-09,2025-12-09,Delivered,1678445,487,SUP7147
O7274,P2064,2025-10-29,378,2025-11-06,2025-11-06,Pending,4564398,189,
O7275,P7909,2026-05-04,35,2026-05-07,2026-05-09,Delivered,42272,35,SUP3518
O7276,P7607,2026-04-13,128,2026-04-19,2026-04-20,Delayed,1278573,115,SUP8475
O7277,P799,2025-06-07,416,2025-06-17,2025-06-17,Pending,2669069,208,SUP587
O7278,P4303,2025-07-26,307,2025-08-04,2025-08-09,Delivered,2584281,307,
O7279,P2502,2025-09-23,276,2025-09-27,2025-10-01,Delivered,3356266,276,
O7280,P3213,2025-11-14,372,2025-11-24,2025-11-28,Delayed,1263424,335,SUP62
O7281,P3364,2025-12-13,249,2025-12-23,2025-12-26,Delayed,1130186,224,
O7282,P1932,2025-12-22,458,2025-12-26,2025-12-26,Delivered,4830278,458,SUP7981
O7283,P394,2025-12-29,283,2026-01-03,2026-01-06,Delivered,4429125,283,
O7284,P7060,2026-02-27,257,2026-03-03,2026-03-03,Pending,1466913,128,SUP9399
O7285,P3594,2025-12-18,223,2025-12-24,2025-12-25,Delayed,1989196,201,
O7286,P9959,2025-07-15,48,2025-07-18,2025-07-21,Delivered,2733794,48,SUP4405
O7287,P3765,2025-10-21,319,2025-10-28,2025-10-28,Delayed,1204083,287,SUP3024
O7288,P7701,2025-10-27,253,2025-11-02,2025-11-02,Pending,2498429,126,
O7289,P1158,2026-03-16,330,2026-03-21,2026-03-21,Delayed,504046,297,
O7290,P5593,2026-04-11,483,2026-04-20,2026-04-20,Delayed,1895643,435,SUP1178
O7291,P1459,2026-05-10,419,2026-05-17,2026-05-20,Delayed,1673279,377,
O7292,P247,2025-08-14,315,2025-08-23,2025-08-26,Delivered,4553861,315,SUP1388
O7293,P5417,2026-02-25,369,2026-02-28,2026-03-02,Delivered,4333983,369,
O7294,P8688,2025-11-04,34,2025-11-08,2025-11-13,Pending,977719,17,SUP205
O7295,P4855,2025-10-22,224,2025-10-31,2025-11-01,Delivered,3114979,224,SUP7294
O7296,P1661,2026-03-04,199,2026-03-13,2026-03-13,Pending,2584395,100,SUP5583
O7297,P8958,2025-08-08,206,2025-08-14,2025-08-15,Delivered,3392077,206,SUP3617
O7298,P664,2025-08-27,423,2025-09-04,2025-09-07,Pending,3505888,212,SUP3486
O7299,P9964,2025-12-12,485,2025-12-18,2025-12-22,Delivered,2573121,485,SUP3113
O7300,P3032,2025-12-05,277,2025-12-08,2025-12-13,Delayed,881198,249,
O7301,P562,2026-05-22,194,2026-05-26,2026-05-30,Pending,4043502,97,SUP4467
O7302,P1605,2025-10-06,350,2025-10-11,2025-10-15,Pending,4697999,175,SUP2426
O7303,P7702,2026-04-05,235,2026-04-14,2026-04-19,Delayed,189830,212,
O7304,P333,2025-06-16,74,2025-06-19,2025-06-20,Delayed,1297378,67,
O7305,P2415,2025-12-29,336,2026-01-07,2026-01-12,Delivered,4607366,336,SUP6777
O7306,P2737,2026-02-12,57,2026-02-17,2026-02-22,Delayed,521242,51,
O7307,P1876,2026-01-23,260,2026-01-27,2026-01-28,Delayed,1381126,234,SUP3311
O7308,P4493,2025-08-11,201,2025-08-21,2025-08-24,Pending,4004798,100,SUP8790
O7309,P4651,2025-08-28,143,2025-09-07,2025-09-11,Pending,3163057,72,
O7310,P3885,2026-04-28,147,2026-05-03,2026-05-07,Delivered,635891,147,SUP1807
O7311,P2281,2025-09-10,307,2025-09-16,2025-09-18,Delayed,3239507,276,SUP7774
O7312,P3413,2025-07-22,175,2025-07-27,2025-07-30,Pending,788478,88,
O7313,P5613,2025-12-15,469,2025-12-24,2025-12-27,Delayed,182740,422,
O7314,P5914,2025-08-08,208,2025-08-13,2025-08-15,Pending,4685897,104,SUP5966
O7315,P9647,2025-07-27,250,2025-08-06,2025-08-07,Delivered,1611357,250,SUP9654
O7316,P2127,2026-02-05,464,2026-02-14,2026-02-17,Delayed,2701006,418,SUP3097
O7317,P8504,2026-04-19,329,2026-04-23,2026-04-28,Delayed,555951,296,SUP2403
O7318,P7326,2025-09-08,327,2025-09-12,2025-09-13,Delivered,2511432,327,
O7319,P2103,2026-05-09,201,2026-05-17,2026-05-22,Pending,1471932,100,SUP284
O7320,P9182,2025-10-17,94,2025-10-25,2025-10-26,Delivered,4102247,94,
O7321,P7078,2025-12-07,100,2025-12-11,2025-12-16,Delivered,1249966,100,SUP293
O7322,P5627,2026-04-21,197,2026-04-25,2026-04-25,Delayed,2358887,177,SUP301
O7323,P8337,2025-07-07,222,2025-07-10,2025-07-11,Delayed,42562,200,SUP955
O7324,P8967,2026-01-25,372,2026-01-30,2026-02-02,Delivered,1182208,372,SUP2656
O7325,P6,2025-11-27,419,2025-12-06,2025-12-09,Delayed,3386035,377,SUP177
O7326,P5239,2025-12-18,498,2025-12-28,2026-01-02,Delivered,1380535,498,
O7327,P4881,2026-05-23,371,2026-05-31,2026-06-05,Delayed,2309764,334,
O7328,P8799,2025-09-03,261,2025-09-13,2025-09-17,Pending,1274696,130,
O7329,P1607,2025-08-13,255,2025-08-19,2025-08-20,Pending,1174155,128,SUP5869
O7330,P6062,2025-09-03,261,2025-09-09,2025-09-14,Delivered,3592358,261,SUP2913
O7331,P2921,2025-11-10,380,2025-11-18,2025-11-22,Pending,737637,190,SUP9605
O7332,P6648,2026-03-22,472,2026-03-28,2026-03-29,Delayed,1457878,425,
O7333,P6815,2025-12-28,212,2026-01-07,2026-01-07,Delivered,1262083,212,
O7334,P6888,2026-03-04,316,2026-03-13,2026-03-14,Pending,3869693,158,
O7335,P4818,2025-09-04,284,2025-09-14,2025-09-16,Pending,1379954,142,SUP2054
O7336,P1063,2025-06-21,119,2025-06-27,2025-06-30,Delayed,96371,107,SUP5377
O7337,P8983,2026-04-15,317,2026-04-22,2026-04-22,Delayed,2645520,285,SUP5695
O7338,P8127,2026-04-13,141,2026-04-23,2026-04-24,Delivered,4860985,141,SUP5211
O7339,P7952,2025-12-15,128,2025-12-25,2025-12-26,Pending,620630,64,SUP2167
O7340,P5041,2025-12-11,71,2025-12-20,2025-12-25,Delayed,1450188,64,SUP3104
O7341,P6452,2025-11-15,140,2025-11-18,2025-11-20,Pending,549596,70,SUP2106
O7342,P5805,2025-07-21,207,2025-07-26,2025-07-28,Delayed,4537742,186,
O7343,P5372,2026-03-04,23,2026-03-07,2026-03-08,Delayed,1533592,21,SUP881
O7344,P5037,2025-10-21,364,2025-10-31,2025-11-03,Delivered,1186206,364,SUP2602
O7345,P4894,2026-03-22,189,2026-03-27,2026-03-28,Delayed,2753144,170,
O7346,P5105,2025-08-25,84,2025-08-30,2025-09-03,Delayed,1996356,76,SUP2147
O7347,P5673,2025-11-29,387,2025-12-08,2025-12-09,Pending,2709639,194,SUP7744
O7348,P5436,2025-09-18,477,2025-09-26,2025-09-29,Pending,2871015,238,
O7349,P599,2025-10-13,418,2025-10-19,2025-10-22,Delayed,4900688,376,
O7350,P4607,2025-06-19,181,2025-06-28,2025-07-02,Delivered,2792881,181,SUP6835
O7351,P584,2025-10-18,279,2025-10-21,2025-10-22,Pending,1653032,140,SUP6388
O7352,P2812,2025-08-04,340,2025-08-13,2025-08-17,Delivered,4008068,340,SUP1081
O7353,P2903,2025-08-05,61,2025-08-15,2025-08-16,Pending,2439531,30,SUP3132
O7354,P4802,2026-01-15,419,2026-01-18,2026-01-20,Pending,441428,210,SUP9370
O7355,P2304,2025-09-18,391,2025-09-22,2025-09-24,Delivered,814432,391,
O7356,P8296,2025-07-10,221,2025-07-16,2025-07-20,Pending,4458935,110,SUP5317
O7357,P1634,2025-12-29,288,2026-01-02,2026-01-05,Pending,935507,144,SUP2378
O7358,P1269,2026-03-28,299,2026-03-31,2026-04-03,Pending,2123316,150,SUP3075
O7359,P4908,2026-01-12,77,2026-01-17,2026-01-18,Delayed,262132,69,SUP7202
O7360,P1676,2026-04-15,335,2026-04-25,2026-04-27,Pending,300231,168,
O7361,P1719,2025-07-02,292,2025-07-07,2025-07-07,Pending,3835327,146,SUP8010
O7362,P6192,2025-06-17,347,2025-06-26,2025-06-30,Delivered,1026058,347,SUP8406
O7363,P5648,2025-09-23,21,2025-10-02,2025-10-02,Pending,2031367,10,SUP1957
O7364,P4409,2026-03-04,29,2026-03-07,2026-03-12,Delivered,670388,29,SUP568
O7365,P4877,2026-03-19,68,2026-03-22,2026-03-26,Pending,619316,34,SUP7108
O7366,P2219,2025-07-11,367,2025-07-18,2025-07-21,Pending,2321603,184,
O7367,P2472,2026-05-25,57,2026-05-28,2026-05-31,Pending,1663667,28,SUP3807
O7368,P6778,2026-01-10,114,2026-01-14,2026-01-19,Pending,1155397,57,
O7369,P334,2025-09-21,448,2025-09-30,2025-09-30,Delivered,2117165,448,SUP1882
O7370,P9163,2026-02-02,34,2026-02-09,2026-02-09,Pending,4252472,17,SUP976
O7371,P1011,2025-08-09,104,2025-08-15,2025-08-16,Delivered,1203878,104,SUP338
O7372,P1453,2026-01-05,106,2026-01-10,2026-01-11,Pending,4602074,53,
O7373,P6239,2026-04-06,177,2026-04-11,2026-04-11,Delayed,1325369,159,SUP7619
O7374,P8207,2025-10-02,494,2025-10-12,2025-10-14,Delayed,1560917,445,SUP178
O7375,P1478,2026-02-18,84,2026-02-25,2026-02-27,Delivered,3346251,84,SUP4874
O7376,P8928,2026-02-20,166,2026-03-02,2026-03-03,Pending,1610917,83,SUP4365
O7377,P1329,2025-07-03,350,2025-07-06,2025-07-10,Delayed,1863954,315,SUP3418
O7378,P565,2026-03-06,202,2026-03-09,2026-03-13,Pending,2105415,101,SUP1158
O7379,P1661,2025-12-26,224,2025-12-29,2026-01-02,Delivered,2612032,224,SUP5583
O7380,P2975,2025-11-11,292,2025-11-17,2025-11-20,Delayed,3090182,263,
O7381,P5782,2026-02-04,95,2026-02-10,2026-02-14,Delivered,718150,95,SUP1470
O7382,P9658,2025-06-10,169,2025-06-15,2025-06-20,Delivered,323815,169,SUP1690
O7383,P881,2025-09-02,231,2025-09-11,2025-09-15,Delivered,1410590,231,SUP5219
O7384,P2193,2026-03-17,289,2026-03-22,2026-03-26,Delayed,1637511,260,SUP8068
O7385,P5991,2026-01-07,143,2026-01-14,2026-01-15,Pending,1457779,72,SUP2591
O7386,P5173,2026-04-22,233,2026-04-29,2026-04-29,Delayed,2569436,210,
O7387,P1425,2025-06-24,104,2025-06-29,2025-07-03,Delivered,923463,104,
O7388,P2725,2026-05-25,331,2026-06-04,2026-06-09,Delivered,2121317,331,SUP9803
O7389,P3826,2025-08-09,336,2025-08-15,2025-08-15,Pending,4311373,168,SUP1938
O7390,P1588,2025-07-18,423,2025-07-26,2025-07-29,Pending,4896619,212,SUP4515
O7391,P9022,2026-02-23,186,2026-03-04,2026-03-07,Pending,3651770,93,SUP6032
O7392,P3354,2026-04-27,201,2026-04-30,2026-05-03,Delayed,241526,181,SUP7046
O7393,P2208,2025-12-19,75,2025-12-28,2025-12-29,Delivered,4876126,75,SUP8583
O7394,P5855,2025-11-09,412,2025-11-16,2025-11-20,Pending,1730294,206,SUP3777
O7395,P7095,2026-03-24,438,2026-03-29,2026-04-01,Delivered,1397016,438,SUP5351
O7396,P5083,2025-08-01,124,2025-08-06,2025-08-08,Delivered,201563,124,SUP1815
O7397,P8640,2025-12-17,246,2025-12-21,2025-12-22,Pending,1609565,123,
O7398,P8396,2025-07-24,58,2025-08-01,2025-08-06,Delayed,3741066,52,SUP6189
O7399,P5893,2026-01-09,369,2026-01-18,2026-01-19,Pending,2005805,184,SUP5502
O7400,P9052,2025-12-15,114,2025-12-18,2025-12-21,Delayed,2580636,103,SUP8004
O7401,P3376,2026-04-11,380,2026-04-15,2026-04-15,Pending,4108011,190,
O7402,P8398,2025-10-06,412,2025-10-16,2025-10-17,Pending,4601627,206,SUP8933
O7403,P8053,2026-02-02,19,2026-02-09,2026-02-09,Delayed,1530215,17,
O7404,P6731,2025-06-17,255,2025-06-21,2025-06-24,Delivered,4418414,255,SUP8839
O7405,P3786,2025-08-26,480,2025-09-02,2025-09-06,Delivered,874968,480,
O7406,P8923,2025-10-18,234,2025-10-27,2025-10-28,Pending,134239,117,SUP3353
O7407,P5089,2025-09-14,354,2025-09-18,2025-09-20,Pending,1525654,177,SUP7714
O7408,P3511,2025-10-11,452,2025-10-17,2025-10-19,Delivered,2854321,452,
O7409,P270,2026-02-18,312,2026-02-22,2026-02-23,Delayed,3233781,281,SUP5260
O7410,P162,2025-10-04,156,2025-10-12,2025-10-13,Pending,4376987,78,
O7411,P9572,2025-07-12,470,2025-07-18,2025-07-18,Pending,1003552,235,SUP5237
O7412,P7015,2026-02-23,83,2026-02-27,2026-02-27,Delivered,2794257,83,
O7413,P6023,2025-06-30,182,2025-07-04,2025-07-08,Pending,4816301,91,SUP8235
O7414,P2451,2025-09-10,76,2025-09-20,2025-09-22,Delayed,1429131,68,SUP2080
O7415,P5259,2025-12-25,73,2025-12-30,2026-01-02,Delayed,1777284,66,
O7416,P5451,2025-07-25,482,2025-07-31,2025-07-31,Pending,3728437,241,
O7417,P9526,2025-08-24,316,2025-08-31,2025-09-03,Delivered,3715400,316,SUP2092
O7418,P9618,2025-12-11,176,2025-12-21,2025-12-21,Delayed,346188,158,SUP3797
O7419,P1926,2025-07-16,344,2025-07-24,2025-07-29,Delayed,3353197,310,SUP4514
O7420,P2768,2025-07-23,279,2025-07-26,2025-07-31,Delivered,3371442,279,SUP4249
O7421,P3125,2025-09-21,260,2025-09-27,2025-09-27,Delivered,65562,260,
O7422,P9450,2025-08-30,85,2025-09-08,2025-09-10,Delivered,2503881,85,SUP7013
O7423,P6990,2025-08-17,10,2025-08-23,2025-08-26,Pending,4904907,5,SUP5630
O7424,P2479,2026-04-04,63,2026-04-14,2026-04-19,Delivered,2612626,63,
O7425,P1938,2025-12-08,478,2025-12-12,2025-12-14,Delivered,1637001,478,SUP3178
O7426,P2967,2025-08-01,161,2025-08-10,2025-08-10,Pending,3254754,80,
O7427,P7554,2026-01-31,46,2026-02-05,2026-02-07,Delayed,2666268,41,SUP7396
O7428,P8221,2026-01-15,399,2026-01-19,2026-01-19,Pending,3957281,200,SUP7858
O7429,P8621,2026-03-02,339,2026-03-11,2026-03-11,Pending,561172,170,SUP3054
O7430,P7341,2025-07-19,283,2025-07-27,2025-07-27,Pending,379639,142,SUP1823
O7431,P2462,2026-03-30,80,2026-04-08,2026-04-12,Delayed,2993464,72,
O7432,P8669,2025-06-30,45,2025-07-06,2025-07-09,Pending,583934,22,SUP6754
O7433,P3855,2026-01-11,166,2026-01-14,2026-01-15,Pending,236490,83,SUP316
O7434,P7115,2025-11-06,306,2025-11-11,2025-11-16,Delivered,2143459,306,
O7435,P3992,2026-04-24,374,2026-05-04,2026-05-04,Delivered,354919,374,SUP5739
O7436,P4865,2025-08-17,383,2025-08-20,2025-08-23,Pending,2928540,192,SUP245
O7437,P2285,2025-06-24,139,2025-07-01,2025-07-05,Delayed,1308853,125,SUP219
O7438,P9315,2026-05-08,52,2026-05-13,2026-05-16,Pending,1367244,26,
O7439,P3877,2026-02-28,350,2026-03-06,2026-03-09,Delayed,3131198,315,SUP3772
O7440,P3099,2025-06-23,177,2025-07-02,2025-07-06,Delivered,2762505,177,SUP6873
O7441,P3,2026-03-15,147,2026-03-22,2026-03-23,Delayed,864612,132,SUP6078
O7442,P9280,2025-06-06,384,2025-06-15,2025-06-20,Delayed,4904453,346,SUP3738
O7443,P383,2026-03-01,229,2026-03-10,2026-03-14,Delayed,2149433,206,SUP7822
O7444,P7460,2025-12-01,281,2025-12-09,2025-12-12,Delayed,3825981,253,SUP7237
O7445,P2583,2026-05-21,33,2026-05-30,2026-06-03,Delivered,1735237,33,SUP9456
O7446,P4098,2025-06-26,492,2025-07-06,2025-07-06,Delayed,2269005,443,
O7447,P5562,2025-09-18,284,2025-09-21,2025-09-26,Delayed,794077,256,SUP7208
O7448,P1712,2025-09-16,327,2025-09-20,2025-09-22,Pending,1758737,164,SUP122
O7449,P762,2025-06-22,288,2025-06-28,2025-07-02,Pending,763786,144,
O7450,P9584,2025-08-20,283,2025-08-30,2025-09-01,Delivered,2585066,283,SUP303
O7451,P5658,2025-11-15,386,2025-11-22,2025-11-22,Delayed,2011443,347,SUP2358
O7452,P6521,2026-03-22,253,2026-03-26,2026-03-29,Delayed,1826234,228,
O7453,P5988,2026-04-19,338,2026-04-24,2026-04-25,Delivered,4688133,338,
O7454,P1685,2025-07-12,135,2025-07-16,2025-07-19,Delayed,4731823,122,SUP1077
O7455,P8532,2025-09-30,446,2025-10-03,2025-10-03,Delayed,327967,401,
O7456,P4967,2025-08-17,408,2025-08-25,2025-08-27,Delayed,4118028,367,SUP2860
O7457,P7456,2025-09-29,44,2025-10-09,2025-10-12,Delayed,3184647,40,SUP4797
O7458,P3429,2025-12-24,160,2025-12-28,2025-12-30,Pending,84093,80,SUP467
O7459,P6995,2025-12-16,209,2025-12-23,2025-12-23,Delayed,748695,188,SUP8684
O7460,P2602,2026-01-12,131,2026-01-18,2026-01-22,Delivered,2782258,131,SUP1804
O7461,P1306,2025-06-11,500,2025-06-19,2025-06-20,Pending,4104174,250,SUP6547
O7462,P8005,2025-06-23,496,2025-06-28,2025-07-03,Pending,1434947,248,
O7463,P8944,2026-05-07,387,2026-05-10,2026-05-15,Delayed,1886817,348,SUP6216
O7464,P6798,2026-02-20,251,2026-02-23,2026-02-27,Delayed,2118926,226,SUP1733
O7465,P6081,2025-12-28,303,2026-01-04,2026-01-09,Delivered,3364841,303,SUP3027
O7466,P4448,2026-05-14,106,2026-05-18,2026-05-18,Pending,4053595,53,SUP9127
O7467,P6832,2026-01-22,445,2026-01-30,2026-02-03,Delayed,3133077,400,
O7468,P7383,2025-10-21,411,2025-10-29,2025-10-29,Pending,2675527,206,
O7469,P8902,2026-02-15,313,2026-02-18,2026-02-22,Delivered,2320075,313,
O7470,P697,2025-07-06,362,2025-07-09,2025-07-09,Delivered,3870547,362,SUP8755
O7471,P6770,2026-04-09,196,2026-04-17,2026-04-18,Pending,2039222,98,
O7472,P597,2026-05-25,435,2026-06-01,2026-06-05,Pending,4040862,218,SUP3841
O7473,P271,2026-02-28,23,2026-03-08,2026-03-13,Delivered,4794917,23,SUP128
O7474,P9952,2026-05-20,497,2026-05-28,2026-05-30,Delayed,2732457,447,
O7475,P8281,2026-01-10,456,2026-01-13,2026-01-13,Delayed,2086941,410,SUP3601
O7476,P9468,2025-07-29,267,2025-08-07,2025-08-08,Delayed,1657731,240,SUP4858
O7477,P2391,2026-01-10,216,2026-01-18,2026-01-18,Pending,2568428,108,
O7478,P6923,2025-09-15,123,2025-09-21,2025-09-24,Delivered,3875659,123,SUP1269
O7479,P8903,2026-02-08,449,2026-02-18,2026-02-20,Delivered,3718976,449,
O7480,P9671,2025-08-07,457,2025-08-13,2025-08-15,Delayed,2349584,411,
O7481,P9820,2026-02-17,385,2026-02-26,2026-02-26,Delivered,351571,385,SUP2669
O7482,P6062,2025-06-05,214,2025-06-11,2025-06-14,Pending,156988,107,SUP2913
O7483,P6961,2025-08-09,31,2025-08-17,2025-08-19,Delayed,2053311,28,SUP26
O7484,P3398,2026-05-03,449,2026-05-07,2026-05-09,Delayed,1324468,404,
O7485,P4906,2026-01-19,483,2026-01-26,2026-01-27,Pending,3577261,242,SUP495
O7486,P438,2025-06-27,34,2025-07-03,2025-07-04,Delayed,3626803,31,SUP5198
O7487,P3747,2025-11-20,281,2025-11-26,2025-11-29,Delivered,1260547,281,
O7488,P2597,2025-08-24,404,2025-08-27,2025-09-01,Pending,4925145,202,SUP3608
O7489,P2267,2025-10-25,181,2025-10-31,2025-11-02,Delayed,1044614,163,SUP5454
O7490,P2252,2025-11-21,428,2025-11-27,2025-11-30,Delayed,4662202,385,SUP2483
O7491,P3166,2025-10-04,164,2025-10-10,2025-10-10,Pending,3779711,82,SUP8428
O7492,P9858,2026-01-01,203,2026-01-07,2026-01-12,Delivered,4084697,203,
O7493,P5770,2026-01-18,121,2026-01-22,2026-01-27,Delivered,2436498,121,SUP5823
O7494,P2613,2025-09-18,363,2025-09-21,2025-09-26,Delayed,2472415,327,SUP4097
O7495,P9855,2025-09-26,243,2025-10-04,2025-10-05,Pending,2768543,122,SUP4023
O7496,P2940,2025-07-06,96,2025-07-12,2025-07-17,Delivered,3820766,96,SUP201
O7497,P8421,2026-03-27,291,2026-04-02,2026-04-06,Pending,4517217,146,
O7498,P2989,2025-05-30,308,2025-06-03,2025-06-03,Pending,4977156,154,SUP138
O7499,P6129,2025-07-08,377,2025-07-15,2025-07-20,Delivered,2838715,377,SUP6092
O7500,P4661,2025-07-24,479,2025-07-30,2025-08-02,Delayed,4450943,431,
O7501,P5571,2025-10-16,42,2025-10-25,2025-10-29,Pending,1456323,21,
O7502,P9845,2026-02-02,462,2026-02-06,2026-02-06,Delayed,2610933,416,
O7503,P7403,2025-11-24,123,2025-11-28,2025-11-30,Pending,2019731,62,SUP653
O7504,P3098,2026-05-18,478,2026-05-22,2026-05-23,Delivered,2241124,478,SUP8176
O7505,P2999,2025-10-08,134,2025-10-16,2025-10-19,Delivered,1981332,134,SUP2770
O7506,P4482,2026-03-19,19,2026-03-27,2026-03-27,Delivered,3784140,19,SUP583
O7507,P7467,2026-05-12,370,2026-05-20,2026-05-25,Delayed,841318,333,SUP5859
O7508,P3520,2026-04-07,117,2026-04-17,2026-04-19,Pending,320609,58,
O7509,P7834,2026-03-08,135,2026-03-12,2026-03-17,Delivered,3750930,135,SUP3337
O7510,P2131,2026-05-04,274,2026-05-09,2026-05-14,Pending,3870621,137,SUP3577
O7511,P5872,2025-10-24,190,2025-10-31,2025-11-04,Pending,4849987,95,
O7512,P8080,2025-07-09,120,2025-07-15,2025-07-15,Pending,2564548,60,SUP3910
O7513,P6795,2025-12-29,119,2026-01-06,2026-01-07,Pending,3224020,60,SUP381
O7514,P5436,2025-08-27,154,2025-08-30,2025-09-02,Pending,42338,77,
O7515,P5220,2025-08-16,18,2025-08-19,2025-08-23,Pending,3945962,9,SUP693
O7516,P3961,2026-04-18,346,2026-04-27,2026-04-29,Delivered,1138494,346,SUP3571
O7517,P5883,2025-07-23,86,2025-07-26,2025-07-27,Pending,2953825,43,SUP8007
O7518,P6250,2025-11-03,344,2025-11-08,2025-11-08,Delivered,1836329,344,
O7519,P2002,2025-11-01,70,2025-11-07,2025-11-11,Delayed,615780,63,SUP6616
O7520,P2826,2025-08-24,440,2025-09-01,2025-09-03,Delayed,3870579,396,SUP5948
O7521,P1216,2026-02-23,134,2026-03-03,2026-03-06,Delayed,3150225,121,SUP3481
O7522,P8416,2026-05-19,389,2026-05-23,2026-05-28,Delivered,4937954,389,
O7523,P6096,2026-04-27,177,2026-05-07,2026-05-07,Pending,1828127,88,SUP2612
O7524,P5254,2025-07-02,296,2025-07-11,2025-07-15,Delayed,3500760,266,SUP2341
O7525,P5629,2025-11-01,408,2025-11-06,2025-11-08,Pending,1836618,204,SUP6155
O7526,P2938,2025-07-02,143,2025-07-09,2025-07-10,Pending,247620,72,SUP8580
O7527,P5743,2026-05-26,451,2026-06-02,2026-06-07,Pending,4020581,226,
O7528,P1713,2025-12-11,432,2025-12-20,2025-12-22,Delivered,199821,432,SUP9195
O7529,P8693,2025-10-25,267,2025-10-29,2025-11-01,Pending,510289,134,
O7530,P734,2025-06-15,329,2025-06-25,2025-06-27,Delivered,1880665,329,SUP3321
O7531,P9004,2026-03-11,203,2026-03-15,2026-03-15,Pending,2809570,102,SUP3228
O7532,P7882,2026-01-12,447,2026-01-16,2026-01-16,Pending,4130668,224,SUP6424
O7533,P9056,2025-10-26,261,2025-10-31,2025-11-04,Pending,2402420,130,
O7534,P3030,2026-04-16,388,2026-04-25,2026-04-29,Pending,1220197,194,
O7535,P6929,2026-01-23,29,2026-02-01,2026-02-01,Pending,3250311,14,
O7536,P2892,2025-12-20,307,2025-12-25,2025-12-26,Delayed,2246693,276,SUP413
O7537,P4384,2025-10-06,356,2025-10-13,2025-10-18,Delayed,606854,320,
O7538,P9812,2025-08-01,303,2025-08-10,2025-08-11,Delayed,1586472,273,
O7539,P2479,2025-12-08,431,2025-12-11,2025-12-12,Pending,1859211,216,
O7540,P7622,2026-04-28,24,2026-05-07,2026-05-12,Delivered,3034901,24,
O7541,P4365,2025-08-30,261,2025-09-06,2025-09-10,Delayed,2465427,235,
O7542,P11,2026-01-15,157,2026-01-23,2026-01-28,Delayed,2370980,141,SUP892
O7543,P3144,2026-04-21,358,2026-04-28,2026-04-30,Pending,2523433,179,SUP5273
O7544,P9805,2025-10-18,486,2025-10-25,2025-10-27,Pending,1404574,243,SUP3179
O7545,P7025,2026-01-04,164,2026-01-14,2026-01-15,Pending,4784072,82,
O7546,P6228,2025-06-08,417,2025-06-13,2025-06-18,Pending,3657626,208,SUP2091
O7547,P5322,2025-09-26,13,2025-09-30,2025-10-01,Delayed,204435,12,SUP7408
O7548,P5353,2025-10-08,412,2025-10-15,2025-10-19,Delivered,695481,412,
O7549,P8673,2025-08-01,266,2025-08-08,2025-08-09,Delayed,4745693,239,SUP5431
O7550,P6070,2026-05-12,83,2026-05-21,2026-05-23,Delayed,1027155,75,SUP6268
O7551,P5392,2026-05-28,70,2026-06-07,2026-06-09,Delayed,2043091,63,SUP743
O7552,P8327,2025-10-03,445,2025-10-13,2025-10-14,Delivered,2808107,445,
O7553,P2966,2025-11-03,448,2025-11-06,2025-11-06,Delivered,1340914,448,SUP7835
O7554,P5683,2026-05-12,483,2026-05-21,2026-05-25,Pending,4628381,242,SUP5008
O7555,P5171,2025-11-15,224,2025-11-18,2025-11-21,Delayed,2414363,202,
O7556,P4127,2025-06-05,480,2025-06-13,2025-06-17,Pending,4833095,240,SUP2752
O7557,P2107,2025-12-13,367,2025-12-16,2025-12-20,Delivered,501389,367,SUP5440
O7558,P2189,2025-10-29,251,2025-11-02,2025-11-04,Pending,4026381,126,
O7559,P4585,2026-04-27,166,2026-05-07,2026-05-12,Pending,4661923,83,SUP8433
O7560,P3408,2025-11-22,47,2025-11-30,2025-12-01,Pending,32942,24,SUP2079
O7561,P3459,2026-04-10,56,2026-04-17,2026-04-20,Pending,4357893,28,SUP1238
O7562,P7784,2026-03-21,73,2026-03-28,2026-03-30,Delivered,4800757,73,
O7563,P3965,2025-10-05,127,2025-10-09,2025-10-11,Delivered,3865383,127,
O7564,P2486,2025-07-02,214,2025-07-11,2025-07-14,Delivered,1105084,214,
O7565,P9247,2026-05-11,256,2026-05-17,2026-05-22,Delivered,3419816,256,
O7566,P7095,2025-07-19,171,2025-07-23,2025-07-25,Delivered,2618928,171,SUP5351
O7567,P5280,2025-11-05,29,2025-11-15,2025-11-19,Pending,866452,14,
O7568,P2017,2025-11-27,411,2025-12-05,2025-12-05,Delayed,2411699,370,
O7569,P9833,2025-06-03,41,2025-06-13,2025-06-18,Delayed,3181213,37,
O7570,P4584,2025-07-06,180,2025-07-09,2025-07-09,Delivered,1630589,180,SUP97
O7571,P9815,2025-10-21,477,2025-10-27,2025-10-29,Delayed,2861333,429,SUP882
O7572,P5631,2026-03-01,315,2026-03-08,2026-03-13,Delayed,2465152,284,SUP4012
O7573,P8174,2025-07-04,110,2025-07-13,2025-07-13,Delayed,3197681,99,SUP4332
O7574,P8350,2026-03-16,367,2026-03-25,2026-03-28,Delayed,1498221,330,SUP244
O7575,P7953,2025-11-29,155,2025-12-09,2025-12-14,Delayed,1155481,140,
O7576,P432,2026-03-02,284,2026-03-06,2026-03-07,Delayed,1897701,256,SUP1909
O7577,P1716,2026-01-06,439,2026-01-12,2026-01-13,Delayed,260064,395,SUP3274
O7578,P2541,2025-12-28,251,2026-01-02,2026-01-04,Delayed,1116665,226,SUP92
O7579,P6816,2025-07-10,230,2025-07-15,2025-07-15,Delivered,4299938,230,SUP8467
O7580,P7440,2026-01-18,252,2026-01-26,2026-01-30,Delayed,4745034,227,SUP8465
O7581,P9518,2026-05-13,141,2026-05-18,2026-05-21,Delivered,1674141,141,SUP1176
O7582,P9563,2026-03-10,333,2026-03-19,2026-03-24,Delayed,4249909,300,SUP1745
O7583,P8823,2026-03-07,423,2026-03-16,2026-03-18,Delivered,1447174,423,SUP4247
O7584,P758,2025-12-12,387,2025-12-19,2025-12-19,Delivered,1781775,387,SUP5065
O7585,P8231,2025-09-08,308,2025-09-13,2025-09-18,Pending,2605578,154,
O7586,P5856,2025-08-15,442,2025-08-25,2025-08-27,Delivered,1306968,442,
O7587,P2347,2025-12-21,180,2025-12-25,2025-12-29,Delivered,2646435,180,
O7588,P3268,2025-09-04,236,2025-09-07,2025-09-11,Delivered,1889807,236,
O7589,P794,2025-07-14,322,2025-07-21,2025-07-22,Pending,4908370,161,SUP9165
O7590,P2234,2025-06-03,429,2025-06-06,2025-06-07,Pending,1428449,214,SUP8725
O7591,P4760,2026-03-11,57,2026-03-15,2026-03-16,Pending,3946179,28,
O7592,P7211,2025-08-31,441,2025-09-10,2025-09-14,Delayed,4913598,397,SUP1352
O7593,P5550,2026-02-17,54,2026-02-20,2026-02-24,Delayed,331784,49,SUP3906
O7594,P5166,2026-05-25,206,2026-06-04,2026-06-09,Delayed,3795001,185,SUP389
O7595,P8537,2025-07-21,170,2025-07-25,2025-07-27,Delivered,4918530,170,
O7596,P3024,2025-07-13,10,2025-07-20,2025-07-25,Pending,2177337,5,SUP6792
O7597,P8866,2025-07-26,453,2025-08-04,2025-08-07,Delayed,4660239,408,SUP1669
O7598,P5501,2025-11-26,418,2025-11-30,2025-12-03,Pending,2956966,209,SUP6795
O7599,P5658,2026-02-24,26,2026-03-02,2026-03-02,Delivered,4136006,26,SUP2358
O7600,P6224,2025-08-07,35,2025-08-11,2025-08-14,Delivered,3486804,35,SUP1192
O7601,P8965,2026-01-30,374,2026-02-05,2026-02-05,Pending,3158569,187,
O7602,P8808,2025-10-29,147,2025-11-02,2025-11-07,Delivered,1368666,147,
O7603,P5430,2025-09-16,79,2025-09-20,2025-09-23,Delivered,1796801,79,SUP7057
O7604,P7730,2025-06-21,196,2025-06-25,2025-06-29,Delayed,4072469,176,SUP4552
O7605,P3405,2026-01-28,355,2026-01-31,2026-01-31,Pending,295247,178,SUP9119
O7606,P210,2025-11-13,362,2025-11-20,2025-11-21,Delivered,2780074,362,SUP450
O7607,P9495,2026-01-19,463,2026-01-23,2026-01-28,Delivered,4853015,463,SUP2894
O7608,P6109,2025-10-08,21,2025-10-11,2025-10-15,Delayed,2017704,19,SUP5188
O7609,P9155,2025-09-17,63,2025-09-27,2025-09-29,Delayed,845943,57,SUP75
O7610,P8241,2025-06-26,172,2025-07-03,2025-07-06,Pending,1468506,86,SUP1600
O7611,P4591,2026-01-02,212,2026-01-08,2026-01-10,Pending,3021542,106,SUP428
O7612,P2526,2025-06-12,95,2025-06-19,2025-06-20,Delayed,3323917,86,SUP2031
O7613,P9735,2025-10-22,226,2025-11-01,2025-11-01,Pending,3299764,113,
O7614,P6813,2025-08-15,149,2025-08-22,2025-08-24,Delivered,1189911,149,SUP2501
O7615,P5108,2025-12-28,343,2026-01-03,2026-01-06,Delayed,163587,309,
O7616,P3554,2025-10-22,60,2025-10-28,2025-10-31,Delivered,603844,60,
O7617,P654,2025-09-24,185,2025-10-04,2025-10-09,Delayed,2535740,166,SUP6620
O7618,P4788,2025-06-15,332,2025-06-24,2025-06-24,Pending,996219,166,SUP1118
O7619,P9455,2025-09-27,166,2025-10-03,2025-10-06,Delivered,1687902,166,SUP3327
O7620,P3859,2025-06-02,482,2025-06-06,2025-06-06,Delivered,3920388,482,SUP2575
O7621,P521,2025-08-10,439,2025-08-16,2025-08-17,Pending,2359098,220,
O7622,P1343,2026-04-01,161,2026-04-08,2026-04-10,Delayed,580801,145,
O7623,P1105,2026-04-27,363,2026-05-07,2026-05-10,Pending,1142169,182,
O7624,P3107,2025-06-27,482,2025-07-06,2025-07-06,Delayed,1143141,434,
O7625,P886,2025-09-24,106,2025-10-02,2025-10-02,Delayed,530969,95,
O7626,P6306,2026-03-27,240,2026-04-02,2026-04-06,Pending,4122521,120,SUP3099
O7627,P3400,2026-03-12,388,2026-03-15,2026-03-17,Pending,4343228,194,SUP1381
O7628,P7606,2026-02-16,282,2026-02-21,2026-02-21,Delayed,4062205,254,
O7629,P6394,2026-02-08,349,2026-02-15,2026-02-20,Delayed,2626332,314,SUP3346
O7630,P4382,2026-02-11,458,2026-02-17,2026-02-21,Delayed,1236419,412,SUP8975
O7631,P2409,2025-06-30,56,2025-07-04,2025-07-05,Pending,1997916,28,SUP1359
O7632,P2093,2025-10-26,107,2025-11-01,2025-11-04,Delayed,1112738,96,SUP6242
O7633,P4233,2026-03-17,490,2026-03-24,2026-03-27,Delivered,3402088,490,SUP720
O7634,P4127,2026-01-09,352,2026-01-19,2026-01-21,Pending,923049,176,SUP2752
O7635,P3363,2025-11-02,453,2025-11-11,2025-11-16,Pending,1116260,226,SUP2570
O7636,P3472,2025-08-26,379,2025-08-30,2025-08-31,Pending,4166316,190,
O7637,P2791,2025-08-01,329,2025-08-11,2025-08-13,Delayed,2560794,296,
O7638,P1706,2025-11-27,42,2025-12-02,2025-12-02,Delayed,10998,38,
O7639,P1309,2026-05-08,168,2026-05-18,2026-05-22,Delayed,3246733,151,
O7640,P3268,2025-09-19,288,2025-09-22,2025-09-23,Delivered,680579,288,
O7641,P7233,2025-11-21,18,2025-11-28,2025-12-02,Delivered,57978,18,SUP2624
O7642,P8101,2025-10-03,27,2025-10-07,2025-10-10,Delayed,4433731,24,SUP1966
O7643,P6523,2025-10-14,227,2025-10-21,2025-10-23,Pending,1320997,114,SUP474
O7644,P5586,2025-08-14,201,2025-08-19,2025-08-20,Delivered,3719507,201,
O7645,P2845,2025-09-06,215,2025-09-14,2025-09-16,Delayed,3797070,194,SUP3823
O7646,P2088,2026-03-09,22,2026-03-15,2026-03-20,Pending,4224042,11,
O7647,P4544,2025-11-23,448,2025-12-01,2025-12-03,Pending,3737954,224,SUP6012
O7648,P8497,2025-08-31,414,2025-09-04,2025-09-04,Delivered,3515607,414,
O7649,P7285,2025-06-06,333,2025-06-13,2025-06-14,Delivered,3693182,333,
O7650,P3303,2025-09-13,482,2025-09-19,2025-09-20,Delayed,1267084,434,
O7651,P1560,2026-01-02,106,2026-01-06,2026-01-07,Delivered,1014664,106,SUP4045
O7652,P4772,2025-10-16,408,2025-10-21,2025-10-26,Pending,1785409,204,
O7653,P5338,2025-08-13,142,2025-08-17,2025-08-17,Pending,3796960,71,SUP6182
O7654,P7874,2026-03-08,68,2026-03-11,2026-03-11,Delayed,637814,61,SUP7232
O7655,P3233,2026-04-19,116,2026-04-24,2026-04-26,Delivered,4218871,116,
O7656,P4856,2025-10-09,270,2025-10-17,2025-10-18,Delayed,1370391,243,SUP1962
O7657,P4543,2025-06-07,25,2025-06-16,2025-06-16,Delayed,3286872,22,
O7658,P4296,2025-08-02,207,2025-08-12,2025-08-17,Delivered,3209780,207,SUP5098
O7659,P4163,2025-06-15,247,2025-06-23,2025-06-27,Pending,1092993,124,SUP6061
O7660,P8436,2026-04-20,489,2026-04-24,2026-04-27,Delivered,372401,489,SUP9227
O7661,P8149,2026-01-18,274,2026-01-28,2026-01-31,Delivered,604116,274,SUP1673
O7662,P4852,2025-08-24,195,2025-08-27,2025-08-31,Delayed,1847661,176,SUP6584
O7663,P4574,2025-08-16,318,2025-08-25,2025-08-28,Delivered,2848809,318,
O7664,P5986,2026-05-07,37,2026-05-15,2026-05-17,Delivered,2764117,37,SUP7283
O7665,P5978,2026-04-08,258,2026-04-13,2026-04-17,Pending,2022745,129,
O7666,P4688,2025-08-14,145,2025-08-23,2025-08-28,Delayed,3496946,130,
O7667,P2149,2025-06-05,278,2025-06-10,2025-06-14,Pending,4882125,139,
O7668,P2160,2026-01-14,169,2026-01-18,2026-01-21,Delayed,1551388,152,SUP5785
O7669,P3781,2026-02-11,273,2026-02-14,2026-02-19,Delivered,1401509,273,
O7670,P4403,2025-12-17,44,2025-12-20,2025-12-25,Pending,3153398,22,SUP6430
O7671,P274,2025-07-09,152,2025-07-14,2025-07-18,Delayed,1561118,137,SUP1778
O7672,P514,2025-09-26,225,2025-10-02,2025-10-07,Delivered,2395747,225,SUP5700
O7673,P6665,2025-09-29,188,2025-10-09,2025-10-10,Delivered,1552156,188,
O7674,P7462,2026-05-28,384,2026-06-01,2026-06-03,Delivered,4528252,384,SUP4304
O7675,P1209,2025-06-16,342,2025-06-23,2025-06-26,Pending,3776210,171,SUP2333
O7676,P4477,2025-12-19,259,2025-12-27,2026-01-01,Pending,427707,130,SUP4071
O7677,P2787,2025-07-12,349,2025-07-16,2025-07-17,Delivered,2487250,349,SUP3655
O7678,P185,2025-08-28,468,2025-09-05,2025-09-09,Delivered,4948372,468,
O7679,P7754,2025-12-29,495,2026-01-06,2026-01-11,Delayed,210067,446,SUP1493
O7680,P6848,2025-11-14,147,2025-11-19,2025-11-22,Delivered,44491,147,SUP9957
O7681,P3263,2025-10-02,351,2025-10-06,2025-10-10,Pending,205690,176,
O7682,P3587,2026-03-13,328,2026-03-18,2026-03-23,Pending,4275726,164,SUP2928
O7683,P5264,2025-11-23,15,2025-12-01,2025-12-03,Pending,4929898,8,
O7684,P4291,2026-01-21,282,2026-01-27,2026-01-31,Delivered,1301995,282,
O7685,P8051,2026-02-03,384,2026-02-08,2026-02-08,Delivered,1456743,384,SUP3480
O7686,P4644,2025-06-16,37,2025-06-20,2025-06-25,Pending,3654790,18,SUP5386
O7687,P3012,2026-04-04,244,2026-04-13,2026-04-14,Pending,4491174,122,
O7688,P7843,2025-08-08,18,2025-08-12,2025-08-15,Delayed,1304314,16,SUP372
O7689,P9750,2025-06-27,222,2025-07-03,2025-07-07,Delayed,161366,200,
O7690,P2775,2026-01-07,55,2026-01-14,2026-01-19,Delivered,3896933,55,
O7691,P1581,2026-03-21,162,2026-03-26,2026-03-28,Delivered,2223112,162,SUP747
O7692,P9135,2025-07-01,97,2025-07-08,2025-07-12,Pending,2029583,48,SUP751
O7693,P9830,2025-12-08,272,2025-12-16,2025-12-20,Pending,1008923,136,SUP888
O7694,P6576,2026-04-05,239,2026-04-15,2026-04-16,Pending,259893,120,
O7695,P7766,2026-01-09,175,2026-01-15,2026-01-15,Delayed,260831,158,
O7696,P7653,2025-12-14,312,2025-12-21,2025-12-21,Delayed,53661,281,SUP1038
O7697,P4285,2025-07-08,449,2025-07-16,2025-07-18,Pending,3536269,224,SUP6682
O7698,P5032,2025-05-29,10,2025-06-01,2025-06-04,Delayed,2923512,9,SUP4447
O7699,P2496,2025-05-30,334,2025-06-06,2025-06-10,Delayed,238117,301,SUP1326
O7700,P7741,2025-09-18,382,2025-09-23,2025-09-23,Pending,1874278,191,SUP6655
O7701,P2320,2025-08-30,331,2025-09-06,2025-09-07,Pending,1047591,166,
O7702,P3568,2026-04-22,138,2026-05-02,2026-05-02,Pending,991066,69,SUP7247
O7703,P460,2026-04-25,157,2026-05-05,2026-05-05,Delayed,3828449,141,SUP7696
O7704,P687,2026-01-29,362,2026-02-01,2026-02-04,Delivered,693823,362,SUP2348
O7705,P1628,2025-12-26,318,2026-01-02,2026-01-07,Delivered,2011894,318,SUP902
O7706,P5301,2026-03-15,313,2026-03-24,2026-03-29,Delivered,2087834,313,SUP4490
O7707,P9652,2026-03-31,377,2026-04-03,2026-04-08,Delayed,4647872,339,SUP8867
O7708,P3225,2025-10-08,213,2025-10-16,2025-10-16,Delayed,823007,192,SUP3652
O7709,P485,2025-06-29,91,2025-07-02,2025-07-03,Delayed,1784523,82,SUP2670
O7710,P1084,2025-11-21,36,2025-12-01,2025-12-01,Pending,2292536,18,SUP3538
O7711,P8025,2025-06-14,245,2025-06-23,2025-06-23,Delayed,3771112,220,SUP23
O7712,P8700,2025-10-03,221,2025-10-07,2025-10-07,Delivered,718403,221,SUP4820
O7713,P5849,2025-09-15,356,2025-09-24,2025-09-26,Pending,1334416,178,
O7714,P2061,2026-05-12,105,2026-05-18,2026-05-22,Delayed,2238732,94,
O7715,P7896,2026-05-07,326,2026-05-14,2026-05-17,Delayed,1931098,293,
O7716,P1848,2025-12-03,384,2025-12-11,2025-12-12,Delivered,3917648,384,SUP2279
O7717,P2901,2025-11-22,143,2025-12-01,2025-12-04,Pending,4384838,72,
O7718,P6259,2025-06-23,234,2025-06-26,2025-06-27,Delayed,610840,211,SUP5962
O7719,P2115,2025-06-18,325,2025-06-28,2025-07-02,Delivered,1209372,325,SUP1218
O7720,P7997,2025-06-25,252,2025-06-29,2025-07-01,Pending,3491929,126,
O7721,P5746,2025-11-22,36,2025-12-01,2025-12-04,Delivered,550331,36,SUP8525
O7722,P9898,2026-03-19,467,2026-03-24,2026-03-29,Delayed,1232143,420,SUP4241
O7723,P7315,2025-06-10,313,2025-06-20,2025-06-20,Delivered,2188361,313,SUP8128
O7724,P3434,2026-05-12,287,2026-05-16,2026-05-17,Delivered,2387173,287,
O7725,P2306,2025-10-19,399,2025-10-25,2025-10-28,Pending,4549305,200,
O7726,P2447,2025-12-09,260,2025-12-16,2025-12-19,Delivered,4320173,260,SUP7404
O7727,P1537,2025-11-26,123,2025-11-29,2025-12-01,Pending,3153918,62,SUP6290
O7728,P3748,2026-05-02,94,2026-05-06,2026-05-06,Delayed,3849240,85,SUP1788
O7729,P1850,2025-09-04,237,2025-09-13,2025-09-14,Pending,3786811,118,
O7730,P2172,2025-07-15,319,2025-07-24,2025-07-29,Delivered,2277143,319,SUP9499
O7731,P4114,2025-06-19,122,2025-06-24,2025-06-29,Delivered,1462037,122,
O7732,P2336,2025-07-03,179,2025-07-08,2025-07-13,Delayed,2957718,161,SUP22
O7733,P4342,2025-12-07,194,2025-12-17,2025-12-19,Delayed,1553578,175,SUP8842
O7734,P7718,2026-02-02,233,2026-02-11,2026-02-14,Delivered,4767613,233,SUP6108
O7735,P4344,2026-05-07,404,2026-05-14,2026-05-17,Delayed,4162724,364,SUP6373
O7736,P4700,2026-03-07,78,2026-03-16,2026-03-18,Pending,4758910,39,
O7737,P1092,2025-07-08,405,2025-07-18,2025-07-18,Delivered,4878893,405,
O7738,P7190,2025-06-05,46,2025-06-08,2025-06-10,Delayed,4380437,41,SUP1887
O7739,P2085,2025-09-20,259,2025-09-24,2025-09-25,Delayed,2362263,233,SUP1912
O7740,P4349,2026-03-14,21,2026-03-23,2026-03-28,Delayed,1477141,19,SUP233
O7741,P9118,2025-11-07,496,2025-11-15,2025-11-20,Delivered,1314004,496,
O7742,P6678,2025-07-07,396,2025-07-11,2025-07-16,Delayed,4609319,356,SUP4178
O7743,P7940,2025-06-17,266,2025-06-23,2025-06-25,Delivered,4905495,266,SUP6336
O7744,P2287,2025-06-22,335,2025-06-30,2025-07-01,Pending,2908697,168,
O7745,P4567,2025-10-22,176,2025-11-01,2025-11-06,Delivered,4181982,176,
O7746,P9418,2025-10-16,233,2025-10-19,2025-10-22,Delayed,3206183,210,SUP6218
O7747,P2642,2026-03-10,63,2026-03-14,2026-03-15,Delayed,803416,57,SUP5175
O7748,P3286,2025-11-14,415,2025-11-23,2025-11-26,Delayed,850341,374,SUP8633
O7749,P9720,2025-07-03,168,2025-07-10,2025-07-13,Delivered,1599575,168,SUP171
O7750,P12,2025-09-11,317,2025-09-21,2025-09-26,Delivered,4431536,317,
O7751,P2970,2026-01-17,474,2026-01-25,2026-01-28,Delayed,3472804,427,
O7752,P4083,2026-05-15,142,2026-05-23,2026-05-23,Delivered,96618,142,SUP165
O7753,P4876,2026-01-12,60,2026-01-20,2026-01-20,Pending,3439837,30,
O7754,P2079,2025-10-08,48,2025-10-11,2025-10-12,Delayed,3059432,43,
O7755,P3967,2025-08-24,143,2025-08-27,2025-08-28,Pending,363135,72,SUP9345
O7756,P4515,2025-09-04,215,2025-09-10,2025-09-12,Pending,4810006,108,
O7757,P4026,2025-09-04,97,2025-09-07,2025-09-09,Pending,2449031,48,SUP671
O7758,P3298,2026-03-01,156,2026-03-05,2026-03-10,Pending,4969238,78,
O7759,P2434,2025-05-30,167,2025-06-02,2025-06-04,Delivered,1089749,167,
O7760,P3150,2026-01-29,234,2026-02-08,2026-02-09,Delayed,3647141,211,SUP2711
O7761,P5074,2026-04-12,141,2026-04-20,2026-04-23,Pending,501766,70,
O7762,P3054,2025-07-15,179,2025-07-23,2025-07-28,Delayed,2641203,161,SUP2194
O7763,P9339,2025-11-06,222,2025-11-09,2025-11-12,Pending,3051676,111,SUP2438
O7764,P7833,2025-12-19,283,2025-12-23,2025-12-28,Pending,1611267,142,SUP6964
O7765,P4623,2025-08-23,351,2025-08-28,2025-09-02,Delivered,1329056,351,SUP4801
O7766,P5089,2025-06-14,431,2025-06-21,2025-06-23,Delayed,2318553,388,SUP7714
O7767,P6397,2026-03-04,258,2026-03-10,2026-03-12,Pending,3642741,129,
O7768,P7263,2026-01-20,387,2026-01-23,2026-01-24,Delivered,2522822,387,SUP1026
O7769,P7196,2025-11-20,277,2025-11-27,2025-12-02,Delivered,2790049,277,
O7770,P3847,2025-06-08,146,2025-06-18,2025-06-18,Delivered,2185958,146,SUP8074
O7771,P6509,2025-07-02,204,2025-07-08,2025-07-09,Delivered,615199,204,SUP7528
O7772,P6094,2026-02-05,480,2026-02-13,2026-02-14,Pending,2899394,240,SUP6038
O7773,P8620,2025-10-18,237,2025-10-23,2025-10-24,Pending,596343,118,
O7774,P1899,2025-06-09,403,2025-06-12,2025-06-15,Delayed,1060063,363,SUP6455
O7775,P6838,2026-03-14,292,2026-03-21,2026-03-22,Pending,588453,146,SUP1795
O7776,P8577,2025-09-27,253,2025-10-02,2025-10-04,Pending,4501248,126,SUP8788
O7777,P5565,2025-12-27,122,2026-01-03,2026-01-05,Delayed,441594,110,
O7778,P2354,2026-01-03,388,2026-01-13,2026-01-16,Delayed,4938922,349,
O7779,P4912,2026-04-11,120,2026-04-14,2026-04-17,Pending,1739682,60,SUP1626
O7780,P9274,2025-10-07,100,2025-10-11,2025-10-14,Delayed,3619239,90,SUP7040
O7781,P599,2025-10-09,483,2025-10-12,2025-10-12,Pending,2231182,242,
O7782,P6667,2025-10-12,77,2025-10-18,2025-10-22,Delivered,1674285,77,
O7783,P5997,2026-03-15,444,2026-03-23,2026-03-25,Delivered,363039,444,
O7784,P1195,2026-03-12,280,2026-03-19,2026-03-21,Pending,4244112,140,SUP370
O7785,P4914,2026-04-23,10,2026-05-02,2026-05-06,Delivered,1105990,10,SUP4825
O7786,P386,2026-03-07,480,2026-03-15,2026-03-19,Delayed,2222582,432,
O7787,P2738,2026-02-08,267,2026-02-17,2026-02-17,Delayed,3849688,240,SUP1556
O7788,P6691,2025-07-19,148,2025-07-25,2025-07-25,Delayed,524530,133,SUP8573
O7789,P8373,2025-06-22,367,2025-06-30,2025-07-02,Delivered,2668308,367,
O7790,P3769,2025-10-13,103,2025-10-23,2025-10-25,Delivered,2643272,103,
O7791,P143,2026-01-02,24,2026-01-08,2026-01-09,Delayed,3115741,22,SUP4122
O7792,P7423,2025-08-09,15,2025-08-19,2025-08-24,Delivered,3800791,15,SUP13
O7793,P57,2025-11-19,244,2025-11-23,2025-11-28,Delayed,1559309,220,SUP6805
O7794,P6938,2025-08-09,127,2025-08-13,2025-08-17,Pending,1416319,64,SUP4647
O7795,P3474,2025-09-08,236,2025-09-15,2025-09-17,Delayed,1486387,212,SUP1297
O7796,P9278,2025-11-24,217,2025-11-27,2025-11-30,Delivered,4672351,217,SUP3552
O7797,P6996,2026-02-04,232,2026-02-07,2026-02-11,Delivered,977211,232,
O7798,P8352,2025-08-14,65,2025-08-24,2025-08-28,Delivered,817278,65,SUP4274
O7799,P5061,2025-12-08,494,2025-12-17,2025-12-19,Pending,3546611,247,SUP6748
O7800,P6071,2025-09-12,250,2025-09-15,2025-09-19,Delayed,1257443,225,SUP7033
O7801,P933,2025-06-09,338,2025-06-12,2025-06-12,Pending,3823384,169,SUP9694
O7802,P7179,2026-01-25,116,2026-02-03,2026-02-06,Pending,979559,58,SUP3876
O7803,P4355,2026-02-07,405,2026-02-16,2026-02-16,Pending,503585,202,SUP7126
O7804,P3917,2026-02-21,124,2026-03-01,2026-03-05,Delivered,1257131,124,
O7805,P8650,2026-01-17,306,2026-01-20,2026-01-22,Delivered,39505,306,
O7806,P2763,2026-03-17,229,2026-03-20,2026-03-24,Pending,1718326,114,SUP6286
O7807,P3138,2026-03-30,337,2026-04-04,2026-04-08,Delivered,1657046,337,
O7808,P5927,2025-09-14,117,2025-09-24,2025-09-28,Pending,54767,58,SUP4974
O7809,P9735,2025-07-12,293,2025-07-22,2025-07-24,Delayed,4381311,264,
O7810,P5458,2026-04-15,257,2026-04-23,2026-04-23,Delivered,4824158,257,SUP1066
O7811,P7849,2025-11-07,170,2025-11-15,2025-11-16,Delayed,517690,153,SUP1329
O7812,P7565,2025-11-30,398,2025-12-08,2025-12-11,Delayed,4094136,358,SUP940
O7813,P7414,2025-09-25,393,2025-09-28,2025-10-02,Delivered,2868319,393,SUP7640
O7814,P8972,2025-06-06,131,2025-06-13,2025-06-15,Delayed,4313615,118,
O7815,P9161,2025-09-30,442,2025-10-04,2025-10-05,Delivered,1110768,442,SUP2658
O7816,P9510,2025-11-25,63,2025-12-01,2025-12-01,Delayed,4224877,57,
O7817,P5667,2026-04-14,387,2026-04-23,2026-04-25,Pending,2268279,194,SUP1881
O7818,P1249,2026-05-22,189,2026-06-01,2026-06-04,Delayed,1748545,170,SUP2033
O7819,P5784,2026-01-10,30,2026-01-14,2026-01-15,Delayed,1892935,27,SUP7844
O7820,P9179,2025-08-26,294,2025-09-01,2025-09-04,Delivered,1356428,294,SUP8102
O7821,P8147,2026-05-02,446,2026-05-09,2026-05-12,Delayed,2745074,401,SUP7474
O7822,P3173,2025-10-09,356,2025-10-13,2025-10-13,Delayed,2367076,320,SUP631
O7823,P4181,2025-07-27,300,2025-08-06,2025-08-10,Pending,4562736,150,
O7824,P1876,2025-10-19,227,2025-10-23,2025-10-24,Delayed,3601842,204,SUP3311
O7825,P7360,2025-11-29,90,2025-12-02,2025-12-06,Pending,4168369,45,SUP5627
O7826,P2049,2025-08-02,255,2025-08-05,2025-08-09,Delayed,4537140,230,SUP8955
O7827,P894,2025-06-26,311,2025-07-04,2025-07-07,Delayed,2881990,280,
O7828,P5081,2026-04-21,332,2026-05-01,2026-05-05,Pending,4541747,166,
O7829,P8360,2025-12-06,470,2025-12-09,2025-12-13,Delivered,2085726,470,SUP2798
O7830,P6892,2025-06-10,369,2025-06-17,2025-06-21,Delivered,2609719,369,
O7831,P6164,2025-10-13,139,2025-10-23,2025-10-23,Delayed,2933582,125,SUP1114
O7832,P7729,2026-01-24,358,2026-01-29,2026-02-03,Delayed,650950,322,
O7833,P3065,2025-06-26,399,2025-07-04,2025-07-08,Pending,4365654,200,SUP2762
O7834,P6001,2025-08-03,264,2025-08-10,2025-08-11,Pending,373080,132,SUP7683
O7835,P8787,2025-12-01,226,2025-12-11,2025-12-12,Delayed,3507266,203,SUP3077
O7836,P4976,2026-04-27,88,2026-05-03,2026-05-07,Pending,2501652,44,SUP3219
O7837,P2071,2026-04-16,307,2026-04-19,2026-04-22,Delayed,974488,276,SUP2469
O7838,P7279,2026-02-12,139,2026-02-18,2026-02-23,Delayed,3424406,125,SUP6750
O7839,P659,2025-12-04,285,2025-12-14,2025-12-18,Delayed,705904,256,SUP4092
O7840,P9160,2025-07-17,156,2025-07-27,2025-07-29,Delayed,117167,140,SUP9862
O7841,P6340,2025-08-13,244,2025-08-17,2025-08-22,Pending,127910,122,SUP4946
O7842,P5760,2026-03-17,264,2026-03-23,2026-03-24,Delivered,1492688,264,
O7843,P5064,2025-07-12,145,2025-07-17,2025-07-19,Delayed,434092,130,SUP2651
O7844,P2384,2025-12-26,263,2025-12-31,2026-01-02,Delivered,4995201,263,SUP5034
O7845,P6773,2026-02-03,250,2026-02-12,2026-02-17,Pending,188440,125,SUP8205
O7846,P9980,2025-10-25,195,2025-11-02,2025-11-04,Delivered,3876122,195,SUP8327
O7847,P5157,2025-09-06,256,2025-09-14,2025-09-16,Pending,2573376,128,SUP4972
O7848,P6520,2025-08-01,91,2025-08-07,2025-08-09,Delivered,2229140,91,
O7849,P2796,2026-04-27,357,2026-05-06,2026-05-08,Delivered,1444671,357,
O7850,P6656,2025-08-21,151,2025-08-25,2025-08-30,Delivered,2916383,151,SUP883
O7851,P1344,2025-10-20,108,2025-10-26,2025-10-30,Delivered,2992019,108,SUP1547
O7852,P3601,2025-10-21,446,2025-10-26,2025-10-29,Pending,3499162,223,SUP3610
O7853,P4217,2026-02-27,60,2026-03-03,2026-03-08,Delayed,936428,54,SUP2683
O7854,P9132,2026-03-18,241,2026-03-23,2026-03-28,Delayed,4458084,217,
O7855,P9813,2025-09-20,381,2025-09-24,2025-09-26,Pending,295483,190,SUP148
O7856,P9755,2025-08-09,452,2025-08-12,2025-08-16,Pending,2951157,226,SUP767
O7857,P2544,2025-11-30,115,2025-12-09,2025-12-09,Delivered,2111446,115,SUP822
O7858,P5976,2026-04-03,184,2026-04-13,2026-04-16,Delivered,435367,184,
O7859,P1385,2026-01-01,309,2026-01-08,2026-01-09,Delivered,1211251,309,SUP6039
O7860,P2284,2026-04-25,390,2026-04-29,2026-04-29,Pending,1814288,195,SUP4098
O7861,P9090,2025-12-20,316,2025-12-27,2025-12-29,Pending,507157,158,
O7862,P4031,2025-11-24,490,2025-12-03,2025-12-05,Delayed,2267202,441,SUP6579
O7863,P7986,2025-11-12,393,2025-11-21,2025-11-24,Pending,4855127,196,SUP5729
O7864,P3094,2025-07-13,295,2025-07-16,2025-07-16,Pending,2880501,148,
O7865,P8292,2026-02-08,119,2026-02-15,2026-02-18,Delayed,2107688,107,SUP1473
O7866,P5553,2025-12-10,234,2025-12-19,2025-12-23,Delayed,1044219,211,SUP835
O7867,P6540,2025-06-29,327,2025-07-03,2025-07-04,Delayed,1776004,294,
O7868,P3230,2025-06-02,204,2025-06-09,2025-06-14,Delayed,54122,184,SUP5020
O7869,P2454,2025-11-08,300,2025-11-14,2025-11-16,Pending,79890,150,SUP1386
O7870,P6087,2026-02-07,86,2026-02-13,2026-02-16,Delivered,4133505,86,SUP6669
O7871,P579,2025-11-26,336,2025-12-05,2025-12-05,Delivered,1644593,336,SUP2781
O7872,P8260,2025-11-14,161,2025-11-24,2025-11-28,Delayed,3572430,145,SUP1260
O7873,P6915,2025-08-06,363,2025-08-14,2025-08-19,Delayed,4989489,327,
O7874,P4520,2025-09-07,320,2025-09-10,2025-09-12,Delivered,2108126,320,
O7875,P5213,2025-12-23,358,2025-12-28,2026-01-02,Delayed,2487638,322,SUP460
O7876,P375,2025-12-14,257,2025-12-21,2025-12-21,Delayed,4447165,231,SUP5293
O7877,P8002,2025-06-29,213,2025-07-02,2025-07-03,Delayed,3849046,192,SUP3112
O7878,P2077,2025-11-13,23,2025-11-18,2025-11-20,Pending,2280266,12,SUP3924
O7879,P3290,2025-07-31,227,2025-08-05,2025-08-07,Delayed,3104997,204,
O7880,P1441,2025-10-18,259,2025-10-24,2025-10-25,Delayed,582569,233,
O7881,P9153,2025-10-24,261,2025-11-01,2025-11-03,Delayed,886142,235,SUP1485
O7882,P3170,2025-12-23,28,2025-12-31,2026-01-05,Delayed,3936548,25,
O7883,P8133,2025-07-24,112,2025-07-27,2025-08-01,Pending,3461156,56,SUP5755
O7884,P4598,2026-02-09,144,2026-02-16,2026-02-18,Delayed,4177665,130,SUP8637
O7885,P7245,2026-05-26,481,2026-06-01,2026-06-01,Delayed,3476570,433,
O7886,P1676,2026-01-24,245,2026-02-03,2026-02-04,Delivered,930331,245,
O7887,P8230,2025-11-25,450,2025-12-01,2025-12-06,Delayed,3791665,405,SUP3853
O7888,P6844,2026-02-06,374,2026-02-12,2026-02-13,Pending,2808274,187,SUP2780
O7889,P9094,2026-04-26,20,2026-05-04,2026-05-05,Delayed,1715987,18,SUP5491
O7890,P5943,2026-04-02,149,2026-04-05,2026-04-07,Delivered,1154656,149,
O7891,P9291,2025-11-19,86,2025-11-28,2025-12-02,Pending,1652763,43,SUP2421
O7892,P973,2026-03-25,148,2026-04-01,2026-04-05,Pending,3007585,74,
O7893,P4476,2026-01-31,100,2026-02-08,2026-02-10,Pending,3035681,50,
O7894,P9003,2025-08-22,454,2025-09-01,2025-09-03,Pending,16039,227,SUP605
O7895,P6721,2025-08-16,407,2025-08-21,2025-08-24,Delayed,549626,366,SUP2951
O7896,P457,2025-11-04,41,2025-11-09,2025-11-10,Delivered,2875494,41,
O7897,P9972,2026-01-12,342,2026-01-20,2026-01-25,Delivered,4258436,342,
O7898,P3826,2025-10-14,28,2025-10-19,2025-10-22,Delayed,33711,25,SUP1938
O7899,P9244,2026-05-13,253,2026-05-17,2026-05-18,Delayed,1360590,228,SUP5811
O7900,P2595,2025-06-13,203,2025-06-22,2025-06-24,Delayed,2043342,183,SUP2460
O7901,P834,2026-04-05,137,2026-04-13,2026-04-15,Pending,2268352,68,SUP1301
O7902,P6381,2025-06-09,418,2025-06-13,2025-06-17,Delivered,1374346,418,SUP3457
O7903,P6642,2025-06-16,208,2025-06-23,2025-06-26,Delayed,3574760,187,SUP6047
O7904,P5463,2026-02-06,281,2026-02-11,2026-02-14,Delayed,3963767,253,SUP2527
O7905,P4894,2025-08-09,387,2025-08-18,2025-08-18,Delivered,2196093,387,
O7906,P4790,2025-08-07,413,2025-08-10,2025-08-12,Pending,1816750,206,SUP9175
O7907,P9482,2025-05-29,156,2025-06-03,2025-06-05,Delayed,3934861,140,SUP7110
O7908,P481,2025-10-17,424,2025-10-20,2025-10-21,Pending,3312663,212,
O7909,P4058,2025-12-20,327,2025-12-27,2025-12-28,Delivered,3975407,327,
O7910,P3333,2026-03-28,237,2026-04-05,2026-04-08,Delivered,2565762,237,SUP5789
O7911,P2361,2026-04-04,252,2026-04-14,2026-04-19,Delivered,2218728,252,SUP6768
O7912,P7696,2026-02-28,329,2026-03-06,2026-03-09,Delivered,1709675,329,
O7913,P468,2025-05-31,50,2025-06-05,2025-06-06,Delayed,2425211,45,
O7914,P7065,2025-10-24,37,2025-11-03,2025-11-06,Delivered,3167789,37,SUP3903
O7915,P917,2025-12-27,393,2026-01-01,2026-01-05,Pending,4673179,196,SUP1646
O7916,P214,2026-04-15,156,2026-04-21,2026-04-21,Delayed,277080,140,
O7917,P383,2025-07-15,101,2025-07-18,2025-07-20,Delayed,1579302,91,SUP7822
O7918,P5763,2026-02-11,453,2026-02-17,2026-02-21,Delivered,1546428,453,SUP3333
O7919,P7587,2026-04-26,427,2026-05-05,2026-05-07,Delivered,1569459,427,SUP5496
O7920,P9744,2025-08-24,377,2025-08-27,2025-08-27,Delayed,2415517,339,
O7921,P9460,2025-12-06,439,2025-12-12,2025-12-12,Delivered,2696952,439,
O7922,P5949,2025-08-11,350,2025-08-15,2025-08-18,Delivered,4168637,350,SUP263
O7923,P9828,2026-03-29,170,2026-04-01,2026-04-04,Delayed,3440765,153,SUP1377
O7924,P9907,2026-04-04,482,2026-04-14,2026-04-16,Delayed,1769755,434,SUP6230
O7925,P3272,2026-02-12,481,2026-02-22,2026-02-22,Pending,2046516,240,
O7926,P3448,2025-10-04,461,2025-10-09,2025-10-11,Delivered,103604,461,
O7927,P5208,2025-09-25,268,2025-10-03,2025-10-06,Delivered,895522,268,SUP5022
O7928,P4528,2025-11-09,56,2025-11-18,2025-11-20,Delivered,4076633,56,SUP5813
O7929,P2607,2026-01-25,454,2026-02-02,2026-02-02,Delayed,4270702,409,SUP3721
O7930,P4078,2025-10-28,38,2025-10-31,2025-11-01,Pending,1162365,19,SUP9875
O7931,P9315,2026-02-07,252,2026-02-14,2026-02-15,Pending,3084253,126,
O7932,P477,2025-08-15,117,2025-08-21,2025-08-23,Delivered,3472308,117,SUP7209
O7933,P8840,2025-08-20,213,2025-08-30,2025-08-30,Delayed,834533,192,SUP992
O7934,P6991,2025-06-06,468,2025-06-12,2025-06-12,Delivered,3303768,468,
O7935,P5901,2025-10-07,337,2025-10-13,2025-10-16,Delayed,4314058,303,
O7936,P1695,2025-11-12,325,2025-11-22,2025-11-25,Pending,3537586,162,SUP4923
O7937,P6149,2026-02-01,287,2026-02-05,2026-02-07,Pending,3769619,144,
O7938,P2266,2025-10-06,328,2025-10-14,2025-10-19,Pending,4783328,164,
O7939,P6214,2025-07-08,243,2025-07-12,2025-07-12,Delivered,250427,243,SUP7501
O7940,P7508,2026-03-24,264,2026-03-29,2026-03-30,Delivered,2218971,264,SUP8575
O7941,P4089,2025-09-19,360,2025-09-29,2025-10-02,Pending,4710605,180,SUP9736
O7942,P8031,2026-05-04,252,2026-05-08,2026-05-13,Delivered,545136,252,SUP7839
O7943,P2521,2026-05-04,381,2026-05-09,2026-05-12,Pending,1223894,190,
O7944,P3056,2026-03-22,433,2026-03-28,2026-04-02,Delayed,4522259,390,SUP6115
O7945,P2077,2026-01-10,385,2026-01-17,2026-01-17,Delivered,4910133,385,SUP3924
O7946,P2892,2025-06-25,253,2025-07-05,2025-07-09,Delivered,424971,253,SUP413
O7947,P4526,2025-07-31,117,2025-08-09,2025-08-14,Delivered,2859804,117,SUP2116
O7948,P954,2026-04-14,401,2026-04-22,2026-04-25,Delayed,4551281,361,SUP4149
O7949,P2378,2026-01-22,371,2026-01-28,2026-01-30,Delivered,1265361,371,
O7950,P7232,2025-12-12,417,2025-12-17,2025-12-18,Delayed,269401,375,SUP7278
O7951,P4306,2025-12-10,273,2025-12-19,2025-12-19,Pending,1061528,136,SUP7734
O7952,P5746,2026-03-22,485,2026-03-26,2026-03-27,Delayed,3774770,436,SUP8525
O7953,P9076,2025-10-09,477,2025-10-16,2025-10-18,Pending,467147,238,SUP7847
O7954,P1578,2026-04-17,403,2026-04-22,2026-04-27,Pending,2142551,202,SUP9564
O7955,P2455,2026-05-21,169,2026-05-24,2026-05-29,Delayed,4635874,152,SUP5369
O7956,P1630,2026-02-15,232,2026-02-19,2026-02-23,Pending,2691490,116,SUP8008
O7957,P4347,2026-01-21,389,2026-01-28,2026-02-02,Delivered,4970418,389,
O7958,P1198,2025-10-10,244,2025-10-14,2025-10-18,Pending,2818814,122,SUP771
O7959,P9556,2025-11-03,28,2025-11-09,2025-11-09,Delayed,2116394,25,SUP1805
O7960,P710,2025-11-13,434,2025-11-17,2025-11-18,Delayed,2246613,391,SUP2461
O7961,P7323,2025-07-11,359,2025-07-16,2025-07-19,Pending,2326129,180,SUP4383
O7962,P8119,2026-05-10,153,2026-05-20,2026-05-21,Pending,4433037,76,
O7963,P8129,2026-04-16,106,2026-04-23,2026-04-24,Delayed,290006,95,SUP3572
O7964,P243,2025-06-10,218,2025-06-20,2025-06-22,Delayed,3432885,196,SUP4731
O7965,P9874,2025-08-04,247,2025-08-14,2025-08-16,Delayed,3294042,222,
O7966,P9505,2025-09-13,82,2025-09-23,2025-09-25,Pending,4985404,41,SUP2029
O7967,P5033,2026-03-11,101,2026-03-14,2026-03-14,Pending,1027717,50,SUP1170
O7968,P4002,2025-09-24,39,2025-10-03,2025-10-06,Delayed,3184757,35,
O7969,P5399,2025-10-24,231,2025-11-01,2025-11-06,Pending,1142153,116,
O7970,P3480,2025-12-13,169,2025-12-17,2025-12-18,Pending,4456839,84,SUP2428
O7971,P9881,2026-04-05,306,2026-04-10,2026-04-11,Delivered,3538344,306,SUP8200
O7972,P5900,2025-08-01,25,2025-08-08,2025-08-09,Delayed,4822187,22,SUP7255
O7973,P7292,2025-09-16,434,2025-09-21,2025-09-24,Delayed,1371995,391,SUP7614
O7974,P6229,2026-03-20,127,2026-03-25,2026-03-29,Delivered,4961791,127,SUP5421
O7975,P1150,2025-07-09,73,2025-07-19,2025-07-22,Delayed,2071400,66,
O7976,P8108,2025-11-18,119,2025-11-27,2025-11-29,Pending,3627055,60,SUP841
O7977,P9277,2025-10-12,406,2025-10-20,2025-10-22,Pending,2709169,203,SUP8699
O7978,P2519,2026-03-03,135,2026-03-13,2026-03-16,Pending,3445223,68,
O7979,P1368,2025-09-12,397,2025-09-17,2025-09-17,Delayed,959882,357,
O7980,P5702,2026-03-09,197,2026-03-12,2026-03-13,Delivered,2405088,197,
O7981,P1410,2025-10-31,159,2025-11-06,2025-11-10,Delivered,3562604,159,SUP2513
O7982,P491,2025-06-02,255,2025-06-11,2025-06-14,Delayed,2283168,230,
O7983,P602,2025-07-20,218,2025-07-24,2025-07-25,Delivered,2216049,218,SUP8160
O7984,P742,2025-07-04,140,2025-07-07,2025-07-07,Delivered,2487669,140,SUP58
O7985,P1313,2025-12-24,65,2025-12-27,2025-12-27,Pending,2871654,32,SUP3694
O7986,P2785,2025-09-12,22,2025-09-20,2025-09-20,Delivered,3671595,22,SUP4475
O7987,P5747,2025-12-29,268,2026-01-06,2026-01-07,Delayed,3150833,241,
O7988,P1813,2025-11-04,240,2025-11-07,2025-11-12,Pending,2313479,120,SUP483
O7989,P1144,2026-03-22,50,2026-03-25,2026-03-30,Delivered,10990,50,
O7990,P7207,2025-08-25,94,2025-09-03,2025-09-05,Pending,3639097,47,
O7991,P9131,2026-05-20,315,2026-05-27,2026-05-28,Pending,639217,158,
O7992,P958,2025-11-07,176,2025-11-14,2025-11-16,Pending,2080112,88,SUP2184
O7993,P1458,2026-04-25,159,2026-05-03,2026-05-08,Delayed,1911942,143,SUP9682
O7994,P9522,2026-03-22,359,2026-03-31,2026-04-02,Pending,1344395,180,SUP6842
O7995,P5164,2025-09-14,411,2025-09-18,2025-09-18,Delayed,3661222,370,SUP7819
O7996,P5031,2025-11-15,358,2025-11-22,2025-11-25,Delayed,307217,322,
O7997,P3462,2026-03-28,241,2026-04-07,2026-04-12,Delayed,1727978,217,
O7998,P3688,2026-04-22,18,2026-04-27,2026-04-28,Pending,3647718,9,SUP7355
O7999,P4881,2026-03-27,213,2026-04-02,2026-04-05,Pending,2050591,106,
O8000,P2016,2025-12-09,419,2025-12-14,2025-12-18,Pending,2006814,210,SUP689
O8001,P1676,2025-10-10,453,2025-10-16,2025-10-19,Delivered,4346588,453,
O8002,P5150,2025-10-13,124,2025-10-19,2025-10-21,Delivered,645547,124,SUP598
O8003,P7354,2025-10-16,405,2025-10-26,2025-10-31,Delivered,2805047,405,SUP6129
O8004,P3992,2026-02-03,463,2026-02-06,2026-02-11,Pending,4011457,232,SUP5739
O8005,P8001,2025-06-28,297,2025-07-07,2025-07-11,Pending,3437986,148,SUP3433
O8006,P1345,2026-05-01,92,2026-05-07,2026-05-10,Delivered,4870147,92,SUP31
O8007,P2573,2025-12-29,446,2026-01-06,2026-01-11,Pending,638867,223,
O8008,P3614,2026-01-30,78,2026-02-04,2026-02-06,Delivered,3528653,78,SUP7722
O8009,P278,2026-03-19,166,2026-03-29,2026-03-30,Delayed,567678,149,SUP1012
O8010,P6351,2025-08-16,189,2025-08-21,2025-08-22,Pending,2636545,94,SUP114
O8011,P6599,2025-09-07,77,2025-09-14,2025-09-17,Delivered,4342338,77,
O8012,P1153,2025-11-10,469,2025-11-15,2025-11-17,Delivered,377563,469,SUP1762
O8013,P6701,2025-07-21,160,2025-07-31,2025-08-02,Delayed,3476249,144,
O8014,P6096,2025-06-14,227,2025-06-19,2025-06-21,Delivered,3184356,227,SUP2612
O8015,P9421,2025-12-12,91,2025-12-19,2025-12-24,Delayed,80516,82,SUP941
O8016,P1874,2026-05-01,308,2026-05-10,2026-05-10,Delayed,829239,277,
O8017,P5252,2025-11-10,25,2025-11-15,2025-11-18,Delayed,3582816,22,
O8018,P2830,2026-04-07,63,2026-04-14,2026-04-14,Delivered,2939026,63,
O8019,P9112,2026-04-04,358,2026-04-10,2026-04-10,Delivered,2834708,358,SUP7869
O8020,P4786,2025-09-28,291,2025-10-05,2025-10-05,Delivered,594473,291,SUP8531
O8021,P1795,2026-01-24,467,2026-02-01,2026-02-01,Delivered,856441,467,SUP5327
O8022,P5557,2026-03-06,376,2026-03-15,2026-03-16,Delayed,1985363,338,SUP2573
O8023,P3850,2026-01-30,325,2026-02-02,2026-02-04,Delivered,1775406,325,
O8024,P9019,2026-05-15,387,2026-05-22,2026-05-26,Pending,2970597,194,
O8025,P403,2026-04-30,457,2026-05-08,2026-05-09,Delayed,1981887,411,SUP1499
O8026,P8454,2025-08-20,406,2025-08-25,2025-08-29,Pending,4087973,203,SUP9718
O8027,P2371,2025-11-17,290,2025-11-23,2025-11-23,Delayed,4030079,261,
O8028,P2109,2025-10-22,339,2025-10-27,2025-10-30,Pending,1382434,170,
O8029,P2397,2025-10-02,411,2025-10-08,2025-10-08,Pending,1431944,206,SUP5246
O8030,P7444,2025-06-03,497,2025-06-06,2025-06-09,Delayed,1867772,447,SUP5142
O8031,P4692,2026-02-08,478,2026-02-11,2026-02-14,Delayed,2323507,430,SUP8783
O8032,P3427,2026-01-16,443,2026-01-19,2026-01-20,Delayed,3361913,399,
O8033,P4816,2026-01-10,10,2026-01-13,2026-01-16,Pending,2729872,5,SUP4385
O8034,P848,2026-05-24,176,2026-05-30,2026-06-01,Delayed,66615,158,
O8035,P8183,2025-11-06,74,2025-11-10,2025-11-13,Delayed,2074217,67,SUP7907
O8036,P8619,2025-11-26,46,2025-12-06,2025-12-08,Delayed,2943590,41,
O8037,P7151,2025-06-23,299,2025-07-03,2025-07-04,Pending,4304620,150,SUP5618
O8038,P8760,2026-05-08,413,2026-05-17,2026-05-22,Delayed,3293765,372,
O8039,P7400,2026-04-14,256,2026-04-24,2026-04-29,Pending,1012394,128,SUP3320
O8040,P1258,2025-06-05,83,2025-06-10,2025-06-12,Delayed,1614514,75,
O8041,P5430,2025-09-15,321,2025-09-20,2025-09-24,Delivered,2262117,321,SUP7057
O8042,P4975,2025-10-30,277,2025-11-08,2025-11-08,Pending,3990914,138,
O8043,P6975,2025-06-30,146,2025-07-07,2025-07-09,Delayed,3049195,131,SUP995
O8044,P6628,2025-08-31,168,2025-09-08,2025-09-13,Delayed,4405837,151,SUP2518
O8045,P1444,2025-10-28,319,2025-11-02,2025-11-03,Delayed,3121446,287,SUP4037
O8046,P5253,2025-06-03,158,2025-06-10,2025-06-14,Delayed,180289,142,SUP6929
O8047,P8631,2025-10-09,480,2025-10-18,2025-10-20,Delivered,3915875,480,SUP1538
O8048,P8935,2025-08-22,30,2025-08-25,2025-08-27,Delayed,4628624,27,SUP6076
O8049,P8282,2026-05-18,492,2026-05-21,2026-05-21,Delivered,3119086,492,
O8050,P2924,2026-01-24,159,2026-01-28,2026-01-31,Delayed,2249417,143,SUP3780
O8051,P8820,2025-12-11,479,2025-12-16,2025-12-19,Delivered,1746457,479,SUP1618
O8052,P8633,2025-12-26,296,2026-01-01,2026-01-04,Delivered,4894268,296,SUP3736
O8053,P9674,2025-06-29,324,2025-07-02,2025-07-04,Pending,1270771,162,SUP464
O8054,P1773,2025-07-12,450,2025-07-16,2025-07-16,Pending,4506673,225,SUP217
O8055,P6856,2026-04-20,24,2026-04-26,2026-04-29,Delivered,3753350,24,SUP7464
O8056,P6768,2025-10-14,91,2025-10-21,2025-10-23,Delivered,2250139,91,
O8057,P1997,2025-12-01,373,2025-12-08,2025-12-09,Delivered,2214656,373,
O8058,P1223,2025-12-17,149,2025-12-26,2025-12-26,Delayed,223919,134,SUP818
O8059,P106,2025-09-13,219,2025-09-19,2025-09-21,Delivered,3805949,219,
O8060,P1204,2026-02-09,165,2026-02-19,2026-02-22,Delivered,1979646,165,SUP687
O8061,P9149,2026-03-18,111,2026-03-24,2026-03-28,Delayed,2631344,100,SUP2983
O8062,P7988,2025-12-03,448,2025-12-10,2025-12-10,Delayed,3382675,403,
O8063,P5244,2025-12-03,129,2025-12-11,2025-12-15,Pending,3489246,64,SUP9207
O8064,P7809,2025-10-06,358,2025-10-13,2025-10-14,Delayed,1852103,322,SUP8782
O8065,P466,2025-11-22,455,2025-11-26,2025-11-29,Delayed,468908,410,SUP2139
O8066,P7316,2026-02-23,394,2026-02-27,2026-02-28,Delayed,1222450,355,SUP2505
O8067,P5489,2025-12-05,355,2025-12-11,2025-12-12,Delayed,4403588,320,SUP407
O8068,P6665,2026-03-09,225,2026-03-12,2026-03-15,Pending,4619698,112,
O8069,P3626,2025-10-24,497,2025-10-31,2025-11-01,Delayed,3491494,447,SUP6818
O8070,P1531,2026-05-01,124,2026-05-09,2026-05-11,Delayed,2744585,112,
O8071,P1239,2025-10-22,401,2025-10-26,2025-10-27,Pending,754159,200,SUP9224
O8072,P1017,2025-08-03,291,2025-08-12,2025-08-15,Pending,3389630,146,
O8073,P5581,2025-11-27,57,2025-12-07,2025-12-12,Delayed,3683313,51,SUP2062
O8074,P606,2025-07-09,252,2025-07-14,2025-07-15,Delivered,4183730,252,SUP3398
O8075,P621,2025-07-02,388,2025-07-09,2025-07-12,Pending,4651646,194,
O8076,P8436,2026-01-05,243,2026-01-13,2026-01-17,Delivered,3966785,243,SUP9227
O8077,P8902,2025-12-16,429,2025-12-23,2025-12-26,Pending,4673950,214,
O8078,P5177,2026-02-18,235,2026-02-22,2026-02-23,Delivered,4392086,235,
O8079,P7303,2025-08-05,133,2025-08-12,2025-08-15,Pending,3322064,66,SUP1977
O8080,P6748,2025-08-16,214,2025-08-21,2025-08-26,Pending,424359,107,
O8081,P4108,2026-04-13,239,2026-04-21,2026-04-23,Pending,1067589,120,SUP7156
O8082,P2981,2025-09-25,474,2025-09-29,2025-10-03,Delayed,3079764,427,SUP2027
O8083,P6258,2026-05-23,11,2026-05-26,2026-05-31,Delivered,3829740,11,SUP2042
O8084,P2548,2025-07-19,282,2025-07-25,2025-07-29,Delayed,4560708,254,
O8085,P2889,2026-03-06,100,2026-03-09,2026-03-14,Delivered,4328293,100,SUP5383
O8086,P6469,2025-12-16,49,2025-12-20,2025-12-22,Delayed,2403851,44,SUP6601
O8087,P8289,2025-08-30,330,2025-09-09,2025-09-11,Delivered,2453028,330,SUP1050
O8088,P9647,2025-11-24,329,2025-12-02,2025-12-04,Delayed,1502082,296,SUP9654
O8089,P9808,2025-08-31,306,2025-09-04,2025-09-04,Pending,2260384,153,
O8090,P2332,2026-01-08,273,2026-01-11,2026-01-13,Pending,2997324,136,
O8091,P3278,2025-06-17,68,2025-06-23,2025-06-23,Delayed,3915213,61,
O8092,P2036,2025-10-08,401,2025-10-14,2025-10-17,Delivered,4265175,401,SUP4076
O8093,P7369,2026-04-22,33,2026-04-25,2026-04-27,Delayed,1794628,30,
O8094,P5066,2025-12-16,102,2025-12-20,2025-12-20,Pending,3152691,51,SUP8737
O8095,P5805,2026-04-25,32,2026-05-01,2026-05-02,Delivered,2812016,32,
O8096,P1530,2026-04-14,249,2026-04-18,2026-04-18,Delayed,586883,224,SUP2677
O8097,P9126,2026-01-27,11,2026-01-31,2026-02-03,Pending,1222907,6,
O8098,P9902,2026-03-17,405,2026-03-25,2026-03-27,Delivered,4312087,405,SUP4106
O8099,P8510,2025-12-11,301,2025-12-14,2025-12-17,Delayed,4379862,271,SUP3867
O8100,P5997,2026-01-09,139,2026-01-12,2026-01-14,Delayed,4374410,125,
O8101,P3016,2025-09-19,232,2025-09-28,2025-09-29,Delivered,3079633,232,
O8102,P7677,2025-06-16,136,2025-06-26,2025-06-27,Delayed,2964280,122,SUP4312
O8103,P6285,2025-08-10,276,2025-08-19,2025-08-20,Delivered,4324036,276,
O8104,P1049,2025-11-30,44,2025-12-04,2025-12-05,Delivered,2301858,44,SUP1655
O8105,P2643,2025-08-02,257,2025-08-06,2025-08-08,Delivered,343831,257,
O8106,P4995,2025-12-20,215,2025-12-28,2025-12-28,Delayed,3243628,194,SUP6483
O8107,P9121,2025-10-24,228,2025-11-03,2025-11-07,Delivered,4237969,228,SUP4212
O8108,P6305,2026-03-28,146,2026-04-04,2026-04-09,Delayed,1487029,131,
O8109,P7804,2026-02-07,136,2026-02-12,2026-02-12,Pending,1407317,68,
O8110,P1487,2026-03-11,353,2026-03-17,2026-03-20,Delayed,2243581,318,SUP9998
O8111,P5111,2025-08-21,17,2025-08-30,2025-08-31,Delayed,2291325,15,SUP6870
O8112,P9938,2026-01-11,325,2026-01-21,2026-01-26,Delivered,629224,325,
O8113,P5655,2025-10-14,439,2025-10-22,2025-10-24,Delayed,3996049,395,
O8114,P7699,2025-07-11,220,2025-07-20,2025-07-24,Pending,855970,110,
O8115,P7126,2025-12-21,478,2025-12-25,2025-12-30,Delivered,2707317,478,SUP1006
O8116,P5984,2026-04-29,497,2026-05-09,2026-05-10,Pending,4634310,248,SUP421
O8117,P9827,2025-09-08,137,2025-09-12,2025-09-15,Delayed,956282,123,
O8118,P6916,2026-03-31,227,2026-04-04,2026-04-09,Delivered,1329336,227,SUP8823
O8119,P4662,2025-11-18,178,2025-11-24,2025-11-27,Delivered,809828,178,SUP4570
O8120,P4937,2025-08-02,101,2025-08-08,2025-08-12,Pending,1772405,50,SUP6075
O8121,P5842,2026-04-09,384,2026-04-16,2026-04-21,Pending,631291,192,SUP260
O8122,P9102,2025-11-08,311,2025-11-11,2025-11-15,Delivered,2371435,311,SUP9673
O8123,P2224,2026-02-23,413,2026-03-01,2026-03-03,Delayed,3438671,372,SUP317
O8124,P5991,2026-05-17,420,2026-05-20,2026-05-22,Delivered,1320450,420,SUP2591
O8125,P2215,2025-08-21,311,2025-08-31,2025-09-01,Delivered,3887665,311,
O8126,P9511,2026-04-20,336,2026-04-27,2026-05-02,Pending,680161,168,SUP1566
O8127,P8934,2025-11-01,308,2025-11-04,2025-11-06,Delayed,3714003,277,SUP3834
O8128,P2591,2026-05-19,131,2026-05-26,2026-05-27,Delayed,3691865,118,SUP6570
O8129,P9501,2025-11-07,93,2025-11-16,2025-11-17,Pending,2156814,46,
O8130,P4796,2026-03-25,27,2026-03-30,2026-04-04,Delivered,286474,27,
O8131,P7056,2025-08-06,295,2025-08-09,2025-08-13,Delayed,907559,266,SUP7923
O8132,P582,2025-11-30,166,2025-12-06,2025-12-10,Pending,4890517,83,SUP1680
O8133,P2243,2025-10-25,337,2025-10-31,2025-11-01,Delivered,1311317,337,SUP1420
O8134,P7447,2025-06-01,201,2025-06-09,2025-06-14,Delivered,838341,201,
O8135,P4104,2025-10-23,175,2025-10-30,2025-11-03,Delivered,2903668,175,SUP9368
O8136,P5230,2025-11-24,185,2025-11-29,2025-12-04,Delivered,3535266,185,SUP4863
O8137,P7031,2025-09-08,54,2025-09-18,2025-09-20,Delayed,1457645,49,SUP2467
O8138,P1436,2026-02-15,479,2026-02-22,2026-02-24,Delayed,4148819,431,
O8139,P3758,2025-07-22,427,2025-07-25,2025-07-28,Pending,2615888,214,
O8140,P8119,2026-04-18,436,2026-04-24,2026-04-26,Delayed,1433446,392,
O8141,P3087,2026-04-24,284,2026-05-04,2026-05-05,Delayed,4046078,256,
O8142,P1885,2025-12-12,168,2025-12-17,2025-12-21,Delivered,2156357,168,
O8143,P1168,2025-10-24,417,2025-11-01,2025-11-04,Delivered,3142531,417,
O8144,P9250,2026-02-02,440,2026-02-09,2026-02-12,Delayed,1450227,396,SUP225
O8145,P5671,2025-11-02,360,2025-11-08,2025-11-10,Delivered,2582476,360,SUP4167
O8146,P8522,2026-01-16,144,2026-01-24,2026-01-27,Delayed,4664759,130,SUP3828
O8147,P9210,2025-09-05,378,2025-09-09,2025-09-12,Pending,1452744,189,SUP61
O8148,P922,2026-01-04,333,2026-01-07,2026-01-09,Pending,1012827,166,
O8149,P5505,2026-02-26,218,2026-03-05,2026-03-10,Delivered,488654,218,
O8150,P9386,2026-01-08,370,2026-01-12,2026-01-12,Delivered,1169591,370,SUP2531
O8151,P1940,2026-03-29,375,2026-04-03,2026-04-07,Delivered,2626180,375,
O8152,P9903,2025-10-09,358,2025-10-14,2025-10-17,Delivered,1121228,358,
O8153,P9730,2025-08-05,400,2025-08-14,2025-08-15,Pending,3156516,200,SUP7165
O8154,P9748,2025-11-07,70,2025-11-14,2025-11-17,Pending,835078,35,SUP7219
O8155,P1450,2026-05-25,248,2026-05-28,2026-05-28,Delayed,3076556,223,
O8156,P9603,2025-07-24,465,2025-08-03,2025-08-05,Pending,882461,232,SUP6760
O8157,P7445,2026-03-31,376,2026-04-10,2026-04-12,Pending,905577,188,SUP1293
O8158,P2907,2026-02-10,59,2026-02-13,2026-02-14,Pending,3213351,30,SUP4776
O8159,P4697,2026-03-02,269,2026-03-12,2026-03-16,Pending,2345131,134,
O8160,P3217,2025-11-12,225,2025-11-20,2025-11-23,Delayed,3100407,202,
O8161,P6189,2026-02-02,126,2026-02-09,2026-02-12,Delayed,214708,113,
O8162,P2628,2025-06-17,267,2025-06-20,2025-06-24,Delayed,3381487,240,SUP3325
O8163,P4086,2025-06-12,174,2025-06-17,2025-06-22,Delayed,988140,157,
O8164,P5083,2026-01-03,243,2026-01-06,2026-01-07,Delivered,4765311,243,SUP1815
O8165,P7089,2026-05-23,281,2026-06-01,2026-06-03,Delayed,3669014,253,SUP3011
O8166,P9227,2025-08-12,433,2025-08-22,2025-08-23,Delivered,4467664,433,SUP5252
O8167,P1025,2025-10-10,88,2025-10-19,2025-10-21,Delivered,4627469,88,
O8168,P9063,2025-11-27,445,2025-12-01,2025-12-02,Delayed,4226102,400,SUP2653
O8169,P8409,2025-07-13,483,2025-07-17,2025-07-21,Delayed,2486185,435,
O8170,P5327,2025-10-18,499,2025-10-24,2025-10-28,Pending,249931,250,
O8171,P894,2026-01-14,34,2026-01-24,2026-01-26,Delayed,2604101,31,
O8172,P5226,2025-11-03,197,2025-11-13,2025-11-16,Delayed,2404827,177,
O8173,P8382,2026-04-17,319,2026-04-20,2026-04-24,Delivered,4461662,319,SUP4986
O8174,P2873,2025-08-06,119,2025-08-15,2025-08-15,Delayed,3725656,107,SUP6996
O8175,P9401,2025-06-04,16,2025-06-14,2025-06-17,Pending,2554289,8,SUP3932
O8176,P6865,2025-06-27,298,2025-07-02,2025-07-03,Delivered,4054387,298,
O8177,P4655,2025-07-04,279,2025-07-13,2025-07-13,Delayed,2454557,251,SUP4751
O8178,P1243,2025-06-14,164,2025-06-22,2025-06-23,Delayed,66420,148,SUP3593
O8179,P6473,2025-10-04,286,2025-10-13,2025-10-14,Delivered,3669652,286,
O8180,P3226,2026-02-19,427,2026-02-26,2026-03-02,Delayed,4457651,384,SUP7161
O8181,P5676,2025-10-30,460,2025-11-02,2025-11-07,Delivered,2921276,460,SUP4168
O8182,P1645,2025-10-01,191,2025-10-06,2025-10-07,Delivered,1723812,191,SUP4422
O8183,P721,2025-10-21,404,2025-10-25,2025-10-29,Pending,1196820,202,SUP1651
O8184,P322,2025-11-04,423,2025-11-14,2025-11-17,Delivered,4231217,423,
O8185,P6777,2025-06-11,264,2025-06-15,2025-06-18,Pending,1637109,132,SUP3119
O8186,P2192,2025-11-27,174,2025-12-04,2025-12-06,Delivered,3548579,174,SUP1631
O8187,P9851,2025-07-24,320,2025-07-28,2025-07-29,Delivered,4474463,320,SUP2281
O8188,P8514,2026-04-03,351,2026-04-11,2026-04-11,Delayed,2888437,316,SUP3873
O8189,P9620,2025-11-20,50,2025-11-24,2025-11-29,Pending,3015607,25,SUP9288
O8190,P9370,2025-09-28,220,2025-10-02,2025-10-05,Delivered,977517,220,
O8191,P9397,2025-10-26,51,2025-11-03,2025-11-05,Delayed,3329492,46,SUP8906
O8192,P8857,2025-12-02,203,2025-12-11,2025-12-16,Pending,1012736,102,SUP4286
O8193,P7131,2026-03-12,213,2026-03-22,2026-03-25,Pending,39867,106,SUP1479
O8194,P9726,2026-05-16,413,2026-05-25,2026-05-27,Pending,1948777,206,SUP3763
O8195,P5827,2026-02-02,376,2026-02-05,2026-02-05,Pending,2892202,188,SUP5978
O8196,P6577,2025-08-15,189,2025-08-19,2025-08-19,Delivered,1696269,189,SUP1374
O8197,P3572,2025-08-23,52,2025-09-02,2025-09-03,Delivered,1163310,52,
O8198,P3357,2025-09-10,176,2025-09-17,2025-09-22,Delivered,486539,176,
O8199,P9779,2025-11-21,423,2025-11-30,2025-12-02,Pending,3848386,212,SUP878
O8200,P2572,2025-09-25,421,2025-09-30,2025-10-04,Delayed,2765544,379,SUP811
O8201,P5571,2025-12-10,338,2025-12-17,2025-12-20,Delayed,2288584,304,
O8202,P8548,2025-07-04,217,2025-07-08,2025-07-09,Delayed,4177130,195,SUP1802
O8203,P9106,2026-04-06,131,2026-04-11,2026-04-14,Delayed,2194049,118,SUP433
O8204,P9946,2026-01-30,418,2026-02-03,2026-02-03,Pending,2182191,209,SUP153
O8205,P190,2025-08-27,359,2025-09-02,2025-09-02,Delayed,4393458,323,SUP9446
O8206,P1497,2026-01-16,177,2026-01-24,2026-01-26,Delayed,984868,159,SUP4359
O8207,P65,2025-12-23,265,2025-12-31,2026-01-04,Pending,4294666,132,
O8208,P8445,2026-04-17,376,2026-04-22,2026-04-27,Pending,2763746,188,SUP2034
O8209,P8831,2025-11-11,352,2025-11-17,2025-11-21,Delayed,1478889,317,SUP8342
O8210,P5772,2025-09-12,361,2025-09-20,2025-09-22,Delivered,4377737,361,SUP2095
O8211,P6181,2025-07-05,234,2025-07-10,2025-07-13,Pending,3272365,117,SUP9834
O8212,P4629,2026-04-10,178,2026-04-15,2026-04-20,Pending,2031908,89,SUP3698
O8213,P9166,2026-03-13,116,2026-03-20,2026-03-25,Delayed,4673031,104,SUP909
O8214,P3785,2025-10-13,316,2025-10-21,2025-10-25,Delivered,2841793,316,SUP202
O8215,P6862,2025-08-29,180,2025-09-06,2025-09-10,Delivered,3996863,180,SUP1424
O8216,P8251,2025-07-15,315,2025-07-24,2025-07-24,Delivered,1046748,315,SUP9961
O8217,P5416,2026-04-07,374,2026-04-15,2026-04-18,Delayed,1101979,337,SUP7959
O8218,P8835,2025-06-26,221,2025-07-04,2025-07-07,Delivered,4421727,221,SUP2739
O8219,P2717,2025-09-02,444,2025-09-09,2025-09-13,Pending,3209592,222,SUP1763
O8220,P2410,2026-03-02,20,2026-03-09,2026-03-10,Delivered,4177963,20,
O8221,P1940,2026-03-11,261,2026-03-15,2026-03-16,Delayed,4476576,235,
O8222,P3966,2025-06-11,133,2025-06-15,2025-06-15,Delayed,263948,120,SUP1164
O8223,P5311,2026-04-26,123,2026-05-02,2026-05-03,Pending,4939015,62,
O8224,P6103,2025-09-14,147,2025-09-22,2025-09-23,Delayed,2479204,132,
O8225,P6161,2025-12-26,309,2025-12-31,2026-01-01,Pending,2585790,154,SUP9795
O8226,P8544,2026-04-06,334,2026-04-13,2026-04-13,Delayed,1153843,301,SUP7275
O8227,P6077,2025-12-19,467,2025-12-23,2025-12-23,Delayed,286500,420,SUP7224
O8228,P2887,2026-02-13,354,2026-02-16,2026-02-17,Delivered,4122740,354,SUP975
O8229,P5146,2025-12-08,310,2025-12-17,2025-12-17,Pending,3470033,155,
O8230,P474,2026-01-30,319,2026-02-04,2026-02-08,Delayed,4414978,287,SUP1779
O8231,P6543,2026-04-29,298,2026-05-09,2026-05-13,Pending,3506782,149,SUP5493
O8232,P6285,2025-08-16,149,2025-08-23,2025-08-23,Pending,2192255,74,
O8233,P445,2026-03-31,466,2026-04-09,2026-04-14,Delivered,3593558,466,SUP9943
O8234,P3979,2025-07-20,189,2025-07-24,2025-07-25,Pending,3622653,94,SUP4180
O8235,P7768,2025-11-09,142,2025-11-16,2025-11-18,Pending,668470,71,SUP1299
O8236,P9479,2026-01-08,45,2026-01-12,2026-01-12,Delayed,4823491,40,SUP2280
O8237,P1411,2025-08-14,143,2025-08-20,2025-08-22,Delivered,3948504,143,
O8238,P4363,2025-09-04,186,2025-09-11,2025-09-12,Delivered,3526653,186,SUP4745
O8239,P3932,2025-08-29,284,2025-09-01,2025-09-03,Pending,3467428,142,SUP1082
O8240,P7374,2025-09-26,105,2025-09-29,2025-10-02,Delivered,1472945,105,
O8241,P7540,2025-08-14,358,2025-08-20,2025-08-25,Delivered,4672893,358,
O8242,P8615,2026-01-18,392,2026-01-25,2026-01-26,Delayed,2689436,353,
O8243,P1243,2026-01-05,249,2026-01-12,2026-01-13,Delayed,1930611,224,SUP3593
O8244,P9396,2025-11-27,165,2025-12-06,2025-12-10,Pending,1421819,82,SUP5569
O8245,P164,2025-08-06,431,2025-08-11,2025-08-16,Delayed,4359056,388,SUP8249
O8246,P2487,2025-12-26,347,2026-01-02,2026-01-04,Delivered,806648,347,
O8247,P3821,2025-08-05,389,2025-08-10,2025-08-13,Delayed,214496,350,
O8248,P7918,2026-02-20,291,2026-02-23,2026-02-25,Delayed,2157870,262,
O8249,P5079,2026-02-13,183,2026-02-16,2026-02-21,Delayed,4840418,165,
O8250,P6075,2026-01-09,107,2026-01-18,2026-01-18,Delayed,91629,96,
O8251,P941,2025-11-10,451,2025-11-17,2025-11-17,Pending,3777356,226,
O8252,P1626,2026-01-15,375,2026-01-20,2026-01-22,Delayed,3535453,338,
O8253,P2685,2026-03-09,226,2026-03-16,2026-03-20,Delivered,675625,226,SUP5678
O8254,P3428,2026-04-04,230,2026-04-10,2026-04-11,Pending,1039473,115,SUP662
O8255,P4337,2025-09-17,282,2025-09-23,2025-09-27,Pending,992124,141,SUP7286
O8256,P1928,2026-04-22,211,2026-04-27,2026-05-02,Delivered,3788702,211,SUP283
O8257,P9416,2026-05-13,400,2026-05-23,2026-05-24,Delivered,4126507,400,
O8258,P184,2025-11-22,60,2025-11-28,2025-11-28,Pending,4167763,30,
O8259,P9733,2026-01-24,113,2026-01-31,2026-02-02,Delivered,1232203,113,SUP1456
O8260,P585,2026-05-04,18,2026-05-07,2026-05-11,Pending,1224217,9,SUP4980
O8261,P6828,2026-03-08,160,2026-03-15,2026-03-16,Delayed,4048054,144,SUP5570
O8262,P9056,2025-09-22,452,2025-09-28,2025-09-29,Delayed,1332444,407,
O8263,P2387,2026-01-20,456,2026-01-30,2026-02-04,Delayed,1699892,410,SUP9381
O8264,P9330,2026-01-05,110,2026-01-09,2026-01-10,Delayed,3535481,99,SUP5276
O8265,P6544,2025-09-28,315,2025-10-01,2025-10-03,Pending,3402935,158,SUP9159
O8266,P452,2026-03-15,104,2026-03-25,2026-03-28,Delayed,4583266,94,SUP3478
O8267,P6032,2025-11-22,361,2025-11-25,2025-11-30,Pending,4264089,180,
O8268,P8676,2026-03-10,206,2026-03-18,2026-03-18,Delivered,290415,206,SUP1991
O8269,P6956,2025-08-26,22,2025-09-05,2025-09-09,Delayed,3248758,20,
O8270,P7682,2026-05-28,136,2026-06-04,2026-06-07,Pending,1299634,68,SUP1193
O8271,P2727,2026-05-12,154,2026-05-19,2026-05-24,Delivered,1880471,154,
O8272,P3011,2026-05-23,339,2026-05-27,2026-05-28,Delivered,3417935,339,SUP5807
O8273,P9859,2025-06-03,241,2025-06-07,2025-06-07,Pending,228543,120,SUP268
O8274,P2777,2025-12-31,406,2026-01-10,2026-01-13,Delayed,3190207,365,SUP3322
O8275,P3136,2025-10-03,250,2025-10-06,2025-10-09,Delayed,3538316,225,SUP9278
O8276,P8245,2026-05-05,16,2026-05-15,2026-05-18,Delivered,4456069,16,SUP5769
O8277,P5301,2025-07-29,15,2025-08-02,2025-08-03,Pending,4703999,8,SUP4490
O8278,P7963,2026-03-29,66,2026-04-07,2026-04-11,Delivered,2994198,66,SUP7982
O8279,P7350,2025-08-27,30,2025-09-04,2025-09-07,Delivered,2289969,30,SUP4794
O8280,P8917,2026-01-27,394,2026-02-05,2026-02-08,Pending,3846138,197,
O8281,P9328,2025-09-04,234,2025-09-14,2025-09-17,Delivered,2106813,234,SUP5918
O8282,P5355,2025-11-05,206,2025-11-15,2025-11-16,Delayed,4419391,185,SUP1583
O8283,P4266,2026-04-05,264,2026-04-12,2026-04-16,Delivered,3881918,264,
O8284,P1919,2025-11-17,495,2025-11-23,2025-11-26,Delivered,3340962,495,SUP4545
O8285,P8484,2026-05-25,416,2026-05-31,2026-06-05,Delayed,1117677,374,SUP4695
O8286,P2808,2025-09-27,107,2025-10-07,2025-10-12,Delivered,4371847,107,SUP2161
O8287,P7871,2025-07-04,419,2025-07-10,2025-07-13,Delayed,4764511,377,
O8288,P6678,2025-07-21,323,2025-07-31,2025-08-05,Pending,264518,162,SUP4178
O8289,P3317,2025-09-18,265,2025-09-28,2025-10-02,Pending,4044853,132,
O8290,P8660,2026-05-05,62,2026-05-12,2026-05-12,Pending,1461715,31,
O8291,P91,2025-09-21,302,2025-10-01,2025-10-02,Delivered,1027669,302,SUP2765
O8292,P7595,2026-04-02,216,2026-04-10,2026-04-10,Pending,179994,108,SUP6755
O8293,P3730,2025-09-24,232,2025-09-30,2025-09-30,Pending,257330,116,SUP619
O8294,P9190,2025-12-10,237,2025-12-17,2025-12-21,Delayed,343452,213,
O8295,P745,2026-01-19,290,2026-01-29,2026-02-02,Delayed,4654280,261,
O8296,P3771,2025-09-26,388,2025-10-03,2025-10-04,Delayed,2701386,349,
O8297,P7104,2025-07-12,446,2025-07-21,2025-07-22,Pending,1789609,223,SUP2822
O8298,P1288,2025-08-12,468,2025-08-17,2025-08-21,Pending,2605671,234,SUP5060
O8299,P9790,2025-08-02,247,2025-08-11,2025-08-11,Delayed,4416015,222,SUP2896
O8300,P127,2025-07-12,160,2025-07-20,2025-07-20,Pending,4249163,80,
O8301,P1215,2025-11-10,403,2025-11-20,2025-11-22,Delayed,582047,363,
O8302,P364,2025-12-29,490,2026-01-05,2026-01-09,Pending,1061403,245,SUP7274
O8303,P7159,2026-05-17,495,2026-05-23,2026-05-24,Pending,3989746,248,
O8304,P4291,2025-09-06,365,2025-09-12,2025-09-13,Delayed,713768,328,
O8305,P8785,2025-10-13,106,2025-10-16,2025-10-20,Pending,2509490,53,
O8306,P493,2025-11-04,389,2025-11-08,2025-11-13,Pending,228167,194,SUP8234
O8307,P2282,2025-10-11,442,2025-10-18,2025-10-20,Delivered,3610147,442,
O8308,P1167,2025-09-27,155,2025-10-04,2025-10-04,Delayed,2243615,140,SUP3335
O8309,P9225,2026-01-05,109,2026-01-15,2026-01-18,Pending,14786,54,
O8310,P6498,2026-01-07,431,2026-01-13,2026-01-15,Delivered,438617,431,SUP3587
O8311,P2296,2025-05-29,366,2025-06-06,2025-06-06,Delayed,4383609,329,SUP5328
O8312,P3318,2026-03-14,13,2026-03-24,2026-03-29,Delivered,2341334,13,SUP2800
O8313,P4201,2026-02-27,269,2026-03-09,2026-03-14,Delayed,3287218,242,SUP1639
O8314,P6321,2026-04-15,60,2026-04-20,2026-04-25,Pending,658983,30,SUP908
O8315,P9821,2026-02-22,388,2026-03-01,2026-03-06,Delayed,2486088,349,SUP9176
O8316,P429,2026-04-30,488,2026-05-06,2026-05-08,Delayed,3579462,439,
O8317,P4199,2026-02-13,252,2026-02-22,2026-02-25,Pending,3802888,126,
O8318,P8832,2025-08-17,149,2025-08-25,2025-08-29,Delayed,746019,134,
O8319,P3876,2025-07-26,436,2025-07-29,2025-07-29,Delivered,2644130,436,
O8320,P2300,2026-02-01,399,2026-02-06,2026-02-10,Delivered,182694,399,SUP7313
O8321,P2165,2025-12-19,62,2025-12-28,2025-12-31,Delayed,4522088,56,
O8322,P1935,2026-01-10,58,2026-01-17,2026-01-20,Pending,1403535,29,SUP2472
O8323,P4454,2025-09-27,400,2025-10-04,2025-10-07,Pending,247092,200,
O8324,P3025,2025-10-29,177,2025-11-07,2025-11-12,Delivered,1608062,177,
O8325,P8528,2025-08-26,81,2025-08-29,2025-09-01,Delivered,1512236,81,SUP3354
O8326,P159,2026-02-03,495,2026-02-13,2026-02-14,Delayed,1020932,446,
O8327,P7157,2026-03-23,441,2026-03-29,2026-03-30,Delayed,1070354,397,SUP2642
O8328,P3874,2026-03-20,199,2026-03-30,2026-03-30,Pending,3735971,100,
O8329,P1040,2026-02-15,112,2026-02-21,2026-02-22,Delivered,2951104,112,SUP5787
O8330,P6967,2026-03-24,94,2026-04-01,2026-04-05,Delayed,505466,85,SUP781
O8331,P4073,2025-11-07,11,2025-11-11,2025-11-14,Pending,2674588,6,SUP2390
O8332,P9,2025-10-16,242,2025-10-26,2025-10-26,Pending,3535125,121,
O8333,P2198,2025-12-02,348,2025-12-05,2025-12-09,Delivered,1302007,348,SUP2776
O8334,P6270,2025-06-18,197,2025-06-23,2025-06-28,Pending,1042204,98,
O8335,P6068,2026-03-07,460,2026-03-16,2026-03-21,Delayed,2728657,414,SUP3779
O8336,P356,2025-12-31,191,2026-01-05,2026-01-06,Delayed,3395119,172,
O8337,P8311,2026-02-20,76,2026-02-24,2026-02-28,Delayed,2618753,68,
O8338,P3452,2025-12-07,249,2025-12-13,2025-12-17,Delivered,1387894,249,SUP512
O8339,P7370,2025-10-30,240,2025-11-07,2025-11-12,Pending,733872,120,SUP5778
O8340,P6836,2025-12-06,329,2025-12-16,2025-12-19,Delivered,4835612,329,SUP4060
O8341,P3803,2026-02-04,138,2026-02-13,2026-02-15,Pending,2849135,69,
O8342,P1836,2025-10-07,187,2025-10-14,2025-10-14,Pending,867210,94,SUP1949
O8343,P290,2025-08-07,417,2025-08-12,2025-08-17,Pending,2809611,208,SUP3710
O8344,P2340,2026-01-11,65,2026-01-20,2026-01-23,Delivered,3880700,65,
O8345,P9307,2026-05-20,268,2026-05-23,2026-05-27,Delivered,2647392,268,
O8346,P3839,2025-07-27,404,2025-07-30,2025-08-04,Delivered,3633488,404,SUP3270
O8347,P216,2025-06-13,434,2025-06-17,2025-06-22,Delayed,3367033,391,SUP1087
O8348,P5880,2026-04-18,162,2026-04-23,2026-04-28,Delivered,2372897,162,SUP569
O8349,P10000,2025-08-20,70,2025-08-26,2025-08-30,Delayed,4227596,63,
O8350,P1090,2025-11-05,470,2025-11-09,2025-11-09,Delayed,1390127,423,SUP7969
O8351,P9602,2026-01-29,162,2026-02-07,2026-02-11,Delayed,3515692,146,SUP4622
O8352,P8339,2025-06-04,210,2025-06-07,2025-06-08,Delivered,2560214,210,SUP1252
O8353,P1780,2025-12-01,405,2025-12-04,2025-12-07,Delayed,2154723,364,
O8354,P4196,2025-10-09,104,2025-10-17,2025-10-21,Pending,1133057,52,SUP6262
O8355,P5689,2026-04-15,64,2026-04-21,2026-04-22,Delayed,1684692,58,SUP6626
O8356,P9665,2026-01-06,405,2026-01-14,2026-01-19,Delivered,1790307,405,SUP3762
O8357,P3214,2025-06-19,60,2025-06-26,2025-06-29,Pending,4241887,30,
O8358,P15,2026-03-12,50,2026-03-17,2026-03-22,Delayed,4127975,45,SUP6121
O8359,P176,2026-05-19,94,2026-05-26,2026-05-26,Pending,2934713,47,SUP1955
O8360,P3243,2025-08-14,403,2025-08-18,2025-08-23,Delivered,1135566,403,SUP5735
O8361,P1411,2025-12-10,415,2025-12-16,2025-12-17,Delivered,371180,415,
O8362,P1144,2025-06-03,233,2025-06-12,2025-06-15,Pending,107010,116,
O8363,P8181,2025-08-19,318,2025-08-26,2025-08-27,Delivered,2484581,318,
O8364,P5062,2026-02-10,296,2026-02-18,2026-02-23,Delayed,2115223,266,SUP3175
O8365,P285,2025-12-16,301,2025-12-19,2025-12-21,Delivered,2393923,301,
O8366,P1930,2026-01-08,394,2026-01-18,2026-01-20,Pending,3309656,197,SUP806
O8367,P7459,2025-07-26,292,2025-08-03,2025-08-08,Delivered,4551327,292,SUP2566
O8368,P4895,2025-10-02,467,2025-10-12,2025-10-17,Pending,1372567,234,SUP4310
O8369,P9251,2026-05-14,493,2026-05-19,2026-05-22,Delayed,215331,444,SUP1562
O8370,P9505,2025-09-02,185,2025-09-11,2025-09-12,Delayed,287249,166,SUP2029
O8371,P7056,2026-04-05,39,2026-04-08,2026-04-11,Pending,3742424,20,SUP7923
O8372,P8347,2025-12-03,71,2025-12-06,2025-12-11,Delayed,4834101,64,
O8373,P3854,2025-12-06,156,2025-12-11,2025-12-13,Pending,3685129,78,SUP948
O8374,P9757,2026-01-30,474,2026-02-09,2026-02-11,Delivered,318894,474,SUP7574
O8375,P7891,2026-01-26,204,2026-02-01,2026-02-02,Pending,2008164,102,SUP3347
O8376,P2257,2025-11-27,47,2025-12-02,2025-12-05,Pending,4352135,24,
O8377,P6003,2025-09-16,446,2025-09-26,2025-09-29,Delivered,4982793,446,SUP6036
O8378,P5676,2026-02-13,325,2026-02-16,2026-02-17,Delivered,378066,325,SUP4168
O8379,P1403,2025-12-24,152,2025-12-30,2026-01-01,Pending,177434,76,SUP2835
O8380,P6086,2026-05-07,426,2026-05-14,2026-05-17,Delayed,4705875,383,
O8381,P2320,2025-11-27,481,2025-11-30,2025-12-04,Delayed,1675683,433,
O8382,P2265,2026-02-01,440,2026-02-07,2026-02-10,Pending,2359935,220,SUP3691
O8383,P3346,2025-06-11,260,2025-06-14,2025-06-15,Pending,3887700,130,
O8384,P8821,2025-06-12,367,2025-06-21,2025-06-26,Delayed,4146714,330,
O8385,P7383,2025-09-15,316,2025-09-25,2025-09-25,Delivered,111645,316,
O8386,P1802,2025-09-23,323,2025-10-02,2025-10-04,Delivered,2883872,323,
O8387,P5230,2025-12-01,210,2025-12-11,2025-12-16,Pending,1250831,105,SUP4863
O8388,P837,2025-10-26,304,2025-11-03,2025-11-03,Delivered,1129689,304,
O8389,P7965,2026-03-10,44,2026-03-16,2026-03-20,Delayed,3214881,40,
O8390,P2788,2025-11-25,413,2025-12-05,2025-12-09,Pending,3191238,206,SUP9427
O8391,P3001,2026-05-20,140,2026-05-29,2026-05-29,Delivered,1868095,140,SUP9781
O8392,P4896,2025-07-20,395,2025-07-26,2025-07-31,Pending,1214359,198,SUP4318
O8393,P6561,2026-05-15,60,2026-05-21,2026-05-26,Delayed,4142756,54,SUP675
O8394,P6339,2025-12-08,101,2025-12-12,2025-12-14,Delayed,963893,91,
O8395,P534,2025-12-05,317,2025-12-08,2025-12-10,Delivered,1896012,317,
O8396,P1379,2026-04-29,454,2026-05-06,2026-05-11,Delivered,3278764,454,SUP3923
O8397,P7992,2025-06-07,119,2025-06-11,2025-06-14,Delivered,1240202,119,SUP3625
O8398,P3302,2026-03-15,317,2026-03-24,2026-03-29,Pending,1698376,158,SUP4671
O8399,P3500,2026-01-20,300,2026-01-27,2026-01-27,Delivered,2523333,300,
O8400,P1264,2025-09-14,381,2025-09-24,2025-09-26,Delayed,3900238,343,SUP3449
O8401,P1956,2025-10-09,118,2025-10-15,2025-10-18,Pending,590649,59,
O8402,P6066,2025-12-02,495,2025-12-12,2025-12-14,Delayed,3155610,446,
O8403,P1739,2025-10-22,334,2025-10-30,2025-11-04,Delayed,3533621,301,SUP2821
O8404,P2664,2026-01-27,222,2026-02-04,2026-02-05,Delayed,3079543,200,SUP2121
O8405,P7321,2026-01-25,243,2026-02-01,2026-02-04,Pending,2662865,122,
O8406,P6010,2026-04-08,186,2026-04-18,2026-04-19,Pending,2791841,93,
O8407,P5913,2025-11-28,373,2025-12-04,2025-12-05,Delayed,4915708,336,SUP4187
O8408,P467,2026-05-09,479,2026-05-17,2026-05-22,Delayed,1585935,431,
O8409,P8586,2025-09-14,375,2025-09-24,2025-09-25,Pending,231112,188,SUP622
O8410,P1069,2025-10-07,481,2025-10-15,2025-10-17,Delivered,478165,481,
O8411,P1558,2026-03-26,284,2026-04-02,2026-04-02,Delivered,4896258,284,SUP2701
O8412,P752,2026-05-20,243,2026-05-25,2026-05-27,Delivered,2002061,243,SUP9617
O8413,P5474,2025-10-02,308,2025-10-10,2025-10-15,Delivered,355348,308,SUP9296
O8414,P5019,2026-03-06,212,2026-03-10,2026-03-10,Delayed,2635797,191,SUP5195
O8415,P3503,2025-08-19,252,2025-08-25,2025-08-26,Pending,329959,126,SUP7539
O8416,P3801,2025-11-18,247,2025-11-27,2025-11-28,Delayed,655439,222,
O8417,P1360,2025-12-02,389,2025-12-07,2025-12-10,Delivered,4998070,389,
O8418,P7053,2025-06-09,335,2025-06-18,2025-06-23,Delivered,4436734,335,SUP5387
O8419,P2326,2026-02-17,120,2026-02-20,2026-02-22,Pending,284409,60,SUP9
O8420,P7183,2025-08-12,187,2025-08-15,2025-08-19,Delivered,1159444,187,SUP5597
O8421,P7078,2025-09-25,120,2025-10-01,2025-10-06,Pending,861590,60,SUP293
O8422,P2224,2026-05-10,43,2026-05-13,2026-05-15,Pending,189421,22,SUP317
O8423,P298,2025-12-01,446,2025-12-08,2025-12-12,Delayed,4053983,401,SUP237
O8424,P5335,2025-09-25,20,2025-10-01,2025-10-06,Pending,1398344,10,
O8425,P4651,2026-01-05,294,2026-01-13,2026-01-13,Pending,2101421,147,
O8426,P6745,2025-08-26,25,2025-09-01,2025-09-03,Delivered,886212,25,
O8427,P293,2026-05-24,150,2026-05-31,2026-06-04,Delivered,3895235,150,SUP501
O8428,P2752,2026-02-07,161,2026-02-13,2026-02-16,Delayed,2750947,145,
O8429,P6364,2025-08-08,324,2025-08-12,2025-08-16,Delayed,4212221,292,SUP2215
O8430,P4987,2025-08-21,230,2025-08-26,2025-08-31,Pending,3801707,115,SUP3505
O8431,P3830,2026-01-16,99,2026-01-24,2026-01-28,Delivered,4737743,99,
O8432,P1499,2026-05-10,448,2026-05-13,2026-05-17,Delivered,4522303,448,SUP1956
O8433,P2367,2025-11-07,66,2025-11-13,2025-11-13,Delayed,368180,59,SUP1324
O8434,P9577,2025-07-13,42,2025-07-22,2025-07-23,Pending,534408,21,SUP1678
O8435,P3977,2025-10-25,486,2025-10-28,2025-11-01,Delivered,4389007,486,SUP6205
O8436,P6387,2025-09-28,130,2025-10-04,2025-10-04,Pending,3086983,65,SUP1706
O8437,P8025,2025-07-09,47,2025-07-12,2025-07-16,Pending,326926,24,SUP23
O8438,P71,2026-05-11,489,2026-05-18,2026-05-23,Pending,3445029,244,SUP8734
O8439,P3632,2025-12-27,155,2026-01-03,2026-01-03,Delivered,2890686,155,SUP5339
O8440,P8936,2026-05-07,350,2026-05-13,2026-05-18,Pending,1169884,175,
O8441,P6419,2025-07-02,390,2025-07-08,2025-07-11,Delivered,3895926,390,SUP3875
O8442,P8944,2026-02-11,88,2026-02-20,2026-02-24,Delayed,386586,79,SUP6216
O8443,P7740,2026-05-22,216,2026-05-27,2026-05-30,Delayed,1957082,194,
O8444,P1075,2026-03-29,323,2026-04-06,2026-04-11,Pending,4494739,162,SUP1875
O8445,P1573,2025-12-16,80,2025-12-26,2025-12-26,Pending,2167217,40,
O8446,P4013,2025-11-08,249,2025-11-12,2025-11-16,Pending,4803639,124,SUP1784
O8447,P5339,2025-08-02,362,2025-08-10,2025-08-15,Delivered,708925,362,SUP8287
O8448,P8359,2026-04-30,315,2026-05-10,2026-05-12,Delivered,3162609,315,SUP1943
O8449,P7971,2026-04-02,86,2026-04-08,2026-04-12,Delayed,1475181,77,SUP1258
O8450,P6267,2025-11-11,302,2025-11-18,2025-11-19,Pending,4875818,151,
O8451,P3350,2025-09-27,335,2025-10-07,2025-10-08,Delivered,1361700,335,SUP9281
O8452,P9780,2025-11-19,252,2025-11-24,2025-11-25,Delayed,3391090,227,SUP5697
O8453,P2880,2025-07-23,474,2025-07-30,2025-08-01,Delivered,2728339,474,SUP9225
O8454,P1505,2025-11-18,302,2025-11-26,2025-11-29,Delivered,2761753,302,
O8455,P6644,2025-07-06,334,2025-07-16,2025-07-17,Delayed,3603637,301,SUP4700
O8456,P7614,2025-11-01,461,2025-11-11,2025-11-13,Delivered,2829054,461,SUP1029
O8457,P3224,2025-12-29,324,2026-01-03,2026-01-04,Pending,64410,162,SUP8799
O8458,P1355,2025-12-29,479,2026-01-06,2026-01-09,Delivered,62477,479,
O8459,P1268,2025-12-31,132,2026-01-03,2026-01-06,Delayed,4818306,119,SUP1571
O8460,P7774,2025-12-22,383,2025-12-25,2025-12-26,Delivered,138941,383,SUP924
O8461,P2668,2026-04-26,154,2026-05-03,2026-05-03,Delivered,4875953,154,SUP6084
O8462,P8338,2026-02-21,185,2026-03-01,2026-03-03,Pending,882568,92,
O8463,P3439,2025-10-02,176,2025-10-08,2025-10-12,Pending,4891730,88,SUP4698
O8464,P8137,2025-08-25,159,2025-09-02,2025-09-05,Pending,4122565,80,
O8465,P7133,2025-07-23,44,2025-08-02,2025-08-06,Delivered,2181198,44,
O8466,P2472,2026-03-22,362,2026-03-25,2026-03-25,Pending,1453184,181,SUP3807
O8467,P398,2026-03-14,455,2026-03-19,2026-03-23,Delivered,496483,455,SUP3264
O8468,P3175,2025-09-10,212,2025-09-18,2025-09-19,Delayed,3349365,191,SUP1727
O8469,P7251,2025-12-28,263,2026-01-01,2026-01-04,Delivered,2722575,263,
O8470,P9745,2025-10-06,117,2025-10-11,2025-10-14,Delivered,1093830,117,SUP3727
O8471,P3976,2026-03-07,419,2026-03-15,2026-03-16,Pending,4294195,210,SUP4272
O8472,P3995,2025-09-13,244,2025-09-19,2025-09-21,Pending,3953418,122,SUP9535
O8473,P2989,2026-05-15,446,2026-05-22,2026-05-24,Delivered,932869,446,SUP138
O8474,P5815,2026-01-09,463,2026-01-18,2026-01-23,Pending,1962782,232,SUP4263
O8475,P2446,2026-04-29,210,2026-05-06,2026-05-06,Delayed,1088605,189,SUP5638
O8476,P4727,2025-11-04,43,2025-11-11,2025-11-16,Delivered,1415883,43,SUP197
O8477,P4840,2026-02-04,313,2026-02-13,2026-02-17,Delivered,1730051,313,SUP3999
O8478,P5970,2025-09-09,401,2025-09-15,2025-09-20,Delayed,3058675,361,
O8479,P2115,2025-07-29,467,2025-08-03,2025-08-07,Delivered,645805,467,SUP1218
O8480,P5258,2025-12-20,473,2025-12-27,2025-12-27,Delayed,4062088,426,SUP7984
O8481,P5030,2026-03-05,164,2026-03-12,2026-03-15,Pending,1673946,82,SUP2786
O8482,P5346,2026-04-19,40,2026-04-25,2026-04-28,Delayed,3020278,36,SUP2332
O8483,P9293,2025-09-03,152,2025-09-11,2025-09-14,Pending,821051,76,SUP9733
O8484,P6941,2025-07-04,108,2025-07-13,2025-07-17,Delivered,2730559,108,SUP759
O8485,P1263,2025-10-04,322,2025-10-12,2025-10-12,Delayed,2228542,290,SUP2453
O8486,P4537,2026-02-05,61,2026-02-10,2026-02-10,Pending,1173817,30,SUP2123
O8487,P2646,2026-05-21,48,2026-05-26,2026-05-30,Delivered,720043,48,SUP2680
O8488,P6634,2025-06-01,222,2025-06-04,2025-06-06,Pending,827029,111,
O8489,P3208,2026-04-23,227,2026-04-30,2026-05-02,Delivered,4430349,227,
O8490,P2688,2026-04-28,205,2026-05-07,2026-05-10,Delayed,3085499,184,
O8491,P773,2026-02-14,276,2026-02-21,2026-02-22,Delayed,4697301,248,
O8492,P2065,2025-09-24,170,2025-10-01,2025-10-01,Pending,1467302,85,SUP914
O8493,P2938,2026-05-21,452,2026-05-29,2026-05-30,Delivered,2550208,452,SUP8580
O8494,P6249,2026-02-03,434,2026-02-12,2026-02-15,Delivered,1800002,434,
O8495,P749,2025-05-28,114,2025-06-02,2025-06-05,Pending,1327802,57,SUP858
O8496,P9009,2025-10-27,108,2025-11-01,2025-11-04,Delivered,3404600,108,SUP4880
O8497,P5963,2025-12-01,380,2025-12-07,2025-12-08,Delayed,4905694,342,
O8498,P6904,2026-04-12,42,2026-04-18,2026-04-18,Delivered,266373,42,
O8499,P3310,2025-11-18,436,2025-11-24,2025-11-25,Delivered,3511472,436,
O8500,P3679,2025-09-20,298,2025-09-26,2025-09-28,Delayed,343393,268,
O8501,P8793,2026-01-12,409,2026-01-20,2026-01-23,Delivered,3296891,409,SUP533
O8502,P6043,2025-06-14,208,2025-06-21,2025-06-25,Delayed,1471701,187,
O8503,P8167,2026-01-27,166,2026-02-01,2026-02-04,Delivered,4312539,166,
O8504,P3828,2025-10-11,24,2025-10-15,2025-10-16,Pending,3333587,12,SUP1973
O8505,P6406,2026-03-12,266,2026-03-20,2026-03-23,Pending,495675,133,
O8506,P7482,2026-03-21,55,2026-03-24,2026-03-25,Pending,2586074,28,SUP4052
O8507,P7670,2026-04-30,253,2026-05-09,2026-05-12,Delivered,1041349,253,SUP4159
O8508,P4181,2025-06-30,338,2025-07-08,2025-07-08,Delayed,1786166,304,
O8509,P1542,2025-08-09,68,2025-08-15,2025-08-16,Delivered,1594353,68,SUP3900
O8510,P8777,2026-04-23,92,2026-04-29,2026-05-03,Delayed,1467720,83,SUP6861
O8511,P980,2026-04-19,248,2026-04-29,2026-05-01,Pending,1306119,124,
O8512,P1981,2025-11-16,466,2025-11-19,2025-11-24,Delayed,2048709,419,
O8513,P6449,2025-09-19,254,2025-09-26,2025-09-30,Delivered,4070861,254,SUP6928
O8514,P4668,2025-09-01,114,2025-09-08,2025-09-12,Pending,231185,57,SUP1132
O8515,P8431,2026-03-05,387,2026-03-13,2026-03-13,Delivered,1649970,387,SUP2437
O8516,P7225,2026-03-20,72,2026-03-24,2026-03-24,Pending,4424233,36,SUP9338
O8517,P6286,2026-04-30,120,2026-05-03,2026-05-03,Delivered,3390550,120,SUP434
O8518,P9499,2025-12-22,113,2025-12-31,2026-01-05,Delivered,4517660,113,
O8519,P8419,2025-12-15,329,2025-12-19,2025-12-21,Pending,183150,164,SUP6301
O8520,P4190,2025-10-01,271,2025-10-05,2025-10-08,Pending,2118444,136,SUP4614
O8521,P3012,2026-05-15,494,2026-05-21,2026-05-21,Delayed,97840,445,
O8522,P7470,2025-06-03,176,2025-06-10,2025-06-11,Delayed,2139661,158,SUP2293
O8523,P2982,2025-11-18,200,2025-11-22,2025-11-24,Delivered,3574977,200,
O8524,P2899,2025-07-30,348,2025-08-06,2025-08-11,Delayed,3675178,313,SUP3717
O8525,P6338,2026-03-21,209,2026-03-27,2026-03-30,Pending,4970785,104,
O8526,P664,2026-02-08,440,2026-02-12,2026-02-12,Delayed,4381835,396,SUP3486
O8527,P5159,2026-01-19,183,2026-01-24,2026-01-26,Pending,4847609,92,SUP7947
O8528,P1638,2026-01-21,319,2026-01-29,2026-02-03,Pending,1969140,160,SUP5360
O8529,P3444,2026-05-15,262,2026-05-22,2026-05-24,Delivered,1177103,262,SUP4287
O8530,P532,2026-05-07,425,2026-05-14,2026-05-15,Pending,471813,212,SUP8597
O8531,P7527,2025-10-19,433,2025-10-25,2025-10-26,Delayed,750220,390,SUP8124
O8532,P9106,2025-10-17,298,2025-10-26,2025-10-29,Delivered,4107809,298,SUP433
O8533,P1833,2026-05-12,401,2026-05-17,2026-05-17,Pending,928994,200,SUP5538
O8534,P7155,2025-08-06,23,2025-08-14,2025-08-17,Delivered,3857685,23,
O8535,P9989,2026-01-25,71,2026-02-04,2026-02-06,Delayed,3112384,64,
O8536,P5123,2026-05-13,449,2026-05-18,2026-05-19,Delayed,997656,404,SUP277
O8537,P2755,2026-03-31,229,2026-04-06,2026-04-07,Pending,2876928,114,SUP2264
O8538,P8546,2025-10-24,379,2025-11-03,2025-11-03,Delayed,22603,341,SUP2382
O8539,P7411,2025-11-01,286,2025-11-09,2025-11-13,Delivered,1329094,286,
O8540,P9282,2026-01-18,197,2026-01-26,2026-01-31,Pending,2047646,98,
O8541,P9827,2025-07-05,435,2025-07-09,2025-07-12,Pending,2494463,218,
O8542,P8554,2025-08-21,227,2025-08-25,2025-08-28,Delivered,2792219,227,SUP4229
O8543,P3541,2025-08-30,199,2025-09-07,2025-09-08,Delivered,2630743,199,SUP349
O8544,P3207,2025-10-23,383,2025-10-30,2025-11-02,Pending,1971072,192,SUP2869
O8545,P4223,2025-08-27,148,2025-08-30,2025-09-04,Delivered,4795691,148,
O8546,P4639,2025-09-13,302,2025-09-18,2025-09-18,Pending,196443,151,SUP5914
O8547,P3846,2026-03-17,67,2026-03-21,2026-03-23,Delivered,3582646,67,SUP1939
O8548,P3304,2025-07-13,356,2025-07-17,2025-07-18,Pending,3686983,178,SUP5395
O8549,P4212,2025-11-29,266,2025-12-04,2025-12-07,Delivered,1965700,266,SUP4597
O8550,P9334,2025-12-06,33,2025-12-15,2025-12-19,Pending,2192974,16,
O8551,P8245,2025-08-15,106,2025-08-24,2025-08-27,Pending,956595,53,SUP5769
O8552,P6970,2025-06-24,337,2025-07-03,2025-07-03,Pending,3954801,168,
O8553,P2489,2025-10-27,248,2025-11-05,2025-11-06,Delayed,71120,223,SUP8222
O8554,P6092,2025-08-24,448,2025-08-28,2025-09-01,Pending,2996443,224,SUP1814
O8555,P9375,2025-07-12,399,2025-07-20,2025-07-20,Delayed,4029823,359,
O8556,P2993,2025-08-21,425,2025-08-24,2025-08-26,Pending,3456054,212,
O8557,P8373,2026-03-19,298,2026-03-27,2026-03-28,Delivered,2464383,298,
O8558,P7266,2026-01-03,333,2026-01-13,2026-01-13,Delivered,736084,333,
O8559,P3351,2025-09-11,163,2025-09-14,2025-09-17,Delayed,2279399,147,SUP3599
O8560,P3079,2025-08-22,170,2025-08-28,2025-08-28,Delivered,2006172,170,
O8561,P6808,2025-10-15,303,2025-10-22,2025-10-25,Delivered,2583621,303,SUP5683
O8562,P432,2026-01-07,24,2026-01-14,2026-01-19,Delayed,1577382,22,SUP1909
O8563,P1144,2025-07-20,277,2025-07-23,2025-07-25,Pending,465514,138,
O8564,P9687,2025-09-07,272,2025-09-10,2025-09-12,Delayed,2954436,245,SUP1830
O8565,P3442,2025-07-20,342,2025-07-28,2025-07-29,Delayed,4464424,308,SUP4851
O8566,P7962,2026-02-21,282,2026-02-28,2026-03-03,Delayed,2543335,254,
O8567,P7176,2025-11-06,299,2025-11-16,2025-11-19,Delayed,2266788,269,SUP8982
O8568,P7414,2026-03-01,253,2026-03-07,2026-03-08,Delivered,1706864,253,SUP7640
O8569,P5536,2026-02-06,315,2026-02-12,2026-02-12,Delivered,257088,315,
O8570,P7426,2025-08-02,174,2025-08-06,2025-08-10,Delayed,3638338,157,SUP471
O8571,P8575,2025-10-29,156,2025-11-03,2025-11-06,Delivered,3060978,156,
O8572,P9805,2026-01-08,248,2026-01-18,2026-01-21,Delivered,4147915,248,SUP3179
O8573,P1905,2026-01-05,346,2026-01-14,2026-01-16,Delivered,563586,346,SUP9125
O8574,P1153,2026-01-19,98,2026-01-27,2026-01-30,Pending,3870253,49,SUP1762
O8575,P8186,2026-04-24,276,2026-04-27,2026-04-27,Delayed,4148238,248,SUP453
O8576,P7868,2025-06-10,247,2025-06-17,2025-06-20,Pending,1134180,124,
O8577,P8375,2025-11-23,395,2025-11-27,2025-11-29,Delivered,4382127,395,SUP3145
O8578,P468,2026-05-26,439,2026-06-03,2026-06-08,Delivered,1592742,439,
O8579,P4187,2026-04-30,287,2026-05-05,2026-05-06,Pending,1447108,144,
O8580,P3377,2025-06-24,136,2025-06-27,2025-07-02,Pending,2328287,68,SUP7654
O8581,P4577,2025-10-30,405,2025-11-08,2025-11-12,Delayed,3229883,364,
O8582,P9225,2026-02-17,139,2026-02-24,2026-02-25,Delayed,30824,125,
O8583,P3669,2026-03-18,36,2026-03-22,2026-03-22,Delayed,2596868,32,
O8584,P5503,2026-05-09,361,2026-05-14,2026-05-16,Pending,3501427,180,SUP5601
O8585,P7034,2026-05-06,336,2026-05-14,2026-05-17,Pending,4344976,168,SUP6914
O8586,P2086,2025-06-24,494,2025-07-02,2025-07-04,Pending,69815,247,SUP8013
O8587,P5353,2026-01-22,194,2026-01-25,2026-01-27,Delayed,556247,175,
O8588,P7450,2025-10-29,361,2025-11-03,2025-11-08,Delivered,2611163,361,SUP3450
O8589,P2762,2025-12-17,41,2025-12-22,2025-12-22,Delayed,158584,37,
O8590,P9866,2025-12-25,110,2026-01-04,2026-01-09,Pending,317318,55,
O8591,P6071,2025-12-19,350,2025-12-27,2025-12-29,Delivered,55488,350,SUP7033
O8592,P2167,2025-10-29,342,2025-11-06,2025-11-07,Delivered,800161,342,SUP6468
O8593,P5179,2025-08-28,189,2025-09-06,2025-09-06,Delivered,292415,189,SUP332
O8594,P4264,2026-02-09,225,2026-02-19,2026-02-22,Delivered,2292766,225,SUP6245
O8595,P5103,2025-07-06,333,2025-07-12,2025-07-16,Pending,4527174,166,SUP2613
O8596,P894,2025-07-07,500,2025-07-16,2025-07-18,Delayed,1297533,450,
O8597,P8063,2026-02-28,394,2026-03-05,2026-03-06,Delayed,4990225,355,SUP1636
O8598,P3031,2025-06-02,342,2025-06-10,2025-06-15,Delivered,3888738,342,
O8599,P4832,2025-10-30,242,2025-11-02,2025-11-02,Delayed,50465,218,
O8600,P8564,2025-10-31,471,2025-11-10,2025-11-15,Delivered,3552383,471,SUP829
O8601,P2300,2026-05-10,100,2026-05-18,2026-05-22,Pending,2330321,50,SUP7313
O8602,P1546,2026-02-24,313,2026-03-06,2026-03-08,Delivered,4807675,313,SUP1376
O8603,P2561,2026-03-02,368,2026-03-09,2026-03-10,Delayed,1999181,331,SUP2356
O8604,P1566,2025-11-03,47,2025-11-06,2025-11-10,Delayed,4565792,42,SUP1328
O8605,P6966,2025-06-03,435,2025-06-09,2025-06-09,Delayed,717264,392,SUP3898
O8606,P682,2026-04-21,446,2026-04-30,2026-05-02,Delayed,1075651,401,
O8607,P8053,2025-05-29,191,2025-06-02,2025-06-02,Pending,427779,96,
O8608,P682,2026-02-14,173,2026-02-20,2026-02-24,Delayed,1565964,156,
O8609,P9287,2025-11-15,45,2025-11-23,2025-11-28,Delivered,4629896,45,
O8610,P4521,2026-04-25,414,2026-05-03,2026-05-07,Delivered,293301,414,
O8611,P1617,2026-03-22,466,2026-03-25,2026-03-28,Delayed,1521181,419,
O8612,P1976,2025-09-17,137,2025-09-22,2025-09-22,Delivered,307674,137,SUP7914
O8613,P6351,2025-06-23,259,2025-06-27,2025-06-28,Delivered,412285,259,SUP114
O8614,P7509,2026-05-19,427,2026-05-24,2026-05-29,Delivered,3529507,427,SUP2032
O8615,P3401,2025-08-27,387,2025-09-02,2025-09-06,Pending,440610,194,
O8616,P1768,2025-11-05,108,2025-11-09,2025-11-09,Delivered,917598,108,SUP790
O8617,P4181,2025-11-19,124,2025-11-25,2025-11-25,Delivered,4964648,124,
O8618,P4815,2026-02-27,260,2026-03-09,2026-03-13,Delivered,3805375,260,SUP8279
O8619,P3542,2025-11-03,280,2025-11-13,2025-11-16,Pending,3902579,140,SUP1828
O8620,P5697,2026-03-30,25,2026-04-03,2026-04-03,Pending,926608,12,SUP9151
O8621,P144,2025-08-15,385,2025-08-22,2025-08-25,Delivered,2861956,385,SUP6565
O8622,P3281,2025-08-28,135,2025-08-31,2025-09-02,Delayed,4806799,122,SUP864
O8623,P3738,2026-04-20,484,2026-04-26,2026-04-26,Delayed,185092,436,
O8624,P4018,2025-07-30,151,2025-08-04,2025-08-04,Delivered,4927006,151,
O8625,P318,2025-12-07,499,2025-12-13,2025-12-13,Delayed,4598891,449,
O8626,P4509,2025-09-02,54,2025-09-05,2025-09-07,Pending,3556203,27,SUP147
O8627,P6101,2025-06-22,220,2025-06-28,2025-06-30,Delayed,2943120,198,
O8628,P2902,2026-01-30,373,2026-02-09,2026-02-10,Delivered,4542605,373,
O8629,P8981,2026-05-09,269,2026-05-15,2026-05-16,Pending,2221246,134,SUP2025
O8630,P3328,2026-04-16,307,2026-04-19,2026-04-24,Delayed,2965502,276,
O8631,P8152,2025-08-27,237,2025-09-05,2025-09-06,Delayed,895313,213,
O8632,P5779,2025-10-05,304,2025-10-14,2025-10-19,Delayed,1822807,274,
O8633,P1748,2025-06-10,450,2025-06-20,2025-06-25,Delivered,228033,450,
O8634,P8527,2026-01-19,148,2026-01-26,2026-01-30,Pending,848650,74,
O8635,P6776,2025-11-04,373,2025-11-12,2025-11-16,Pending,699726,186,SUP682
O8636,P542,2025-12-12,340,2025-12-16,2025-12-21,Delivered,1861788,340,
O8637,P2896,2025-10-04,297,2025-10-07,2025-10-12,Delayed,4219676,267,SUP9351
O8638,P2175,2026-02-16,224,2026-02-26,2026-03-03,Delayed,4948168,202,
O8639,P9076,2026-02-27,152,2026-03-09,2026-03-12,Delivered,1484584,152,SUP7847
O8640,P5236,2025-09-10,404,2025-09-15,2025-09-19,Delivered,3456242,404,SUP1115
O8641,P270,2025-06-02,314,2025-06-06,2025-06-09,Delivered,1955578,314,SUP5260
O8642,P1088,2026-04-14,196,2026-04-19,2026-04-19,Delivered,417779,196,
O8643,P1121,2026-05-08,168,2026-05-12,2026-05-12,Delayed,4323899,151,SUP8254
O8644,P1854,2025-08-04,159,2025-08-09,2025-08-09,Pending,4457143,80,
O8645,P6006,2026-03-27,94,2026-03-31,2026-04-03,Pending,920554,47,SUP1106
O8646,P4255,2026-02-27,260,2026-03-09,2026-03-12,Delayed,1683616,234,SUP642
O8647,P4410,2026-01-16,50,2026-01-23,2026-01-24,Delivered,1935876,50,SUP2873
O8648,P309,2026-05-26,168,2026-06-05,2026-06-08,Delivered,257417,168,
O8649,P5838,2025-06-25,414,2025-07-05,2025-07-10,Delayed,2436328,373,
O8650,P365,2025-12-03,159,2025-12-08,2025-12-13,Pending,1771281,80,SUP6534
O8651,P8904,2026-04-23,88,2026-05-01,2026-05-06,Pending,2103130,44,SUP1988
O8652,P7620,2026-01-12,77,2026-01-16,2026-01-20,Pending,482572,38,SUP9916
O8653,P1471,2025-06-14,391,2025-06-22,2025-06-26,Delivered,2993279,391,SUP529
O8654,P5559,2026-03-20,211,2026-03-25,2026-03-25,Delayed,4882830,190,SUP9394
O8655,P2585,2025-07-13,222,2025-07-21,2025-07-24,Delivered,4991191,222,SUP1711
O8656,P5571,2025-10-24,180,2025-11-03,2025-11-03,Pending,4214738,90,
O8657,P1512,2025-09-09,276,2025-09-14,2025-09-14,Delivered,539542,276,SUP7337
O8658,P683,2025-12-06,329,2025-12-16,2025-12-19,Delivered,2661104,329,
O8659,P5326,2025-10-01,462,2025-10-06,2025-10-07,Pending,4022433,231,SUP5296
O8660,P9120,2025-07-21,365,2025-07-29,2025-08-02,Delivered,4859056,365,SUP4182
O8661,P2270,2025-06-26,305,2025-07-04,2025-07-07,Pending,3789235,152,
O8662,P3100,2026-03-21,188,2026-03-31,2026-04-01,Delayed,1374024,169,
O8663,P2592,2026-03-12,366,2026-03-15,2026-03-17,Delayed,1284877,329,SUP3935
O8664,P1414,2025-06-23,50,2025-06-28,2025-07-02,Pending,587162,25,
O8665,P119,2025-07-15,47,2025-07-20,2025-07-21,Pending,3955928,24,
O8666,P4564,2026-02-05,436,2026-02-15,2026-02-15,Delayed,1096647,392,SUP4324
O8667,P6880,2026-05-27,311,2026-06-06,2026-06-06,Pending,4863583,156,SUP9363
O8668,P1542,2025-06-16,347,2025-06-26,2025-07-01,Delayed,3966209,312,SUP3900
O8669,P3939,2025-12-15,395,2025-12-21,2025-12-25,Delayed,2670211,356,
O8670,P6523,2025-10-12,150,2025-10-19,2025-10-21,Pending,1313088,75,SUP474
O8671,P7435,2025-07-27,130,2025-08-05,2025-08-06,Delivered,1181692,130,
O8672,P8182,2026-02-19,96,2026-02-22,2026-02-22,Delivered,4263730,96,SUP5392
O8673,P6933,2025-09-12,50,2025-09-15,2025-09-16,Pending,678694,25,SUP7222
O8674,P3878,2025-12-27,196,2026-01-05,2026-01-06,Delivered,4691801,196,
O8675,P3098,2025-12-14,16,2025-12-22,2025-12-24,Delayed,3607751,14,SUP8176
O8676,P3156,2026-02-14,390,2026-02-24,2026-02-24,Delayed,913453,351,
O8677,P9038,2026-03-17,165,2026-03-24,2026-03-27,Delivered,892986,165,SUP3
O8678,P8965,2026-01-24,153,2026-01-29,2026-02-01,Delivered,4072650,153,
O8679,P4479,2025-07-13,368,2025-07-22,2025-07-25,Pending,2660500,184,SUP188
O8680,P6563,2025-09-02,392,2025-09-06,2025-09-06,Pending,2782525,196,
O8681,P7871,2025-12-03,279,2025-12-10,2025-12-13,Pending,2668656,140,
O8682,P468,2025-10-22,185,2025-10-28,2025-10-30,Delayed,2147725,166,
O8683,P8726,2026-05-11,22,2026-05-15,2026-05-16,Delayed,2229564,20,SUP1521
O8684,P4376,2025-08-24,16,2025-09-01,2025-09-06,Delayed,291561,14,
O8685,P3876,2025-06-09,238,2025-06-13,2025-06-16,Delayed,2000670,214,
O8686,P234,2025-07-16,411,2025-07-21,2025-07-22,Delivered,2003936,411,SUP1534
O8687,P6655,2025-10-22,423,2025-10-31,2025-11-03,Delayed,572233,381,SUP5629
O8688,P9840,2025-12-24,439,2025-12-29,2026-01-01,Delayed,1628945,395,SUP3544
O8689,P8248,2025-06-10,169,2025-06-19,2025-06-21,Delivered,4501359,169,SUP2903
O8690,P2839,2026-04-28,105,2026-05-03,2026-05-08,Delivered,930087,105,SUP4913
O8691,P9250,2026-04-21,432,2026-04-29,2026-05-03,Pending,4563102,216,SUP225
O8692,P7198,2025-12-06,75,2025-12-12,2025-12-16,Pending,2275097,38,
O8693,P7368,2026-01-02,410,2026-01-10,2026-01-12,Pending,2432748,205,SUP1141
O8694,P2159,2026-03-17,349,2026-03-21,2026-03-24,Delayed,334574,314,
O8695,P8078,2025-11-16,183,2025-11-19,2025-11-22,Delayed,4748424,165,SUP8680
O8696,P5875,2025-06-10,447,2025-06-14,2025-06-17,Pending,3500236,224,SUP6825
O8697,P2407,2025-08-13,327,2025-08-19,2025-08-20,Delayed,3138480,294,
O8698,P5337,2026-01-28,323,2026-02-07,2026-02-08,Delivered,3412273,323,SUP4424
O8699,P7269,2025-10-14,41,2025-10-18,2025-10-23,Delayed,981035,37,SUP4654
O8700,P2841,2025-09-23,315,2025-10-02,2025-10-06,Delayed,3993475,284,SUP5275
O8701,P1571,2026-05-05,499,2026-05-15,2026-05-19,Delayed,222728,449,SUP8586
O8702,P6853,2025-09-03,346,2025-09-13,2025-09-14,Pending,4026592,173,
O8703,P9275,2025-12-09,423,2025-12-16,2025-12-16,Pending,3607568,212,SUP3044
O8704,P3549,2026-02-08,218,2026-02-17,2026-02-22,Delivered,214831,218,SUP6443
O8705,P1180,2026-01-02,350,2026-01-10,2026-01-12,Delayed,3266182,315,SUP852
O8706,P9802,2025-12-03,237,2025-12-12,2025-12-12,Delivered,4700815,237,SUP9160
O8707,P3676,2026-01-09,259,2026-01-17,2026-01-17,Delivered,3566705,259,SUP6116
O8708,P5627,2025-12-31,23,2026-01-03,2026-01-04,Delivered,1703272,23,SUP301
O8709,P325,2025-12-13,141,2025-12-16,2025-12-19,Delivered,4826948,141,
O8710,P2936,2025-06-06,99,2025-06-15,2025-06-16,Delivered,766502,99,
O8711,P4146,2025-06-11,21,2025-06-21,2025-06-21,Delivered,3280511,21,
O8712,P8454,2025-10-11,430,2025-10-14,2025-10-15,Delayed,4231727,387,SUP9718
O8713,P6868,2025-08-16,467,2025-08-19,2025-08-20,Pending,1007278,234,SUP9221
O8714,P349,2026-05-24,391,2026-05-30,2026-06-04,Pending,4038587,196,
O8715,P1637,2025-11-21,417,2025-12-01,2025-12-03,Pending,3103801,208,SUP3973
O8716,P3592,2026-02-28,191,2026-03-10,2026-03-13,Delivered,1164113,191,SUP7703
O8717,P552,2025-12-23,261,2026-01-02,2026-01-07,Delayed,4353216,235,
O8718,P2446,2026-04-04,224,2026-04-13,2026-04-13,Delayed,1849515,202,SUP5638
O8719,P1715,2025-07-04,189,2025-07-12,2025-07-15,Delayed,442498,170,SUP8764
O8720,P5553,2026-05-17,493,2026-05-26,2026-05-27,Pending,2074069,246,SUP835
O8721,P941,2025-05-31,496,2025-06-07,2025-06-12,Delayed,1076633,446,
O8722,P5215,2025-12-19,15,2025-12-29,2025-12-30,Delayed,2875904,14,SUP9528
O8723,P9852,2026-05-18,91,2026-05-25,2026-05-25,Delivered,2419054,91,SUP8318
O8724,P364,2026-02-14,450,2026-02-22,2026-02-26,Delayed,1895705,405,SUP7274
O8725,P6673,2026-03-14,407,2026-03-24,2026-03-25,Delivered,3030950,407,SUP4760
O8726,P1363,2025-08-30,32,2025-09-08,2025-09-13,Pending,1525751,16,SUP9571
O8727,P8769,2026-02-26,169,2026-03-07,2026-03-11,Delivered,1312707,169,
O8728,P8843,2025-08-30,107,2025-09-03,2025-09-08,Pending,1370389,54,
O8729,P7284,2025-07-14,420,2025-07-18,2025-07-19,Pending,793266,210,SUP155
O8730,P2188,2025-07-05,151,2025-07-08,2025-07-10,Pending,4522517,76,SUP8747
O8731,P1003,2025-12-16,462,2025-12-24,2025-12-24,Delivered,4576777,462,SUP2209
O8732,P126,2026-03-27,53,2026-04-03,2026-04-07,Delayed,2575011,48,
O8733,P9011,2026-04-25,283,2026-05-01,2026-05-01,Delivered,2461576,283,
O8734,P8920,2025-06-19,272,2025-06-29,2025-07-01,Pending,1782785,136,
O8735,P7812,2025-12-02,223,2025-12-08,2025-12-09,Delivered,958512,223,SUP734
O8736,P4882,2025-09-23,372,2025-09-27,2025-09-30,Pending,4028118,186,
O8737,P7807,2026-01-03,153,2026-01-09,2026-01-13,Delivered,4274116,153,SUP8989
O8738,P9958,2025-08-14,359,2025-08-24,2025-08-26,Delayed,1139090,323,SUP2844
O8739,P54,2026-04-17,73,2026-04-21,2026-04-26,Pending,3969259,36,SUP7281
O8740,P4229,2025-07-06,235,2025-07-16,2025-07-17,Delivered,2453243,235,SUP7998
O8741,P4376,2025-07-25,405,2025-07-28,2025-07-29,Delayed,3231663,364,
O8742,P8994,2025-06-18,190,2025-06-21,2025-06-22,Pending,4967982,95,
O8743,P8917,2026-05-22,111,2026-05-31,2026-06-04,Pending,1122704,56,
O8744,P8917,2025-06-14,456,2025-06-17,2025-06-19,Delivered,2195596,456,
O8745,P6936,2025-12-28,374,2026-01-01,2026-01-04,Pending,63432,187,SUP2201
O8746,P4768,2026-04-10,473,2026-04-18,2026-04-22,Delayed,3329306,426,SUP6085
O8747,P895,2025-10-07,92,2025-10-10,2025-10-15,Delayed,3389160,83,SUP491
O8748,P9749,2026-03-19,492,2026-03-27,2026-03-31,Pending,4724579,246,SUP2198
O8749,P5893,2026-03-13,207,2026-03-22,2026-03-27,Pending,961270,104,SUP5502
O8750,P8187,2025-10-17,33,2025-10-26,2025-10-27,Delayed,2996437,30,SUP2555
O8751,P3332,2025-07-30,153,2025-08-09,2025-08-13,Delivered,2018559,153,SUP1695
O8752,P1032,2026-03-02,74,2026-03-12,2026-03-16,Pending,3640488,37,SUP192
O8753,P8602,2025-07-06,472,2025-07-14,2025-07-19,Delayed,1117370,425,
O8754,P9494,2026-05-05,55,2026-05-11,2026-05-11,Pending,3083712,28,
O8755,P2617,2026-04-22,451,2026-04-28,2026-05-03,Pending,1907280,226,SUP3091
O8756,P4215,2025-07-03,261,2025-07-08,2025-07-08,Pending,3136992,130,
O8757,P9150,2026-04-21,159,2026-04-24,2026-04-28,Delivered,3876925,159,SUP2655
O8758,P9361,2025-10-05,479,2025-10-13,2025-10-14,Pending,1247517,240,SUP4088
O8759,P1333,2026-05-09,108,2026-05-14,2026-05-16,Delivered,4681905,108,SUP3134
O8760,P7378,2026-02-05,313,2026-02-13,2026-02-18,Delayed,3036341,282,SUP2015
O8761,P2628,2025-10-23,73,2025-10-29,2025-10-30,Delayed,1686124,66,SUP3325
O8762,P3430,2025-10-14,325,2025-10-22,2025-10-23,Delayed,1726485,292,SUP98
O8763,P2148,2026-03-18,327,2026-03-22,2026-03-22,Delivered,3910819,327,SUP4517
O8764,P7756,2025-08-21,371,2025-08-31,2025-09-05,Delayed,479116,334,SUP971
O8765,P5212,2025-09-07,178,2025-09-14,2025-09-18,Pending,1721031,89,
O8766,P7576,2025-08-31,425,2025-09-06,2025-09-10,Delivered,1676961,425,SUP9676
O8767,P4724,2026-02-17,86,2026-02-25,2026-02-25,Pending,1726526,43,SUP1601
O8768,P9378,2025-07-25,144,2025-08-02,2025-08-07,Pending,3844324,72,
O8769,P8101,2026-04-17,181,2026-04-22,2026-04-24,Pending,205424,90,SUP1966
O8770,P9571,2025-07-01,218,2025-07-04,2025-07-09,Delayed,176450,196,SUP4360
O8771,P9736,2026-01-16,487,2026-01-21,2026-01-25,Pending,1630129,244,SUP405
O8772,P5079,2026-04-16,102,2026-04-22,2026-04-25,Delayed,4137290,92,
O8773,P6681,2026-03-04,315,2026-03-14,2026-03-16,Delivered,1023487,315,SUP5512
O8774,P6061,2026-04-22,323,2026-04-27,2026-04-30,Delayed,1603877,291,SUP1449
O8775,P4087,2026-01-10,293,2026-01-13,2026-01-16,Delivered,1452896,293,
O8776,P2097,2025-08-18,263,2025-08-23,2025-08-26,Delayed,738489,237,SUP1592
O8777,P926,2026-04-08,182,2026-04-16,2026-04-20,Delivered,4341565,182,
O8778,P3732,2025-07-12,384,2025-07-18,2025-07-20,Delayed,833060,346,
O8779,P1339,2026-05-23,105,2026-05-26,2026-05-31,Delivered,1300684,105,
O8780,P5549,2026-01-05,20,2026-01-13,2026-01-16,Delayed,1554515,18,
O8781,P5153,2026-03-26,128,2026-03-30,2026-04-02,Delayed,3655091,115,SUP9561
O8782,P4612,2025-12-24,186,2025-12-27,2025-12-27,Pending,474608,93,SUP7913
O8783,P4521,2026-01-02,115,2026-01-06,2026-01-09,Delivered,397111,115,
O8784,P2274,2026-02-14,482,2026-02-19,2026-02-24,Pending,3717391,241,
O8785,P3041,2026-01-20,486,2026-01-26,2026-01-28,Delivered,923739,486,SUP690
O8786,P360,2025-12-29,449,2026-01-01,2026-01-01,Delivered,4240482,449,SUP3771
O8787,P2915,2025-09-16,142,2025-09-26,2025-10-01,Delayed,4654118,128,SUP6157
O8788,P6509,2025-12-19,248,2025-12-24,2025-12-25,Delayed,4371194,223,SUP7528
O8789,P9164,2026-04-26,62,2026-04-30,2026-05-05,Delivered,4393429,62,
O8790,P5197,2025-06-14,165,2025-06-18,2025-06-19,Delivered,25346,165,SUP273
O8791,P1147,2025-10-26,371,2025-11-05,2025-11-09,Pending,4583482,186,
O8792,P9106,2025-07-05,494,2025-07-08,2025-07-12,Pending,3362784,247,SUP433
O8793,P4134,2025-06-18,265,2025-06-21,2025-06-25,Delayed,452536,238,SUP6177
O8794,P384,2026-04-13,253,2026-04-17,2026-04-19,Delivered,4550692,253,SUP543
O8795,P7337,2025-12-14,257,2025-12-23,2025-12-25,Delivered,2639036,257,
O8796,P9843,2026-03-29,388,2026-04-04,2026-04-04,Delivered,2619573,388,
O8797,P2330,2025-09-25,296,2025-10-05,2025-10-08,Delayed,630624,266,SUP7068
O8798,P5619,2025-12-26,164,2025-12-29,2026-01-01,Pending,2387351,82,SUP5356
O8799,P9067,2025-09-26,198,2025-10-02,2025-10-04,Delivered,2324905,198,
O8800,P6141,2025-08-22,462,2025-08-27,2025-09-01,Delayed,4415331,416,SUP5919
O8801,P8569,2026-05-12,462,2026-05-15,2026-05-16,Delayed,2848240,416,SUP7680
O8802,P9554,2025-10-21,291,2025-10-26,2025-10-26,Delivered,2665921,291,SUP5058
O8803,P6202,2026-03-24,292,2026-04-03,2026-04-07,Pending,2914622,146,
O8804,P660,2025-07-26,81,2025-08-02,2025-08-04,Pending,3559759,40,SUP2250
O8805,P7560,2025-12-30,48,2026-01-05,2026-01-10,Pending,3572434,24,SUP4130
O8806,P3839,2026-01-14,138,2026-01-24,2026-01-24,Pending,1517780,69,SUP3270
O8807,P739,2025-11-19,325,2025-11-29,2025-11-29,Delivered,1724690,325,
O8808,P566,2025-08-04,385,2025-08-08,2025-08-09,Pending,4916632,192,SUP894
O8809,P8148,2026-05-19,309,2026-05-22,2026-05-23,Delivered,386321,309,
O8810,P465,2026-02-10,380,2026-02-18,2026-02-22,Delayed,1158050,342,
O8811,P1170,2025-08-28,61,2025-08-31,2025-09-02,Delayed,658575,55,SUP9838
O8812,P7013,2026-03-22,26,2026-03-31,2026-04-05,Delivered,922563,26,SUP6606
O8813,P9974,2025-12-26,34,2026-01-02,2026-01-02,Pending,4646137,17,
O8814,P1362,2026-03-14,79,2026-03-18,2026-03-18,Pending,2510478,40,SUP726
O8815,P1559,2026-01-24,395,2026-01-28,2026-01-30,Delivered,4116421,395,
O8816,P7257,2025-11-07,376,2025-11-12,2025-11-16,Delivered,2922508,376,SUP6590
O8817,P7635,2025-08-05,380,2025-08-08,2025-08-13,Delayed,4291145,342,SUP5423
O8818,P8734,2026-02-20,321,2026-02-24,2026-02-27,Delayed,2081344,289,SUP1104
O8819,P7202,2026-01-22,147,2026-01-31,2026-02-04,Pending,3175549,74,SUP1729
O8820,P4001,2025-10-05,113,2025-10-12,2025-10-17,Delayed,4553023,102,
O8821,P4938,2025-08-01,253,2025-08-09,2025-08-10,Delayed,2304136,228,SUP9731
O8822,P7353,2026-03-11,67,2026-03-19,2026-03-21,Delayed,2669789,60,SUP369
O8823,P636,2025-09-17,489,2025-09-27,2025-09-30,Pending,2512382,244,
O8824,P1601,2026-02-06,65,2026-02-09,2026-02-14,Delivered,300934,65,SUP4211
O8825,P9981,2025-07-24,214,2025-07-27,2025-07-30,Pending,1878511,107,SUP4357
O8826,P7580,2025-11-21,82,2025-11-24,2025-11-26,Delayed,1669954,74,SUP9099
O8827,P3171,2025-11-12,394,2025-11-16,2025-11-19,Delayed,159510,355,SUP5050
O8828,P918,2025-11-13,149,2025-11-19,2025-11-21,Delivered,1896441,149,SUP1610
O8829,P2626,2026-04-27,329,2026-05-06,2026-05-10,Pending,2759865,164,SUP7146
O8830,P515,2025-08-06,129,2025-08-12,2025-08-14,Delivered,4636798,129,
O8831,P4296,2026-01-24,490,2026-01-28,2026-02-01,Delayed,4880074,441,SUP5098
O8832,P9816,2025-10-16,85,2025-10-19,2025-10-24,Delivered,1430370,85,
O8833,P6391,2025-06-30,444,2025-07-06,2025-07-07,Pending,211735,222,SUP3239
O8834,P3182,2026-03-17,106,2026-03-27,2026-03-28,Delayed,45573,95,SUP5422
O8835,P7000,2026-04-04,119,2026-04-07,2026-04-11,Delivered,4890538,119,
O8836,P4042,2025-07-31,422,2025-08-03,2025-08-05,Delivered,2944253,422,
O8837,P3508,2025-11-12,146,2025-11-17,2025-11-18,Delivered,3225554,146,
O8838,P3315,2026-04-20,331,2026-04-24,2026-04-25,Delivered,1087240,331,SUP7434
O8839,P5370,2025-06-24,73,2025-06-30,2025-07-04,Delivered,4229185,73,
O8840,P3448,2026-03-06,76,2026-03-09,2026-03-09,Delivered,2126454,76,
O8841,P5871,2025-06-28,476,2025-07-06,2025-07-11,Delivered,3694003,476,
O8842,P8736,2025-12-14,496,2025-12-21,2025-12-26,Delayed,1171875,446,
O8843,P7855,2026-03-27,386,2026-04-04,2026-04-08,Pending,153534,193,SUP618
O8844,P2227,2025-08-14,481,2025-08-23,2025-08-26,Pending,1434340,240,SUP9420
O8845,P1527,2025-10-17,87,2025-10-25,2025-10-27,Delivered,3343077,87,SUP5551
O8846,P3744,2025-07-22,139,2025-07-27,2025-07-27,Delivered,3093652,139,
O8847,P6590,2026-03-21,140,2026-03-31,2026-03-31,Delivered,601453,140,SUP1632
O8848,P2302,2026-05-25,392,2026-05-28,2026-05-30,Pending,4674256,196,
O8849,P6121,2025-06-01,371,2025-06-06,2025-06-11,Delayed,348947,334,
O8850,P5506,2026-04-25,44,2026-05-01,2026-05-05,Delivered,2197247,44,
O8851,P3634,2025-12-19,341,2025-12-24,2025-12-25,Pending,2838362,170,
O8852,P7839,2026-04-09,492,2026-04-15,2026-04-20,Pending,4120369,246,SUP4300
O8853,P1962,2025-08-02,319,2025-08-06,2025-08-08,Delayed,3306975,287,
O8854,P6266,2025-06-04,497,2025-06-12,2025-06-13,Delivered,221552,497,SUP1175
O8855,P5242,2025-06-12,409,2025-06-19,2025-06-20,Delivered,101642,409,
O8856,P2938,2026-04-05,28,2026-04-14,2026-04-18,Delayed,4078641,25,SUP8580
O8857,P2944,2025-11-09,377,2025-11-15,2025-11-18,Delayed,1928710,339,SUP364
O8858,P5240,2025-08-15,347,2025-08-19,2025-08-20,Delivered,4952509,347,SUP972
O8859,P4677,2026-01-21,133,2026-01-31,2026-02-02,Delayed,2582120,120,
O8860,P5465,2025-06-30,97,2025-07-08,2025-07-10,Pending,3357020,48,SUP2812
O8861,P3949,2025-07-16,74,2025-07-26,2025-07-29,Pending,1235645,37,SUP292
O8862,P8799,2025-07-09,293,2025-07-12,2025-07-15,Delivered,2331770,293,
O8863,P7683,2025-10-12,280,2025-10-22,2025-10-23,Pending,4135998,140,SUP422
O8864,P7664,2026-04-25,313,2026-05-01,2026-05-02,Delayed,2067646,282,SUP3704
O8865,P6135,2026-04-03,190,2026-04-08,2026-04-12,Delayed,898507,171,SUP2267
O8866,P3321,2026-04-21,399,2026-04-27,2026-04-27,Delivered,2154279,399,SUP9412
O8867,P157,2025-10-30,430,2025-11-07,2025-11-10,Delivered,2189273,430,SUP4322
O8868,P9815,2025-06-18,327,2025-06-22,2025-06-22,Delayed,4828003,294,SUP882
O8869,P7899,2025-08-04,43,2025-08-11,2025-08-14,Delivered,99636,43,
O8870,P5747,2025-12-25,68,2025-12-31,2025-12-31,Delivered,3321074,68,
O8871,P4418,2026-05-19,175,2026-05-28,2026-05-30,Delayed,675044,158,SUP9532
O8872,P9254,2026-02-08,37,2026-02-16,2026-02-16,Delayed,4986123,33,SUP773
O8873,P1368,2026-05-07,96,2026-05-13,2026-05-16,Delivered,586800,96,
O8874,P7637,2026-04-13,130,2026-04-20,2026-04-25,Delayed,1455464,117,
O8875,P5333,2025-06-20,257,2025-06-25,2025-06-25,Delivered,286335,257,SUP8794
O8876,P8201,2026-05-27,123,2026-05-30,2026-06-01,Delayed,2170550,111,SUP7798
O8877,P5038,2025-08-19,13,2025-08-28,2025-08-30,Delayed,61005,12,
O8878,P8263,2026-03-20,336,2026-03-28,2026-04-01,Pending,4333962,168,SUP6150
O8879,P4673,2025-07-07,447,2025-07-17,2025-07-18,Pending,2414659,224,SUP3383
O8880,P3620,2025-09-17,124,2025-09-22,2025-09-22,Pending,1203136,62,SUP73
O8881,P5103,2026-05-13,133,2026-05-20,2026-05-21,Delivered,3601511,133,SUP2613
O8882,P3188,2025-08-26,494,2025-09-02,2025-09-02,Delivered,1394805,494,SUP185
O8883,P5601,2026-03-03,184,2026-03-13,2026-03-18,Pending,4842394,92,
O8884,P615,2026-03-09,23,2026-03-19,2026-03-20,Delayed,3430059,21,SUP7806
O8885,P8312,2025-11-02,417,2025-11-06,2025-11-06,Delivered,2651956,417,SUP3157
O8886,P76,2026-02-09,56,2026-02-15,2026-02-18,Delivered,330082,56,SUP514
O8887,P2472,2026-01-19,47,2026-01-26,2026-01-31,Delivered,545217,47,SUP3807
O8888,P2911,2026-03-30,448,2026-04-02,2026-04-05,Pending,1467456,224,SUP4276
O8889,P4085,2025-09-05,106,2025-09-12,2025-09-17,Pending,4924559,53,
O8890,P2922,2026-05-08,488,2026-05-17,2026-05-20,Delayed,1336421,439,
O8891,P5473,2025-11-17,301,2025-11-27,2025-11-28,Delayed,3056671,271,
O8892,P2649,2025-08-18,225,2025-08-28,2025-08-29,Delivered,2132110,225,
O8893,P4077,2026-04-20,320,2026-04-27,2026-04-28,Delayed,4542897,288,SUP9193
O8894,P8691,2025-09-05,249,2025-09-14,2025-09-18,Pending,733864,124,SUP5248
O8895,P9828,2026-03-30,318,2026-04-05,2026-04-06,Delivered,2222522,318,SUP1377
O8896,P6348,2025-11-03,316,2025-11-12,2025-11-14,Pending,870975,158,
O8897,P1444,2025-11-05,369,2025-11-12,2025-11-17,Pending,3835571,184,SUP4037
O8898,P927,2025-11-01,69,2025-11-07,2025-11-12,Pending,1589515,34,SUP2083
O8899,P7152,2025-09-14,36,2025-09-22,2025-09-27,Pending,4171086,18,SUP6871
O8900,P5477,2026-04-23,500,2026-05-03,2026-05-08,Delivered,2976661,500,
O8901,P5377,2026-01-08,57,2026-01-17,2026-01-18,Delayed,4431686,51,
O8902,P3278,2026-01-16,63,2026-01-21,2026-01-21,Delivered,1774741,63,
O8903,P8112,2025-11-26,291,2025-12-05,2025-12-10,Delayed,1293086,262,
O8904,P801,2025-09-21,115,2025-09-24,2025-09-24,Delivered,4279501,115,SUP1645
O8905,P5493,2026-01-06,393,2026-01-13,2026-01-13,Pending,520272,196,SUP3413
O8906,P7203,2026-02-02,47,2026-02-07,2026-02-12,Delivered,4862062,47,SUP445
O8907,P5927,2026-02-17,13,2026-02-22,2026-02-23,Delayed,766047,12,SUP4974
O8908,P9978,2025-08-03,293,2025-08-12,2025-08-12,Pending,4655158,146,SUP580
O8909,P5226,2025-06-20,30,2025-06-25,2025-06-30,Delivered,1826969,30,
O8910,P3682,2026-02-04,260,2026-02-07,2026-02-11,Delayed,3105492,234,
O8911,P2325,2025-11-14,207,2025-11-23,2025-11-25,Delayed,3581052,186,SUP2369
O8912,P9528,2025-09-12,225,2025-09-20,2025-09-23,Pending,4854096,112,SUP879
O8913,P4404,2025-07-17,338,2025-07-25,2025-07-25,Delayed,2853970,304,
O8914,P6959,2025-11-03,73,2025-11-09,2025-11-13,Delayed,4192978,66,SUP3700
O8915,P5712,2025-06-19,457,2025-06-22,2025-06-23,Pending,3589966,228,SUP5472
O8916,P7350,2026-05-07,277,2026-05-14,2026-05-16,Pending,1979956,138,SUP4794
O8917,P4684,2025-11-02,39,2025-11-07,2025-11-09,Pending,4328960,20,
O8918,P3180,2025-11-07,430,2025-11-10,2025-11-14,Delivered,2467991,430,
O8919,P2529,2026-05-14,490,2026-05-17,2026-05-20,Delivered,3556568,490,SUP4024
O8920,P5499,2025-10-12,312,2025-10-21,2025-10-24,Delayed,2709469,281,SUP1840
O8921,P5273,2025-08-25,136,2025-09-03,2025-09-07,Delivered,1715931,136,SUP1640
O8922,P8558,2025-09-22,92,2025-10-02,2025-10-06,Delivered,2617447,92,
O8923,P5594,2025-09-19,333,2025-09-23,2025-09-28,Pending,3304014,166,
O8924,P1169,2025-06-12,366,2025-06-20,2025-06-24,Pending,1835462,183,SUP6031
O8925,P6756,2025-08-06,95,2025-08-14,2025-08-14,Delivered,2090580,95,SUP89
O8926,P6973,2025-07-22,261,2025-08-01,2025-08-01,Delivered,4073695,261,
O8927,P989,2025-12-16,209,2025-12-25,2025-12-30,Delivered,2668214,209,SUP9102
O8928,P5157,2026-04-01,368,2026-04-04,2026-04-08,Pending,3409943,184,SUP4972
O8929,P5355,2026-05-27,342,2026-05-30,2026-06-02,Delayed,3386314,308,SUP1583
O8930,P3192,2026-03-13,265,2026-03-16,2026-03-21,Delivered,2737660,265,SUP457
O8931,P4301,2026-02-12,74,2026-02-17,2026-02-20,Delivered,488502,74,
O8932,P5479,2026-05-28,301,2026-06-02,2026-06-02,Pending,2216925,150,SUP2331
O8933,P8389,2025-12-29,226,2026-01-03,2026-01-08,Pending,1712957,113,
O8934,P901,2026-02-01,130,2026-02-05,2026-02-07,Pending,2782344,65,
O8935,P8027,2025-09-22,319,2025-09-28,2025-09-30,Delivered,2714473,319,
O8936,P9441,2026-03-20,103,2026-03-25,2026-03-25,Pending,4113403,52,SUP1652
O8937,P5954,2026-05-23,386,2026-05-29,2026-05-30,Delivered,1699598,386,SUP686
O8938,P8759,2025-06-25,86,2025-06-29,2025-07-02,Delayed,2871838,77,SUP2694
O8939,P3736,2025-05-29,441,2025-06-06,2025-06-10,Pending,2211926,220,SUP3581
O8940,P753,2026-01-15,363,2026-01-24,2026-01-29,Delivered,2495402,363,
O8941,P2955,2026-04-15,90,2026-04-18,2026-04-19,Delivered,2343276,90,
O8942,P2433,2026-02-27,64,2026-03-08,2026-03-08,Pending,2302071,32,SUP1308
O8943,P9805,2026-03-28,46,2026-04-03,2026-04-06,Pending,2890309,23,SUP3179
O8944,P7344,2025-10-17,302,2025-10-23,2025-10-27,Delivered,2053883,302,
O8945,P9395,2025-10-28,115,2025-11-04,2025-11-08,Delivered,4916102,115,
O8946,P1494,2026-03-03,238,2026-03-11,2026-03-14,Delayed,347478,214,SUP1950
O8947,P4428,2025-10-05,333,2025-10-10,2025-10-10,Pending,3302450,166,SUP5926
O8948,P8454,2026-03-23,464,2026-04-01,2026-04-03,Pending,880279,232,SUP9718
O8949,P9011,2025-07-16,210,2025-07-25,2025-07-29,Delayed,507056,189,
O8950,P1994,2025-11-19,289,2025-11-24,2025-11-26,Delivered,3982204,289,SUP2110
O8951,P9990,2026-01-10,453,2026-01-15,2026-01-16,Delivered,3202067,453,
O8952,P7397,2025-10-19,434,2025-10-24,2025-10-27,Delayed,508742,391,
O8953,P8133,2025-09-13,308,2025-09-23,2025-09-23,Delayed,2397158,277,SUP5755
O8954,P4267,2026-03-17,417,2026-03-23,2026-03-28,Pending,1774218,208,SUP2715
O8955,P6714,2026-01-28,141,2026-02-05,2026-02-05,Delayed,4327309,127,
O8956,P7398,2026-01-03,200,2026-01-10,2026-01-14,Pending,4993126,100,SUP1981
O8957,P672,2025-08-01,100,2025-08-04,2025-08-09,Delayed,2796998,90,SUP5225
O8958,P1003,2025-11-02,191,2025-11-07,2025-11-10,Delivered,3079299,191,SUP2209
O8959,P3379,2025-06-26,87,2025-07-02,2025-07-02,Delivered,2797564,87,
O8960,P6695,2025-10-16,173,2025-10-19,2025-10-23,Pending,431513,86,
O8961,P8688,2025-12-24,186,2025-12-28,2025-12-29,Pending,3813828,93,SUP205
O8962,P3252,2025-08-11,429,2025-08-14,2025-08-14,Pending,3407976,214,
O8963,P6807,2025-08-09,40,2025-08-19,2025-08-24,Delayed,4305334,36,SUP7097
O8964,P4970,2025-09-22,150,2025-10-01,2025-10-04,Pending,105137,75,
O8965,P4993,2025-08-16,467,2025-08-26,2025-08-28,Delivered,4563711,467,
O8966,P771,2026-02-25,238,2026-03-07,2026-03-10,Pending,2055960,119,SUP6025
O8967,P9413,2026-03-28,214,2026-04-07,2026-04-09,Pending,381240,107,
O8968,P4400,2026-03-30,172,2026-04-03,2026-04-04,Delivered,2693782,172,SUP189
O8969,P8700,2026-05-27,207,2026-06-06,2026-06-10,Pending,3469789,104,SUP4820
O8970,P9148,2025-10-12,159,2025-10-21,2025-10-24,Delivered,3957910,159,SUP7949
O8971,P4927,2025-07-11,274,2025-07-17,2025-07-22,Delayed,3587787,247,
O8972,P8025,2025-12-19,262,2025-12-27,2025-12-31,Delivered,650674,262,SUP23
O8973,P3450,2025-11-09,105,2025-11-12,2025-11-12,Delayed,3086214,94,
O8974,P5289,2026-05-14,256,2026-05-21,2026-05-26,Pending,1225795,128,SUP470
O8975,P6062,2025-09-14,127,2025-09-23,2025-09-24,Delayed,3476414,114,SUP2913
O8976,P3209,2026-04-05,414,2026-04-11,2026-04-13,Pending,4860842,207,SUP5021
O8977,P1753,2025-08-20,130,2025-08-27,2025-09-01,Delivered,4370974,130,
O8978,P6495,2025-09-11,356,2025-09-19,2025-09-24,Delivered,1490502,356,SUP6271
O8979,P7807,2025-06-06,498,2025-06-14,2025-06-14,Pending,3840587,249,SUP8989
O8980,P5194,2026-03-26,325,2026-04-03,2026-04-05,Delivered,3270850,325,
O8981,P2635,2025-09-01,31,2025-09-11,2025-09-11,Delivered,2451260,31,SUP3576
O8982,P8447,2026-02-01,342,2026-02-08,2026-02-12,Delivered,2187168,342,SUP4035
O8983,P5620,2025-08-19,331,2025-08-24,2025-08-27,Pending,2169862,166,SUP1621
O8984,P4838,2025-08-01,72,2025-08-06,2025-08-08,Delivered,4645120,72,SUP410
O8985,P1401,2025-10-25,70,2025-10-30,2025-10-30,Delivered,627665,70,SUP4919
O8986,P6314,2026-05-28,104,2026-06-06,2026-06-09,Pending,375723,52,SUP7685
O8987,P6270,2025-12-04,194,2025-12-08,2025-12-11,Delivered,2596595,194,
O8988,P6428,2026-01-21,296,2026-01-26,2026-01-28,Delivered,2182984,296,
O8989,P7675,2026-03-28,320,2026-04-01,2026-04-03,Delivered,2405134,320,SUP2149
O8990,P3478,2025-12-18,25,2025-12-27,2025-12-30,Delivered,4526883,25,SUP989
O8991,P9627,2025-11-28,491,2025-12-08,2025-12-08,Delayed,288383,442,
O8992,P5442,2026-02-21,365,2026-02-26,2026-02-28,Delayed,4174524,328,SUP7788
O8993,P1460,2025-09-14,225,2025-09-22,2025-09-25,Delivered,1495514,225,SUP1656
O8994,P4507,2026-05-19,462,2026-05-25,2026-05-28,Pending,3300375,231,SUP8512
O8995,P7270,2026-02-11,153,2026-02-16,2026-02-20,Delivered,3320540,153,
O8996,P5879,2026-01-22,268,2026-01-31,2026-02-02,Delivered,4498892,268,SUP3151
O8997,P3956,2026-03-14,399,2026-03-24,2026-03-25,Pending,2988712,200,
O8998,P6371,2025-09-12,487,2025-09-16,2025-09-21,Delayed,3764582,438,SUP1327
O8999,P3415,2025-07-26,325,2025-07-29,2025-08-01,Delivered,3170910,325,
O9000,P8250,2025-12-24,39,2026-01-01,2026-01-01,Delivered,838658,39,SUP3985
O9001,P7210,2025-12-10,225,2025-12-13,2025-12-13,Pending,3219686,112,SUP6296
O9002,P4865,2025-12-22,106,2025-12-25,2025-12-30,Delayed,3749722,95,SUP245
O9003,P6736,2025-11-14,422,2025-11-24,2025-11-24,Pending,2712308,211,SUP9740
O9004,P9778,2025-07-09,171,2025-07-19,2025-07-23,Delayed,3769524,154,SUP508
O9005,P9105,2025-11-15,257,2025-11-23,2025-11-23,Delayed,1515746,231,
O9006,P8256,2026-05-13,392,2026-05-22,2026-05-22,Delayed,4592807,353,SUP2066
O9007,P6747,2026-02-26,39,2026-03-04,2026-03-08,Delivered,3935400,39,
O9008,P6833,2025-08-24,404,2025-08-27,2025-08-27,Pending,4421997,202,
O9009,P2779,2025-11-19,114,2025-11-27,2025-11-29,Delayed,4885590,103,
O9010,P1779,2026-05-12,178,2026-05-17,2026-05-21,Delayed,2808471,160,SUP1661
O9011,P8444,2026-04-20,174,2026-04-26,2026-04-28,Delivered,4145992,174,SUP3209
O9012,P2309,2026-03-22,174,2026-03-31,2026-04-02,Pending,2112078,87,SUP5556
O9013,P7841,2026-02-20,152,2026-03-01,2026-03-06,Pending,4905210,76,SUP1037
O9014,P6109,2025-12-08,435,2025-12-14,2025-12-16,Pending,3517776,218,SUP5188
O9015,P4306,2026-05-11,484,2026-05-20,2026-05-23,Delivered,361179,484,SUP7734
O9016,P7738,2025-12-14,232,2025-12-20,2025-12-22,Delivered,663501,232,
O9017,P870,2025-08-04,262,2025-08-07,2025-08-09,Pending,1377313,131,SUP8070
O9018,P6782,2025-12-17,420,2025-12-27,2026-01-01,Delayed,4723335,378,SUP7964
O9019,P5760,2026-04-03,112,2026-04-09,2026-04-14,Delivered,1761153,112,
O9020,P8032,2025-10-22,428,2025-10-29,2025-11-01,Delivered,2953301,428,SUP5541
O9021,P3499,2025-08-08,175,2025-08-13,2025-08-14,Delayed,3135579,158,
O9022,P2040,2025-12-28,368,2026-01-07,2026-01-09,Delayed,4313110,331,
O9023,P3777,2026-03-31,465,2026-04-09,2026-04-09,Delayed,2976487,418,
O9024,P4709,2026-01-10,374,2026-01-18,2026-01-19,Delivered,1908591,374,SUP2086
O9025,P9369,2026-04-09,455,2026-04-12,2026-04-12,Delivered,3365356,455,SUP3774
O9026,P4107,2026-02-13,162,2026-02-19,2026-02-23,Delivered,1647348,162,SUP9483
O9027,P3591,2025-11-01,207,2025-11-07,2025-11-12,Delayed,219383,186,SUP314
O9028,P1585,2025-09-24,388,2025-09-29,2025-10-01,Pending,2251189,194,
O9029,P7558,2025-11-17,435,2025-11-26,2025-12-01,Delayed,4108207,392,SUP1633
O9030,P602,2026-01-12,169,2026-01-20,2026-01-25,Pending,3233984,84,SUP8160
O9031,P2154,2026-01-02,376,2026-01-07,2026-01-08,Delivered,599485,376,SUP2975
O9032,P7902,2025-09-04,306,2025-09-08,2025-09-08,Delivered,2741086,306,SUP1183
O9033,P5001,2026-01-26,319,2026-01-29,2026-01-29,Pending,1544695,160,
O9034,P9343,2025-06-21,52,2025-06-26,2025-06-29,Delayed,4178740,47,
O9035,P1357,2025-08-20,347,2025-08-23,2025-08-28,Delivered,3482297,347,
O9036,P5943,2025-10-21,324,2025-10-28,2025-10-28,Delayed,14948,292,
O9037,P7998,2026-03-12,459,2026-03-20,2026-03-24,Pending,3120569,230,
O9038,P2440,2026-03-25,10,2026-03-31,2026-04-05,Delivered,1157742,10,
O9039,P1993,2025-10-07,387,2025-10-13,2025-10-15,Delayed,3369488,348,SUP1401
O9040,P8168,2026-03-27,204,2026-04-01,2026-04-03,Delayed,3175155,184,
O9041,P7142,2026-03-10,139,2026-03-13,2026-03-15,Pending,2535779,70,SUP6984
O9042,P2493,2025-12-07,139,2025-12-16,2025-12-16,Pending,1799700,70,SUP555
O9043,P4314,2026-03-15,455,2026-03-24,2026-03-25,Delayed,2074449,410,
O9044,P6323,2025-07-16,154,2025-07-23,2025-07-26,Delayed,794733,139,SUP4605
O9045,P9920,2025-08-20,321,2025-08-25,2025-08-29,Delayed,3491565,289,
O9046,P5446,2026-02-23,179,2026-02-26,2026-03-02,Delivered,666300,179,SUP5287
O9047,P1452,2026-04-25,474,2026-04-30,2026-05-03,Delivered,3155469,474,SUP5923
O9048,P4827,2025-06-09,255,2025-06-12,2025-06-17,Delayed,3009794,230,SUP9750
O9049,P638,2025-09-29,114,2025-10-03,2025-10-05,Delayed,1071040,103,SUP1289
O9050,P7366,2025-06-18,260,2025-06-25,2025-06-30,Delayed,4601869,234,SUP674
O9051,P9415,2025-07-27,491,2025-07-31,2025-08-01,Delivered,2181977,491,SUP1137
O9052,P5823,2025-10-15,90,2025-10-22,2025-10-25,Delayed,112353,81,SUP4443
O9053,P4305,2025-12-29,25,2026-01-01,2026-01-02,Delayed,710436,22,SUP4330
O9054,P2885,2026-04-17,460,2026-04-20,2026-04-22,Delayed,1212044,414,SUP1570
O9055,P7984,2025-08-07,297,2025-08-12,2025-08-13,Delayed,1117350,267,SUP6518
O9056,P5793,2026-03-07,55,2026-03-13,2026-03-17,Delayed,1427191,50,
O9057,P8225,2025-08-06,23,2025-08-14,2025-08-18,Pending,553191,12,
O9058,P9482,2026-04-19,22,2026-04-27,2026-04-29,Delayed,1901514,20,SUP7110
O9059,P1678,2025-06-24,175,2025-07-02,2025-07-04,Pending,1557489,88,SUP3936
O9060,P2071,2026-03-29,26,2026-04-02,2026-04-07,Delayed,4696715,23,SUP2469
O9061,P5290,2025-07-03,407,2025-07-10,2025-07-15,Delayed,3528467,366,SUP1212
O9062,P8615,2025-07-28,431,2025-07-31,2025-08-05,Delivered,1369412,431,
O9063,P6601,2026-02-21,493,2026-02-26,2026-03-02,Delivered,2176843,493,SUP9340
O9064,P1656,2026-05-01,193,2026-05-08,2026-05-10,Delayed,4994977,174,SUP1282
O9065,P8321,2025-06-29,122,2025-07-03,2025-07-08,Delivered,1660359,122,
O9066,P8520,2025-10-06,26,2025-10-10,2025-10-14,Delayed,2581380,23,
O9067,P844,2026-02-12,346,2026-02-15,2026-02-19,Delivered,4469284,346,
O9068,P9204,2026-05-20,350,2026-05-26,2026-05-27,Pending,435570,175,
O9069,P5951,2025-09-09,232,2025-09-16,2025-09-19,Delayed,3552624,209,SUP2508
O9070,P6043,2025-09-04,494,2025-09-09,2025-09-10,Delayed,4302006,445,
O9071,P147,2025-11-30,85,2025-12-08,2025-12-11,Delayed,3158590,76,SUP2342
O9072,P6889,2025-12-25,116,2025-12-31,2026-01-03,Pending,1241235,58,SUP2817
O9073,P7593,2025-08-29,74,2025-09-03,2025-09-08,Pending,4855096,37,SUP5372
O9074,P1601,2026-01-27,107,2026-02-02,2026-02-07,Pending,2281564,54,SUP4211
O9075,P8141,2025-07-20,485,2025-07-28,2025-08-02,Delayed,3845606,436,SUP4573
O9076,P2919,2026-03-06,44,2026-03-12,2026-03-14,Pending,4417712,22,
O9077,P9494,2025-10-31,102,2025-11-04,2025-11-07,Pending,1614964,51,
O9078,P9072,2025-10-07,147,2025-10-17,2025-10-17,Delivered,3157540,147,SUP2104
O9079,P8502,2025-07-29,79,2025-08-08,2025-08-09,Delivered,997801,79,
O9080,P6977,2025-06-08,212,2025-06-18,2025-06-20,Delivered,105486,212,
O9081,P7303,2025-09-16,389,2025-09-23,2025-09-28,Delivered,515350,389,SUP1977
O9082,P9347,2025-10-23,95,2025-11-01,2025-11-04,Delayed,476633,86,SUP2098
O9083,P7966,2026-02-14,72,2026-02-17,2026-02-17,Pending,2496606,36,
O9084,P8539,2025-07-15,250,2025-07-21,2025-07-23,Delivered,3020469,250,
O9085,P9746,2025-07-30,185,2025-08-08,2025-08-09,Pending,471793,92,SUP1653
O9086,P3429,2025-08-11,378,2025-08-15,2025-08-20,Delayed,911354,340,SUP467
O9087,P6510,2025-11-26,338,2025-12-06,2025-12-06,Delivered,3417182,338,SUP215
O9088,P8621,2025-12-22,100,2025-12-25,2025-12-29,Delivered,1761347,100,SUP3054
O9089,P1890,2025-09-27,394,2025-10-06,2025-10-09,Pending,3607975,197,SUP6612
O9090,P6965,2025-06-12,90,2025-06-21,2025-06-23,Pending,2952920,45,
O9091,P3602,2025-07-04,473,2025-07-12,2025-07-17,Delivered,3057633,473,SUP8682
O9092,P6368,2025-05-28,494,2025-05-31,2025-06-04,Delayed,2800990,445,SUP313
O9093,P9183,2025-06-09,476,2025-06-17,2025-06-17,Delivered,3055001,476,SUP151
O9094,P2366,2026-03-22,422,2026-03-29,2026-03-31,Delayed,1884544,380,SUP4248
O9095,P2846,2026-04-01,123,2026-04-09,2026-04-12,Delivered,4421196,123,SUP1404
O9096,P4183,2025-11-17,466,2025-11-22,2025-11-25,Pending,2012404,233,
O9097,P6586,2026-03-25,222,2026-04-02,2026-04-03,Pending,4682585,111,SUP4155
O9098,P1500,2025-11-15,155,2025-11-25,2025-11-30,Delivered,1519574,155,SUP3336
O9099,P845,2025-06-27,30,2025-07-03,2025-07-05,Delivered,2940965,30,
O9100,P2520,2026-04-11,361,2026-04-18,2026-04-23,Delivered,2618480,361,
O9101,P1646,2025-08-13,213,2025-08-19,2025-08-20,Pending,342994,106,
O9102,P1601,2026-03-01,310,2026-03-09,2026-03-13,Delivered,284721,310,SUP4211
O9103,P6691,2026-02-20,55,2026-02-23,2026-02-24,Delivered,1480675,55,SUP8573
O9104,P8724,2025-06-07,257,2025-06-13,2025-06-16,Delayed,763815,231,SUP9558
O9105,P1085,2025-10-04,496,2025-10-07,2025-10-09,Delivered,4925167,496,
O9106,P2693,2025-07-01,181,2025-07-10,2025-07-13,Pending,3602281,90,SUP4333
O9107,P7900,2026-01-27,258,2026-02-06,2026-02-11,Delayed,1458362,232,
O9108,P1607,2025-05-30,156,2025-06-09,2025-06-12,Delayed,3297054,140,SUP5869
O9109,P9215,2026-02-17,372,2026-02-23,2026-02-27,Pending,801310,186,
O9110,P6914,2025-10-27,93,2025-11-01,2025-11-03,Delayed,4482810,84,SUP4353
O9111,P7187,2026-01-10,404,2026-01-16,2026-01-19,Delayed,3213360,364,
O9112,P1790,2025-06-27,79,2025-06-30,2025-07-03,Pending,4206756,40,
O9113,P7968,2025-09-01,110,2025-09-08,2025-09-13,Pending,4970315,55,
O9114,P2411,2026-04-06,305,2026-04-13,2026-04-16,Delayed,4480509,274,SUP2196
O9115,P8182,2026-04-29,448,2026-05-05,2026-05-10,Delivered,3999881,448,SUP5392
O9116,P990,2026-05-05,285,2026-05-14,2026-05-16,Delivered,4266517,285,
O9117,P9140,2026-04-02,245,2026-04-12,2026-04-14,Pending,109666,122,SUP6909
O9118,P2526,2025-07-16,151,2025-07-25,2025-07-29,Delayed,1737067,136,SUP2031
O9119,P5486,2025-06-20,357,2025-06-23,2025-06-28,Delayed,3820772,321,SUP4726
O9120,P7375,2025-12-24,156,2025-12-30,2025-12-31,Pending,978737,78,
O9121,P202,2026-05-02,331,2026-05-08,2026-05-11,Delayed,866327,298,SUP18
O9122,P8036,2026-03-26,93,2026-03-29,2026-04-03,Delayed,4470549,84,
O9123,P848,2025-09-28,461,2025-10-01,2025-10-06,Delayed,2860455,415,
O9124,P4087,2025-08-31,81,2025-09-07,2025-09-12,Delayed,113148,73,
O9125,P4150,2026-01-11,455,2026-01-19,2026-01-23,Pending,1171763,228,SUP8349
O9126,P5354,2026-03-15,191,2026-03-25,2026-03-28,Delayed,1938356,172,
O9127,P4016,2025-06-12,360,2025-06-22,2025-06-25,Delayed,4467398,324,SUP2592
O9128,P8368,2026-02-24,335,2026-03-04,2026-03-08,Pending,211106,168,SUP3522
O9129,P5237,2025-10-10,90,2025-10-13,2025-10-18,Delivered,4480772,90,SUP6636
O9130,P8861,2025-11-09,80,2025-11-18,2025-11-19,Delayed,1265038,72,SUP8826
O9131,P7610,2026-01-02,487,2026-01-05,2026-01-06,Pending,3681401,244,SUP2189
O9132,P2594,2025-06-30,76,2025-07-06,2025-07-10,Pending,3184076,38,SUP5847
O9133,P8472,2025-10-08,289,2025-10-16,2025-10-21,Delivered,3315900,289,SUP2550
O9134,P7456,2025-11-10,122,2025-11-14,2025-11-14,Pending,1452778,61,SUP4797
O9135,P9542,2025-07-09,22,2025-07-12,2025-07-17,Delayed,1856730,20,
O9136,P6352,2025-12-12,220,2025-12-17,2025-12-18,Delivered,3582071,220,SUP3451
O9137,P2066,2026-02-22,283,2026-02-28,2026-03-02,Pending,4692783,142,SUP627
O9138,P725,2025-06-30,178,2025-07-06,2025-07-06,Delayed,1759336,160,SUP507
O9139,P8318,2025-12-13,272,2025-12-16,2025-12-20,Delivered,4118899,272,SUP4235
O9140,P1901,2026-04-08,42,2026-04-11,2026-04-16,Pending,1382958,21,SUP3926
O9141,P7740,2026-05-05,360,2026-05-15,2026-05-18,Delivered,2495761,360,
O9142,P4758,2025-09-22,159,2025-10-01,2025-10-01,Pending,2510247,80,SUP1302
O9143,P3682,2026-02-04,16,2026-02-12,2026-02-13,Delivered,1810247,16,
O9144,P5697,2025-08-23,293,2025-08-26,2025-08-30,Delivered,350612,293,SUP9151
O9145,P554,2025-08-28,213,2025-09-05,2025-09-09,Delayed,3100689,192,SUP1615
O9146,P7367,2026-02-23,251,2026-03-01,2026-03-05,Delayed,2445328,226,SUP7770
O9147,P5814,2025-09-03,186,2025-09-12,2025-09-15,Pending,3055038,93,SUP3317
O9148,P7490,2026-04-04,306,2026-04-12,2026-04-17,Delivered,2401081,306,
O9149,P7026,2025-08-21,368,2025-08-29,2025-08-31,Pending,3515943,184,
O9150,P780,2025-08-22,402,2025-08-29,2025-09-02,Delayed,3080289,362,SUP799
O9151,P7269,2025-09-04,48,2025-09-08,2025-09-10,Delivered,3482666,48,SUP4654
O9152,P5940,2026-03-27,163,2026-04-01,2026-04-06,Pending,3114356,82,SUP1852
O9153,P3365,2026-04-29,85,2026-05-07,2026-05-10,Delivered,4636720,85,SUP3076
O9154,P4115,2025-09-21,248,2025-09-26,2025-10-01,Delivered,446165,248,
O9155,P2539,2025-06-16,426,2025-06-24,2025-06-28,Pending,4172455,213,SUP7450
O9156,P5900,2026-01-21,154,2026-01-31,2026-02-03,Delivered,4640813,154,SUP7255
O9157,P3438,2025-09-14,390,2025-09-22,2025-09-27,Pending,3590099,195,
O9158,P3534,2025-12-28,319,2025-12-31,2026-01-02,Delayed,2016732,287,
O9159,P7875,2025-12-09,296,2025-12-12,2025-12-12,Delayed,4207558,266,SUP748
O9160,P6247,2025-08-19,488,2025-08-27,2025-08-27,Delivered,3159908,488,SUP3199
O9161,P7368,2025-12-10,21,2025-12-17,2025-12-21,Pending,1363393,10,SUP1141
O9162,P2199,2025-12-10,107,2025-12-19,2025-12-23,Delivered,322967,107,
O9163,P4020,2025-06-13,195,2025-06-20,2025-06-24,Pending,4916244,98,SUP9063
O9164,P5086,2025-12-13,317,2025-12-21,2025-12-24,Pending,1443217,158,SUP7184
O9165,P3265,2025-12-14,402,2025-12-18,2025-12-23,Pending,47676,201,SUP8203
O9166,P9022,2026-03-27,41,2026-04-02,2026-04-05,Delivered,1274714,41,SUP6032
O9167,P8879,2025-09-26,422,2025-09-29,2025-09-29,Delayed,3892976,380,SUP1021
O9168,P7828,2026-04-30,444,2026-05-08,2026-05-13,Pending,3874963,222,SUP9792
O9169,P6328,2025-11-23,350,2025-11-29,2025-12-03,Pending,838459,175,SUP4950
O9170,P6864,2025-10-21,230,2025-10-25,2025-10-30,Delivered,4439583,230,SUP9015
O9171,P682,2026-01-22,362,2026-01-27,2026-01-29,Pending,2118606,181,
O9172,P7980,2025-11-19,467,2025-11-24,2025-11-25,Delivered,2585683,467,
O9173,P5797,2025-08-12,118,2025-08-19,2025-08-22,Delivered,2863191,118,SUP1954
O9174,P4214,2025-06-21,466,2025-06-26,2025-06-26,Pending,1093825,233,
O9175,P1878,2026-02-03,131,2026-02-10,2026-02-10,Delivered,2227197,131,SUP4481
O9176,P5946,2026-01-29,318,2026-02-08,2026-02-11,Delivered,147217,318,SUP7256
O9177,P1459,2026-03-16,491,2026-03-24,2026-03-29,Delivered,2027086,491,
O9178,P9375,2025-06-18,273,2025-06-22,2025-06-27,Pending,1254816,136,
O9179,P5230,2025-08-23,340,2025-08-31,2025-09-03,Pending,1205500,170,SUP4863
O9180,P959,2026-03-13,282,2026-03-22,2026-03-24,Delayed,2487747,254,
O9181,P7971,2026-04-27,223,2026-05-02,2026-05-07,Delivered,813287,223,SUP1258
O9182,P1389,2025-06-04,248,2025-06-11,2025-06-16,Delivered,2000604,248,SUP961
O9183,P8398,2026-04-24,433,2026-04-30,2026-05-03,Delayed,2770514,390,SUP8933
O9184,P3190,2025-12-03,13,2025-12-13,2025-12-17,Delayed,1527462,12,SUP3129
O9185,P9173,2025-08-29,321,2025-09-04,2025-09-07,Pending,1684036,160,
O9186,P3230,2025-11-28,166,2025-12-05,2025-12-05,Pending,4741170,83,SUP5020
O9187,P1115,2026-02-06,349,2026-02-16,2026-02-18,Delayed,81697,314,SUP9580
O9188,P6491,2025-09-08,353,2025-09-18,2025-09-23,Delayed,4985050,318,SUP1169
O9189,P9331,2025-11-11,109,2025-11-16,2025-11-17,Pending,3630676,54,SUP6241
O9190,P1183,2026-01-27,171,2026-02-03,2026-02-05,Pending,3789915,86,SUP1496
O9191,P1261,2026-03-05,442,2026-03-10,2026-03-13,Delayed,4400392,398,SUP169
O9192,P9025,2025-08-27,150,2025-09-01,2025-09-01,Delayed,1658327,135,SUP1625
O9193,P2383,2026-03-30,149,2026-04-06,2026-04-11,Delivered,3787848,149,SUP2743
O9194,P1837,2026-05-03,163,2026-05-10,2026-05-15,Delayed,3353502,147,
O9195,P7277,2025-08-01,111,2025-08-06,2025-08-07,Pending,2457841,56,SUP8017
O9196,P8426,2026-03-26,370,2026-03-30,2026-04-04,Pending,101626,185,SUP2245
O9197,P2295,2025-09-10,30,2025-09-19,2025-09-19,Pending,1489179,15,
O9198,P1412,2025-06-13,145,2025-06-16,2025-06-19,Delivered,1367881,145,
O9199,P1647,2025-10-19,162,2025-10-26,2025-10-28,Pending,553432,81,SUP2357
O9200,P5469,2026-02-27,197,2026-03-02,2026-03-07,Delayed,3093345,177,
O9201,P9987,2025-10-13,151,2025-10-19,2025-10-24,Pending,2250275,76,
O9202,P3505,2026-01-09,76,2026-01-16,2026-01-16,Delivered,3605236,76,
O9203,P2174,2025-10-01,108,2025-10-07,2025-10-09,Pending,960005,54,SUP3884
O9204,P6096,2025-07-24,184,2025-08-01,2025-08-04,Delayed,3322845,166,SUP2612
O9205,P5882,2025-06-23,20,2025-06-29,2025-06-29,Delivered,270046,20,SUP1407
O9206,P7792,2025-06-03,74,2025-06-08,2025-06-09,Delayed,3583269,67,
O9207,P4483,2025-11-30,81,2025-12-07,2025-12-07,Delayed,697162,73,SUP9730
O9208,P3959,2025-07-04,97,2025-07-08,2025-07-09,Delivered,4654381,97,
O9209,P3183,2025-07-02,292,2025-07-09,2025-07-10,Delayed,1352476,263,
O9210,P1007,2026-05-28,371,2026-06-06,2026-06-08,Delayed,1895078,334,SUP5316
O9211,P2909,2025-10-03,315,2025-10-06,2025-10-11,Delayed,4322834,284,SUP3658
O9212,P4671,2025-05-29,196,2025-06-01,2025-06-05,Delivered,4799995,196,SUP2672
O9213,P3233,2025-12-14,498,2025-12-24,2025-12-29,Delivered,272998,498,
O9214,P955,2025-11-28,232,2025-12-02,2025-12-07,Pending,4702792,116,
O9215,P5348,2025-06-21,17,2025-06-28,2025-07-02,Delivered,1010138,17,SUP1443
O9216,P7618,2026-01-06,62,2026-01-09,2026-01-12,Delivered,205231,62,SUP3566
O9217,P5624,2025-12-12,103,2025-12-16,2025-12-18,Delivered,4176429,103,SUP6607
O9218,P2526,2026-04-24,121,2026-04-27,2026-04-29,Delivered,389358,121,SUP2031
O9219,P5630,2026-02-11,64,2026-02-16,2026-02-19,Delayed,4681674,58,SUP774
O9220,P4062,2026-05-12,18,2026-05-18,2026-05-23,Delivered,3897853,18,SUP7440
O9221,P3491,2026-05-09,415,2026-05-12,2026-05-15,Pending,2773197,208,SUP5340
O9222,P2653,2026-04-05,366,2026-04-11,2026-04-15,Delayed,851720,329,
O9223,P7163,2026-02-16,29,2026-02-20,2026-02-20,Delivered,3616403,29,
O9224,P9992,2025-10-14,257,2025-10-19,2025-10-24,Delivered,203037,257,SUP4004
O9225,P7035,2025-10-12,93,2025-10-21,2025-10-24,Pending,2495037,46,SUP1274
O9226,P9392,2025-07-14,372,2025-07-23,2025-07-23,Delayed,1649689,335,
O9227,P5954,2026-05-07,49,2026-05-17,2026-05-22,Delivered,624881,49,SUP686
O9228,P6727,2025-07-17,129,2025-07-26,2025-07-27,Delayed,1744052,116,
O9229,P2859,2025-12-06,499,2025-12-14,2025-12-19,Delayed,2733340,449,SUP6963
O9230,P2665,2026-04-09,91,2026-04-19,2026-04-24,Pending,315035,46,SUP659
O9231,P8918,2025-12-23,251,2025-12-27,2025-12-31,Delayed,2791469,226,SUP133
O9232,P7581,2025-07-09,39,2025-07-19,2025-07-23,Pending,4398301,20,SUP9939
O9233,P2680,2026-01-06,294,2026-01-11,2026-01-13,Delayed,1737331,265,SUP3324
O9234,P8649,2026-01-28,60,2026-02-02,2026-02-03,Delayed,626221,54,
O9235,P6552,2025-12-01,377,2025-12-08,2025-12-08,Delayed,3592935,339,
O9236,P406,2025-07-21,289,2025-07-26,2025-07-28,Pending,1389907,144,SUP7414
O9237,P9944,2026-03-24,126,2026-04-01,2026-04-04,Delivered,2576532,126,SUP3751
O9238,P7710,2026-05-19,114,2026-05-29,2026-06-03,Pending,3918398,57,
O9239,P5558,2025-09-20,162,2025-09-24,2025-09-28,Pending,4795328,81,SUP3271
O9240,P9020,2026-04-05,302,2026-04-15,2026-04-18,Pending,2692133,151,SUP2502
O9241,P7162,2026-02-11,386,2026-02-20,2026-02-21,Delivered,595975,386,
O9242,P4581,2026-05-01,377,2026-05-11,2026-05-11,Delivered,1756472,377,SUP1982
O9243,P7736,2025-09-07,438,2025-09-12,2025-09-14,Pending,3609246,219,SUP5723
O9244,P7615,2025-07-26,148,2025-08-03,2025-08-04,Delayed,3155222,133,SUP8538
O9245,P2131,2025-06-23,22,2025-06-30,2025-06-30,Pending,1713175,11,SUP3577
O9246,P3741,2025-08-24,313,2025-09-03,2025-09-08,Delayed,1260572,282,SUP6062
O9247,P2373,2026-01-22,203,2026-02-01,2026-02-04,Delayed,21223,183,SUP2758
O9248,P9109,2025-12-10,493,2025-12-18,2025-12-22,Pending,4272880,246,SUP800
O9249,P1048,2026-02-23,428,2026-03-03,2026-03-08,Pending,3777399,214,
O9250,P5193,2025-09-23,242,2025-09-28,2025-10-02,Delayed,1928295,218,SUP5254
O9251,P8552,2025-12-27,123,2026-01-03,2026-01-05,Delayed,4565972,111,
O9252,P8841,2025-07-08,55,2025-07-11,2025-07-12,Delayed,2207837,50,
O9253,P9356,2025-08-20,355,2025-08-29,2025-08-29,Delayed,4883995,320,SUP3964
O9254,P5146,2025-12-22,177,2025-12-27,2025-12-31,Delayed,4309306,159,
O9255,P4558,2025-07-28,245,2025-08-01,2025-08-06,Pending,4011491,122,SUP325
O9256,P9626,2025-07-21,229,2025-07-29,2025-08-01,Pending,2446990,114,SUP1028
O9257,P3551,2026-03-19,432,2026-03-29,2026-03-31,Delivered,2580538,432,
O9258,P1251,2025-06-18,215,2025-06-26,2025-06-29,Delivered,1318256,215,
O9259,P7090,2026-04-03,373,2026-04-07,2026-04-07,Delayed,1397329,336,
O9260,P4220,2026-05-12,420,2026-05-20,2026-05-21,Delayed,4114689,378,
O9261,P768,2025-07-13,149,2025-07-21,2025-07-23,Delayed,206399,134,SUP7164
O9262,P7908,2025-06-18,477,2025-06-21,2025-06-23,Delivered,3159694,477,SUP9425
O9263,P567,2026-02-28,306,2026-03-09,2026-03-12,Delivered,4301396,306,
O9264,P3421,2025-08-28,73,2025-09-05,2025-09-09,Delayed,3671819,66,SUP2517
O9265,P9613,2025-12-26,297,2026-01-05,2026-01-10,Pending,2947742,148,
O9266,P6369,2025-12-13,83,2025-12-19,2025-12-19,Delayed,1499410,75,
O9267,P5724,2025-10-17,250,2025-10-25,2025-10-30,Delayed,4344843,225,
O9268,P37,2026-03-28,333,2026-04-03,2026-04-07,Pending,165837,166,
O9269,P9959,2026-03-11,217,2026-03-15,2026-03-16,Pending,2440482,108,SUP4405
O9270,P2618,2025-06-29,286,2025-07-06,2025-07-10,Pending,1206989,143,SUP1335
O9271,P6369,2026-03-10,457,2026-03-20,2026-03-21,Delivered,4735615,457,
O9272,P117,2025-12-14,265,2025-12-21,2025-12-24,Delayed,711307,238,
O9273,P6734,2026-01-26,179,2026-02-04,2026-02-06,Pending,4308356,90,SUP1103
O9274,P704,2025-09-11,93,2025-09-18,2025-09-23,Delivered,4624350,93,SUP5906
O9275,P2633,2025-07-08,55,2025-07-15,2025-07-16,Delivered,987745,55,SUP6578
O9276,P4993,2025-06-14,221,2025-06-19,2025-06-23,Delayed,3818277,199,
O9277,P2667,2025-07-09,147,2025-07-18,2025-07-23,Delayed,3390351,132,
O9278,P8411,2026-04-01,333,2026-04-04,2026-04-09,Pending,784494,166,SUP6458
O9279,P9070,2025-10-19,22,2025-10-26,2025-10-28,Delayed,3918591,20,SUP2978
O9280,P2240,2025-10-23,22,2025-10-26,2025-10-31,Delayed,4606015,20,SUP4454
O9281,P9176,2025-11-03,277,2025-11-11,2025-11-16,Delivered,4934735,277,SUP6491
O9282,P8238,2025-06-24,452,2025-06-28,2025-07-03,Delivered,1071572,452,SUP6741
O9283,P2650,2025-07-12,447,2025-07-15,2025-07-15,Delivered,70603,447,SUP9911
O9284,P7125,2026-05-06,256,2026-05-15,2026-05-15,Delayed,403458,230,SUP2311
O9285,P2374,2026-02-16,401,2026-02-23,2026-02-27,Pending,3154131,200,
O9286,P8728,2026-04-06,402,2026-04-10,2026-04-15,Pending,4966674,201,SUP93
O9287,P114,2025-09-10,134,2025-09-17,2025-09-18,Delayed,441561,121,SUP4133
O9288,P1992,2026-01-30,253,2026-02-06,2026-02-06,Delivered,3121651,253,SUP1905
O9289,P804,2025-07-04,406,2025-07-08,2025-07-10,Delayed,4698917,365,SUP5223
O9290,P3336,2025-07-02,186,2025-07-07,2025-07-08,Delayed,1581426,167,SUP7965
O9291,P165,2025-07-18,208,2025-07-27,2025-08-01,Delayed,2449500,187,
O9292,P9178,2025-09-07,148,2025-09-14,2025-09-14,Delivered,1230602,148,SUP875
O9293,P7809,2026-05-06,107,2026-05-13,2026-05-16,Pending,4210380,54,SUP8782
O9294,P2641,2026-02-07,274,2026-02-17,2026-02-17,Delivered,1370226,274,
O9295,P8543,2025-10-05,388,2025-10-15,2025-10-20,Delivered,4505121,388,
O9296,P9612,2026-01-25,479,2026-01-31,2026-02-05,Delayed,2814102,431,
O9297,P4223,2025-07-16,398,2025-07-26,2025-07-29,Delayed,2803528,358,
O9298,P8045,2026-02-01,266,2026-02-04,2026-02-07,Delayed,464092,239,
O9299,P211,2026-03-13,355,2026-03-21,2026-03-21,Delayed,1862024,320,SUP6226
O9300,P3399,2025-11-20,391,2025-11-30,2025-12-03,Delivered,1595694,391,SUP4342
O9301,P1118,2026-05-08,283,2026-05-12,2026-05-17,Delayed,98091,255,SUP3078
O9302,P6796,2025-11-20,266,2025-11-25,2025-11-25,Pending,937135,133,
O9303,P1304,2025-09-30,46,2025-10-08,2025-10-12,Pending,1009944,23,SUP1599
O9304,P3932,2025-06-01,446,2025-06-06,2025-06-10,Delivered,3611354,446,SUP1082
O9305,P6988,2026-01-31,294,2026-02-06,2026-02-09,Delivered,689902,294,SUP3748
O9306,P8982,2026-01-10,296,2026-01-15,2026-01-16,Pending,1693434,148,SUP1580
O9307,P2303,2026-05-15,188,2026-05-18,2026-05-21,Delivered,353915,188,
O9308,P8874,2026-01-07,80,2026-01-11,2026-01-14,Pending,3149147,40,SUP69
O9309,P7352,2025-12-03,306,2025-12-08,2025-12-10,Delayed,944109,275,
O9310,P7436,2025-11-04,265,2025-11-07,2025-11-12,Pending,175484,132,SUP1361
O9311,P3096,2025-12-22,38,2025-12-30,2026-01-04,Delivered,3276520,38,SUP5940
O9312,P4334,2025-09-10,171,2025-09-20,2025-09-25,Delayed,1547815,154,SUP1385
O9313,P7654,2025-11-21,425,2025-11-26,2025-12-01,Delivered,752748,425,
O9314,P3652,2025-08-11,318,2025-08-16,2025-08-18,Delayed,421025,286,SUP2907
O9315,P7216,2025-08-12,28,2025-08-22,2025-08-23,Pending,909743,14,SUP9140
O9316,P6992,2025-08-08,268,2025-08-16,2025-08-18,Delivered,4667510,268,SUP256
O9317,P7401,2026-01-08,31,2026-01-13,2026-01-18,Pending,4886702,16,SUP466
O9318,P5949,2026-05-23,491,2026-05-30,2026-06-04,Delayed,2399063,442,SUP263
O9319,P7868,2025-08-31,95,2025-09-10,2025-09-10,Delayed,3277788,86,
O9320,P8468,2026-04-17,113,2026-04-23,2026-04-24,Pending,1495893,56,
O9321,P704,2026-03-13,128,2026-03-23,2026-03-28,Delivered,4163220,128,SUP5906
O9322,P6556,2025-10-28,272,2025-11-07,2025-11-09,Pending,4837263,136,
O9323,P6451,2026-01-23,79,2026-01-26,2026-01-26,Delivered,3156800,79,SUP1721
O9324,P9767,2026-02-03,135,2026-02-07,2026-02-11,Pending,1329031,68,SUP6774
O9325,P9189,2025-10-15,392,2025-10-18,2025-10-21,Delivered,2346738,392,SUP1253
O9326,P2579,2026-01-04,208,2026-01-11,2026-01-15,Delivered,4424354,208,SUP5488
O9327,P292,2026-02-10,242,2026-02-20,2026-02-23,Delivered,708644,242,
O9328,P9945,2025-10-19,144,2025-10-23,2025-10-26,Delivered,4248408,144,SUP3212
O9329,P2113,2025-08-18,329,2025-08-26,2025-08-27,Pending,1859691,164,
O9330,P1462,2025-11-03,34,2025-11-06,2025-11-11,Delivered,691061,34,SUP9906
O9331,P3268,2025-07-30,433,2025-08-02,2025-08-02,Delivered,1299313,433,
O9332,P8730,2026-05-17,39,2026-05-23,2026-05-26,Delivered,4893514,39,SUP1776
O9333,P4943,2025-06-24,465,2025-07-03,2025-07-07,Pending,3070158,232,SUP9300
O9334,P9960,2026-05-03,358,2026-05-06,2026-05-10,Delayed,2431715,322,SUP158
O9335,P5153,2026-02-11,58,2026-02-14,2026-02-16,Delayed,1608969,52,SUP9561
O9336,P2115,2026-05-17,100,2026-05-25,2026-05-27,Delayed,738236,90,SUP1218
O9337,P1931,2025-08-12,126,2025-08-21,2025-08-21,Delivered,3180590,126,
O9338,P4479,2026-02-19,258,2026-02-27,2026-03-01,Pending,4718835,129,SUP188
O9339,P7491,2025-06-06,46,2025-06-14,2025-06-14,Pending,1433327,23,
O9340,P9178,2025-06-24,266,2025-07-04,2025-07-04,Delayed,4068572,239,SUP875
O9341,P3398,2025-10-21,223,2025-10-30,2025-10-30,Delivered,564209,223,
O9342,P7021,2025-06-21,434,2025-06-27,2025-07-02,Pending,957472,217,
O9343,P8298,2025-09-29,45,2025-10-04,2025-10-08,Delivered,3120564,45,SUP455
O9344,P8652,2026-02-10,418,2026-02-16,2026-02-21,Pending,1989337,209,SUP7022
O9345,P8275,2026-04-05,249,2026-04-14,2026-04-17,Pending,3872253,124,
O9346,P9853,2026-05-19,205,2026-05-29,2026-05-29,Delivered,3858473,205,SUP340
O9347,P7820,2026-02-22,492,2026-02-28,2026-03-02,Delayed,4671045,443,SUP2158
O9348,P4590,2025-06-27,134,2025-07-04,2025-07-08,Delayed,2455231,121,
O9349,P5262,2026-03-18,128,2026-03-21,2026-03-25,Delayed,1352532,115,SUP8664
O9350,P361,2025-06-09,318,2025-06-13,2025-06-13,Delayed,707687,286,SUP3806
O9351,P2267,2025-07-09,75,2025-07-16,2025-07-18,Delivered,2130787,75,SUP5454
O9352,P5158,2026-01-18,108,2026-01-23,2026-01-24,Delayed,1371217,97,SUP2777
O9353,P6478,2025-07-17,390,2025-07-27,2025-07-30,Pending,3877230,195,
O9354,P4983,2026-05-03,134,2026-05-13,2026-05-16,Pending,3825217,67,SUP1935
O9355,P915,2026-05-22,289,2026-05-26,2026-05-30,Delayed,39654,260,SUP5023
O9356,P4574,2026-02-15,398,2026-02-25,2026-02-28,Delayed,1583215,358,
O9357,P7717,2025-09-30,291,2025-10-09,2025-10-10,Delayed,3777853,262,SUP4911
O9358,P9524,2026-03-24,309,2026-03-29,2026-04-02,Delayed,182589,278,
O9359,P8800,2025-10-20,167,2025-10-27,2025-11-01,Pending,2014296,84,SUP35
O9360,P4359,2025-08-13,46,2025-08-20,2025-08-24,Pending,1227876,23,SUP6950
O9361,P6295,2025-08-22,357,2025-08-29,2025-09-01,Delivered,381361,357,SUP3310
O9362,P9912,2025-11-29,437,2025-12-07,2025-12-11,Delivered,4168382,437,SUP4399
O9363,P2217,2026-04-07,220,2026-04-15,2026-04-18,Delivered,860376,220,
O9364,P717,2025-10-25,259,2025-10-31,2025-11-02,Delayed,479394,233,
O9365,P3650,2025-09-10,136,2025-09-18,2025-09-20,Delivered,1274246,136,SUP2585
O9366,P7701,2026-03-03,50,2026-03-09,2026-03-13,Pending,1979045,25,
O9367,P8913,2026-01-06,318,2026-01-09,2026-01-09,Delivered,1600107,318,SUP1343
O9368,P8606,2026-01-01,452,2026-01-09,2026-01-12,Delayed,2217835,407,SUP9757
O9369,P7464,2026-04-27,129,2026-05-06,2026-05-08,Delivered,2362184,129,
O9370,P8852,2025-09-02,448,2025-09-10,2025-09-10,Delivered,3475370,448,SUP2431
O9371,P7272,2025-08-20,271,2025-08-26,2025-08-26,Pending,2955099,136,SUP1318
O9372,P4348,2026-05-09,427,2026-05-15,2026-05-18,Delayed,1882804,384,SUP5349
O9373,P8487,2025-12-13,135,2025-12-21,2025-12-23,Delivered,3600390,135,SUP1402
O9374,P7523,2025-10-13,148,2025-10-16,2025-10-21,Delivered,1184255,148,
O9375,P1372,2025-10-09,380,2025-10-18,2025-10-19,Pending,2593031,190,
O9376,P4730,2026-03-06,217,2026-03-11,2026-03-15,Delayed,4606689,195,SUP7238
O9377,P7964,2025-11-20,44,2025-11-26,2025-11-28,Pending,3273099,22,SUP3326
O9378,P5720,2026-02-20,40,2026-02-25,2026-03-01,Delivered,3859865,40,SUP3377
O9379,P7504,2026-04-30,269,2026-05-08,2026-05-10,Delivered,1906781,269,SUP2507
O9380,P1481,2025-10-08,487,2025-10-13,2025-10-14,Delivered,1547414,487,
O9381,P5505,2025-07-16,400,2025-07-24,2025-07-29,Delayed,2878607,360,
O9382,P3349,2025-09-02,42,2025-09-08,2025-09-08,Pending,1995323,21,
O9383,P9146,2025-09-14,148,2025-09-17,2025-09-18,Pending,4484779,74,SUP3589
O9384,P7548,2025-11-22,40,2025-11-27,2025-11-28,Delivered,1443904,40,
O9385,P7900,2025-08-09,199,2025-08-12,2025-08-14,Delivered,670906,199,
O9386,P2255,2025-11-28,258,2025-12-07,2025-12-10,Pending,3724554,129,SUP5105
O9387,P8656,2025-07-10,215,2025-07-15,2025-07-20,Pending,2304782,108,
O9388,P6505,2025-09-13,157,2025-09-16,2025-09-20,Delivered,255956,157,SUP7662
O9389,P2737,2025-07-31,158,2025-08-10,2025-08-12,Pending,1777421,79,
O9390,P1954,2025-08-21,16,2025-08-30,2025-08-30,Pending,769843,8,
O9391,P9049,2026-04-21,115,2026-04-24,2026-04-28,Delayed,4522338,104,
O9392,P7095,2026-03-09,277,2026-03-14,2026-03-17,Delivered,4697215,277,SUP5351
O9393,P1548,2026-01-08,465,2026-01-14,2026-01-18,Delayed,2562578,418,SUP1076
O9394,P8824,2025-07-13,370,2025-07-22,2025-07-26,Pending,4065413,185,SUP6397
O9395,P4035,2025-12-18,148,2025-12-26,2025-12-30,Pending,4525123,74,
O9396,P9694,2026-03-12,490,2026-03-22,2026-03-25,Pending,3735955,245,SUP6701
O9397,P9133,2025-06-25,397,2025-07-02,2025-07-06,Pending,2303582,198,SUP2986
O9398,P9451,2025-08-01,174,2025-08-11,2025-08-16,Pending,3836510,87,
O9399,P1493,2026-01-27,299,2026-02-01,2026-02-05,Delivered,879877,299,SUP2424
O9400,P2336,2025-11-14,12,2025-11-18,2025-11-22,Delayed,605078,11,SUP22
O9401,P3260,2025-09-12,20,2025-09-15,2025-09-15,Delivered,1289100,20,
O9402,P5277,2025-10-26,166,2025-11-03,2025-11-03,Delivered,1396017,166,SUP2952
O9403,P5494,2025-07-27,154,2025-08-02,2025-08-07,Pending,4825386,77,SUP8383
O9404,P5842,2025-08-13,223,2025-08-21,2025-08-24,Delivered,2475763,223,SUP260
O9405,P5612,2025-09-06,64,2025-09-13,2025-09-16,Delivered,2822035,64,SUP4575
O9406,P1899,2026-01-21,236,2026-01-24,2026-01-27,Delivered,286350,236,SUP6455
O9407,P3104,2026-03-01,132,2026-03-06,2026-03-08,Delivered,115386,132,
O9408,P249,2025-09-15,317,2025-09-23,2025-09-24,Delivered,2285588,317,SUP986
O9409,P1320,2026-05-21,23,2026-05-26,2026-05-28,Delayed,4009728,21,SUP9688
O9410,P3713,2026-03-24,28,2026-03-27,2026-03-31,Delayed,2950387,25,SUP5576
O9411,P9224,2025-08-18,34,2025-08-22,2025-08-23,Delayed,3160643,31,SUP3918
O9412,P8574,2025-11-17,340,2025-11-21,2025-11-23,Delivered,3719499,340,SUP4746
O9413,P476,2025-07-10,343,2025-07-14,2025-07-19,Pending,949140,172,
O9414,P6671,2025-07-04,171,2025-07-11,2025-07-11,Delivered,3213305,171,SUP3126
O9415,P9817,2026-05-08,151,2026-05-12,2026-05-16,Delayed,3311795,136,SUP5605
O9416,P5126,2025-10-08,56,2025-10-12,2025-10-13,Delayed,3923170,50,
O9417,P5981,2026-04-08,113,2026-04-11,2026-04-12,Delayed,4635584,102,
O9418,P9690,2025-06-23,357,2025-06-27,2025-06-27,Delayed,4717877,321,SUP2617
O9419,P9024,2025-07-24,107,2025-08-02,2025-08-02,Delayed,3428826,96,SUP6591
O9420,P8991,2026-05-28,182,2026-06-06,2026-06-07,Pending,205126,91,SUP2514
O9421,P2673,2025-06-21,176,2025-06-27,2025-06-27,Delivered,2903563,176,SUP650
O9422,P2993,2026-02-05,324,2026-02-15,2026-02-20,Delivered,376194,324,
O9423,P4816,2026-02-10,435,2026-02-17,2026-02-19,Pending,525471,218,SUP4385
O9424,P3809,2026-01-13,33,2026-01-22,2026-01-22,Delayed,4220405,30,
O9425,P91,2026-01-11,491,2026-01-15,2026-01-15,Delayed,4671462,442,SUP2765
O9426,P9793,2025-09-12,431,2025-09-19,2025-09-21,Pending,1649400,216,SUP94
O9427,P8117,2025-08-02,143,2025-08-06,2025-08-11,Pending,1110872,72,SUP5777
O9428,P9874,2025-12-29,96,2026-01-02,2026-01-05,Delayed,2766913,86,
O9429,P8528,2026-02-10,487,2026-02-20,2026-02-24,Delayed,2529843,438,SUP3354
O9430,P5563,2025-09-09,257,2025-09-13,2025-09-18,Delayed,3465978,231,
O9431,P2879,2026-02-17,253,2026-02-26,2026-03-01,Pending,4277377,126,SUP448
O9432,P479,2026-05-28,15,2026-06-05,2026-06-05,Delayed,4634371,14,SUP9076
O9433,P2472,2026-01-22,461,2026-02-01,2026-02-06,Delayed,776105,415,SUP3807
O9434,P8877,2026-02-17,354,2026-02-20,2026-02-21,Delayed,3378661,319,SUP3330
O9435,P4959,2026-04-12,272,2026-04-21,2026-04-25,Pending,2065919,136,
O9436,P1075,2025-10-22,139,2025-10-31,2025-11-02,Delayed,4059163,125,SUP1875
O9437,P9429,2025-07-16,349,2025-07-24,2025-07-29,Pending,3015393,174,SUP1059
O9438,P441,2025-06-24,301,2025-06-29,2025-06-29,Delivered,1841339,301,
O9439,P6715,2025-10-30,222,2025-11-03,2025-11-04,Delayed,4052617,200,SUP7154
O9440,P7161,2026-05-24,362,2026-05-28,2026-05-29,Pending,3763419,181,SUP5144
O9441,P2054,2025-09-01,291,2025-09-08,2025-09-08,Delayed,298971,262,
O9442,P9799,2025-07-21,214,2025-07-27,2025-07-29,Pending,3125465,107,SUP5506
O9443,P6057,2025-09-21,49,2025-10-01,2025-10-02,Delayed,1752019,44,SUP2564
O9444,P7411,2025-11-10,100,2025-11-14,2025-11-16,Delivered,253581,100,
O9445,P661,2025-06-30,183,2025-07-06,2025-07-08,Delivered,313525,183,SUP3052
O9446,P5741,2026-01-03,366,2026-01-13,2026-01-17,Pending,777576,183,SUP3978
O9447,P7060,2026-05-26,137,2026-06-05,2026-06-10,Delivered,960827,137,SUP9399
O9448,P647,2026-03-11,371,2026-03-19,2026-03-22,Delivered,1330550,371,SUP9573
O9449,P215,2025-08-15,153,2025-08-20,2025-08-20,Pending,1065478,76,SUP1088
O9450,P2069,2026-04-23,32,2026-05-01,2026-05-03,Delayed,4114720,29,SUP9313
O9451,P9995,2026-03-21,233,2026-03-29,2026-04-01,Delayed,4080116,210,SUP2778
O9452,P6474,2026-02-14,61,2026-02-20,2026-02-22,Delayed,1971964,55,SUP1406
O9453,P6216,2026-01-05,41,2026-01-09,2026-01-10,Delayed,1575829,37,SUP280
O9454,P4611,2025-10-17,403,2025-10-26,2025-10-26,Delivered,4892363,403,
O9455,P5352,2026-02-01,58,2026-02-11,2026-02-13,Pending,4396597,29,
O9456,P1708,2026-03-26,146,2026-03-31,2026-04-04,Delayed,2904496,131,
O9457,P852,2025-09-09,118,2025-09-15,2025-09-17,Delivered,4216950,118,
O9458,P3286,2025-07-19,444,2025-07-29,2025-07-30,Delayed,3051994,400,SUP8633
O9459,P4790,2025-12-13,116,2025-12-17,2025-12-21,Delivered,3088543,116,SUP9175
O9460,P2635,2025-10-09,172,2025-10-15,2025-10-19,Pending,4927439,86,SUP3576
O9461,P5882,2025-09-03,239,2025-09-13,2025-09-16,Delivered,4955988,239,SUP1407
O9462,P267,2025-08-11,345,2025-08-18,2025-08-21,Pending,1383450,172,SUP7862
O9463,P6639,2025-06-17,162,2025-06-26,2025-06-27,Delivered,4415733,162,
O9464,P9889,2026-02-22,175,2026-03-01,2026-03-04,Delivered,172537,175,SUP216
O9465,P1200,2025-09-26,145,2025-09-29,2025-10-01,Pending,4175860,72,
O9466,P7359,2026-01-30,221,2026-02-06,2026-02-08,Pending,4205399,110,SUP5430
O9467,P6260,2025-06-26,415,2025-07-04,2025-07-06,Delivered,695752,415,
O9468,P8503,2026-03-16,122,2026-03-21,2026-03-21,Pending,2926268,61,SUP71
O9469,P2006,2026-03-07,117,2026-03-13,2026-03-17,Pending,3162906,58,
O9470,P6411,2026-04-06,417,2026-04-09,2026-04-12,Pending,727475,208,SUP3786
O9471,P3476,2026-05-09,277,2026-05-19,2026-05-23,Delivered,2996672,277,
O9472,P2567,2025-06-07,495,2025-06-10,2025-06-13,Delayed,2444479,446,
O9473,P9196,2025-10-10,431,2025-10-15,2025-10-16,Delivered,4381628,431,SUP912
O9474,P4524,2025-11-07,257,2025-11-14,2025-11-15,Delivered,3061769,257,SUP1567
O9475,P8563,2026-04-06,208,2026-04-14,2026-04-19,Pending,4626768,104,SUP1434
O9476,P9008,2026-03-24,46,2026-03-31,2026-04-03,Delivered,1102881,46,SUP8770
O9477,P3875,2026-01-04,47,2026-01-12,2026-01-14,Pending,1607991,24,
O9478,P8162,2025-07-01,441,2025-07-08,2025-07-12,Delayed,3612552,397,SUP9519
O9479,P7942,2025-12-08,466,2025-12-14,2025-12-19,Delivered,3489318,466,SUP7743
O9480,P9618,2025-10-26,286,2025-10-29,2025-10-30,Pending,466678,143,SUP3797
O9481,P6390,2026-05-17,371,2026-05-24,2026-05-27,Delayed,4912154,334,SUP7516
O9482,P3136,2026-04-20,319,2026-04-26,2026-04-26,Delivered,1889955,319,SUP9278
O9483,P4806,2025-06-01,246,2025-06-08,2025-06-10,Pending,4723374,123,
O9484,P5582,2025-07-09,250,2025-07-16,2025-07-16,Delivered,1155574,250,SUP2179
O9485,P2626,2026-04-26,127,2026-05-03,2026-05-08,Pending,12960,64,SUP7146
O9486,P6151,2025-10-13,366,2025-10-20,2025-10-21,Delayed,4913706,329,SUP8928
O9487,P3903,2025-09-20,150,2025-09-29,2025-09-30,Delayed,845643,135,SUP7244
O9488,P7707,2025-12-06,482,2025-12-11,2025-12-13,Delivered,135584,482,
O9489,P3716,2025-07-30,453,2025-08-03,2025-08-03,Pending,3109118,226,SUP1756
O9490,P3639,2026-02-04,270,2026-02-09,2026-02-12,Delivered,3847640,270,SUP2452
O9491,P157,2026-04-09,175,2026-04-13,2026-04-15,Delayed,2902891,158,SUP4322
O9492,P2104,2025-09-01,170,2025-09-06,2025-09-06,Delivered,2805468,170,SUP5299
O9493,P3241,2026-04-09,246,2026-04-15,2026-04-19,Delayed,3844971,221,SUP3879
O9494,P2590,2026-04-29,396,2026-05-07,2026-05-07,Delayed,731083,356,SUP4621
O9495,P2466,2025-08-16,492,2025-08-19,2025-08-21,Pending,3708329,246,SUP7115
O9496,P5723,2026-03-23,289,2026-04-02,2026-04-04,Delivered,3492099,289,SUP40
O9497,P8561,2025-06-22,204,2025-06-29,2025-07-04,Delivered,4301350,204,SUP7818
O9498,P6503,2025-09-21,376,2025-10-01,2025-10-02,Pending,1460045,188,SUP5171
O9499,P2240,2026-02-02,374,2026-02-12,2026-02-12,Pending,4510113,187,SUP4454
O9500,P4250,2026-02-15,423,2026-02-19,2026-02-23,Pending,2006120,212,
O9501,P4529,2026-03-10,476,2026-03-16,2026-03-21,Delivered,1325839,476,SUP5106
O9502,P8483,2026-03-17,124,2026-03-25,2026-03-25,Pending,2971845,62,SUP1798
O9503,P9910,2026-03-16,239,2026-03-21,2026-03-23,Pending,4070452,120,SUP697
O9504,P2265,2026-03-19,182,2026-03-23,2026-03-24,Delivered,4072549,182,SUP3691
O9505,P8291,2026-02-23,142,2026-03-05,2026-03-08,Delivered,1631827,142,SUP1371
O9506,P4140,2025-11-22,447,2025-11-27,2025-11-29,Pending,1688236,224,
O9507,P6638,2026-03-03,128,2026-03-12,2026-03-16,Pending,412134,64,
O9508,P5318,2026-03-18,453,2026-03-26,2026-03-26,Delivered,4038521,453,
O9509,P9087,2026-05-25,439,2026-06-04,2026-06-06,Pending,1328619,220,
O9510,P1535,2026-05-09,66,2026-05-13,2026-05-15,Pending,3662570,33,SUP9864
O9511,P6860,2026-01-23,250,2026-01-31,2026-01-31,Pending,2697219,125,SUP729
O9512,P6054,2025-08-09,459,2025-08-18,2025-08-20,Delayed,4654621,413,SUP1261
O9513,P4858,2025-09-01,462,2025-09-10,2025-09-13,Delivered,3811265,462,SUP808
O9514,P3468,2026-05-27,109,2026-06-05,2026-06-09,Pending,2685460,54,
O9515,P9159,2025-08-16,493,2025-08-24,2025-08-24,Pending,308378,246,SUP2865
O9516,P5200,2026-01-09,126,2026-01-12,2026-01-15,Delivered,3196939,126,SUP4583
O9517,P3124,2026-04-09,115,2026-04-17,2026-04-17,Pending,1130935,58,SUP355
O9518,P7161,2026-05-16,41,2026-05-24,2026-05-27,Pending,3811243,20,SUP5144
O9519,P8747,2025-12-20,61,2025-12-27,2025-12-27,Delivered,2494036,61,SUP4796
O9520,P2691,2025-09-29,174,2025-10-02,2025-10-03,Delivered,3543024,174,
O9521,P127,2025-08-04,306,2025-08-11,2025-08-14,Delayed,1129953,275,
O9522,P6469,2025-11-26,51,2025-12-04,2025-12-08,Pending,2866988,26,SUP6601
O9523,P2252,2026-04-28,434,2026-05-05,2026-05-07,Pending,1484822,217,SUP2483
O9524,P148,2025-10-31,405,2025-11-04,2025-11-07,Delivered,2235495,405,SUP984
O9525,P8060,2026-02-18,113,2026-02-25,2026-03-02,Delayed,3676685,102,SUP692
O9526,P3761,2026-05-04,392,2026-05-13,2026-05-17,Pending,4919781,196,
O9527,P5070,2025-07-07,93,2025-07-16,2025-07-17,Delivered,3584203,93,
O9528,P1945,2026-03-22,103,2026-03-31,2026-04-04,Delivered,2075699,103,SUP3397
O9529,P2740,2026-01-11,355,2026-01-15,2026-01-20,Pending,2104224,178,SUP7937
O9530,P1753,2025-09-29,78,2025-10-06,2025-10-09,Delayed,2918115,70,
O9531,P4595,2026-01-18,449,2026-01-22,2026-01-26,Delayed,353446,404,SUP7978
O9532,P1393,2025-07-09,487,2025-07-17,2025-07-22,Pending,3264408,244,SUP2736
O9533,P4403,2025-11-13,152,2025-11-17,2025-11-22,Delivered,4801182,152,SUP6430
O9534,P2718,2025-09-26,317,2025-09-30,2025-10-03,Pending,3900920,158,
O9535,P6048,2025-08-02,192,2025-08-05,2025-08-10,Pending,693067,96,SUP7902
O9536,P1300,2026-01-13,269,2026-01-16,2026-01-21,Delivered,3895908,269,SUP6319
O9537,P7397,2026-05-08,450,2026-05-11,2026-05-16,Delivered,2325798,450,
O9538,P1307,2026-04-29,354,2026-05-02,2026-05-04,Delayed,2263901,319,
O9539,P6888,2026-04-25,381,2026-05-01,2026-05-01,Pending,1309680,190,
O9540,P4159,2026-05-10,111,2026-05-14,2026-05-16,Delivered,2632509,111,SUP4236
O9541,P365,2026-01-29,333,2026-02-04,2026-02-04,Pending,298133,166,SUP6534
O9542,P7395,2025-11-29,448,2025-12-06,2025-12-11,Delayed,511642,403,SUP1839
O9543,P4831,2025-09-26,227,2025-10-05,2025-10-06,Pending,4729760,114,SUP1550
O9544,P5290,2026-01-13,142,2026-01-20,2026-01-22,Pending,1464979,71,SUP1212
O9545,P232,2025-08-07,142,2025-08-16,2025-08-21,Delivered,1484008,142,SUP6221
O9546,P9612,2025-07-07,266,2025-07-10,2025-07-14,Pending,3227919,133,
O9547,P473,2025-07-29,393,2025-08-04,2025-08-05,Pending,4277009,196,SUP968
O9548,P6077,2025-12-12,80,2025-12-21,2025-12-24,Delivered,1441862,80,SUP7224
O9549,P510,2025-11-04,470,2025-11-07,2025-11-10,Delivered,1498212,470,
O9550,P7460,2025-11-09,460,2025-11-15,2025-11-18,Pending,3673863,230,SUP7237
O9551,P7260,2026-05-10,318,2026-05-17,2026-05-19,Delivered,130913,318,SUP83
O9552,P1331,2026-02-09,134,2026-02-12,2026-02-12,Delayed,2086839,121,
O9553,P7883,2025-08-10,345,2025-08-17,2025-08-17,Pending,4558121,172,SUP2172
O9554,P34,2025-08-20,147,2025-08-23,2025-08-27,Delivered,4218488,147,
O9555,P3536,2025-10-11,335,2025-10-20,2025-10-23,Delivered,3173682,335,
O9556,P7933,2025-09-17,98,2025-09-21,2025-09-22,Pending,470410,49,SUP719
O9557,P1997,2025-12-31,492,2026-01-04,2026-01-05,Delivered,3514401,492,
O9558,P3921,2025-06-21,310,2025-06-24,2025-06-28,Delayed,3850632,279,SUP6246
O9559,P8756,2025-09-25,252,2025-10-05,2025-10-09,Delivered,727651,252,SUP4222
O9560,P1010,2025-07-12,380,2025-07-20,2025-07-20,Delayed,1682831,342,SUP2073
O9561,P2846,2026-01-31,34,2026-02-10,2026-02-10,Delivered,2201791,34,SUP1404
O9562,P2785,2026-01-17,28,2026-01-27,2026-02-01,Pending,4093543,14,SUP4475
O9563,P7685,2026-03-07,61,2026-03-15,2026-03-15,Delayed,4983665,55,SUP1785
O9564,P1883,2025-11-15,383,2025-11-24,2025-11-28,Pending,3563223,192,SUP251
O9565,P6614,2025-10-24,121,2025-10-29,2025-11-02,Delivered,4561421,121,SUP8223
O9566,P689,2025-12-17,172,2025-12-27,2025-12-27,Delivered,4522982,172,
O9567,P4409,2026-03-03,29,2026-03-11,2026-03-14,Pending,1674220,14,SUP568
O9568,P905,2026-03-05,122,2026-03-09,2026-03-12,Delayed,525983,110,SUP4881
O9569,P9977,2025-07-17,487,2025-07-20,2025-07-25,Pending,3242620,244,
O9570,P5851,2025-07-12,57,2025-07-17,2025-07-17,Delayed,315645,51,
O9571,P7265,2025-09-27,147,2025-10-06,2025-10-06,Delivered,3224384,147,SUP334
O9572,P4675,2026-01-05,488,2026-01-11,2026-01-14,Delivered,2074170,488,SUP8549
O9573,P797,2025-08-30,95,2025-09-04,2025-09-09,Delivered,80186,95,SUP1588
O9574,P3593,2026-03-29,122,2026-04-04,2026-04-09,Delayed,650427,110,SUP5271
O9575,P7521,2025-06-05,262,2025-06-14,2025-06-17,Delivered,2455290,262,
O9576,P8273,2025-10-16,376,2025-10-20,2025-10-23,Delivered,921064,376,SUP194
O9577,P390,2026-04-29,321,2026-05-05,2026-05-05,Delayed,1311532,289,SUP3284
O9578,P4960,2025-09-23,361,2025-10-03,2025-10-06,Pending,1464256,180,
O9579,P4923,2025-10-24,451,2025-11-02,2025-11-07,Pending,2599247,226,SUP1589
O9580,P4318,2026-04-15,158,2026-04-25,2026-04-30,Delivered,2040372,158,SUP5024
O9581,P6521,2026-02-03,356,2026-02-13,2026-02-16,Pending,3046668,178,
O9582,P6659,2026-02-10,58,2026-02-16,2026-02-16,Delayed,3617470,52,SUP3639
O9583,P8604,2026-03-28,92,2026-04-07,2026-04-10,Pending,1948071,46,
O9584,P2569,2025-05-30,25,2025-06-03,2025-06-04,Delayed,364909,22,SUP6766
O9585,P9652,2025-07-05,283,2025-07-09,2025-07-12,Pending,1862292,142,SUP8867
O9586,P2045,2026-03-05,161,2026-03-09,2026-03-10,Pending,1218977,80,
O9587,P1803,2025-09-12,158,2025-09-19,2025-09-23,Delayed,3100805,142,
O9588,P9792,2025-08-17,390,2025-08-21,2025-08-24,Delivered,164926,390,SUP6306
O9589,P9242,2025-08-12,61,2025-08-18,2025-08-19,Pending,2343952,30,SUP885
O9590,P4654,2025-09-04,88,2025-09-09,2025-09-14,Pending,4455708,44,
O9591,P4645,2025-10-30,410,2025-11-04,2025-11-08,Delayed,2441579,369,SUP1270
O9592,P5170,2025-09-20,291,2025-09-28,2025-10-03,Pending,1832634,146,SUP1829
O9593,P8130,2026-05-05,138,2026-05-12,2026-05-14,Pending,4343870,69,SUP8038
O9594,P5233,2025-12-13,63,2025-12-17,2025-12-17,Delayed,4616641,57,
O9595,P3372,2026-01-28,145,2026-02-06,2026-02-06,Pending,3801155,72,SUP6618
O9596,P5043,2025-12-20,356,2025-12-25,2025-12-26,Delayed,3219543,320,
O9597,P6585,2026-03-10,109,2026-03-13,2026-03-15,Pending,1003615,54,
O9598,P7900,2025-11-01,429,2025-11-07,2025-11-11,Pending,4019466,214,
O9599,P5824,2026-01-24,343,2026-01-27,2026-01-28,Delayed,3755467,309,
O9600,P3121,2025-12-11,143,2025-12-15,2025-12-16,Delivered,4709311,143,SUP6834
O9601,P1614,2025-09-03,364,2025-09-09,2025-09-14,Delivered,4785900,364,SUP6181
O9602,P7571,2025-12-06,168,2025-12-12,2025-12-13,Delayed,682648,151,
O9603,P7929,2025-08-04,112,2025-08-10,2025-08-12,Pending,3706016,56,SUP3706
O9604,P861,2026-04-05,15,2026-04-09,2026-04-11,Pending,1380228,8,SUP2630
O9605,P266,2025-11-22,172,2025-12-02,2025-12-04,Pending,2569742,86,
O9606,P2454,2025-12-24,371,2025-12-27,2025-12-27,Pending,669014,186,SUP1386
O9607,P3350,2025-12-12,482,2025-12-15,2025-12-19,Delivered,1724919,482,SUP9281
O9608,P9835,2025-06-19,132,2025-06-29,2025-06-29,Delayed,3680046,119,SUP3409
O9609,P1197,2025-09-18,64,2025-09-25,2025-09-29,Pending,4778079,32,SUP9657
O9610,P3716,2025-12-04,447,2025-12-14,2025-12-17,Delivered,1779804,447,SUP1756
O9611,P1651,2026-01-21,247,2026-01-27,2026-01-28,Delayed,2322633,222,
O9612,P8937,2025-10-30,251,2025-11-05,2025-11-08,Delivered,4086893,251,
O9613,P8973,2025-10-23,165,2025-10-28,2025-10-28,Pending,606524,82,
O9614,P9426,2025-10-09,169,2025-10-19,2025-10-20,Pending,894890,84,
O9615,P824,2026-04-26,186,2026-05-05,2026-05-09,Delivered,2621932,186,SUP5990
O9616,P152,2026-01-19,142,2026-01-23,2026-01-24,Pending,1859800,71,SUP4650
O9617,P9636,2026-02-21,159,2026-02-25,2026-02-25,Delayed,2050541,143,SUP91
O9618,P7313,2025-10-10,466,2025-10-17,2025-10-22,Pending,2038418,233,SUP7121
O9619,P2093,2025-08-22,487,2025-08-25,2025-08-25,Pending,4111794,244,SUP6242
O9620,P6275,2025-10-03,307,2025-10-09,2025-10-14,Delivered,3481393,307,SUP2346
O9621,P4435,2026-05-26,184,2026-06-04,2026-06-07,Delayed,2073866,166,SUP3983
O9622,P1228,2025-11-03,397,2025-11-06,2025-11-08,Delivered,1500150,397,SUP7395
O9623,P5856,2025-08-10,285,2025-08-15,2025-08-20,Delayed,661976,256,
O9624,P2410,2025-11-17,152,2025-11-22,2025-11-27,Delayed,170664,137,
O9625,P7262,2026-01-01,27,2026-01-08,2026-01-09,Delivered,1960341,27,
O9626,P2372,2026-04-17,119,2026-04-27,2026-05-02,Delivered,2821851,119,SUP4550
O9627,P7919,2026-04-18,367,2026-04-23,2026-04-24,Pending,1417961,184,SUP2856
O9628,P5688,2026-04-28,273,2026-05-07,2026-05-10,Delayed,2628349,246,SUP3659
O9629,P3542,2025-07-23,432,2025-08-02,2025-08-04,Pending,1106884,216,SUP1828
O9630,P6165,2026-03-19,78,2026-03-23,2026-03-28,Pending,1625280,39,SUP4244
O9631,P2976,2025-09-02,341,2025-09-09,2025-09-12,Delayed,3426140,307,SUP2834
O9632,P1873,2026-04-08,110,2026-04-11,2026-04-14,Delayed,2061508,99,
O9633,P4244,2025-10-23,13,2025-11-01,2025-11-05,Delivered,2676053,13,SUP3156
O9634,P8473,2026-03-17,128,2026-03-25,2026-03-25,Delivered,4764556,128,
O9635,P5741,2025-07-05,426,2025-07-11,2025-07-13,Pending,735870,213,SUP3978
O9636,P9636,2026-04-21,432,2026-04-24,2026-04-26,Delivered,3755508,432,SUP91
O9637,P549,2025-07-25,472,2025-07-31,2025-08-05,Delayed,2069983,425,
O9638,P2419,2025-11-26,214,2025-11-30,2025-12-02,Delivered,3579722,214,
O9639,P3070,2026-03-07,456,2026-03-16,2026-03-16,Delivered,1866903,456,
O9640,P8673,2025-07-11,321,2025-07-14,2025-07-19,Delayed,801377,289,SUP5431
O9641,P5935,2025-12-17,474,2025-12-20,2025-12-22,Delivered,1237913,474,SUP2533
O9642,P2771,2025-12-07,434,2025-12-10,2025-12-11,Pending,3045883,217,SUP544
O9643,P7016,2025-12-26,110,2026-01-03,2026-01-03,Delayed,1658853,99,
O9644,P2740,2026-03-01,282,2026-03-09,2026-03-13,Delayed,1967800,254,SUP7937
O9645,P6066,2026-01-25,211,2026-02-01,2026-02-04,Delayed,1964001,190,
O9646,P7328,2025-09-05,134,2025-09-15,2025-09-17,Pending,1591558,67,SUP2690
O9647,P4174,2025-12-29,164,2026-01-08,2026-01-13,Delivered,470143,164,SUP9509
O9648,P9701,2025-10-04,330,2025-10-13,2025-10-16,Delayed,455430,297,
O9649,P3134,2026-02-08,481,2026-02-17,2026-02-20,Delivered,1839304,481,
O9650,P7755,2025-09-14,261,2025-09-19,2025-09-23,Delivered,4717028,261,SUP6091
O9651,P4646,2025-12-27,164,2026-01-05,2026-01-08,Delayed,1920210,148,SUP2794
O9652,P8197,2025-06-19,367,2025-06-24,2025-06-29,Pending,4946297,184,
O9653,P3674,2025-08-11,118,2025-08-20,2025-08-25,Delayed,2414589,106,SUP3121
O9654,P9624,2026-01-15,338,2026-01-22,2026-01-23,Pending,3762412,169,SUP4030
O9655,P6929,2025-06-20,477,2025-06-27,2025-07-01,Delayed,1723188,429,
O9656,P1855,2025-08-27,152,2025-09-01,2025-09-06,Delivered,2410960,152,SUP5704
O9657,P4136,2026-05-01,96,2026-05-11,2026-05-12,Delivered,1783236,96,SUP7883
O9658,P8682,2025-10-13,441,2025-10-16,2025-10-18,Delayed,912885,397,
O9659,P2980,2026-01-07,401,2026-01-11,2026-01-16,Pending,90914,200,
O9660,P1808,2026-04-10,207,2026-04-17,2026-04-18,Delivered,1657182,207,SUP7245
O9661,P6324,2026-05-14,447,2026-05-22,2026-05-23,Pending,1447945,224,
O9662,P1116,2026-04-14,76,2026-04-23,2026-04-26,Delayed,3441323,68,SUP1391
O9663,P4682,2025-06-08,256,2025-06-16,2025-06-20,Delivered,3261440,256,SUP765
O9664,P5484,2025-06-13,90,2025-06-19,2025-06-23,Pending,404076,45,
O9665,P2007,2026-04-30,175,2026-05-03,2026-05-08,Delayed,1463549,158,
O9666,P3710,2025-07-31,69,2025-08-07,2025-08-12,Delivered,2540280,69,
O9667,P8696,2026-03-25,318,2026-04-02,2026-04-04,Pending,4758756,159,SUP111
O9668,P8218,2025-08-30,260,2025-09-04,2025-09-07,Pending,1149629,130,
O9669,P8474,2025-09-09,385,2025-09-17,2025-09-20,Delayed,779501,346,
O9670,P1434,2025-08-16,407,2025-08-19,2025-08-20,Pending,3160582,204,SUP1092
O9671,P7443,2025-09-07,249,2025-09-17,2025-09-22,Delayed,2050954,224,
O9672,P5778,2026-04-24,47,2026-04-28,2026-05-03,Delayed,31043,42,
O9673,P8454,2025-08-09,345,2025-08-14,2025-08-14,Delayed,919373,310,SUP9718
O9674,P8778,2025-11-20,298,2025-11-26,2025-11-26,Pending,1503259,149,SUP3365
O9675,P8707,2026-01-13,418,2026-01-21,2026-01-24,Delivered,4852479,418,
O9676,P9351,2026-05-16,277,2026-05-26,2026-05-28,Delivered,2721901,277,SUP3363
O9677,P3789,2025-08-26,299,2025-09-01,2025-09-06,Delayed,4908298,269,SUP6823
O9678,P6943,2026-04-14,99,2026-04-19,2026-04-21,Delayed,78405,89,SUP79
O9679,P8234,2025-07-31,190,2025-08-06,2025-08-09,Delivered,1487755,190,SUP3812
O9680,P2203,2025-08-26,39,2025-09-01,2025-09-03,Pending,157895,20,SUP286
O9681,P1696,2026-05-27,95,2026-06-04,2026-06-09,Delayed,4922499,86,SUP1384
O9682,P8492,2026-03-20,175,2026-03-30,2026-03-30,Pending,2074074,88,
O9683,P333,2026-01-06,266,2026-01-10,2026-01-15,Delivered,1022393,266,
O9684,P4371,2026-01-12,256,2026-01-18,2026-01-18,Delayed,1071227,230,SUP7850
O9685,P7444,2025-07-20,378,2025-07-26,2025-07-26,Delivered,2015750,378,SUP5142
O9686,P8106,2025-10-21,350,2025-10-25,2025-10-29,Delivered,1482705,350,SUP3135
O9687,P230,2025-12-14,187,2025-12-18,2025-12-19,Delivered,3491088,187,
O9688,P5367,2026-03-10,206,2026-03-15,2026-03-18,Pending,844900,103,SUP4588
O9689,P7266,2025-06-26,406,2025-07-04,2025-07-06,Delivered,3022215,406,
O9690,P5629,2025-11-03,483,2025-11-07,2025-11-09,Delivered,858314,483,SUP6155
O9691,P5286,2026-02-06,342,2026-02-11,2026-02-12,Pending,4961960,171,SUP5622
O9692,P3341,2025-08-23,36,2025-08-27,2025-08-31,Delivered,2783834,36,SUP8313
O9693,P9440,2026-05-17,118,2026-05-20,2026-05-25,Pending,2535081,59,SUP7595
O9694,P2147,2026-02-23,59,2026-03-04,2026-03-08,Delayed,1235727,53,SUP2462
O9695,P4356,2026-01-13,85,2026-01-20,2026-01-24,Delivered,2463797,85,SUP1313
O9696,P6890,2025-11-21,498,2025-11-26,2025-11-28,Delivered,3924357,498,SUP4988
O9697,P468,2025-06-12,442,2025-06-22,2025-06-25,Delayed,1182885,398,
O9698,P2605,2026-05-21,432,2026-05-24,2026-05-26,Delayed,4199124,389,SUP7029
O9699,P9283,2025-07-15,423,2025-07-25,2025-07-27,Delayed,1910862,381,SUP1710
O9700,P311,2026-03-26,144,2026-04-04,2026-04-08,Pending,934897,72,SUP2738
O9701,P59,2026-02-21,160,2026-03-01,2026-03-02,Delayed,2610856,144,SUP1396
O9702,P2187,2025-06-17,483,2025-06-26,2025-07-01,Delivered,4751861,483,
O9703,P4624,2025-11-14,312,2025-11-21,2025-11-24,Pending,4205443,156,SUP1868
O9704,P5386,2025-08-20,452,2025-08-29,2025-08-31,Delivered,1540823,452,
O9705,P1854,2026-05-02,249,2026-05-05,2026-05-08,Pending,2217843,124,
O9706,P4393,2025-07-19,74,2025-07-26,2025-07-30,Delivered,4100380,74,
O9707,P3688,2026-01-07,191,2026-01-17,2026-01-20,Delayed,2452084,172,SUP7355
O9708,P4928,2025-11-16,270,2025-11-19,2025-11-20,Delayed,4916026,243,
O9709,P6450,2026-01-05,154,2026-01-14,2026-01-16,Delayed,2061766,139,SUP4508
O9710,P9568,2026-01-06,269,2026-01-09,2026-01-09,Delivered,4768202,269,SUP1216
O9711,P3855,2026-02-10,191,2026-02-18,2026-02-23,Pending,4700685,96,SUP316
O9712,P8635,2026-05-06,454,2026-05-10,2026-05-11,Delivered,658621,454,
O9713,P5980,2026-03-24,26,2026-03-31,2026-03-31,Pending,493091,13,SUP4086
O9714,P128,2025-10-12,89,2025-10-19,2025-10-21,Pending,4323475,44,SUP2813
O9715,P4631,2025-06-28,87,2025-07-05,2025-07-09,Pending,4944031,44,
O9716,P6906,2026-02-12,319,2026-02-20,2026-02-25,Pending,631889,160,SUP713
O9717,P1884,2025-10-07,426,2025-10-14,2025-10-18,Pending,859777,213,SUP2953
O9718,P6003,2025-07-24,223,2025-08-03,2025-08-07,Pending,2088493,112,SUP6036
O9719,P5305,2025-09-08,112,2025-09-17,2025-09-17,Pending,3879484,56,SUP779
O9720,P2151,2025-06-22,354,2025-06-30,2025-07-04,Delivered,4331160,354,
O9721,P2622,2025-09-12,250,2025-09-22,2025-09-22,Pending,2867152,125,SUP5829
O9722,P2243,2025-08-18,214,2025-08-21,2025-08-26,Delivered,3713512,214,SUP1420
O9723,P642,2025-08-28,413,2025-09-02,2025-09-02,Pending,1507560,206,
O9724,P3067,2026-01-27,114,2026-02-06,2026-02-07,Pending,4258120,57,
O9725,P3900,2025-06-25,86,2025-06-29,2025-07-04,Delivered,1890058,86,SUP300
O9726,P1648,2025-08-19,37,2025-08-25,2025-08-26,Delayed,2576689,33,SUP898
O9727,P7134,2026-04-28,266,2026-05-05,2026-05-06,Delayed,1893210,239,
O9728,P205,2025-08-23,426,2025-09-01,2025-09-04,Delivered,177053,426,SUP1177
O9729,P6247,2025-07-11,324,2025-07-20,2025-07-21,Delayed,21823,292,SUP3199
O9730,P1652,2025-11-30,235,2025-12-07,2025-12-10,Delivered,1777169,235,SUP2933
O9731,P8460,2026-03-13,420,2026-03-22,2026-03-27,Delivered,3843652,420,SUP5425
O9732,P5726,2026-03-04,131,2026-03-07,2026-03-08,Pending,1001010,66,SUP6210
O9733,P6508,2026-05-24,397,2026-05-29,2026-05-31,Pending,1021637,198,SUP706
O9734,P771,2025-08-20,498,2025-08-25,2025-08-25,Delivered,2266573,498,SUP6025
O9735,P101,2025-06-22,386,2025-06-27,2025-06-28,Delivered,2169585,386,SUP1643
O9736,P3558,2026-03-14,453,2026-03-18,2026-03-21,Pending,211484,226,SUP4407
O9737,P8051,2026-03-22,307,2026-03-26,2026-03-27,Delivered,3854788,307,SUP3480
O9738,P2029,2026-02-26,299,2026-03-04,2026-03-07,Pending,3147739,150,SUP8379
O9739,P886,2025-10-03,467,2025-10-06,2025-10-08,Delayed,2998645,420,
O9740,P2091,2025-07-07,341,2025-07-13,2025-07-18,Delayed,4601555,307,SUP7167
O9741,P9646,2026-03-01,248,2026-03-10,2026-03-14,Pending,2966673,124,SUP1975
O9742,P8992,2026-03-05,357,2026-03-11,2026-03-15,Pending,1584389,178,SUP3276
O9743,P9482,2025-07-22,459,2025-07-31,2025-08-04,Pending,3668543,230,SUP7110
O9744,P883,2026-01-09,443,2026-01-14,2026-01-15,Pending,244634,222,
O9745,P717,2025-06-04,246,2025-06-10,2025-06-15,Pending,1780707,123,
O9746,P3426,2025-10-08,94,2025-10-18,2025-10-18,Pending,1881337,47,
O9747,P3961,2025-12-22,372,2025-12-26,2025-12-28,Delayed,2429659,335,SUP3571
O9748,P3396,2025-12-03,334,2025-12-08,2025-12-09,Delivered,879719,334,SUP5528
O9749,P6912,2025-08-30,38,2025-09-02,2025-09-03,Pending,2804902,19,
O9750,P6476,2026-01-31,183,2026-02-03,2026-02-03,Pending,3864219,92,SUP2351
O9751,P1844,2026-05-15,169,2026-05-23,2026-05-23,Pending,3691101,84,SUP4503
O9752,P8336,2025-08-22,234,2025-09-01,2025-09-03,Delayed,3724791,211,
O9753,P7618,2026-03-08,447,2026-03-13,2026-03-17,Pending,118319,224,SUP3566
O9754,P5385,2026-01-28,500,2026-02-02,2026-02-04,Pending,1136944,250,SUP7303
O9755,P8226,2025-08-09,494,2025-08-17,2025-08-18,Delivered,2383232,494,SUP162
O9756,P4482,2026-04-28,421,2026-05-01,2026-05-04,Delivered,2867224,421,SUP583
O9757,P1654,2025-08-22,11,2025-08-29,2025-08-31,Delivered,3185507,11,SUP4489
O9758,P9539,2026-03-19,63,2026-03-27,2026-03-30,Delivered,474246,63,
O9759,P5526,2025-11-12,467,2025-11-18,2025-11-23,Pending,4995006,234,
O9760,P818,2025-09-08,69,2025-09-14,2025-09-19,Pending,1974741,34,SUP4077
O9761,P3825,2025-06-06,454,2025-06-16,2025-06-19,Delayed,2305401,409,
O9762,P1647,2025-07-07,174,2025-07-13,2025-07-13,Delivered,4153412,174,SUP2357
O9763,P7843,2026-03-27,185,2026-04-05,2026-04-10,Delivered,1833437,185,SUP372
O9764,P3749,2026-02-26,498,2026-03-08,2026-03-09,Delayed,1055554,448,SUP5588
O9765,P130,2026-03-19,349,2026-03-22,2026-03-26,Pending,3809225,174,SUP1451
O9766,P2193,2025-10-11,337,2025-10-16,2025-10-20,Pending,1545742,168,SUP8068
O9767,P1033,2025-11-01,212,2025-11-08,2025-11-10,Pending,2145636,106,SUP6316
O9768,P1036,2025-10-17,132,2025-10-21,2025-10-26,Delayed,2017682,119,SUP3240
O9769,P2553,2025-12-02,96,2025-12-08,2025-12-09,Pending,2412555,48,
O9770,P5026,2025-06-17,474,2025-06-21,2025-06-24,Delayed,4952844,427,SUP2193
O9771,P5198,2025-12-15,145,2025-12-23,2025-12-23,Delivered,1957278,145,SUP4627
O9772,P1203,2026-01-03,311,2026-01-12,2026-01-17,Delivered,3493691,311,
O9773,P6546,2025-05-31,288,2025-06-03,2025-06-03,Delayed,3378310,259,
O9774,P3222,2026-05-24,464,2026-06-02,2026-06-04,Delayed,808713,418,SUP1638
O9775,P2532,2025-10-23,66,2025-11-02,2025-11-02,Delivered,3298667,66,SUP1221
O9776,P3733,2026-02-17,169,2026-02-26,2026-02-26,Delivered,4364743,169,SUP8391
O9777,P7287,2026-03-25,254,2026-04-02,2026-04-07,Pending,567372,127,
O9778,P3676,2025-11-11,178,2025-11-20,2025-11-21,Delivered,986581,178,SUP6116
O9779,P2242,2025-08-19,333,2025-08-24,2025-08-25,Pending,3941946,166,SUP7336
O9780,P9643,2025-09-09,45,2025-09-13,2025-09-15,Delivered,1712838,45,SUP8840
O9781,P8054,2025-09-07,66,2025-09-14,2025-09-14,Delayed,2247491,59,SUP1713
O9782,P5141,2026-03-20,153,2026-03-25,2026-03-29,Pending,1913803,76,
O9783,P6426,2025-09-26,154,2025-10-04,2025-10-07,Delayed,2729633,139,SUP3801
O9784,P6275,2026-01-06,340,2026-01-15,2026-01-20,Delayed,2558447,306,SUP2346
O9785,P3895,2025-12-19,79,2025-12-27,2025-12-28,Delayed,2210899,71,
O9786,P4415,2026-03-06,325,2026-03-15,2026-03-15,Pending,510968,162,SUP3426
O9787,P825,2026-01-23,24,2026-02-02,2026-02-02,Pending,4706128,12,SUP2891
O9788,P2275,2026-03-06,99,2026-03-15,2026-03-19,Delivered,3366075,99,SUP6229
O9789,P4379,2025-06-22,472,2025-07-01,2025-07-03,Pending,3220016,236,SUP2442
O9790,P6305,2026-01-12,343,2026-01-17,2026-01-21,Delivered,2064750,343,
O9791,P5635,2025-12-30,72,2026-01-07,2026-01-07,Delivered,2715915,72,SUP4216
O9792,P2487,2025-11-01,84,2025-11-05,2025-11-09,Delayed,2699972,76,
O9793,P5461,2025-05-28,93,2025-05-31,2025-06-03,Delivered,2306109,93,
O9794,P7025,2026-02-18,432,2026-02-27,2026-03-02,Pending,604145,216,
O9795,P653,2026-01-07,53,2026-01-16,2026-01-20,Pending,3519549,26,
O9796,P8980,2026-05-15,310,2026-05-23,2026-05-24,Delayed,2107470,279,SUP7061
O9797,P7547,2025-10-24,467,2025-11-02,2025-11-06,Delivered,3867161,467,SUP4967
O9798,P9626,2026-05-03,324,2026-05-08,2026-05-08,Delayed,2947066,292,SUP1028
O9799,P2072,2025-10-02,174,2025-10-06,2025-10-06,Delivered,2624889,174,SUP8014
O9800,P4371,2026-01-02,198,2026-01-12,2026-01-17,Delayed,3452607,178,SUP7850
O9801,P2720,2025-11-19,337,2025-11-29,2025-12-04,Delayed,1490076,303,
O9802,P7102,2025-12-08,94,2025-12-11,2025-12-11,Pending,1306434,47,SUP2455
O9803,P7053,2025-09-10,173,2025-09-13,2025-09-13,Delayed,704126,156,SUP5387
O9804,P7664,2025-07-01,62,2025-07-11,2025-07-15,Delivered,642126,62,SUP3704
O9805,P2807,2026-05-15,55,2026-05-21,2026-05-25,Delivered,115150,55,
O9806,P2283,2025-10-14,103,2025-10-24,2025-10-28,Delayed,2238820,93,
O9807,P5524,2026-01-15,362,2026-01-18,2026-01-22,Delayed,2778018,326,SUP8616
O9808,P3811,2025-06-08,178,2025-06-14,2025-06-17,Pending,3851433,89,SUP5094
O9809,P689,2026-04-19,368,2026-04-23,2026-04-27,Delayed,839074,331,
O9810,P2001,2026-05-28,150,2026-06-07,2026-06-11,Delivered,3506113,150,SUP2816
O9811,P2442,2025-11-13,294,2025-11-20,2025-11-24,Pending,4720737,147,SUP7863
O9812,P4595,2025-10-26,332,2025-10-30,2025-11-02,Pending,4110920,166,SUP7978
O9813,P9724,2025-09-05,282,2025-09-11,2025-09-14,Delivered,3598959,282,SUP9285
O9814,P3413,2025-08-31,485,2025-09-03,2025-09-06,Pending,3400421,242,
O9815,P7671,2026-02-03,377,2026-02-12,2026-02-17,Pending,4718607,188,
O9816,P9969,2025-07-14,232,2025-07-23,2025-07-28,Delivered,859800,232,
O9817,P4931,2026-02-27,30,2026-03-02,2026-03-04,Delivered,164171,30,SUP6413
O9818,P1433,2025-12-19,13,2025-12-23,2025-12-25,Pending,3931566,6,SUP3796
O9819,P7595,2026-04-23,411,2026-04-28,2026-04-29,Delayed,3987045,370,SUP6755
O9820,P2804,2025-10-17,177,2025-10-22,2025-10-26,Pending,963914,88,SUP4395
O9821,P278,2026-01-20,220,2026-01-29,2026-01-31,Delayed,2774794,198,SUP1012
O9822,P1192,2026-02-02,403,2026-02-06,2026-02-08,Delivered,615486,403,SUP2265
O9823,P4381,2025-10-28,155,2025-11-06,2025-11-07,Delayed,2857355,140,
O9824,P6729,2025-06-23,166,2025-06-26,2025-06-28,Pending,3971610,83,SUP9601
O9825,P2689,2025-07-18,156,2025-07-28,2025-07-29,Delayed,985551,140,
O9826,P5266,2026-04-17,300,2026-04-26,2026-05-01,Delivered,3840184,300,SUP4556
O9827,P9505,2026-03-21,146,2026-03-31,2026-03-31,Pending,1944291,73,SUP2029
O9828,P1363,2025-09-22,436,2025-09-26,2025-09-28,Pending,306376,218,SUP9571
O9829,P7430,2025-08-03,123,2025-08-11,2025-08-16,Delivered,1262455,123,SUP353
O9830,P3668,2026-02-25,190,2026-03-02,2026-03-07,Delivered,4041650,190,SUP2320
O9831,P1775,2026-05-13,349,2026-05-18,2026-05-18,Pending,4892738,174,SUP4456
O9832,P9649,2025-09-20,137,2025-09-30,2025-10-03,Pending,751550,68,SUP5071
O9833,P6013,2025-12-11,42,2025-12-14,2025-12-19,Delayed,1259325,38,SUP5410
O9834,P5216,2025-07-02,148,2025-07-11,2025-07-14,Delayed,4549062,133,SUP3107
O9835,P1514,2026-04-03,415,2026-04-09,2026-04-09,Delayed,864234,374,SUP7344
O9836,P9675,2025-12-13,398,2025-12-16,2025-12-19,Delayed,4347682,358,
O9837,P1351,2026-04-01,366,2026-04-05,2026-04-05,Pending,3269819,183,SUP5435
O9838,P8053,2026-04-13,81,2026-04-16,2026-04-21,Pending,1585923,40,
O9839,P7030,2025-09-08,377,2025-09-13,2025-09-16,Delayed,3923534,339,
O9840,P5832,2026-03-26,282,2026-03-30,2026-03-30,Pending,4903764,141,
O9841,P5516,2025-12-02,375,2025-12-08,2025-12-08,Pending,2300265,188,
O9842,P5047,2026-04-15,362,2026-04-20,2026-04-21,Delivered,3123489,362,
O9843,P2754,2025-05-28,420,2025-06-01,2025-06-03,Delayed,2800913,378,SUP7945
O9844,P7201,2026-03-19,493,2026-03-22,2026-03-24,Delayed,3509841,444,SUP2451
O9845,P910,2025-12-16,111,2025-12-23,2025-12-28,Delivered,2514487,111,SUP1409
O9846,P7932,2025-11-11,481,2025-11-16,2025-11-16,Pending,3485617,240,SUP8237
O9847,P2628,2025-06-07,488,2025-06-17,2025-06-17,Delivered,1291187,488,SUP3325
O9848,P6098,2026-02-09,332,2026-02-14,2026-02-18,Delayed,504792,299,SUP9996
O9849,P5241,2026-03-12,53,2026-03-15,2026-03-18,Pending,591016,26,SUP8988
O9850,P2728,2026-04-01,147,2026-04-08,2026-04-12,Pending,447761,74,SUP125
O9851,P3206,2026-04-22,56,2026-05-02,2026-05-03,Pending,2623969,28,
O9852,P573,2025-09-16,326,2025-09-25,2025-09-25,Delayed,122275,293,
O9853,P8813,2026-05-22,210,2026-05-25,2026-05-29,Delivered,2221617,210,SUP7422
O9854,P377,2025-09-20,257,2025-09-27,2025-09-28,Delayed,2251679,231,SUP6474
O9855,P8585,2025-10-27,345,2025-11-05,2025-11-05,Pending,1284634,172,
O9856,P6508,2025-10-17,384,2025-10-21,2025-10-21,Pending,3489643,192,SUP706
O9857,P5100,2025-10-13,265,2025-10-22,2025-10-27,Delayed,3610137,238,SUP2882
O9858,P8783,2025-11-23,232,2025-12-01,2025-12-04,Delivered,3154458,232,
O9859,P880,2026-03-09,418,2026-03-15,2026-03-18,Delivered,2000541,418,SUP4128
O9860,P7223,2026-05-09,197,2026-05-18,2026-05-21,Delayed,2430483,177,SUP8063
O9861,P5893,2026-04-18,265,2026-04-26,2026-05-01,Delayed,273854,238,SUP5502
O9862,P7605,2026-04-20,303,2026-04-28,2026-05-03,Pending,513424,152,SUP419
O9863,P2566,2025-08-14,411,2025-08-23,2025-08-28,Delivered,1903717,411,SUP4526
O9864,P8735,2026-03-22,62,2026-03-31,2026-03-31,Delivered,1248104,62,
O9865,P2263,2025-07-01,248,2025-07-06,2025-07-08,Delivered,3656437,248,
O9866,P469,2025-09-30,148,2025-10-10,2025-10-15,Delayed,1001080,133,
O9867,P8477,2025-09-02,20,2025-09-08,2025-09-12,Pending,1616350,10,SUP5916
O9868,P9842,2026-03-24,242,2026-03-29,2026-04-02,Delayed,3062266,218,
O9869,P7053,2025-12-04,482,2025-12-14,2025-12-16,Delayed,616188,434,SUP5387
O9870,P9559,2026-04-23,317,2026-05-03,2026-05-04,Delivered,3577168,317,SUP9878
O9871,P2185,2025-12-16,419,2025-12-22,2025-12-25,Delayed,4287399,377,SUP6023
O9872,P9228,2025-08-22,89,2025-08-25,2025-08-29,Pending,552034,44,
O9873,P2979,2026-04-05,237,2026-04-10,2026-04-10,Delivered,2011954,237,SUP8394
O9874,P5440,2025-09-06,347,2025-09-10,2025-09-11,Pending,3231801,174,SUP4288
O9875,P6054,2026-04-02,365,2026-04-12,2026-04-12,Delivered,2376470,365,SUP1261
O9876,P4887,2026-05-11,37,2026-05-20,2026-05-25,Delivered,179254,37,SUP4755
O9877,P8584,2025-11-19,139,2025-11-27,2025-11-29,Delayed,1253263,125,SUP8295
O9878,P9825,2025-05-31,113,2025-06-10,2025-06-13,Delivered,3602561,113,SUP415
O9879,P9706,2025-08-14,49,2025-08-23,2025-08-26,Pending,2491152,24,
O9880,P7551,2025-09-07,135,2025-09-14,2025-09-18,Pending,4852449,68,SUP6425
O9881,P7899,2025-06-30,493,2025-07-10,2025-07-10,Delayed,559182,444,
O9882,P9667,2026-02-14,233,2026-02-21,2026-02-23,Pending,1642862,116,
O9883,P8661,2026-05-16,167,2026-05-22,2026-05-22,Delivered,3429349,167,SUP5717
O9884,P5938,2025-08-02,334,2025-08-11,2025-08-15,Pending,1816918,167,SUP8292
O9885,P6503,2025-12-05,326,2025-12-10,2025-12-12,Delivered,2192948,326,SUP5171
O9886,P1835,2025-09-10,175,2025-09-15,2025-09-16,Delivered,4645478,175,SUP1438
O9887,P4498,2025-10-07,274,2025-10-12,2025-10-12,Delayed,4550290,247,SUP1048
O9888,P6571,2025-11-18,452,2025-11-26,2025-11-30,Delivered,3478275,452,
O9889,P9264,2026-02-18,324,2026-02-25,2026-02-27,Delivered,2282793,324,
O9890,P5603,2025-07-20,152,2025-07-29,2025-08-03,Delayed,3635636,137,SUP9121
O9891,P8051,2025-11-12,135,2025-11-18,2025-11-22,Delivered,934483,135,SUP3480
O9892,P7916,2026-05-18,65,2026-05-28,2026-06-02,Pending,1032435,32,SUP5608
O9893,P4939,2026-03-03,450,2026-03-12,2026-03-16,Pending,1247146,225,
O9894,P1078,2025-09-02,126,2025-09-06,2025-09-07,Delayed,912566,113,
O9895,P7643,2026-01-22,209,2026-01-30,2026-02-04,Delivered,4309188,209,SUP4277
O9896,P571,2025-08-07,303,2025-08-11,2025-08-16,Delayed,2646282,273,
O9897,P589,2026-03-28,472,2026-04-07,2026-04-08,Delayed,2498991,425,
O9898,P5126,2026-05-26,134,2026-06-02,2026-06-05,Delayed,327962,121,
O9899,P1261,2025-07-19,246,2025-07-24,2025-07-28,Delayed,3141236,221,SUP169
O9900,P1309,2025-12-04,54,2025-12-07,2025-12-10,Delivered,1467024,54,
O9901,P9477,2026-01-19,20,2026-01-28,2026-01-28,Pending,2417176,10,SUP27
O9902,P9158,2026-03-11,24,2026-03-21,2026-03-21,Delayed,4447031,22,SUP780
O9903,P9224,2025-06-06,309,2025-06-15,2025-06-20,Delayed,2022018,278,SUP3918
O9904,P9555,2026-01-04,256,2026-01-13,2026-01-16,Pending,4451162,128,SUP1275
O9905,P4518,2025-11-20,85,2025-11-24,2025-11-29,Delayed,55054,76,SUP2500
O9906,P9352,2025-12-24,17,2025-12-31,2026-01-01,Delayed,2570878,15,SUP7867
O9907,P1671,2026-03-24,158,2026-03-27,2026-03-30,Pending,1344351,79,SUP2146
O9908,P8404,2026-04-11,334,2026-04-21,2026-04-21,Delivered,2504488,334,SUP646
O9909,P3014,2025-11-19,116,2025-11-22,2025-11-27,Pending,2983182,58,
O9910,P8821,2025-12-05,124,2025-12-14,2025-12-14,Delivered,3847916,124,
O9911,P5577,2025-12-19,316,2025-12-23,2025-12-26,Pending,4963754,158,SUP8188
O9912,P8962,2025-11-27,94,2025-11-30,2025-12-04,Delayed,762599,85,
O9913,P1005,2025-11-29,241,2025-12-05,2025-12-08,Pending,2466898,120,SUP1862
O9914,P7869,2025-08-11,412,2025-08-17,2025-08-20,Delivered,1975562,412,SUP6343
O9915,P4064,2025-11-08,196,2025-11-15,2025-11-15,Pending,261171,98,
O9916,P3389,2025-11-04,266,2025-11-11,2025-11-15,Pending,4287721,133,SUP3275
O9917,P146,2026-05-24,133,2026-05-27,2026-05-27,Delivered,4412083,133,SUP685
O9918,P6228,2026-01-04,204,2026-01-14,2026-01-16,Delivered,372139,204,SUP2091
O9919,P5798,2025-09-20,250,2025-09-24,2025-09-28,Delayed,295202,225,
O9920,P3854,2025-11-04,165,2025-11-09,2025-11-14,Delivered,4683580,165,SUP948
O9921,P7316,2025-08-14,387,2025-08-19,2025-08-19,Delayed,1016950,348,SUP2505
O9922,P9214,2025-10-22,36,2025-10-29,2025-11-02,Delayed,2266922,32,SUP1650
O9923,P9298,2026-05-18,309,2026-05-28,2026-06-02,Delivered,2868759,309,SUP5461
O9924,P4981,2025-05-30,465,2025-06-06,2025-06-11,Pending,4292185,232,SUP5117
O9925,P6875,2026-04-21,153,2026-05-01,2026-05-04,Delayed,4715578,138,SUP8865
O9926,P9721,2025-11-16,16,2025-11-19,2025-11-20,Delayed,3739734,14,SUP9710
O9927,P7378,2025-07-24,201,2025-07-28,2025-07-30,Pending,880636,100,SUP2015
O9928,P253,2025-09-28,362,2025-10-04,2025-10-04,Delivered,4034862,362,SUP505
O9929,P4082,2026-01-11,352,2026-01-16,2026-01-20,Pending,1280732,176,SUP3139
O9930,P618,2026-01-13,255,2026-01-21,2026-01-21,Delayed,1911958,230,SUP3752
O9931,P7678,2025-05-29,387,2025-06-06,2025-06-09,Delivered,3487507,387,
O9932,P3378,2025-11-08,367,2025-11-11,2025-11-13,Delivered,207443,367,SUP3531
O9933,P1700,2025-12-31,298,2026-01-10,2026-01-13,Delivered,3712185,298,SUP6028
O9934,P819,2026-02-06,360,2026-02-16,2026-02-17,Delayed,3075367,324,SUP1987
O9935,P4261,2026-04-15,105,2026-04-18,2026-04-20,Delivered,1583066,105,
O9936,P6192,2026-04-19,75,2026-04-29,2026-05-03,Delayed,3000916,68,SUP8406
O9937,P2007,2025-12-01,430,2025-12-06,2025-12-11,Delayed,4755324,387,
O9938,P5905,2026-01-06,481,2026-01-16,2026-01-16,Pending,3284948,240,SUP2411
O9939,P5300,2025-08-26,208,2025-09-05,2025-09-07,Pending,4114890,104,SUP7416
O9940,P3916,2026-01-30,301,2026-02-05,2026-02-08,Delayed,3420253,271,SUP985
O9941,P9054,2026-02-05,196,2026-02-14,2026-02-19,Pending,1354322,98,
O9942,P9153,2026-01-29,455,2026-02-04,2026-02-08,Delayed,1843411,410,SUP1485
O9943,P6625,2025-11-08,355,2025-11-12,2025-11-17,Delivered,3999484,355,SUP6141
O9944,P7631,2025-12-05,331,2025-12-11,2025-12-16,Pending,968970,166,
O9945,P576,2026-03-27,60,2026-04-04,2026-04-05,Delivered,2706488,60,
O9946,P1581,2026-04-28,150,2026-05-07,2026-05-12,Delayed,4802603,135,SUP747
O9947,P8966,2025-09-02,498,2025-09-05,2025-09-08,Delivered,3462426,498,SUP6593
O9948,P4991,2025-06-13,44,2025-06-18,2025-06-22,Delayed,4712200,40,SUP1876
O9949,P2211,2026-02-12,461,2026-02-19,2026-02-21,Delayed,750486,415,SUP6311
O9950,P3039,2026-01-14,419,2026-01-21,2026-01-25,Delivered,1998919,419,SUP9488
O9951,P6580,2025-10-27,72,2025-11-06,2025-11-11,Delivered,4024879,72,
O9952,P6881,2026-03-10,57,2026-03-18,2026-03-20,Delayed,3370363,51,SUP4476
O9953,P6463,2025-07-19,310,2025-07-29,2025-07-31,Delayed,2555966,279,
O9954,P7994,2025-06-15,320,2025-06-25,2025-06-27,Delivered,3684235,320,SUP3535
O9955,P3925,2025-05-31,39,2025-06-04,2025-06-05,Delivered,3954758,39,
O9956,P8425,2026-05-04,142,2026-05-13,2026-05-15,Delayed,990490,128,SUP3561
O9957,P3376,2026-01-02,177,2026-01-09,2026-01-11,Pending,411427,88,
O9958,P3803,2025-08-10,306,2025-08-18,2025-08-23,Pending,3218695,153,
O9959,P3216,2026-04-08,166,2026-04-14,2026-04-19,Delivered,365451,166,
O9960,P2740,2025-08-19,456,2025-08-26,2025-08-31,Pending,2523695,228,SUP7937
O9961,P1391,2026-01-21,114,2026-01-28,2026-01-30,Pending,1371803,57,SUP736
O9962,P7878,2025-12-24,206,2025-12-28,2026-01-01,Delivered,4919621,206,SUP1002
O9963,P6403,2025-10-31,212,2025-11-06,2025-11-07,Delayed,2043236,191,
O9964,P3692,2025-10-04,338,2025-10-14,2025-10-14,Delivered,2142605,338,SUP1524
O9965,P2358,2025-10-04,247,2025-10-07,2025-10-11,Delivered,2773182,247,SUP7930
O9966,P5779,2025-12-01,188,2025-12-10,2025-12-12,Delayed,1469301,169,
O9967,P22,2025-10-17,120,2025-10-22,2025-10-27,Delayed,4349327,108,SUP4116
O9968,P8420,2025-10-31,461,2025-11-03,2025-11-07,Pending,1990477,230,
O9969,P2472,2026-04-16,325,2026-04-20,2026-04-21,Delivered,3978218,325,SUP3807
O9970,P5533,2026-04-16,304,2026-04-26,2026-04-29,Delivered,1995393,304,
O9971,P7628,2025-11-10,372,2025-11-20,2025-11-23,Pending,777062,186,SUP9142
O9972,P5357,2025-07-18,211,2025-07-25,2025-07-26,Delivered,1723499,211,
O9973,P4043,2025-06-30,55,2025-07-03,2025-07-03,Delivered,3063886,55,
O9974,P8209,2025-06-01,135,2025-06-05,2025-06-08,Delivered,1621536,135,SUP1877
O9975,P5611,2025-10-02,119,2025-10-08,2025-10-12,Pending,2439849,60,SUP5672
O9976,P6512,2026-05-19,460,2026-05-29,2026-06-03,Pending,4908856,230,SUP4970
O9977,P2180,2025-09-16,297,2025-09-21,2025-09-22,Delayed,3866437,267,
O9978,P4048,2025-05-31,470,2025-06-07,2025-06-09,Delivered,585722,470,SUP476
O9979,P6233,2026-04-10,128,2026-04-16,2026-04-17,Delayed,4693159,115,SUP4319
O9980,P9418,2026-04-19,85,2026-04-25,2026-04-29,Pending,2753089,42,SUP6218
O9981,P2337,2025-08-06,216,2025-08-13,2025-08-16,Delayed,101241,194,SUP2609
O9982,P1840,2026-01-18,392,2026-01-26,2026-01-27,Delivered,1461658,392,SUP1772
O9983,P6508,2025-07-27,282,2025-08-04,2025-08-08,Delayed,1188380,254,SUP706
O9984,P7045,2026-02-04,241,2026-02-07,2026-02-08,Pending,2204732,120,
O9985,P7186,2025-10-09,205,2025-10-19,2025-10-21,Delayed,4859192,184,SUP8902
O9986,P5175,2025-09-22,198,2025-10-02,2025-10-02,Delayed,1595401,178,SUP2115
O9987,P1105,2025-10-28,335,2025-11-01,2025-11-02,Pending,3911994,168,
O9988,P5371,2025-09-10,187,2025-09-16,2025-09-17,Pending,3814437,94,SUP2384
O9989,P5732,2026-05-01,201,2026-05-04,2026-05-07,Delayed,785324,181,
O9990,P6705,2025-11-24,485,2025-12-04,2025-12-05,Delayed,2060351,436,
O9991,P5535,2026-05-10,474,2026-05-14,2026-05-19,Delivered,3243973,474,
O9992,P1705,2025-08-10,340,2025-08-18,2025-08-22,Pending,1596252,170,SUP702
O9993,P4072,2026-01-07,85,2026-01-17,2026-01-17,Pending,4747368,42,SUP2051
O9994,P3739,2025-09-14,274,2025-09-22,2025-09-25,Delayed,2904596,247,
O9995,P9253,2026-03-19,496,2026-03-25,2026-03-25,Delayed,1258197,446,SUP5643
O9996,P3836,2026-02-01,40,2026-02-07,2026-02-10,Pending,3256312,20,SUP3060
O9997,P3770,2025-09-15,112,2025-09-19,2025-09-24,Delivered,2950536,112,SUP1429
O9998,P5640,2025-11-04,220,2025-11-13,2025-11-16,Delivered,3412238,220,SUP107
O9999,P4352,2026-02-23,378,2026-02-28,2026-03-05,Pending,3175478,189,SUP7973
O10000,P4198,2026-04-01,480,2026-04-05,2026-04-09,Delayed,3567677,432,
