product_id,product_name,category,brand,cost_price,selling_price
P1,Always Product,Accessories,Boat,36608,37402
P2,Develop Product,Electronics,HP,26566,39900
P3,Season Product,Furniture,Samsung,49740,53031
P4,Wide Product,Electronics,Dell,18505,30989
P5,Identify Product,Office,Samsung,8115,18679
P6,Establish Product,Appliances,Samsung,27230,32538
P7,Skill Product,Accessories,IKEA,3231,14474
P8,Out Product,Accessories,Dell,16900,17581
P9,Reach Product,Appliances,HP,43547,50823
P10,Peace Product,Office,HP,39230,40998
P11,Ready Product,Furniture,Boat,19721,34689
P12,Fund Product,Furniture,Samsung,38634,39962
P13,Before Product,Office,Boat,13821,25802
P14,Decision Product,Furniture,Boat,22112,32852
P15,Culture Product,Furniture,Boat,40779,43280
P16,Play Product,Office,Boat,28292,34884
P17,High Product,Furniture,Samsung,36591,41698
P18,Head Product,Electronics,Lenovo,26720,35959
P19,Free Product,Office,Boat,42863,50096
P20,Bar Product,Office,Lenovo,30459,33860
P21,Out Product,Electronics,Dell,14705,22263
P22,Thought Product,Furniture,HP,20260,21925
P23,Return Product,Office,Sony,8618,21406
P24,Style Product,Appliances,Dell,39953,44135
P25,Hold Product,Appliances,Boat,11437,17613
P26,Baby Product,Appliances,Dell,36321,41209
P27,One Product,Electronics,Sony,20666,22723
P28,Line Product,Electronics,Dell,41643,49492
P29,It Product,Accessories,HP,21862,28251
P30,Store Product,Appliances,IKEA,28715,39355
P31,Gun Product,Electronics,Boat,18523,26344
P32,Pay Product,Accessories,Samsung,5749,13937
P33,Bank Product,Furniture,Dell,37734,48469
P34,Attention Product,Accessories,HP,31955,41665
P35,Whether Product,Appliances,IKEA,33109,42861
P36,Choose Product,Furniture,HP,49137,57713
P37,About Product,Accessories,IKEA,742,4020
P38,Memory Product,Furniture,Dell,18163,26380
P39,Him Product,Furniture,Sony,23443,37860
P40,Model Product,Office,Boat,46907,51968
P41,Kitchen Product,Electronics,HP,29303,39697
P42,Expert Product,Electronics,Boat,7705,22131
P43,Than Product,Electronics,Sony,15792,18189
P44,Ask Product,Office,Boat,22191,28223
P45,Indicate Product,Furniture,IKEA,24650,36105
P46,Hit Product,Appliances,HP,2147,12706
P47,Music Product,Appliances,Dell,17619,31557
P48,Answer Product,Electronics,Sony,39148,53763
P49,Step Product,Electronics,Dell,14741,29041
P50,Pressure Product,Appliances,HP,16025,25292
P51,Rather Product,Accessories,HP,47853,49904
P52,Management Product,Furniture,Samsung,19069,22275
P53,Walk Product,Office,IKEA,17190,20328
P54,Future Product,Accessories,Boat,40728,48880
P55,Term Product,Office,HP,10434,24032
P56,Near Product,Accessories,IKEA,8258,13916
P57,Decision Product,Electronics,Dell,44871,47533
P58,Writer Product,Electronics,HP,19838,23211
P59,Yes Product,Accessories,Sony,33061,38281
P60,Than Product,Office,Sony,27487,37127
P61,Star Product,Appliances,IKEA,49005,57026
P62,Manager Product,Electronics,Sony,2668,10005
P63,Glass Product,Office,HP,20588,31384
P64,Discover Product,Appliances,Boat,49475,58834
P65,Present Product,Office,Sony,25146,37298
P66,Should Product,Appliances,Boat,15477,19695
P67,Home Product,Electronics,IKEA,40228,51885
P68,Dog Product,Appliances,HP,3971,8029
P69,Paper Product,Furniture,HP,46447,48091
P70,Cultural Product,Appliances,Lenovo,11196,12937
P71,Analysis Product,Accessories,Sony,13938,21207
P72,Challenge Product,Accessories,HP,46741,49171
P73,Myself Product,Accessories,IKEA,34715,41615
P74,Dog Product,Furniture,Boat,32445,39356
P75,Final Product,Furniture,Sony,46808,57601
P76,Spring Product,Electronics,Samsung,49272,50250
P77,Her Product,Office,Boat,38908,51521
P78,Knowledge Product,Office,HP,24007,25482
P79,Line Product,Appliances,HP,6996,16892
P80,To Product,Appliances,Dell,3887,12262
P81,Memory Product,Office,HP,24798,31994
P82,Explain Product,Furniture,IKEA,28710,40305
P83,Home Product,Furniture,Sony,28080,40623
P84,All Product,Appliances,Lenovo,16078,16998
P85,Improve Product,Accessories,IKEA,12492,19489
P86,Result Product,Furniture,IKEA,36477,39490
P87,Alone Product,Electronics,HP,27324,27887
P88,Bring Product,Electronics,HP,5496,12997
P89,Pm Product,Furniture,Samsung,9512,16514
P90,Hear Product,Office,IKEA,37320,44951
P91,Someone Product,Appliances,IKEA,36281,49000
P92,Everybody Product,Office,Boat,39336,40562
P93,Result Product,Appliances,Lenovo,13293,20131
P94,Figure Product,Furniture,Sony,41298,42311
P95,Home Product,Appliances,Dell,9008,22653
P96,Nearly Product,Accessories,Boat,15967,24841
P97,Themselves Product,Accessories,Boat,23223,35165
P98,Build Product,Office,Samsung,18094,20266
P99,Many Product,Appliances,Boat,11423,24127
P100,Ability Product,Office,Lenovo,47893,58773
P101,Clear Product,Accessories,Samsung,46284,56417
P102,More Product,Office,Sony,46529,52722
P103,Threat Product,Accessories,Lenovo,4169,7686
P104,Whose Product,Office,Boat,25859,35815
P105,Plan Product,Electronics,Boat,17372,18337
P106,Dream Product,Electronics,HP,16207,29061
P107,Might Product,Accessories,Samsung,41782,53142
P108,Sometimes Product,Accessories,Sony,4497,5003
P109,Role Product,Office,IKEA,26008,30564
P110,Nearly Product,Appliances,Sony,32077,44516
P111,Television Product,Furniture,Samsung,25973,38156
P112,Traditional Product,Furniture,Samsung,23724,28092
P113,List Product,Appliances,Boat,5015,13772
P114,Own Product,Furniture,Boat,13837,20125
P115,Finish Product,Accessories,Sony,30104,37782
P116,Series Product,Appliances,Sony,13640,15190
P117,According Product,Accessories,Samsung,7969,22592
P118,Yet Product,Electronics,HP,38380,51080
P119,World Product,Furniture,Boat,19990,28717
P120,Grow Product,Furniture,Dell,36187,41271
P121,Well Product,Accessories,Dell,20397,21150
P122,Money Product,Office,HP,6097,9060
P123,Only Product,Furniture,Sony,36832,44192
P124,Him Product,Furniture,Samsung,35153,47136
P125,Across Product,Furniture,IKEA,32063,40163
P126,Camera Product,Appliances,Samsung,36208,45678
P127,Senior Product,Accessories,IKEA,4546,15244
P128,After Product,Accessories,Samsung,34959,44954
P129,Hard Product,Electronics,Dell,39742,52790
P130,With Product,Accessories,Dell,48028,58416
P131,Sort Product,Appliances,IKEA,25823,35487
P132,Since Product,Electronics,HP,34743,44345
P133,Serve Product,Accessories,Sony,35606,38770
P134,Figure Product,Office,Sony,33722,38282
P135,Mention Product,Accessories,Samsung,3404,18269
P136,Matter Product,Furniture,HP,26227,40452
P137,Hard Product,Furniture,HP,10935,19420
P138,Event Product,Electronics,Samsung,43464,56767
P139,Buy Product,Furniture,Sony,19226,32526
P140,Husband Product,Furniture,Boat,9488,19458
P141,Life Product,Electronics,Boat,21630,36628
P142,Establish Product,Furniture,Boat,24556,39153
P143,Build Product,Furniture,Lenovo,29073,37006
P144,Tree Product,Furniture,Boat,4716,12446
P145,Million Product,Office,IKEA,46617,53878
P146,Reality Product,Furniture,Lenovo,10688,17242
P147,Grow Product,Electronics,Samsung,32496,46979
P148,Including Product,Office,Samsung,37288,37962
P149,Would Product,Electronics,Sony,23287,28151
P150,Floor Product,Furniture,Samsung,9638,12107
P151,Each Product,Furniture,IKEA,15876,16409
P152,Area Product,Electronics,HP,9000,16036
P153,Somebody Product,Appliances,Samsung,2972,15982
P154,Manager Product,Office,HP,13193,26294
P155,Face Product,Appliances,IKEA,46225,53210
P156,View Product,Electronics,Dell,11621,13392
P157,From Product,Office,IKEA,15725,23157
P158,Specific Product,Furniture,Samsung,25738,38227
P159,Pressure Product,Electronics,Lenovo,22297,34682
P160,Six Product,Appliances,Sony,688,6544
P161,Will Product,Office,Boat,13863,28457
P162,When Product,Accessories,Sony,35019,49728
P163,Claim Product,Electronics,IKEA,10502,18128
P164,Head Product,Office,Samsung,16221,28471
P165,Section Product,Furniture,HP,5697,6904
P166,Realize Product,Accessories,Sony,9608,11049
P167,Question Product,Appliances,Sony,31984,40848
P168,Whose Product,Accessories,Sony,48134,48886
P169,Politics Product,Accessories,Lenovo,33602,47182
P170,Sport Product,Electronics,Sony,6962,10942
P171,Heart Product,Accessories,Samsung,7222,8832
P172,Build Product,Electronics,Samsung,32963,39186
P173,Whether Product,Appliances,Sony,1186,14353
P174,Else Product,Furniture,Dell,39032,45441
P175,Tree Product,Electronics,Sony,45368,60315
P176,Along Product,Office,Boat,17099,24113
P177,Degree Product,Appliances,Dell,15973,22963
P178,Professional Product,Office,Sony,35590,47650
P179,Trial Product,Furniture,IKEA,40148,54243
P180,Much Product,Electronics,Samsung,37086,43887
P181,Process Product,Office,Lenovo,10311,11363
P182,Citizen Product,Office,Dell,2454,7512
P183,Herself Product,Appliances,Sony,40754,42577
P184,His Product,Office,HP,30392,33777
P185,To Product,Electronics,Samsung,4945,7383
P186,Might Product,Furniture,Dell,30443,30989
P187,Situation Product,Furniture,Samsung,7253,20969
P188,Information Product,Furniture,Dell,47931,62759
P189,Me Product,Electronics,Sony,24798,29713
P190,Peace Product,Office,Samsung,26000,31355
P191,Central Product,Electronics,Sony,5284,18341
P192,Low Product,Accessories,Lenovo,11029,24660
P193,Father Product,Furniture,Dell,6987,14955
P194,Tree Product,Electronics,Lenovo,20636,27437
P195,Father Product,Electronics,Samsung,45113,57974
P196,Affect Product,Electronics,Sony,13166,24336
P197,Watch Product,Furniture,Samsung,19325,31643
P198,Forward Product,Electronics,Sony,46409,58094
P199,Economic Product,Office,Sony,43545,54454
P200,Per Product,Furniture,Boat,2906,11515
P201,Responsibility Product,Appliances,Samsung,35546,49502
P202,Control Product,Electronics,HP,20282,25024
P203,Without Product,Accessories,IKEA,21212,22294
P204,Range Product,Electronics,Boat,18146,32897
P205,Heavy Product,Accessories,Boat,16113,24529
P206,Them Product,Office,Sony,25455,27380
P207,Value Product,Accessories,Lenovo,34292,34929
P208,General Product,Furniture,Dell,48319,60972
P209,Relationship Product,Electronics,Lenovo,30403,42314
P210,Sister Product,Furniture,Sony,31064,34689
P211,Look Product,Office,Samsung,29915,39042
P212,Cell Product,Office,IKEA,39283,46188
P213,Free Product,Appliances,Dell,33606,45153
P214,Discussion Product,Appliances,Lenovo,34031,47743
P215,Executive Product,Furniture,HP,13870,27492
P216,Still Product,Appliances,Samsung,32791,38182
P217,Reflect Product,Electronics,Dell,8599,20389
P218,Hear Product,Accessories,Lenovo,33767,38235
P219,Enjoy Product,Electronics,IKEA,15471,29944
P220,Around Product,Office,Dell,42794,48984
P221,Student Product,Appliances,HP,33952,44059
P222,Guess Product,Office,IKEA,9882,20478
P223,Firm Product,Appliances,Samsung,1061,11980
P224,Fast Product,Appliances,HP,34356,47531
P225,Hold Product,Furniture,Dell,28025,33316
P226,Eat Product,Appliances,Samsung,46138,55067
P227,Character Product,Accessories,Lenovo,13262,22120
P228,Each Product,Appliances,Samsung,16343,18011
P229,Investment Product,Accessories,Dell,13975,22456
P230,Class Product,Electronics,HP,46735,52004
P231,Kid Product,Appliances,Lenovo,31465,33829
P232,Series Product,Office,Dell,5544,20474
P233,Suggest Product,Appliances,Sony,40403,44213
P234,Dog Product,Office,HP,13135,21845
P235,Technology Product,Electronics,Samsung,25644,39255
P236,Option Product,Electronics,IKEA,42517,46143
P237,President Product,Appliances,Lenovo,43508,56650
P238,Act Product,Furniture,HP,22925,25969
P239,Election Product,Appliances,IKEA,18266,28355
P240,Clearly Product,Accessories,HP,15335,20146
P241,Never Product,Office,Lenovo,4374,12722
P242,Amount Product,Office,Dell,48498,50488
P243,Add Product,Electronics,Boat,45834,46403
P244,Night Product,Appliances,Samsung,24027,30773
P245,Away Product,Furniture,Samsung,9461,18724
P246,Rather Product,Furniture,Dell,46109,59051
P247,We Product,Appliances,HP,33742,40807
P248,Almost Product,Accessories,Lenovo,6515,17634
P249,Possible Product,Furniture,Dell,28244,29909
P250,My Product,Appliances,Lenovo,29347,44306
P251,True Product,Accessories,Lenovo,23654,38557
P252,Our Product,Office,HP,42833,53608
P253,Some Product,Furniture,IKEA,26033,32614
P254,Give Product,Office,Sony,41146,50093
P255,Her Product,Accessories,Lenovo,26130,37733
P256,Front Product,Appliances,HP,45958,53129
P257,Position Product,Accessories,IKEA,45138,57697
P258,Best Product,Appliances,IKEA,26431,40855
P259,Whom Product,Furniture,Dell,36428,47269
P260,Others Product,Furniture,Sony,46776,49595
P261,Painting Product,Accessories,IKEA,23813,26591
P262,Option Product,Office,Dell,39393,42046
P263,Modern Product,Accessories,HP,15092,18216
P264,Other Product,Accessories,Dell,16219,21925
P265,Call Product,Appliances,Lenovo,46911,54059
P266,Likely Product,Electronics,Sony,46037,57088
P267,Season Product,Accessories,Dell,31906,34795
P268,Real Product,Accessories,Lenovo,17825,27123
P269,Shoulder Product,Furniture,Lenovo,4148,10623
P270,Benefit Product,Furniture,Sony,21131,29534
P271,Again Product,Appliances,Samsung,15916,20606
P272,Believe Product,Electronics,IKEA,13429,15140
P273,Main Product,Furniture,HP,21992,32985
P274,Generation Product,Appliances,Dell,1303,2382
P275,Southern Product,Furniture,Dell,10772,12063
P276,House Product,Electronics,Samsung,25370,30548
P277,Artist Product,Electronics,IKEA,17450,24194
P278,Drug Product,Office,Boat,34241,48572
P279,I Product,Furniture,HP,33136,34294
P280,Office Product,Accessories,Lenovo,49302,51631
P281,Despite Product,Electronics,Dell,3133,16390
P282,Smile Product,Appliances,Dell,42446,53966
P283,Decide Product,Appliances,Lenovo,46956,58291
P284,Back Product,Electronics,HP,24999,35261
P285,That Product,Electronics,IKEA,698,6709
P286,Third Product,Accessories,Dell,27945,42399
P287,Mission Product,Electronics,Lenovo,12674,21813
P288,Personal Product,Furniture,Boat,45603,47512
P289,Eat Product,Furniture,Dell,23528,35815
P290,Production Product,Furniture,Boat,44240,48536
P291,Southern Product,Accessories,IKEA,38064,43907
P292,Tax Product,Office,Sony,23670,37108
P293,Role Product,Electronics,Dell,39783,45605
P294,Five Product,Appliances,IKEA,23319,37802
P295,Live Product,Office,IKEA,38446,43156
P296,Firm Product,Office,Samsung,42693,54728
P297,Present Product,Appliances,Boat,45453,57458
P298,Dinner Product,Accessories,Lenovo,39692,46763
P299,Public Product,Accessories,Lenovo,25252,37674
P300,Together Product,Electronics,Lenovo,32254,37935
P301,Hit Product,Appliances,Dell,7596,19863
P302,Toward Product,Accessories,HP,31095,33621
P303,Turn Product,Office,Lenovo,43648,46088
P304,Themselves Product,Furniture,Sony,9793,10721
P305,Your Product,Accessories,Dell,27117,30820
P306,Physical Product,Accessories,Sony,46507,47742
P307,Fund Product,Office,Boat,19445,29712
P308,Strategy Product,Office,Boat,5228,9706
P309,Believe Product,Accessories,Lenovo,4865,7918
P310,Method Product,Furniture,Sony,30648,41183
P311,Least Product,Accessories,Lenovo,10922,25384
P312,Film Product,Accessories,IKEA,48838,60251
P313,Firm Product,Furniture,HP,32911,41479
P314,Whole Product,Electronics,Boat,33986,45329
P315,Wife Product,Electronics,Lenovo,39550,42686
P316,Water Product,Accessories,Dell,30350,42052
P317,Back Product,Accessories,HP,34343,46276
P318,Quite Product,Electronics,Boat,35077,36968
P319,Stop Product,Appliances,HP,6334,13145
P320,Say Product,Furniture,Dell,4159,8655
P321,I Product,Electronics,IKEA,12708,20828
P322,Lead Product,Appliances,Sony,35872,45047
P323,World Product,Office,Dell,13521,24808
P324,Best Product,Furniture,IKEA,7491,9630
P325,This Product,Office,Lenovo,13972,26608
P326,Direction Product,Accessories,IKEA,45413,52178
P327,Hope Product,Appliances,Lenovo,7688,18518
P328,South Product,Electronics,HP,36278,46345
P329,Strategy Product,Appliances,Sony,25209,26974
P330,Seek Product,Accessories,HP,12098,13739
P331,Similar Product,Electronics,HP,23952,29619
P332,Sort Product,Electronics,Dell,36737,51332
P333,Development Product,Office,Boat,26640,35852
P334,White Product,Appliances,HP,43581,47057
P335,Career Product,Electronics,Boat,29276,39593
P336,His Product,Office,Boat,35364,42359
P337,Education Product,Office,Boat,12991,17759
P338,Light Product,Accessories,HP,31539,40222
P339,Mention Product,Appliances,Samsung,14148,21667
P340,Step Product,Office,Lenovo,32559,40092
P341,Newspaper Product,Appliances,IKEA,6577,13486
P342,Seek Product,Office,IKEA,40157,41360
P343,Middle Product,Appliances,Lenovo,46727,60359
P344,American Product,Electronics,Sony,49298,61602
P345,Nor Product,Office,Dell,21710,22709
P346,Society Product,Furniture,Sony,39438,50397
P347,Tend Product,Office,IKEA,9258,21099
P348,Available Product,Furniture,HP,31491,33878
P349,Industry Product,Appliances,Samsung,23592,38405
P350,In Product,Furniture,IKEA,45891,57978
P351,Answer Product,Appliances,Dell,37802,40170
P352,Nor Product,Accessories,HP,38146,47786
P353,Letter Product,Electronics,Lenovo,36619,46847
P354,Everybody Product,Office,Samsung,6517,16147
P355,Shoulder Product,Appliances,Boat,2249,13405
P356,Become Product,Furniture,Boat,28020,40093
P357,Sense Product,Office,Samsung,2743,13322
P358,Couple Product,Appliances,Dell,18057,32383
P359,West Product,Electronics,Sony,35391,47647
P360,Us Product,Office,Lenovo,18580,22229
P361,Cup Product,Office,Boat,4535,6374
P362,Stock Product,Furniture,Boat,1176,10829
P363,Them Product,Accessories,Boat,5493,8381
P364,Fast Product,Furniture,IKEA,45041,55514
P365,Water Product,Office,Dell,37202,46664
P366,Not Product,Electronics,Lenovo,42181,53083
P367,Success Product,Office,Samsung,14489,24992
P368,Prove Product,Appliances,Lenovo,48502,60358
P369,Discuss Product,Accessories,IKEA,43437,52388
P370,Step Product,Appliances,Dell,20779,24402
P371,Arm Product,Office,HP,49936,54401
P372,Catch Product,Office,Dell,33681,43047
P373,Major Product,Electronics,Sony,7446,22220
P374,Performance Product,Furniture,Boat,41980,51091
P375,Prepare Product,Office,Lenovo,42113,56122
P376,Society Product,Electronics,Dell,1163,5088
P377,Interest Product,Electronics,Samsung,19726,22682
P378,Too Product,Office,HP,4630,16133
P379,When Product,Office,Boat,49274,62711
P380,Place Product,Appliances,Dell,33485,41954
P381,Property Product,Electronics,Lenovo,761,1405
P382,Director Product,Appliances,Samsung,48734,56886
P383,Card Product,Appliances,Lenovo,47025,52963
P384,Hear Product,Furniture,IKEA,32852,42585
P385,Special Product,Appliances,Dell,18481,20713
P386,Store Product,Electronics,Lenovo,40157,48841
P387,Or Product,Accessories,Sony,37198,50686
P388,Mention Product,Electronics,Sony,2491,13611
P389,None Product,Office,IKEA,29568,37595
P390,Majority Product,Appliances,Samsung,29114,33123
P391,Theory Product,Furniture,HP,19674,22374
P392,Two Product,Appliances,HP,47346,59039
P393,Continue Product,Office,Lenovo,12067,15008
P394,Consumer Product,Furniture,Lenovo,8937,16991
P395,Include Product,Appliances,Samsung,25215,31603
P396,Those Product,Furniture,Lenovo,8373,18973
P397,After Product,Appliances,Sony,43015,50721
P398,Easy Product,Electronics,Samsung,18095,26407
P399,My Product,Electronics,HP,49492,50345
P400,Girl Product,Accessories,Boat,10169,24724
P401,Accept Product,Furniture,Boat,46899,60410
P402,Above Product,Accessories,Dell,20359,27844
P403,Staff Product,Electronics,IKEA,15863,20731
P404,Traditional Product,Furniture,Boat,10124,15486
P405,Last Product,Office,Lenovo,20077,22106
P406,Radio Product,Furniture,HP,2585,14957
P407,Help Product,Appliances,IKEA,33237,40053
P408,What Product,Furniture,Lenovo,33192,47323
P409,Responsibility Product,Furniture,HP,23566,35567
P410,Reveal Product,Office,Sony,4520,12562
P411,Southern Product,Electronics,IKEA,13214,15951
P412,Very Product,Accessories,Dell,4885,14825
P413,Decision Product,Accessories,Boat,24740,27093
P414,Way Product,Furniture,HP,22347,23159
P415,Individual Product,Furniture,HP,37475,43979
P416,Affect Product,Appliances,Dell,17072,18773
P417,Toward Product,Electronics,Sony,49008,63691
P418,Arm Product,Electronics,Sony,16982,19320
P419,Save Product,Electronics,Sony,8903,13620
P420,Church Product,Electronics,Lenovo,26334,38528
P421,Meeting Product,Appliances,Lenovo,32052,36680
P422,First Product,Furniture,Lenovo,37748,39162
P423,Could Product,Office,Samsung,17984,27418
P424,Analysis Product,Furniture,Lenovo,5766,13214
P425,You Product,Furniture,Boat,4210,13718
P426,Spring Product,Office,HP,39514,48753
P427,Hope Product,Office,Sony,27376,42263
P428,Business Product,Electronics,Samsung,32203,40709
P429,Build Product,Appliances,Samsung,41678,42195
P430,Film Product,Furniture,Lenovo,21829,25301
P431,Kitchen Product,Appliances,Dell,29425,30120
P432,Water Product,Accessories,Lenovo,42729,49997
P433,Out Product,Electronics,Samsung,18471,33120
P434,Exist Product,Electronics,Lenovo,5779,7503
P435,Action Product,Accessories,Samsung,45524,57174
P436,Future Product,Office,Dell,1170,1802
P437,Pull Product,Office,Samsung,2626,12459
P438,Pattern Product,Electronics,HP,41925,44632
P439,Year Product,Appliances,Samsung,23625,29604
P440,Statement Product,Office,Dell,41725,43511
P441,Every Product,Office,HP,721,14852
P442,Source Product,Appliances,HP,798,3834
P443,Dream Product,Electronics,Samsung,6925,21688
P444,Success Product,Electronics,Dell,5584,12019
P445,Situation Product,Electronics,Boat,20932,24645
P446,His Product,Accessories,Lenovo,16382,29871
P447,At Product,Office,Lenovo,19149,23308
P448,Inside Product,Electronics,Boat,46692,49676
P449,Bit Product,Electronics,Boat,49781,52634
P450,Little Product,Appliances,Boat,4670,13825
P451,Worker Product,Office,Samsung,16800,28645
P452,Away Product,Office,Dell,10719,11950
P453,Expert Product,Accessories,HP,21881,27970
P454,Including Product,Accessories,Boat,22560,25225
P455,Some Product,Electronics,Boat,18495,20130
P456,Bring Product,Furniture,HP,41907,55703
P457,Agreement Product,Office,HP,43134,50479
P458,Quickly Product,Office,Dell,7282,18318
P459,Audience Product,Electronics,Boat,40051,52601
P460,Central Product,Office,Lenovo,40875,44126
P461,Mr Product,Appliances,Dell,38306,42670
P462,Bed Product,Accessories,Boat,24604,25717
P463,Yard Product,Appliances,HP,33386,42020
P464,Central Product,Accessories,HP,16902,23892
P465,Administration Product,Furniture,Dell,42813,47933
P466,Yet Product,Accessories,Lenovo,9758,19535
P467,From Product,Office,Dell,32615,47386
P468,Often Product,Appliances,Sony,19539,34444
P469,Represent Product,Appliances,Dell,38600,51717
P470,Will Product,Electronics,Sony,22649,25453
P471,Citizen Product,Office,Lenovo,33029,36736
P472,Design Product,Accessories,Samsung,7896,18872
P473,Candidate Product,Appliances,Sony,42520,56740
P474,When Product,Accessories,Lenovo,25102,28541
P475,Dark Product,Office,IKEA,9466,22925
P476,Say Product,Electronics,Lenovo,31906,38895
P477,Security Product,Accessories,HP,38449,41009
P478,Send Product,Furniture,Samsung,18441,21492
P479,Thousand Product,Office,Lenovo,29284,36105
P480,Home Product,Office,Lenovo,27536,28669
P481,Into Product,Furniture,Lenovo,43705,49362
P482,Focus Product,Furniture,Lenovo,17493,24701
P483,Environmental Product,Office,Sony,11897,18265
P484,Road Product,Accessories,Sony,21764,34687
P485,Defense Product,Electronics,IKEA,37996,51183
P486,Television Product,Office,Lenovo,13800,24778
P487,Feel Product,Electronics,Sony,39956,50192
P488,Order Product,Accessories,Lenovo,33174,45902
P489,Myself Product,Office,IKEA,43156,47910
P490,War Product,Accessories,HP,4301,15812
P491,Ever Product,Office,Boat,7271,8341
P492,Agent Product,Appliances,IKEA,39109,51990
P493,Subject Product,Office,Dell,13703,19981
P494,Bit Product,Appliances,Lenovo,30858,45234
P495,World Product,Office,HP,25081,34399
P496,Listen Product,Office,IKEA,49787,55246
P497,Entire Product,Appliances,IKEA,2282,13070
P498,Enjoy Product,Appliances,Boat,2346,16175
P499,Middle Product,Furniture,IKEA,12517,27372
P500,Available Product,Appliances,Boat,19866,24077
P501,Often Product,Electronics,Dell,24238,32737
P502,Source Product,Office,Boat,7736,9992
P503,Election Product,Accessories,HP,37620,45075
P504,So Product,Furniture,Samsung,25050,38928
P505,News Product,Office,Sony,30141,34420
P506,Point Product,Furniture,Dell,31366,37469
P507,Two Product,Electronics,IKEA,29823,39655
P508,Maintain Product,Electronics,HP,26912,37654
P509,Institution Product,Office,Boat,41909,43994
P510,Race Product,Office,Boat,20334,30645
P511,Wind Product,Appliances,IKEA,5999,15715
P512,Professor Product,Electronics,Dell,9133,15182
P513,Let Product,Appliances,Boat,39198,49320
P514,Clearly Product,Electronics,Dell,42921,50011
P515,Relationship Product,Appliances,IKEA,12289,24657
P516,Speech Product,Office,Boat,1128,11310
P517,Population Product,Office,HP,32292,45989
P518,Country Product,Electronics,Boat,32921,33431
P519,Mrs Product,Electronics,IKEA,21307,27934
P520,Issue Product,Appliances,Sony,2965,15718
P521,Or Product,Electronics,Lenovo,7267,15767
P522,Population Product,Furniture,Sony,27696,28626
P523,Bring Product,Appliances,Boat,19549,33106
P524,None Product,Accessories,HP,27290,29270
P525,Whatever Product,Accessories,Sony,14486,18632
P526,Create Product,Accessories,Samsung,46858,50990
P527,Night Product,Accessories,Boat,34724,38783
P528,Join Product,Office,Samsung,38617,44966
P529,Pressure Product,Appliances,Dell,19010,27073
P530,Which Product,Office,IKEA,41711,47761
P531,Choose Product,Appliances,HP,27623,34493
P532,Activity Product,Office,Sony,8792,14161
P533,Impact Product,Electronics,Sony,38587,48422
P534,Their Product,Office,HP,29573,30881
P535,Artist Product,Electronics,IKEA,32326,45765
P536,Executive Product,Furniture,Dell,27558,40582
P537,Change Product,Furniture,IKEA,40643,50485
P538,Others Product,Office,HP,38663,50244
P539,Material Product,Appliances,HP,33209,44887
P540,Central Product,Furniture,IKEA,25436,33695
P541,Also Product,Office,Dell,28735,32880
P542,Character Product,Furniture,Samsung,36188,48519
P543,Yard Product,Furniture,HP,10280,16984
P544,Why Product,Electronics,Boat,35643,45718
P545,Serve Product,Furniture,Boat,42049,49116
P546,Real Product,Accessories,Boat,20559,30395
P547,Experience Product,Accessories,HP,37387,47011
P548,Mouth Product,Appliances,Lenovo,799,14291
P549,Way Product,Accessories,IKEA,35696,39315
P550,Expert Product,Electronics,Boat,6010,10399
P551,Meeting Product,Accessories,Sony,28834,32969
P552,Us Product,Office,Lenovo,10710,21427
P553,Despite Product,Appliances,Lenovo,39359,42257
P554,College Product,Accessories,HP,35890,36676
P555,School Product,Accessories,HP,31871,42277
P556,Executive Product,Appliances,Boat,29803,44612
P557,Wish Product,Furniture,Boat,43264,45180
P558,Pick Product,Furniture,HP,17817,25021
P559,During Product,Accessories,Dell,6575,12869
P560,Health Product,Accessories,IKEA,16318,29008
P561,Wife Product,Appliances,Dell,27592,35931
P562,Real Product,Furniture,IKEA,14879,16847
P563,Mind Product,Appliances,Samsung,31545,42789
P564,Summer Product,Furniture,Lenovo,20150,30996
P565,Will Product,Accessories,Sony,25381,26300
P566,Bed Product,Accessories,Dell,45483,53284
P567,Pm Product,Electronics,IKEA,48674,62738
P568,Guy Product,Appliances,Lenovo,37965,42571
P569,Drive Product,Accessories,Boat,34571,36539
P570,Whatever Product,Accessories,IKEA,42227,44059
P571,Practice Product,Furniture,IKEA,33808,44840
P572,Senior Product,Accessories,HP,8929,20585
P573,Rest Product,Furniture,Sony,8748,12309
P574,Season Product,Furniture,IKEA,27207,30987
P575,Former Product,Furniture,Samsung,16753,28854
P576,Anyone Product,Furniture,Sony,17137,23603
P577,Section Product,Furniture,Lenovo,31612,40995
P578,Service Product,Electronics,HP,43182,46559
P579,Know Product,Appliances,Dell,38868,42556
P580,Example Product,Appliances,Sony,27761,40844
P581,New Product,Accessories,Boat,17598,25297
P582,Article Product,Appliances,IKEA,10840,24834
P583,Worker Product,Appliances,HP,49420,59483
P584,Open Product,Electronics,Samsung,46959,52564
P585,Live Product,Accessories,Sony,47141,50182
P586,Appear Product,Furniture,Sony,46198,50213
P587,Sell Product,Electronics,HP,22035,30959
P588,Study Product,Office,Lenovo,49415,63431
P589,Happen Product,Office,Sony,3433,11902
P590,Drug Product,Office,Dell,24965,33561
P591,Mouth Product,Office,Sony,30686,38973
P592,In Product,Electronics,Samsung,28464,31517
P593,Child Product,Office,HP,28898,32717
P594,Wait Product,Electronics,HP,46397,48042
P595,Word Product,Furniture,Samsung,45502,49781
P596,Size Product,Appliances,Lenovo,39606,49241
P597,He Product,Electronics,Samsung,32812,40713
P598,Boy Product,Furniture,Sony,14110,26548
P599,Wait Product,Office,IKEA,17368,24498
P600,Would Product,Accessories,Boat,31998,43983
P601,Toward Product,Office,Boat,29413,39565
P602,Rich Product,Appliances,IKEA,46915,55325
P603,Music Product,Appliances,Boat,4375,12641
P604,Tough Product,Office,Lenovo,47561,48226
P605,Team Product,Electronics,Samsung,10240,24492
P606,Culture Product,Appliances,Samsung,24626,28845
P607,Peace Product,Appliances,Samsung,37398,40404
P608,Court Product,Electronics,Sony,20426,22629
P609,Another Product,Office,Samsung,28236,42879
P610,Sure Product,Appliances,Samsung,38503,42192
P611,Close Product,Furniture,HP,4513,10060
P612,Speech Product,Appliances,Samsung,12063,25505
P613,Magazine Product,Accessories,HP,38421,45132
P614,Hotel Product,Furniture,Boat,14426,29167
P615,Shake Product,Office,Dell,40764,52669
P616,Body Product,Office,Samsung,49069,52272
P617,Husband Product,Electronics,Lenovo,43456,49222
P618,Administration Product,Accessories,Samsung,11801,15556
P619,Decide Product,Furniture,Samsung,34927,48876
P620,Machine Product,Electronics,Lenovo,49457,56125
P621,Simple Product,Office,Sony,21042,28571
P622,Bring Product,Office,Sony,45791,57345
P623,Half Product,Furniture,Lenovo,24832,32124
P624,Leg Product,Furniture,Boat,662,13228
P625,Both Product,Furniture,Samsung,12887,18653
P626,Yes Product,Furniture,IKEA,17241,18698
P627,Dark Product,Furniture,Samsung,36457,40227
P628,Can Product,Appliances,Lenovo,28887,38685
P629,Bar Product,Furniture,HP,8138,8778
P630,News Product,Furniture,Sony,13995,18492
P631,Player Product,Furniture,HP,8893,20311
P632,Every Product,Accessories,IKEA,33789,34984
P633,Painting Product,Furniture,Samsung,16646,24019
P634,Yourself Product,Appliances,Boat,38950,50926
P635,Billion Product,Accessories,Samsung,4665,19623
P636,Beyond Product,Accessories,Lenovo,32294,46050
P637,Also Product,Office,Lenovo,16088,17241
P638,Cup Product,Furniture,IKEA,42192,42791
P639,Skin Product,Accessories,HP,5144,9641
P640,Through Product,Appliances,HP,44061,46493
P641,Office Product,Furniture,Samsung,29835,43572
P642,Real Product,Electronics,Boat,17082,25930
P643,Image Product,Office,Lenovo,36515,49486
P644,My Product,Electronics,Samsung,8000,21102
P645,Loss Product,Furniture,Boat,32812,43591
P646,Action Product,Electronics,HP,12305,17891
P647,Something Product,Electronics,Lenovo,15817,19440
P648,Son Product,Furniture,Sony,34950,45708
P649,Lawyer Product,Accessories,Sony,23534,32748
P650,Drug Product,Furniture,Samsung,49529,54821
P651,Then Product,Furniture,IKEA,39773,42873
P652,Magazine Product,Furniture,Sony,12717,25136
P653,Worker Product,Electronics,Lenovo,10096,23051
P654,Else Product,Electronics,Dell,40439,53383
P655,Onto Product,Accessories,HP,11741,25927
P656,Class Product,Electronics,Sony,36551,43102
P657,Dark Product,Office,Samsung,31581,44092
P658,Born Product,Accessories,Sony,25269,35999
P659,Seem Product,Electronics,HP,31108,39368
P660,Music Product,Appliances,Boat,38460,40912
P661,Act Product,Furniture,HP,45767,59619
P662,No Product,Furniture,Sony,44966,56690
P663,Experience Product,Furniture,IKEA,4331,14447
P664,Final Product,Accessories,Lenovo,25927,26899
P665,First Product,Electronics,Boat,8018,16077
P666,Where Product,Appliances,Sony,16858,21214
P667,Central Product,Office,Sony,13490,17106
P668,Though Product,Electronics,IKEA,32671,36702
P669,Win Product,Appliances,Sony,45563,56221
P670,Daughter Product,Furniture,Sony,25701,39982
P671,Easy Product,Appliances,IKEA,27052,32407
P672,Listen Product,Accessories,IKEA,15152,23099
P673,Strong Product,Office,Samsung,4188,8932
P674,Congress Product,Furniture,Sony,29076,31261
P675,Write Product,Electronics,HP,23173,37455
P676,Fact Product,Accessories,Samsung,34814,44621
P677,Manage Product,Electronics,Samsung,37549,43321
P678,Well Product,Office,Sony,18125,24563
P679,Near Product,Electronics,Boat,13117,14799
P680,Turn Product,Accessories,Boat,9133,20352
P681,Sometimes Product,Furniture,Lenovo,19962,33726
P682,Expert Product,Furniture,IKEA,5344,6962
P683,Administration Product,Electronics,IKEA,888,11711
P684,Response Product,Furniture,Dell,17518,18934
P685,Bring Product,Accessories,Samsung,18682,25501
P686,Leader Product,Electronics,Samsung,38077,38704
P687,Stop Product,Office,Samsung,15881,21037
P688,Evening Product,Appliances,Lenovo,20624,32823
P689,Fish Product,Furniture,Dell,33136,39816
P690,Still Product,Office,Dell,28130,41237
P691,Run Product,Appliances,Samsung,25208,27945
P692,Over Product,Accessories,Sony,3726,10277
P693,Call Product,Office,Samsung,17566,27444
P694,Hundred Product,Appliances,Samsung,34599,45532
P695,Young Product,Electronics,Sony,37540,42830
P696,Service Product,Appliances,Dell,16181,23867
P697,Dark Product,Accessories,IKEA,37490,39875
P698,Table Product,Furniture,Dell,49781,54590
P699,Individual Product,Furniture,HP,10279,15431
P700,When Product,Furniture,IKEA,2388,3719
P701,Enter Product,Office,Lenovo,34368,47336
P702,Bag Product,Electronics,Lenovo,48750,62751
P703,Rock Product,Electronics,Boat,36727,44564
P704,Instead Product,Electronics,HP,27316,40759
P705,Red Product,Appliances,Boat,24542,36974
P706,Plan Product,Office,IKEA,45399,54928
P707,Protect Product,Electronics,Dell,8793,22654
P708,Quickly Product,Furniture,Samsung,30161,34072
P709,Cover Product,Office,Samsung,28313,31742
P710,One Product,Accessories,HP,33665,39943
P711,Citizen Product,Accessories,Dell,32134,41120
P712,Who Product,Electronics,Dell,31445,45560
P713,Such Product,Electronics,HP,39496,53227
P714,Blood Product,Electronics,HP,38041,40785
P715,Again Product,Appliances,Lenovo,33287,43256
P716,Sure Product,Appliances,IKEA,13814,22563
P717,Writer Product,Appliances,Sony,13120,20463
P718,Respond Product,Accessories,Samsung,40543,47055
P719,Table Product,Appliances,Sony,8923,19366
P720,General Product,Electronics,Lenovo,28183,40772
P721,Minute Product,Accessories,IKEA,15545,25202
P722,Six Product,Electronics,Lenovo,43965,48684
P723,Money Product,Electronics,Lenovo,41823,51159
P724,Dog Product,Electronics,Sony,39784,40465
P725,Minute Product,Electronics,Lenovo,43628,53001
P726,Travel Product,Furniture,Lenovo,38853,42552
P727,Cover Product,Appliances,Boat,31542,43575
P728,Office Product,Appliances,Samsung,20203,32853
P729,Someone Product,Electronics,IKEA,7483,16607
P730,Three Product,Accessories,Lenovo,22600,36233
P731,Find Product,Furniture,Lenovo,13350,18378
P732,Or Product,Accessories,Boat,40135,43065
P733,Office Product,Appliances,Lenovo,35036,44493
P734,Hard Product,Accessories,IKEA,22488,35429
P735,Relationship Product,Appliances,Boat,16563,31040
P736,Receive Product,Office,Dell,41582,48569
P737,Base Product,Office,Samsung,16318,26086
P738,After Product,Electronics,Boat,29398,41363
P739,Something Product,Accessories,IKEA,33218,44236
P740,Soon Product,Furniture,Sony,11478,20114
P741,Without Product,Accessories,Boat,42089,51821
P742,Ten Product,Electronics,HP,527,4582
P743,Case Product,Electronics,IKEA,32088,33912
P744,World Product,Appliances,Samsung,25366,40158
P745,Break Product,Furniture,IKEA,21315,24231
P746,Democratic Product,Office,Boat,49712,59325
P747,List Product,Accessories,Sony,19531,22474
P748,Capital Product,Electronics,Boat,38068,50951
P749,Stand Product,Electronics,Boat,9461,24235
P750,Top Product,Office,Boat,36480,38020
P751,Only Product,Accessories,HP,41717,47483
P752,No Product,Furniture,HP,23152,24242
P753,Movement Product,Furniture,Dell,3064,14645
P754,Several Product,Accessories,HP,14070,15903
P755,Black Product,Accessories,Lenovo,32800,46626
P756,National Product,Office,Lenovo,47227,61905
P757,Million Product,Accessories,IKEA,38201,49565
P758,Attorney Product,Appliances,Lenovo,26563,31197
P759,Several Product,Appliances,HP,12946,14345
P760,Should Product,Appliances,IKEA,32292,35354
P761,Adult Product,Appliances,Sony,2599,8595
P762,Or Product,Accessories,Samsung,1683,2489
P763,Building Product,Appliances,Boat,10820,14877
P764,Continue Product,Furniture,Lenovo,27124,41200
P765,Character Product,Furniture,Lenovo,17916,27762
P766,Off Product,Electronics,Sony,34147,45304
P767,Nice Product,Furniture,Lenovo,45938,56178
P768,Own Product,Accessories,Samsung,21209,26220
P769,Phone Product,Appliances,Samsung,23395,27927
P770,Something Product,Appliances,IKEA,25016,31179
P771,Friend Product,Appliances,Samsung,20920,31696
P772,Car Product,Electronics,Lenovo,48926,59854
P773,Turn Product,Office,Sony,39326,40883
P774,Any Product,Appliances,Dell,23706,35837
P775,Which Product,Appliances,Sony,4660,15965
P776,Cover Product,Electronics,Boat,39122,42228
P777,Child Product,Accessories,Samsung,42751,52477
P778,Seven Product,Accessories,Lenovo,12020,24016
P779,Air Product,Electronics,IKEA,25391,36458
P780,Court Product,Furniture,Lenovo,48681,51868
P781,Thing Product,Appliances,IKEA,12245,23461
P782,Well Product,Office,Samsung,17145,25024
P783,Less Product,Furniture,Samsung,21288,31197
P784,Yet Product,Accessories,Lenovo,48693,61670
P785,Item Product,Appliances,Sony,30786,40093
P786,Response Product,Accessories,HP,45956,54536
P787,Either Product,Appliances,Boat,42053,57039
P788,House Product,Appliances,IKEA,18432,19062
P789,Friend Product,Accessories,Dell,5570,11309
P790,Seek Product,Accessories,Samsung,24434,28603
P791,Three Product,Office,Dell,6744,16396
P792,Concern Product,Accessories,Lenovo,43860,47017
P793,Just Product,Office,IKEA,39381,50916
P794,Imagine Product,Accessories,Samsung,24926,30792
P795,Best Product,Electronics,Dell,7302,14428
P796,Happy Product,Accessories,IKEA,25940,32599
P797,Late Product,Office,Sony,40830,48693
P798,End Product,Furniture,IKEA,1395,5644
P799,Accept Product,Furniture,IKEA,19229,24047
P800,National Product,Electronics,Sony,35461,36317
P801,Fly Product,Office,HP,43587,51153
P802,The Product,Appliances,Lenovo,10704,17498
P803,Region Product,Appliances,Boat,47321,52297
P804,President Product,Electronics,Lenovo,8820,18522
P805,Around Product,Furniture,Sony,47815,51443
P806,Character Product,Office,Sony,19201,34091
P807,Fear Product,Office,Sony,25066,30844
P808,Attorney Product,Appliances,Samsung,42598,49258
P809,Federal Product,Accessories,Lenovo,14186,27807
P810,Arrive Product,Electronics,IKEA,28068,34713
P811,Mind Product,Accessories,Sony,30552,37732
P812,Single Product,Electronics,Lenovo,10915,25249
P813,Likely Product,Office,Samsung,45749,57014
P814,Should Product,Appliances,IKEA,31949,46678
P815,Around Product,Accessories,Boat,38702,40393
P816,Without Product,Appliances,HP,21860,26193
P817,Indicate Product,Appliances,IKEA,37853,42498
P818,Service Product,Office,HP,22039,36825
P819,Stuff Product,Accessories,Sony,11542,14328
P820,Nice Product,Accessories,Lenovo,22609,27607
P821,After Product,Furniture,Lenovo,14441,17943
P822,Police Product,Furniture,Sony,4385,9536
P823,Dinner Product,Furniture,HP,48300,57537
P824,Effect Product,Furniture,Dell,8657,22848
P825,Exactly Product,Accessories,HP,927,14034
P826,Key Product,Furniture,Boat,49294,53297
P827,Environment Product,Appliances,Samsung,44330,48756
P828,Use Product,Furniture,HP,12087,15106
P829,Say Product,Appliances,Boat,32978,46341
P830,Degree Product,Accessories,Boat,44449,59121
P831,West Product,Electronics,Samsung,38731,49304
P832,Fine Product,Appliances,HP,32500,44625
P833,Heart Product,Furniture,Lenovo,1237,6734
P834,Peace Product,Furniture,Boat,22800,31523
P835,Bill Product,Appliances,Lenovo,7832,13902
P836,Theory Product,Accessories,Lenovo,20369,33554
P837,Face Product,Appliances,Dell,41905,47409
P838,Become Product,Accessories,Samsung,37948,51261
P839,For Product,Accessories,Sony,1409,6748
P840,Phone Product,Office,Sony,16375,26400
P841,Situation Product,Furniture,IKEA,6546,18597
P842,Design Product,Electronics,Dell,3141,9296
P843,Together Product,Furniture,Samsung,33638,37084
P844,Late Product,Electronics,Boat,42286,48316
P845,Consumer Product,Appliances,Samsung,38036,42437
P846,Talk Product,Appliances,Samsung,19130,20971
P847,Word Product,Electronics,Lenovo,44840,51200
P848,Born Product,Furniture,Dell,46522,56146
P849,Like Product,Appliances,Samsung,42639,44265
P850,Newspaper Product,Appliances,HP,28672,42462
P851,System Product,Accessories,Boat,2162,16279
P852,How Product,Office,HP,37147,49309
P853,Purpose Product,Office,Dell,49955,62967
P854,Live Product,Office,IKEA,49513,54250
P855,High Product,Accessories,HP,13725,19735
P856,Show Product,Office,Lenovo,6531,11122
P857,Federal Product,Office,Sony,46170,54590
P858,Reason Product,Electronics,HP,16462,29601
P859,Yourself Product,Furniture,Boat,2910,12555
P860,Third Product,Accessories,Lenovo,27440,34367
P861,Most Product,Office,Sony,2594,16716
P862,Positive Product,Office,Sony,14491,27231
P863,Ok Product,Furniture,HP,1585,5520
P864,Determine Product,Furniture,Boat,27982,42004
P865,Item Product,Furniture,Samsung,6580,17229
P866,Up Product,Electronics,Samsung,33426,46514
P867,Mother Product,Appliances,Lenovo,7489,19060
P868,These Product,Electronics,Boat,32842,47562
P869,Item Product,Appliances,Lenovo,38335,50506
P870,Compare Product,Furniture,IKEA,24509,36898
P871,Campaign Product,Appliances,Boat,12561,26195
P872,Under Product,Furniture,Lenovo,32006,46690
P873,Develop Product,Accessories,Samsung,34519,47661
P874,Hour Product,Electronics,IKEA,32588,40594
P875,Fire Product,Electronics,Dell,18685,23765
P876,So Product,Accessories,Samsung,12796,24818
P877,Surface Product,Electronics,Dell,37801,41909
P878,Call Product,Appliances,Samsung,35562,46771
P879,Ball Product,Accessories,Sony,24069,30342
P880,Similar Product,Electronics,HP,47865,50745
P881,Fill Product,Appliances,IKEA,31239,37732
P882,Seven Product,Accessories,Samsung,18036,22351
P883,Serious Product,Office,HP,728,12643
P884,Stock Product,Electronics,Dell,32160,32718
P885,Dark Product,Furniture,IKEA,3372,8893
P886,May Product,Furniture,IKEA,42937,43907
P887,First Product,Electronics,IKEA,38747,46999
P888,Remain Product,Office,IKEA,38769,42354
P889,Tax Product,Electronics,HP,13785,16000
P890,Machine Product,Accessories,Sony,29563,41569
P891,Campaign Product,Electronics,Sony,38945,47990
P892,Rest Product,Electronics,Lenovo,49669,50981
P893,New Product,Furniture,Lenovo,35415,36996
P894,Seek Product,Appliances,Dell,47880,57358
P895,Treatment Product,Accessories,IKEA,47677,48820
P896,Animal Product,Electronics,HP,38671,42171
P897,Section Product,Electronics,Boat,40050,49657
P898,Street Product,Electronics,IKEA,48149,62683
P899,Onto Product,Furniture,Dell,14462,26711
P900,Thing Product,Office,Lenovo,28609,31654
P901,Around Product,Electronics,Sony,22357,28854
P902,Itself Product,Office,Boat,24516,28890
P903,Price Product,Accessories,Sony,4077,11193
P904,Ok Product,Electronics,Sony,40755,48245
P905,Include Product,Furniture,Lenovo,40419,49171
P906,Natural Product,Office,IKEA,8933,23214
P907,Vote Product,Electronics,IKEA,30046,44799
P908,Audience Product,Furniture,Boat,580,2555
P909,Dinner Product,Furniture,Lenovo,41278,46705
P910,But Product,Appliances,HP,15411,28026
P911,Then Product,Furniture,IKEA,24374,38630
P912,Share Product,Furniture,Lenovo,8820,14488
P913,Fire Product,Office,Samsung,7905,9541
P914,Girl Product,Furniture,HP,18795,20163
P915,Agent Product,Furniture,Samsung,24675,32407
P916,Lay Product,Office,Samsung,10612,11907
P917,Seat Product,Electronics,Samsung,41073,41834
P918,Particular Product,Electronics,HP,33852,38448
P919,Reason Product,Office,Boat,3286,4210
P920,Class Product,Appliances,Lenovo,46549,50967
P921,Front Product,Furniture,IKEA,34451,45060
P922,During Product,Accessories,Sony,35314,40754
P923,With Product,Furniture,IKEA,25166,38832
P924,Candidate Product,Appliances,Sony,8764,10649
P925,Wear Product,Appliances,IKEA,23542,27174
P926,Deal Product,Electronics,HP,20974,22406
P927,Animal Product,Appliances,Sony,29358,30218
P928,Value Product,Electronics,Sony,27175,31449
P929,Analysis Product,Appliances,Lenovo,26768,34763
P930,Adult Product,Furniture,Lenovo,45269,53319
P931,Book Product,Electronics,Dell,28113,37301
P932,Send Product,Office,IKEA,2109,15901
P933,Share Product,Appliances,Boat,11572,21952
P934,High Product,Electronics,Samsung,4275,17174
P935,Effect Product,Electronics,Lenovo,27938,31605
P936,Material Product,Electronics,HP,23026,37621
P937,Building Product,Furniture,Lenovo,43821,55964
P938,Military Product,Appliances,HP,48790,59617
P939,Responsibility Product,Accessories,IKEA,8058,16692
P940,Leader Product,Appliances,Samsung,3819,16235
P941,Collection Product,Office,IKEA,20257,23782
P942,Moment Product,Office,Lenovo,48196,57379
P943,Discussion Product,Appliances,IKEA,20018,24984
P944,Like Product,Office,Samsung,46101,58036
P945,Type Product,Office,IKEA,22446,32611
P946,Why Product,Accessories,Samsung,4834,19517
P947,Relationship Product,Furniture,Lenovo,22673,25859
P948,Design Product,Office,HP,1937,10273
P949,Experience Product,Office,Lenovo,28605,42870
P950,Affect Product,Furniture,HP,42089,56091
P951,Continue Product,Furniture,HP,41631,53550
P952,Drug Product,Electronics,Sony,11577,22309
P953,Produce Product,Appliances,Dell,17714,25396
P954,Open Product,Accessories,IKEA,6464,12878
P955,Very Product,Furniture,Boat,21869,31690
P956,Operation Product,Furniture,HP,47638,57504
P957,Paper Product,Electronics,Lenovo,41402,49377
P958,Civil Product,Accessories,Boat,42481,44177
P959,Respond Product,Accessories,Dell,13199,16507
P960,Floor Product,Electronics,Boat,25400,40229
P961,Outside Product,Furniture,Sony,27471,34896
P962,Company Product,Electronics,Sony,45178,51207
P963,Fine Product,Accessories,Samsung,14621,24508
P964,Yes Product,Office,Samsung,1511,9803
P965,Successful Product,Appliances,Sony,31902,45578
P966,Either Product,Appliances,Boat,31709,46269
P967,Apply Product,Accessories,IKEA,10781,17830
P968,Son Product,Appliances,Sony,23803,37644
P969,Interesting Product,Accessories,HP,44731,52652
P970,How Product,Furniture,IKEA,48724,60223
P971,Military Product,Office,Samsung,13306,14354
P972,Paper Product,Office,Dell,46425,53739
P973,Issue Product,Accessories,HP,37019,45733
P974,Cost Product,Furniture,IKEA,25724,38157
P975,Keep Product,Furniture,Dell,4633,17727
P976,Girl Product,Furniture,HP,49864,54215
P977,Anyone Product,Accessories,Dell,18850,26544
P978,More Product,Electronics,Dell,45130,52501
P979,Through Product,Accessories,Sony,21501,31069
P980,Agreement Product,Accessories,IKEA,25815,29800
P981,Force Product,Furniture,Lenovo,1202,7884
P982,Evening Product,Office,Dell,8194,18715
P983,Relate Product,Office,Boat,7380,13848
P984,Class Product,Electronics,Sony,31520,36434
P985,Film Product,Electronics,Dell,16247,19872
P986,Sing Product,Appliances,HP,32199,38213
P987,Future Product,Accessories,HP,32302,42484
P988,Week Product,Electronics,Lenovo,36105,42407
P989,Southern Product,Accessories,Lenovo,42704,51562
P990,Service Product,Electronics,IKEA,43780,55870
P991,Around Product,Appliances,Lenovo,11427,23846
P992,Foreign Product,Accessories,HP,15914,22244
P993,Her Product,Accessories,Boat,5576,9519
P994,Expert Product,Electronics,Dell,48065,55968
P995,Kid Product,Office,Boat,3311,7797
P996,Laugh Product,Accessories,Boat,43202,47669
P997,Receive Product,Electronics,Samsung,18489,20641
P998,Never Product,Appliances,Boat,8489,19410
P999,Remember Product,Furniture,Lenovo,38233,48869
P1000,Could Product,Accessories,Dell,31971,36789
P1001,Approach Product,Electronics,Samsung,28069,32154
P1002,Deal Product,Furniture,Sony,28533,40812
P1003,Suddenly Product,Appliances,Lenovo,14718,19488
P1004,Gun Product,Appliances,Samsung,40939,42132
P1005,Money Product,Office,Samsung,21282,33579
P1006,Health Product,Electronics,Boat,8083,20852
P1007,Quality Product,Office,IKEA,22722,27958
P1008,Around Product,Appliances,Sony,7508,9034
P1009,Prevent Product,Accessories,IKEA,38642,48785
P1010,Admit Product,Office,Sony,30570,43209
P1011,Try Product,Accessories,HP,9882,20577
P1012,Fear Product,Appliances,Samsung,21864,36722
P1013,Skill Product,Electronics,HP,44422,51318
P1014,The Product,Accessories,IKEA,43736,52880
P1015,Budget Product,Accessories,IKEA,28431,35626
P1016,Increase Product,Office,Samsung,4154,15411
P1017,He Product,Office,Samsung,25184,26124
P1018,Similar Product,Furniture,HP,8811,11378
P1019,Magazine Product,Office,Sony,26484,38966
P1020,Have Product,Appliances,IKEA,35393,47837
P1021,Eight Product,Furniture,Samsung,14722,28509
P1022,What Product,Accessories,Samsung,18645,27801
P1023,Development Product,Electronics,Lenovo,36660,48074
P1024,Traditional Product,Appliances,Lenovo,23192,27191
P1025,Score Product,Accessories,Samsung,8902,13516
P1026,Game Product,Accessories,Samsung,38156,51313
P1027,Computer Product,Electronics,Samsung,11277,14143
P1028,Improve Product,Office,Sony,31173,45762
P1029,Low Product,Accessories,IKEA,44580,49127
P1030,Democratic Product,Appliances,Dell,10597,11145
P1031,Through Product,Accessories,Dell,43718,56563
P1032,Bed Product,Furniture,Samsung,18707,33057
P1033,Far Product,Accessories,Boat,18003,19506
P1034,North Product,Accessories,IKEA,11645,17657
P1035,Happy Product,Office,Sony,7380,10028
P1036,Inside Product,Office,Lenovo,2695,10224
P1037,Talk Product,Appliances,Lenovo,32853,40710
P1038,Page Product,Furniture,Lenovo,24057,31752
P1039,He Product,Office,HP,7704,11074
P1040,Quickly Product,Office,Dell,17723,26303
P1041,Leg Product,Appliances,Boat,30770,42344
P1042,North Product,Accessories,Boat,41817,46609
P1043,End Product,Furniture,Samsung,11456,20983
P1044,Story Product,Furniture,Samsung,6200,18536
P1045,Become Product,Furniture,Lenovo,1422,4876
P1046,Until Product,Electronics,IKEA,17106,30923
P1047,Try Product,Office,HP,35623,37246
P1048,Community Product,Electronics,Boat,1213,5520
P1049,Affect Product,Office,HP,6995,12987
P1050,None Product,Office,Boat,30389,42063
P1051,Skill Product,Office,Boat,37240,47238
P1052,Democratic Product,Appliances,Lenovo,14843,27323
P1053,Together Product,Furniture,Samsung,23662,35997
P1054,Speech Product,Accessories,HP,47034,54254
P1055,Tree Product,Office,HP,47919,55987
P1056,According Product,Electronics,Samsung,36519,42220
P1057,Few Product,Furniture,Sony,18730,21202
P1058,Worry Product,Accessories,Lenovo,12757,15035
P1059,Here Product,Electronics,HP,25108,32183
P1060,New Product,Appliances,Boat,9955,20811
P1061,Artist Product,Office,IKEA,13770,28398
P1062,Evidence Product,Appliances,Sony,16082,17334
P1063,Then Product,Appliances,Lenovo,49437,59591
P1064,Reason Product,Accessories,IKEA,24245,38472
P1065,Kid Product,Electronics,Boat,20663,30294
P1066,Reason Product,Accessories,IKEA,49264,54647
P1067,Social Product,Accessories,Lenovo,19750,25610
P1068,Drop Product,Appliances,Dell,19477,20280
P1069,Share Product,Furniture,Lenovo,15863,19477
P1070,Join Product,Office,Dell,5319,10584
P1071,By Product,Furniture,Boat,29586,38678
P1072,Far Product,Accessories,Sony,15483,28910
P1073,Record Product,Furniture,HP,7794,11448
P1074,When Product,Appliances,HP,48815,49709
P1075,Discussion Product,Furniture,Boat,21365,30131
P1076,Participant Product,Office,Boat,21345,23381
P1077,Some Product,Accessories,Samsung,34007,38995
P1078,Stage Product,Office,HP,36074,45301
P1079,Sort Product,Electronics,Boat,14324,21390
P1080,Treatment Product,Appliances,Samsung,20918,23707
P1081,Feel Product,Electronics,Lenovo,14525,25194
P1082,Might Product,Accessories,Sony,45143,56070
P1083,Avoid Product,Electronics,Lenovo,34674,43977
P1084,Only Product,Furniture,Boat,1315,13523
P1085,Administration Product,Appliances,Dell,47431,57446
P1086,Detail Product,Appliances,Samsung,12531,19591
P1087,One Product,Furniture,Samsung,49607,62890
P1088,Only Product,Electronics,Samsung,38142,44844
P1089,Hand Product,Accessories,HP,46419,55528
P1090,Issue Product,Appliances,Sony,28808,34445
P1091,Policy Product,Furniture,HP,16620,29205
P1092,Loss Product,Accessories,IKEA,42776,52993
P1093,Simply Product,Accessories,Samsung,41321,55228
P1094,Thank Product,Electronics,HP,23845,35550
P1095,Region Product,Accessories,Samsung,42987,53074
P1096,Scene Product,Office,Dell,25966,29805
P1097,Everything Product,Furniture,Dell,48255,54233
P1098,Son Product,Office,Dell,32396,44894
P1099,Yeah Product,Accessories,Lenovo,4734,18630
P1100,Option Product,Accessories,Samsung,41510,43973
P1101,Station Product,Furniture,Dell,43156,44834
P1102,Leader Product,Furniture,Samsung,12382,21619
P1103,Room Product,Appliances,HP,26574,40243
P1104,Act Product,Electronics,HP,48501,63206
P1105,Method Product,Office,IKEA,41573,46169
P1106,Student Product,Office,Sony,41954,46632
P1107,Start Product,Appliances,Boat,16423,19395
P1108,Still Product,Appliances,Dell,5424,8332
P1109,Section Product,Furniture,Lenovo,36568,43318
P1110,Father Product,Electronics,Boat,30735,32666
P1111,Allow Product,Accessories,IKEA,47815,58341
P1112,Least Product,Office,IKEA,8422,12026
P1113,Bank Product,Appliances,IKEA,5438,8909
P1114,Month Product,Furniture,Boat,22437,25511
P1115,Enjoy Product,Electronics,Sony,10363,11911
P1116,Majority Product,Appliances,Lenovo,48231,62922
P1117,Describe Product,Appliances,Dell,21100,29319
P1118,Suggest Product,Accessories,Lenovo,4369,11007
P1119,Amount Product,Furniture,Samsung,24375,32454
P1120,Draw Product,Electronics,Boat,12023,21916
P1121,Trial Product,Appliances,Samsung,34818,47350
P1122,These Product,Electronics,Samsung,44233,49221
P1123,Leader Product,Office,Lenovo,18691,31622
P1124,Let Product,Furniture,Dell,39019,47437
P1125,Method Product,Furniture,IKEA,45236,56193
P1126,General Product,Accessories,HP,44350,45842
P1127,Less Product,Office,HP,14354,26401
P1128,Baby Product,Appliances,Lenovo,19649,30099
P1129,Laugh Product,Office,HP,12482,19369
P1130,Space Product,Appliances,HP,508,2021
P1131,Sea Product,Furniture,Lenovo,27692,42503
P1132,They Product,Electronics,Lenovo,39433,43057
P1133,Challenge Product,Furniture,Dell,32584,38442
P1134,For Product,Electronics,Dell,23260,29535
P1135,Beyond Product,Furniture,Sony,45541,55495
P1136,Only Product,Furniture,IKEA,864,10098
P1137,Sell Product,Appliances,Samsung,23850,30763
P1138,Send Product,Appliances,Boat,48149,49993
P1139,Miss Product,Electronics,HP,3777,16526
P1140,Both Product,Electronics,Boat,48028,62055
P1141,Indeed Product,Accessories,Dell,31814,44716
P1142,Five Product,Furniture,Lenovo,14345,26619
P1143,Friend Product,Office,Boat,40745,52095
P1144,Issue Product,Electronics,Boat,1417,13049
P1145,Party Product,Office,Dell,25274,31747
P1146,Place Product,Electronics,Dell,9849,23373
P1147,Soldier Product,Furniture,Boat,37108,40533
P1148,Protect Product,Electronics,Dell,36330,39088
P1149,Entire Product,Electronics,Boat,43564,49510
P1150,Water Product,Electronics,Sony,41796,47429
P1151,College Product,Electronics,Samsung,18437,23221
P1152,I Product,Electronics,Lenovo,24050,35022
P1153,Lawyer Product,Accessories,Lenovo,19920,20511
P1154,Sure Product,Furniture,Samsung,34933,46694
P1155,Collection Product,Appliances,Lenovo,8503,20706
P1156,Film Product,Appliances,Dell,26476,38594
P1157,Professional Product,Appliances,IKEA,8266,13768
P1158,Hot Product,Appliances,Sony,16481,25571
P1159,Fly Product,Electronics,Boat,43550,44639
P1160,Data Product,Office,HP,17298,24849
P1161,Suddenly Product,Electronics,IKEA,11221,25466
P1162,Heavy Product,Office,Lenovo,39913,53395
P1163,Market Product,Furniture,Samsung,13752,25396
P1164,Talk Product,Office,IKEA,29081,43898
P1165,Company Product,Accessories,Dell,1604,14396
P1166,Media Product,Office,Samsung,29090,34630
P1167,Else Product,Office,Boat,14100,14744
P1168,Conference Product,Appliances,Boat,42458,56345
P1169,Other Product,Appliances,Dell,11025,25875
P1170,Feeling Product,Furniture,Dell,1965,12906
P1171,Performance Product,Furniture,HP,23718,33012
P1172,Free Product,Accessories,Boat,11794,14307
P1173,Reduce Product,Accessories,Dell,17974,25944
P1174,Vote Product,Office,Boat,28944,35145
P1175,Property Product,Furniture,Sony,17230,31902
P1176,Sure Product,Accessories,Boat,32209,41048
P1177,Practice Product,Appliances,HP,41151,51826
P1178,Reflect Product,Accessories,Dell,2817,14487
P1179,Me Product,Electronics,Lenovo,36265,51155
P1180,Though Product,Furniture,Samsung,42564,55669
P1181,Adult Product,Electronics,Boat,1106,10077
P1182,Pick Product,Furniture,Boat,32446,33984
P1183,These Product,Office,HP,16493,29130
P1184,Garden Product,Furniture,Boat,18808,23950
P1185,Drug Product,Furniture,Samsung,32060,34751
P1186,Heart Product,Office,Boat,7036,12843
P1187,Stage Product,Accessories,Sony,37797,45742
P1188,Strategy Product,Accessories,Dell,9180,15653
P1189,Director Product,Furniture,IKEA,26577,32616
P1190,None Product,Electronics,Sony,10328,19829
P1191,Any Product,Accessories,IKEA,45520,54898
P1192,Performance Product,Office,IKEA,633,5131
P1193,Cold Product,Office,Sony,37578,48476
P1194,Practice Product,Office,Sony,19871,26321
P1195,Cup Product,Appliances,Samsung,12917,14983
P1196,Prepare Product,Electronics,HP,34743,44042
P1197,American Product,Accessories,IKEA,16083,21608
P1198,Nothing Product,Office,Sony,3102,15017
P1199,Program Product,Accessories,Lenovo,45121,47177
P1200,Nearly Product,Appliances,Boat,20419,26041
P1201,Effect Product,Appliances,IKEA,22631,32052
P1202,Population Product,Appliances,Sony,23405,30237
P1203,Executive Product,Electronics,HP,24307,33266
P1204,Nature Product,Electronics,Boat,45989,54385
P1205,Such Product,Electronics,Samsung,42787,49283
P1206,Experience Product,Appliances,Boat,40124,43000
P1207,Cause Product,Accessories,Lenovo,39260,53385
P1208,Growth Product,Accessories,Samsung,18089,19305
P1209,Teach Product,Office,IKEA,26341,31574
P1210,Avoid Product,Office,Dell,33340,36544
P1211,Society Product,Accessories,Samsung,31248,38002
P1212,Nothing Product,Furniture,HP,37332,51726
P1213,Woman Product,Office,Sony,16862,23002
P1214,Type Product,Furniture,Boat,14988,21744
P1215,Instead Product,Office,Lenovo,29427,38653
P1216,Happy Product,Electronics,Dell,13734,17115
P1217,Meet Product,Furniture,Dell,3040,11058
P1218,Serve Product,Furniture,IKEA,48923,60933
P1219,Pressure Product,Furniture,Dell,46516,60510
P1220,Red Product,Accessories,Boat,18582,28573
P1221,Beautiful Product,Office,Boat,35126,49472
P1222,Rich Product,Office,Sony,4664,7913
P1223,During Product,Accessories,Lenovo,30355,33259
P1224,Book Product,Accessories,HP,18556,19581
P1225,Condition Product,Furniture,Lenovo,45045,57583
P1226,Different Product,Electronics,HP,5806,8177
P1227,Include Product,Office,Lenovo,24915,30071
P1228,True Product,Accessories,Samsung,37584,48099
P1229,Available Product,Accessories,Boat,38805,46043
P1230,Model Product,Furniture,IKEA,16063,29528
P1231,Door Product,Office,IKEA,43616,44275
P1232,Western Product,Appliances,Dell,12120,26368
P1233,Cover Product,Office,IKEA,35934,48228
P1234,Administration Product,Appliances,IKEA,6842,19264
P1235,Card Product,Accessories,Samsung,28576,29950
P1236,Nice Product,Office,Lenovo,22234,26546
P1237,Health Product,Office,Sony,9857,23806
P1238,Form Product,Accessories,HP,43524,57738
P1239,Kind Product,Electronics,Lenovo,23019,31719
P1240,Single Product,Furniture,Samsung,31218,42913
P1241,School Product,Accessories,Lenovo,49618,54530
P1242,Also Product,Appliances,Lenovo,9554,21745
P1243,Important Product,Furniture,IKEA,21281,23688
P1244,Couple Product,Accessories,Dell,19946,21672
P1245,Matter Product,Appliances,Lenovo,2776,7383
P1246,Trip Product,Accessories,Lenovo,23123,23805
P1247,Traditional Product,Electronics,IKEA,26270,41019
P1248,Writer Product,Furniture,HP,38285,45846
P1249,Wish Product,Office,Dell,15002,17807
P1250,Situation Product,Electronics,HP,43482,50643
P1251,She Product,Electronics,Samsung,36219,38921
P1252,Choose Product,Furniture,Samsung,6419,13879
P1253,Break Product,Accessories,Samsung,22560,34871
P1254,Office Product,Furniture,Sony,45989,47185
P1255,Stay Product,Furniture,Dell,35469,45427
P1256,Out Product,Office,Boat,39377,52707
P1257,Color Product,Appliances,Boat,14724,16419
P1258,Total Product,Electronics,Boat,11583,19881
P1259,Hair Product,Office,Sony,5707,15821
P1260,Alone Product,Accessories,Boat,22988,31750
P1261,Audience Product,Accessories,Sony,44829,59610
P1262,Model Product,Appliances,Dell,19917,28027
P1263,Professor Product,Appliances,IKEA,37865,44219
P1264,Door Product,Appliances,Boat,39658,49371
P1265,Around Product,Accessories,HP,28581,29880
P1266,Force Product,Accessories,HP,15873,16585
P1267,Rise Product,Furniture,Dell,27769,39629
P1268,Month Product,Electronics,Boat,18676,23981
P1269,From Product,Office,Dell,33202,35390
P1270,Speech Product,Appliances,Dell,17657,29286
P1271,National Product,Furniture,Boat,30694,35794
P1272,Thank Product,Appliances,Dell,41591,50137
P1273,Event Product,Furniture,Dell,11161,18026
P1274,Front Product,Appliances,Sony,49492,63585
P1275,Second Product,Appliances,Sony,31160,34726
P1276,Sort Product,Furniture,Sony,6904,13786
P1277,Form Product,Office,Boat,16788,24612
P1278,Single Product,Office,Lenovo,904,13223
P1279,Dark Product,Office,Lenovo,7622,22477
P1280,Simply Product,Accessories,Lenovo,5333,8466
P1281,Information Product,Appliances,Lenovo,7416,9665
P1282,Measure Product,Furniture,Samsung,44666,54813
P1283,Five Product,Electronics,Dell,25024,30384
P1284,Last Product,Accessories,IKEA,46982,48588
P1285,Security Product,Appliances,Sony,31971,35526
P1286,After Product,Electronics,IKEA,47423,58477
P1287,Suffer Product,Accessories,Sony,41904,56257
P1288,Blue Product,Accessories,Sony,35474,43141
P1289,Knowledge Product,Accessories,Sony,8261,10391
P1290,Everyone Product,Electronics,Boat,43393,50273
P1291,Culture Product,Appliances,IKEA,34035,39354
P1292,Sing Product,Accessories,Dell,42863,51857
P1293,Give Product,Office,HP,17937,22882
P1294,Rule Product,Office,Boat,6169,18149
P1295,Station Product,Appliances,Boat,47874,57763
P1296,Wide Product,Appliances,IKEA,10919,24141
P1297,Life Product,Office,HP,15952,26160
P1298,Spend Product,Appliances,Dell,45993,56555
P1299,Finally Product,Accessories,IKEA,12898,18925
P1300,Prevent Product,Appliances,Dell,47277,60000
P1301,Forget Product,Accessories,Boat,21511,33187
P1302,Reflect Product,Furniture,Samsung,25538,31026
P1303,Perhaps Product,Office,Boat,6150,14760
P1304,Author Product,Office,IKEA,42513,50836
P1305,Quality Product,Furniture,Samsung,47101,54136
P1306,Police Product,Electronics,Lenovo,47153,56303
P1307,Half Product,Office,Boat,48627,52552
P1308,Listen Product,Appliances,Lenovo,9436,21067
P1309,Wind Product,Appliances,Dell,44411,49910
P1310,State Product,Appliances,Samsung,33070,34935
P1311,Line Product,Furniture,Samsung,15601,20523
P1312,Home Product,Appliances,Boat,14961,23833
P1313,Year Product,Office,Sony,34824,42953
P1314,Whole Product,Electronics,HP,4893,11026
P1315,Successful Product,Furniture,HP,13221,21366
P1316,Yourself Product,Electronics,Boat,30140,40183
P1317,Smile Product,Electronics,Sony,41107,54748
P1318,Meeting Product,Office,Lenovo,6709,18437
P1319,Those Product,Accessories,Samsung,8376,12720
P1320,Stand Product,Furniture,Lenovo,12887,22782
P1321,Wife Product,Appliances,Dell,5474,9339
P1322,Good Product,Furniture,Dell,3282,14918
P1323,Discuss Product,Furniture,Boat,37254,39580
P1324,Future Product,Furniture,IKEA,37401,48079
P1325,Garden Product,Appliances,Dell,30113,39571
P1326,Deep Product,Appliances,Samsung,1884,9862
P1327,Off Product,Accessories,Boat,12642,24087
P1328,Listen Product,Accessories,Sony,11519,25474
P1329,Appear Product,Office,Lenovo,17703,29066
P1330,Hour Product,Appliances,HP,27363,28012
P1331,Minute Product,Furniture,Lenovo,45476,54757
P1332,Huge Product,Appliances,IKEA,7100,19849
P1333,Risk Product,Accessories,Samsung,7800,10213
P1334,Hundred Product,Furniture,Boat,25078,28371
P1335,Section Product,Electronics,Sony,30849,31486
P1336,Sign Product,Furniture,HP,14934,29277
P1337,Second Product,Office,Lenovo,27668,36761
P1338,Reduce Product,Appliances,Boat,17302,31955
P1339,Service Product,Furniture,Dell,12455,15355
P1340,See Product,Electronics,Samsung,26164,31919
P1341,Because Product,Appliances,Lenovo,32604,34801
P1342,Anyone Product,Accessories,Samsung,42409,53564
P1343,Price Product,Office,Dell,19352,23715
P1344,Trial Product,Furniture,Dell,20065,32572
P1345,Several Product,Accessories,Dell,45559,56048
P1346,Serious Product,Furniture,Dell,3226,14350
P1347,Ten Product,Furniture,Samsung,2914,5005
P1348,School Product,Office,Lenovo,2475,15739
P1349,Owner Product,Furniture,Lenovo,11468,22505
P1350,Main Product,Office,Dell,1753,8850
P1351,Probably Product,Accessories,Sony,30418,44345
P1352,Approach Product,Electronics,HP,44906,53143
P1353,Election Product,Appliances,Dell,40380,54643
P1354,Measure Product,Appliances,HP,8534,22387
P1355,Standard Product,Appliances,HP,9117,14089
P1356,Skin Product,Office,Lenovo,37553,52527
P1357,Fund Product,Furniture,Boat,37183,49350
P1358,Establish Product,Office,HP,23124,36172
P1359,Probably Product,Office,HP,25393,28606
P1360,Among Product,Accessories,Boat,5894,14273
P1361,Data Product,Appliances,Samsung,29718,34157
P1362,Theory Product,Electronics,Samsung,17432,20130
P1363,Southern Product,Electronics,Lenovo,12340,18873
P1364,Message Product,Electronics,Lenovo,44389,47799
P1365,Arm Product,Furniture,Sony,21419,22742
P1366,Knowledge Product,Accessories,Dell,11600,17591
P1367,Middle Product,Electronics,Samsung,8797,12070
P1368,Event Product,Accessories,Dell,3384,15070
P1369,Building Product,Accessories,Lenovo,20948,26233
P1370,Soldier Product,Electronics,Boat,10238,17555
P1371,Sport Product,Electronics,Samsung,25083,39757
P1372,Here Product,Office,IKEA,14380,23368
P1373,There Product,Furniture,Lenovo,30873,33269
P1374,Recently Product,Appliances,IKEA,49783,61707
P1375,Understand Product,Office,HP,2532,14737
P1376,Fish Product,Appliances,Lenovo,27407,31297
P1377,Focus Product,Furniture,Samsung,47838,50226
P1378,Them Product,Accessories,IKEA,13729,23177
P1379,Pull Product,Office,Lenovo,7144,10748
P1380,They Product,Electronics,Samsung,40576,50820
P1381,Down Product,Appliances,Boat,4952,19794
P1382,Business Product,Electronics,Lenovo,44498,45522
P1383,Whole Product,Furniture,Dell,38873,44387
P1384,Enough Product,Accessories,HP,21503,33421
P1385,Cultural Product,Office,Lenovo,45860,52003
P1386,Thought Product,Office,Lenovo,27474,28413
P1387,Person Product,Appliances,Boat,36765,49866
P1388,Result Product,Office,Sony,3139,9416
P1389,Particularly Product,Electronics,Dell,47503,53406
P1390,Keep Product,Appliances,Dell,36834,43547
P1391,Sound Product,Office,HP,32723,46598
P1392,Include Product,Accessories,Dell,38507,50704
P1393,There Product,Office,Lenovo,26286,27787
P1394,Increase Product,Office,Samsung,7574,16328
P1395,Deep Product,Electronics,Sony,38745,43510
P1396,Wear Product,Office,Dell,14080,20878
P1397,Serious Product,Appliances,Samsung,39547,41338
P1398,Great Product,Electronics,Boat,36876,49763
P1399,High Product,Furniture,Sony,29832,44659
P1400,Effect Product,Electronics,Sony,49630,52740
P1401,Cover Product,Accessories,Boat,25672,29865
P1402,Ago Product,Accessories,Lenovo,18966,22775
P1403,Admit Product,Appliances,Sony,43938,58276
P1404,College Product,Electronics,IKEA,42932,51418
P1405,Rule Product,Appliances,Lenovo,35762,45960
P1406,Challenge Product,Electronics,HP,29866,33465
P1407,Method Product,Furniture,Lenovo,26871,36798
P1408,State Product,Electronics,Sony,1149,6378
P1409,Carry Product,Office,IKEA,637,1175
P1410,Even Product,Furniture,HP,24181,28162
P1411,Kind Product,Appliances,Sony,43009,46091
P1412,Defense Product,Office,HP,18023,22184
P1413,Family Product,Accessories,Dell,40016,48219
P1414,Some Product,Electronics,Samsung,48448,49340
P1415,Threat Product,Accessories,Samsung,2808,17074
P1416,Since Product,Furniture,Boat,22940,29366
P1417,Economy Product,Furniture,Samsung,26077,32216
P1418,And Product,Appliances,Samsung,34275,41382
P1419,Remember Product,Office,Sony,20580,21933
P1420,Research Product,Electronics,Dell,27358,32623
P1421,Wonder Product,Accessories,HP,36315,46818
P1422,Degree Product,Accessories,Samsung,42795,44012
P1423,Hit Product,Appliances,Samsung,32169,34778
P1424,East Product,Accessories,HP,49151,61995
P1425,Price Product,Accessories,Sony,11930,18912
P1426,Cause Product,Appliances,Dell,43581,53519
P1427,Shoulder Product,Appliances,Samsung,14164,16691
P1428,Republican Product,Office,Lenovo,11462,22358
P1429,Edge Product,Accessories,Lenovo,39230,40696
P1430,Radio Product,Office,Dell,8893,10122
P1431,Threat Product,Appliances,Boat,9497,16722
P1432,Sort Product,Appliances,IKEA,4900,15894
P1433,High Product,Appliances,Lenovo,3768,12297
P1434,She Product,Furniture,HP,36440,44963
P1435,Thousand Product,Office,HP,45916,55304
P1436,Short Product,Electronics,Sony,49326,61752
P1437,Reduce Product,Office,Boat,44109,57484
P1438,Now Product,Accessories,IKEA,2201,9450
P1439,Age Product,Appliances,Dell,40283,50401
P1440,Sea Product,Electronics,HP,29847,37947
P1441,Offer Product,Electronics,HP,34138,44799
P1442,Successful Product,Office,Sony,3829,15236
P1443,Whole Product,Accessories,Sony,18956,25010
P1444,Management Product,Accessories,Lenovo,38962,45019
P1445,Gun Product,Electronics,HP,39323,42470
P1446,Statement Product,Furniture,Samsung,31257,34002
P1447,Attack Product,Accessories,Lenovo,47826,57685
P1448,Best Product,Furniture,Lenovo,15892,19542
P1449,Hand Product,Furniture,IKEA,8741,14130
P1450,Rule Product,Appliances,Dell,25228,30574
P1451,Little Product,Furniture,Lenovo,25318,31451
P1452,Give Product,Accessories,Dell,26393,39334
P1453,Make Product,Accessories,Dell,16348,23400
P1454,Read Product,Furniture,Samsung,15080,23554
P1455,Sport Product,Accessories,HP,36641,48521
P1456,Behind Product,Accessories,Dell,47014,48586
P1457,Another Product,Electronics,HP,570,10277
P1458,Blue Product,Furniture,Samsung,49425,64388
P1459,Remember Product,Electronics,IKEA,36867,43523
P1460,Serve Product,Accessories,HP,26356,41177
P1461,Strong Product,Accessories,Dell,44747,58498
P1462,Our Product,Appliances,Boat,2523,11958
P1463,Health Product,Appliances,HP,46746,60163
P1464,Goal Product,Electronics,IKEA,16119,26660
P1465,Degree Product,Office,Boat,14030,25387
P1466,Artist Product,Furniture,Sony,23354,25136
P1467,Approach Product,Furniture,HP,18030,21579
P1468,Most Product,Accessories,HP,33787,45503
P1469,Carry Product,Appliances,IKEA,19781,25015
P1470,Same Product,Office,Lenovo,11273,17675
P1471,Billion Product,Office,Dell,572,4669
P1472,Model Product,Furniture,IKEA,45763,48693
P1473,Student Product,Appliances,Dell,8218,13601
P1474,History Product,Accessories,IKEA,2348,13762
P1475,Area Product,Appliances,HP,9515,23125
P1476,Leg Product,Accessories,Lenovo,17375,20799
P1477,Plan Product,Appliances,Lenovo,26889,37340
P1478,Long Product,Furniture,Dell,10461,21015
P1479,Green Product,Appliances,Dell,46312,47196
P1480,Past Product,Appliances,Dell,2729,9739
P1481,Sometimes Product,Furniture,Samsung,15546,28000
P1482,Sport Product,Furniture,Boat,40581,42347
P1483,Join Product,Office,Lenovo,17011,24640
P1484,Activity Product,Office,Dell,18661,23008
P1485,Impact Product,Furniture,Samsung,18294,28285
P1486,Always Product,Furniture,HP,3498,17345
P1487,On Product,Accessories,Lenovo,10754,13914
P1488,Simple Product,Accessories,IKEA,33087,34825
P1489,Measure Product,Electronics,Sony,19156,22511
P1490,Care Product,Electronics,Sony,36035,50253
P1491,Perhaps Product,Electronics,Lenovo,19179,24741
P1492,Bill Product,Appliances,IKEA,21105,30854
P1493,Cause Product,Electronics,Boat,40274,53129
P1494,Never Product,Accessories,Dell,21047,24664
P1495,Difference Product,Furniture,Lenovo,16365,25128
P1496,Coach Product,Office,IKEA,43756,49157
P1497,Me Product,Accessories,Lenovo,6659,18231
P1498,Could Product,Furniture,Samsung,29794,44093
P1499,Nothing Product,Electronics,Boat,7785,16302
P1500,Sure Product,Accessories,HP,21961,29538
P1501,This Product,Office,Dell,13969,15398
P1502,Area Product,Furniture,Lenovo,28431,31247
P1503,Cut Product,Accessories,Boat,32603,47248
P1504,Whose Product,Accessories,Samsung,6474,11126
P1505,Mean Product,Furniture,IKEA,2551,7114
P1506,Act Product,Furniture,Lenovo,13617,25369
P1507,Test Product,Accessories,Lenovo,14482,20251
P1508,Current Product,Appliances,IKEA,41725,48661
P1509,Reason Product,Office,IKEA,46308,55696
P1510,Rate Product,Appliances,Boat,41797,49332
P1511,Behavior Product,Office,IKEA,17487,23665
P1512,Face Product,Appliances,HP,4523,11676
P1513,Pm Product,Furniture,Samsung,37533,50944
P1514,Likely Product,Office,Lenovo,35818,47167
P1515,With Product,Appliances,Sony,46555,59562
P1516,Sit Product,Accessories,Samsung,39518,45272
P1517,Minute Product,Accessories,Samsung,34297,43976
P1518,Floor Product,Electronics,Sony,38234,44957
P1519,Area Product,Accessories,Dell,8878,12678
P1520,Her Product,Appliances,HP,17846,28741
P1521,Research Product,Electronics,HP,26850,40958
P1522,City Product,Furniture,IKEA,4968,17574
P1523,State Product,Accessories,IKEA,43448,52621
P1524,Congress Product,Electronics,HP,2089,10146
P1525,Short Product,Electronics,HP,31416,43692
P1526,State Product,Appliances,IKEA,27102,33121
P1527,Once Product,Accessories,Samsung,10762,17114
P1528,Military Product,Accessories,Boat,31918,33429
P1529,Business Product,Appliances,Lenovo,3665,6819
P1530,Instead Product,Accessories,Dell,20859,27317
P1531,Degree Product,Furniture,Dell,4327,19247
P1532,Always Product,Office,Boat,41190,46864
P1533,Painting Product,Electronics,Dell,22955,36585
P1534,Treat Product,Office,Boat,15993,17443
P1535,Effort Product,Office,Sony,16802,19038
P1536,Market Product,Furniture,Sony,44887,46888
P1537,Chair Product,Electronics,Sony,24849,33627
P1538,Address Product,Furniture,Boat,24189,37591
P1539,List Product,Furniture,Dell,3100,13872
P1540,Foreign Product,Accessories,Lenovo,34211,40480
P1541,Daughter Product,Electronics,Boat,12451,24612
P1542,Specific Product,Furniture,Dell,14307,20862
P1543,Every Product,Office,Lenovo,48289,59957
P1544,Suddenly Product,Office,Boat,34256,35996
P1545,Team Product,Office,Boat,33525,34606
P1546,Seem Product,Accessories,Lenovo,5887,20209
P1547,Significant Product,Electronics,Lenovo,24767,35621
P1548,Assume Product,Furniture,HP,17075,31392
P1549,Time Product,Office,IKEA,29128,32761
P1550,Standard Product,Appliances,Boat,9761,19065
P1551,Figure Product,Electronics,Boat,2676,14723
P1552,Left Product,Electronics,Lenovo,4597,11341
P1553,Lead Product,Electronics,Boat,5971,18561
P1554,Collection Product,Electronics,Dell,21240,32973
P1555,Wish Product,Accessories,Dell,33296,41515
P1556,Husband Product,Office,Samsung,1150,2258
P1557,Population Product,Accessories,IKEA,12873,16290
P1558,Today Product,Office,Boat,46382,51222
P1559,Trade Product,Office,Boat,18892,30955
P1560,Reason Product,Office,Dell,13577,22546
P1561,Rest Product,Office,Dell,29722,37667
P1562,Religious Product,Electronics,Lenovo,27782,34490
P1563,Material Product,Appliances,Lenovo,40613,52601
P1564,Finally Product,Furniture,Samsung,48670,55123
P1565,Paper Product,Furniture,IKEA,42342,47168
P1566,Wall Product,Office,Dell,29231,37639
P1567,Miss Product,Furniture,HP,24967,31387
P1568,Cover Product,Electronics,Sony,1619,7311
P1569,Current Product,Electronics,Dell,13381,19955
P1570,Drop Product,Appliances,Boat,48423,61546
P1571,Expect Product,Accessories,HP,10006,12929
P1572,Yeah Product,Appliances,Samsung,38101,52028
P1573,Congress Product,Furniture,HP,7197,9423
P1574,Young Product,Accessories,Samsung,46603,61283
P1575,Administration Product,Electronics,Lenovo,11094,25662
P1576,Remember Product,Appliances,HP,13196,17622
P1577,System Product,Appliances,IKEA,39002,45788
P1578,Nearly Product,Office,Sony,37865,48821
P1579,Brother Product,Appliances,IKEA,9320,23481
P1580,Group Product,Electronics,Dell,18761,27675
P1581,Very Product,Office,Lenovo,14812,18806
P1582,Street Product,Office,Lenovo,24949,32149
P1583,Stock Product,Accessories,Sony,3357,15627
P1584,Threat Product,Appliances,IKEA,1968,4587
P1585,Size Product,Accessories,IKEA,44142,45663
P1586,Fight Product,Appliances,Sony,48454,58648
P1587,Always Product,Electronics,Lenovo,23152,32173
P1588,Material Product,Office,Boat,1821,10635
P1589,Defense Product,Furniture,HP,44774,48442
P1590,Popular Product,Office,Boat,15478,24404
P1591,Discover Product,Accessories,Samsung,890,14635
P1592,Like Product,Office,Dell,19796,29846
P1593,Point Product,Office,IKEA,48978,56420
P1594,Question Product,Appliances,Boat,38767,39831
P1595,Those Product,Accessories,Sony,9078,13933
P1596,Everybody Product,Appliances,Dell,43948,53964
P1597,Campaign Product,Electronics,Dell,18741,31713
P1598,One Product,Office,Lenovo,21187,25186
P1599,Major Product,Appliances,Boat,4736,14792
P1600,Rich Product,Electronics,Lenovo,32720,41626
P1601,Way Product,Accessories,Sony,30290,45080
P1602,Heart Product,Office,HP,6922,18622
P1603,Piece Product,Accessories,Sony,39686,46060
P1604,In Product,Furniture,Samsung,49912,60338
P1605,Third Product,Appliances,Sony,8338,18748
P1606,Structure Product,Appliances,Sony,18885,22066
P1607,Energy Product,Electronics,Lenovo,31901,33201
P1608,Base Product,Appliances,Boat,28440,41348
P1609,Enough Product,Furniture,Boat,24123,31847
P1610,Huge Product,Furniture,Boat,41671,48517
P1611,City Product,Electronics,HP,36385,46540
P1612,Tv Product,Furniture,Sony,8936,18094
P1613,Nation Product,Accessories,HP,38007,47347
P1614,Pressure Product,Accessories,Dell,13575,25831
P1615,Cultural Product,Accessories,Samsung,36566,50477
P1616,Reach Product,Electronics,IKEA,19854,26383
P1617,Order Product,Appliances,Sony,25976,34631
P1618,See Product,Electronics,HP,778,3457
P1619,Product Product,Electronics,Samsung,32275,33612
P1620,Through Product,Office,Lenovo,32141,34125
P1621,Parent Product,Furniture,Boat,1220,14278
P1622,Surface Product,Office,Lenovo,38433,44985
P1623,College Product,Electronics,IKEA,2971,10584
P1624,Message Product,Office,Dell,6994,9033
P1625,Impact Product,Furniture,Dell,33511,47394
P1626,Nothing Product,Appliances,HP,45408,51734
P1627,Why Product,Appliances,Lenovo,19378,30576
P1628,Skin Product,Electronics,Lenovo,46663,47599
P1629,Outside Product,Office,IKEA,48149,54825
P1630,Turn Product,Accessories,IKEA,49493,63219
P1631,Travel Product,Appliances,Lenovo,17251,19293
P1632,Head Product,Accessories,Dell,43271,45460
P1633,Should Product,Electronics,Boat,35321,48412
P1634,Foot Product,Accessories,Dell,2966,14873
P1635,Bed Product,Accessories,IKEA,34277,44633
P1636,Yourself Product,Furniture,HP,27673,39737
P1637,Which Product,Appliances,Sony,43568,48175
P1638,Its Product,Furniture,Dell,41314,44376
P1639,Research Product,Office,Dell,25459,37377
P1640,Prepare Product,Office,HP,9942,19372
P1641,State Product,Accessories,IKEA,21386,29615
P1642,Rest Product,Appliances,Dell,46775,55093
P1643,Above Product,Furniture,Dell,7782,20343
P1644,To Product,Accessories,Boat,36005,44362
P1645,Life Product,Appliances,Boat,23136,27197
P1646,Something Product,Appliances,IKEA,31926,44682
P1647,Bank Product,Office,Sony,33415,40868
P1648,Experience Product,Accessories,Lenovo,35658,50178
P1649,Behind Product,Accessories,Samsung,25234,25776
P1650,Wrong Product,Accessories,Samsung,46128,55288
P1651,Total Product,Furniture,Boat,13938,18718
P1652,Seat Product,Appliances,HP,34384,48796
P1653,Reach Product,Accessories,Sony,17476,20897
P1654,Instead Product,Appliances,Samsung,43524,45047
P1655,Whom Product,Office,Boat,49903,62539
P1656,Beyond Product,Furniture,Lenovo,24329,32982
P1657,Sense Product,Furniture,Samsung,5496,9550
P1658,Eye Product,Office,Lenovo,10910,23108
P1659,Why Product,Accessories,HP,33776,37494
P1660,Bed Product,Office,Lenovo,22790,36454
P1661,Same Product,Appliances,Sony,15103,29419
P1662,Shake Product,Electronics,IKEA,48798,60167
P1663,Position Product,Accessories,Lenovo,30431,33685
P1664,Dream Product,Furniture,Samsung,48201,62916
P1665,Rise Product,Office,Sony,18958,28235
P1666,Appear Product,Appliances,Boat,2460,6221
P1667,Small Product,Furniture,Lenovo,19731,29788
P1668,Health Product,Electronics,Boat,28082,37175
P1669,Particularly Product,Accessories,HP,23221,31437
P1670,Shake Product,Accessories,Boat,49211,62709
P1671,Card Product,Electronics,Dell,569,10597
P1672,Only Product,Electronics,Dell,12735,24456
P1673,Mission Product,Office,Dell,21702,31428
P1674,Tv Product,Office,Lenovo,4063,8606
P1675,Pick Product,Office,Boat,27251,32236
P1676,Sense Product,Office,Lenovo,20833,26853
P1677,Season Product,Appliances,Samsung,16480,19175
P1678,None Product,Electronics,Samsung,45587,54647
P1679,Subject Product,Electronics,Sony,22167,23732
P1680,Gun Product,Appliances,Samsung,30961,32144
P1681,Total Product,Electronics,Samsung,27092,32162
P1682,Current Product,Furniture,Lenovo,13319,28103
P1683,Nature Product,Electronics,Samsung,13693,25401
P1684,Though Product,Accessories,Dell,18489,23512
P1685,Dream Product,Appliances,HP,3019,4455
P1686,Thought Product,Furniture,Dell,4364,12876
P1687,Day Product,Appliances,IKEA,30643,33065
P1688,Star Product,Office,Dell,11759,21088
P1689,Indicate Product,Office,Boat,3769,11041
P1690,Whole Product,Furniture,Samsung,28596,39227
P1691,Fund Product,Office,Samsung,33129,44729
P1692,Morning Product,Accessories,IKEA,22879,31184
P1693,Present Product,Furniture,Samsung,45204,58060
P1694,Half Product,Appliances,Boat,45349,54838
P1695,Laugh Product,Furniture,Samsung,1245,9180
P1696,Under Product,Accessories,Sony,14658,15574
P1697,Draw Product,Appliances,Dell,14921,25474
P1698,Approach Product,Electronics,Boat,20785,33868
P1699,Sort Product,Appliances,Lenovo,29632,31946
P1700,Both Product,Electronics,Sony,40645,53870
P1701,Start Product,Appliances,IKEA,11812,13352
P1702,Whose Product,Appliances,Samsung,24870,38623
P1703,Enough Product,Furniture,IKEA,43397,50234
P1704,Run Product,Accessories,Lenovo,6466,15539
P1705,Source Product,Furniture,Dell,15234,23686
P1706,Series Product,Office,HP,17658,21078
P1707,Listen Product,Office,HP,20417,27111
P1708,Clear Product,Office,Samsung,5070,18529
P1709,Able Product,Furniture,Lenovo,27163,38895
P1710,Power Product,Furniture,Dell,31129,44909
P1711,Trade Product,Appliances,HP,4434,8532
P1712,Risk Product,Office,Lenovo,3563,5766
P1713,Check Product,Appliances,Lenovo,16584,29132
P1714,Point Product,Appliances,Lenovo,16075,21785
P1715,Seven Product,Office,Boat,4695,19327
P1716,Reality Product,Office,Boat,3214,16982
P1717,Computer Product,Furniture,Samsung,32846,47606
P1718,Change Product,Office,Lenovo,23091,29282
P1719,Live Product,Furniture,Samsung,9142,19230
P1720,Black Product,Electronics,Sony,30588,40943
P1721,Pattern Product,Appliances,IKEA,7460,15286
P1722,According Product,Office,IKEA,27787,30605
P1723,Rather Product,Accessories,Lenovo,41923,52717
P1724,Study Product,Accessories,Lenovo,40166,49188
P1725,Within Product,Appliances,IKEA,7320,12515
P1726,Model Product,Office,Dell,10008,24518
P1727,Knowledge Product,Furniture,Sony,22368,27991
P1728,State Product,Appliances,Lenovo,2602,8339
P1729,Past Product,Office,Dell,44129,47664
P1730,Population Product,Accessories,IKEA,1572,2986
P1731,Treat Product,Appliances,Dell,15909,16640
P1732,Seven Product,Furniture,HP,48251,60748
P1733,Pattern Product,Accessories,Lenovo,4326,11612
P1734,Free Product,Accessories,IKEA,14753,15608
P1735,Push Product,Office,HP,36772,38300
P1736,Win Product,Office,Dell,15406,16676
P1737,Both Product,Furniture,IKEA,16662,19697
P1738,Today Product,Furniture,IKEA,8842,10644
P1739,See Product,Accessories,Boat,46384,55742
P1740,Far Product,Accessories,Lenovo,38829,53470
P1741,Arm Product,Furniture,Samsung,12858,14902
P1742,During Product,Appliances,Lenovo,22291,27166
P1743,Plan Product,Appliances,HP,18589,22473
P1744,College Product,Furniture,IKEA,28751,43466
P1745,Important Product,Appliances,HP,1891,10161
P1746,Half Product,Office,Lenovo,9032,15944
P1747,One Product,Appliances,Lenovo,2088,15717
P1748,Something Product,Appliances,HP,24993,38230
P1749,Would Product,Electronics,Lenovo,23451,33781
P1750,Campaign Product,Office,Sony,32052,38307
P1751,Source Product,Accessories,IKEA,32228,44407
P1752,Set Product,Furniture,HP,25772,39824
P1753,Change Product,Furniture,Samsung,37258,42484
P1754,Dark Product,Appliances,Samsung,44061,53595
P1755,How Product,Accessories,Boat,24711,34784
P1756,Stuff Product,Office,Samsung,40218,46232
P1757,Garden Product,Accessories,Dell,11972,21011
P1758,Compare Product,Electronics,IKEA,3129,8374
P1759,Street Product,Office,Samsung,21152,31775
P1760,Congress Product,Furniture,IKEA,44485,57335
P1761,Tell Product,Furniture,Sony,42003,48015
P1762,Improve Product,Accessories,HP,24915,36480
P1763,Including Product,Electronics,Dell,15670,24922
P1764,Chair Product,Office,Dell,39774,47116
P1765,Take Product,Office,HP,15841,18405
P1766,Song Product,Electronics,Boat,14220,27984
P1767,Guess Product,Electronics,Samsung,9225,9917
P1768,Never Product,Office,Samsung,18750,19457
P1769,Traditional Product,Office,Samsung,7988,19752
P1770,Mr Product,Furniture,Lenovo,33190,34282
P1771,Particularly Product,Electronics,HP,29777,41833
P1772,Ground Product,Furniture,Samsung,16412,24350
P1773,Nothing Product,Accessories,Samsung,19571,25485
P1774,Police Product,Accessories,Dell,44049,45750
P1775,Happy Product,Accessories,Boat,3729,5878
P1776,Standard Product,Appliances,Samsung,7077,9860
P1777,Next Product,Accessories,IKEA,6004,9686
P1778,Think Product,Office,Samsung,5890,6920
P1779,Care Product,Accessories,Boat,34250,42851
P1780,Fine Product,Furniture,Sony,11102,13474
P1781,Foreign Product,Office,Boat,26265,33149
P1782,Kid Product,Furniture,Sony,16542,28136
P1783,Present Product,Appliances,Sony,43892,47554
P1784,Cut Product,Appliances,Dell,12213,14126
P1785,Child Product,Office,Dell,34090,34895
P1786,Bring Product,Electronics,Samsung,27920,40451
P1787,Into Product,Office,Lenovo,15811,19568
P1788,Firm Product,Appliances,Sony,21735,32863
P1789,Yes Product,Office,Lenovo,17131,23215
P1790,Mr Product,Electronics,Samsung,35717,44840
P1791,Kid Product,Office,Lenovo,37644,46049
P1792,Pick Product,Furniture,Samsung,42467,46066
P1793,What Product,Accessories,Sony,25146,35635
P1794,Question Product,Office,Boat,27873,41094
P1795,Fish Product,Electronics,HP,11942,25711
P1796,Choose Product,Electronics,Lenovo,40970,46622
P1797,Majority Product,Appliances,Sony,34526,45500
P1798,Difference Product,Furniture,HP,39716,41719
P1799,Good Product,Furniture,Boat,47116,58777
P1800,Stuff Product,Furniture,Boat,26932,30164
P1801,Fish Product,Accessories,Boat,7095,10870
P1802,Trouble Product,Furniture,IKEA,29351,34736
P1803,Main Product,Appliances,Dell,38195,43714
P1804,Another Product,Appliances,Lenovo,17430,23154
P1805,Soldier Product,Accessories,IKEA,17806,19850
P1806,Against Product,Appliances,Lenovo,1296,6459
P1807,Identify Product,Furniture,Boat,48184,54774
P1808,Ready Product,Accessories,Dell,29161,36344
P1809,Now Product,Furniture,Boat,24648,29429
P1810,Stock Product,Office,Sony,23019,26003
P1811,Option Product,Accessories,HP,44012,48789
P1812,Loss Product,Furniture,HP,46799,60101
P1813,Positive Product,Appliances,Boat,25759,28030
P1814,Sport Product,Appliances,Boat,27003,33775
P1815,Free Product,Office,Samsung,33243,46034
P1816,Response Product,Accessories,Sony,37851,39134
P1817,Movement Product,Appliances,IKEA,27262,38442
P1818,Common Product,Electronics,Boat,10208,17250
P1819,Yes Product,Accessories,Dell,10624,21739
P1820,Produce Product,Office,Dell,18488,30675
P1821,Thank Product,Furniture,Boat,4818,6548
P1822,Benefit Product,Electronics,Lenovo,31879,41421
P1823,Support Product,Office,Dell,20451,32317
P1824,Share Product,Accessories,Samsung,7011,14355
P1825,When Product,Furniture,IKEA,1394,14215
P1826,Decide Product,Office,HP,39995,45628
P1827,Talk Product,Appliances,Lenovo,25561,34786
P1828,Writer Product,Electronics,Sony,20187,28276
P1829,Energy Product,Electronics,Samsung,18801,20076
P1830,Various Product,Furniture,Dell,27130,31835
P1831,Machine Product,Office,Samsung,14748,16232
P1832,His Product,Electronics,IKEA,8700,23674
P1833,Involve Product,Office,HP,44875,58773
P1834,Institution Product,Office,Lenovo,42624,49467
P1835,Human Product,Office,Samsung,46052,57854
P1836,Left Product,Furniture,Samsung,11197,12819
P1837,Stuff Product,Accessories,Lenovo,27362,35457
P1838,Other Product,Furniture,Lenovo,22163,35035
P1839,Build Product,Electronics,Boat,16813,26884
P1840,Want Product,Furniture,Boat,29336,35476
P1841,Glass Product,Accessories,IKEA,11677,12281
P1842,Level Product,Accessories,Lenovo,22877,33086
P1843,Coach Product,Office,IKEA,41406,44304
P1844,While Product,Furniture,Dell,23040,26642
P1845,Feeling Product,Electronics,Sony,47616,60788
P1846,Hand Product,Furniture,Boat,40915,53816
P1847,Opportunity Product,Office,Dell,18990,21031
P1848,Difference Product,Accessories,HP,1593,12034
P1849,Behavior Product,Appliances,Samsung,8005,9414
P1850,Listen Product,Office,Sony,17333,18124
P1851,Mouth Product,Office,Sony,9498,12747
P1852,Standard Product,Accessories,Dell,15372,20951
P1853,Dream Product,Furniture,Samsung,32180,35355
P1854,Money Product,Electronics,HP,18283,27904
P1855,Page Product,Electronics,IKEA,21309,29716
P1856,Seek Product,Electronics,IKEA,49307,55723
P1857,Also Product,Electronics,Samsung,28245,28866
P1858,Help Product,Office,Boat,20097,28852
P1859,Than Product,Furniture,Dell,41218,47320
P1860,Art Product,Accessories,HP,49835,50840
P1861,Artist Product,Electronics,Boat,2100,3474
P1862,Sell Product,Office,Sony,35844,41663
P1863,Grow Product,Appliances,Lenovo,13424,17316
P1864,Product Product,Accessories,Lenovo,34903,41387
P1865,Pay Product,Furniture,Sony,31698,32230
P1866,Wrong Product,Accessories,Boat,36260,50333
P1867,Hour Product,Accessories,Lenovo,33477,43445
P1868,Save Product,Office,Samsung,8490,22994
P1869,Best Product,Electronics,IKEA,26015,26626
P1870,Three Product,Accessories,IKEA,24454,26101
P1871,Check Product,Furniture,HP,35938,45649
P1872,Peace Product,Appliances,Sony,1309,5484
P1873,Form Product,Furniture,IKEA,11436,19581
P1874,Into Product,Accessories,Dell,6264,14459
P1875,Tonight Product,Office,Lenovo,18529,28751
P1876,Different Product,Office,Sony,29229,30437
P1877,Consumer Product,Furniture,Lenovo,15985,23689
P1878,Candidate Product,Electronics,Dell,26129,29028
P1879,Along Product,Furniture,IKEA,41554,51297
P1880,Protect Product,Accessories,Samsung,23438,32575
P1881,Class Product,Office,HP,42528,48802
P1882,Be Product,Office,Lenovo,11700,21952
P1883,Probably Product,Appliances,HP,2045,16033
P1884,Court Product,Office,Samsung,1456,4635
P1885,Style Product,Electronics,Lenovo,7128,14036
P1886,Eat Product,Accessories,Lenovo,1183,11503
P1887,Anything Product,Accessories,Sony,28994,31155
P1888,Recognize Product,Accessories,Sony,40542,52222
P1889,Cultural Product,Appliances,Samsung,22130,34301
P1890,Former Product,Appliances,Samsung,47671,55278
P1891,Other Product,Accessories,IKEA,31274,39781
P1892,Price Product,Office,Lenovo,20876,35488
P1893,Easy Product,Office,Boat,24726,27525
P1894,Center Product,Electronics,IKEA,9100,12213
P1895,Nature Product,Accessories,HP,46463,51432
P1896,Opportunity Product,Furniture,IKEA,11643,21050
P1897,Special Product,Appliances,Lenovo,28579,34117
P1898,Start Product,Office,Boat,41805,43424
P1899,Along Product,Furniture,Lenovo,30980,35931
P1900,Political Product,Accessories,Sony,39099,53232
P1901,Beautiful Product,Office,Lenovo,35726,37225
P1902,Play Product,Appliances,Lenovo,11810,25421
P1903,Baby Product,Office,Sony,14949,20103
P1904,Country Product,Office,Sony,35201,48464
P1905,White Product,Furniture,Lenovo,12205,18688
P1906,Help Product,Office,HP,13471,24526
P1907,Century Product,Furniture,HP,48600,51715
P1908,Building Product,Office,Sony,31680,35253
P1909,Maintain Product,Office,Boat,5108,8949
P1910,Cut Product,Furniture,HP,48684,53279
P1911,Although Product,Furniture,Samsung,31524,34956
P1912,Hit Product,Electronics,HP,17372,18069
P1913,Address Product,Electronics,Samsung,49270,57959
P1914,Much Product,Appliances,Dell,1484,10043
P1915,Go Product,Furniture,Sony,43922,57287
P1916,Air Product,Office,Dell,28162,39072
P1917,Window Product,Accessories,Boat,20034,32493
P1918,Him Product,Electronics,Boat,2462,3992
P1919,Manager Product,Electronics,Sony,32649,45955
P1920,State Product,Furniture,IKEA,13189,19435
P1921,Though Product,Accessories,Lenovo,47946,50654
P1922,Cover Product,Appliances,Dell,6517,17995
P1923,Cup Product,Electronics,Boat,33328,34607
P1924,Market Product,Electronics,Boat,43714,56449
P1925,Then Product,Office,Dell,993,11392
P1926,Like Product,Accessories,HP,45535,52145
P1927,Worker Product,Furniture,IKEA,8073,20809
P1928,Occur Product,Office,IKEA,9826,22015
P1929,Yard Product,Office,HP,33037,40185
P1930,Carry Product,Electronics,Samsung,42893,45336
P1931,Score Product,Furniture,IKEA,11468,19730
P1932,Difficult Product,Accessories,Dell,7425,12221
P1933,Off Product,Accessories,Samsung,20699,28082
P1934,Wonder Product,Appliances,Dell,46951,61640
P1935,Reveal Product,Accessories,Boat,16170,28438
P1936,Grow Product,Appliances,HP,8328,11096
P1937,Watch Product,Furniture,Lenovo,43146,45960
P1938,Really Product,Office,Sony,36176,43371
P1939,Shoulder Product,Furniture,IKEA,1061,7863
P1940,Support Product,Office,Boat,27221,27939
P1941,Election Product,Accessories,IKEA,30570,32640
P1942,Seat Product,Accessories,Sony,31992,45895
P1943,Deal Product,Office,Sony,21870,24020
P1944,Sell Product,Accessories,Samsung,39457,47199
P1945,News Product,Appliances,Dell,6914,21419
P1946,Still Product,Accessories,Lenovo,26581,27102
P1947,Minute Product,Accessories,Lenovo,37488,52095
P1948,Material Product,Electronics,Lenovo,26991,35066
P1949,Analysis Product,Electronics,IKEA,7695,17440
P1950,Realize Product,Accessories,Boat,31292,45590
P1951,Himself Product,Office,HP,40945,53707
P1952,Tonight Product,Appliances,Boat,8463,22784
P1953,Less Product,Electronics,IKEA,38202,47951
P1954,Increase Product,Office,IKEA,18937,31337
P1955,Authority Product,Office,HP,7265,15828
P1956,Hour Product,Accessories,Sony,30232,38495
P1957,Commercial Product,Appliances,Dell,27375,37406
P1958,All Product,Appliances,Sony,15330,23632
P1959,American Product,Accessories,Boat,13071,25299
P1960,Possible Product,Appliances,IKEA,18819,32207
P1961,Site Product,Appliances,HP,42200,45424
P1962,Debate Product,Furniture,Dell,12090,17401
P1963,Make Product,Appliances,Dell,2570,17373
P1964,Foreign Product,Furniture,Boat,24311,32841
P1965,Herself Product,Appliances,Boat,37779,49935
P1966,Democratic Product,Furniture,Sony,13136,21757
P1967,Successful Product,Appliances,Boat,8294,18047
P1968,Sure Product,Appliances,Sony,38067,39545
P1969,Nearly Product,Appliances,Samsung,45011,53451
P1970,Area Product,Office,Dell,9731,23482
P1971,Third Product,Appliances,Samsung,23959,25408
P1972,Risk Product,Accessories,Samsung,42991,49563
P1973,Knowledge Product,Office,HP,29062,43105
P1974,People Product,Office,Boat,48803,55066
P1975,Card Product,Appliances,Samsung,23686,26040
P1976,Sure Product,Accessories,Samsung,13890,19817
P1977,Happy Product,Furniture,IKEA,8013,13949
P1978,Child Product,Office,Sony,45941,55247
P1979,Practice Product,Electronics,Lenovo,30614,45139
P1980,Financial Product,Electronics,Lenovo,33489,39622
P1981,Watch Product,Furniture,Boat,46181,50900
P1982,Any Product,Electronics,HP,39814,51097
P1983,Development Product,Electronics,Samsung,18150,19937
P1984,Property Product,Appliances,IKEA,37521,51599
P1985,None Product,Accessories,Sony,13632,20799
P1986,You Product,Electronics,IKEA,41454,54270
P1987,Some Product,Furniture,HP,46427,50803
P1988,Example Product,Furniture,Lenovo,46068,52210
P1989,Should Product,Accessories,Lenovo,30700,32415
P1990,Story Product,Appliances,Lenovo,38649,44864
P1991,Toward Product,Accessories,Samsung,46352,50924
P1992,American Product,Office,Dell,41099,50027
P1993,Democrat Product,Appliances,IKEA,30934,42840
P1994,Building Product,Appliances,HP,33385,44827
P1995,These Product,Electronics,Samsung,14800,28056
P1996,Enough Product,Electronics,Dell,30569,35660
P1997,Cut Product,Electronics,Boat,41360,48311
P1998,Defense Product,Office,Boat,40131,51606
P1999,Simple Product,Appliances,HP,46370,53959
P2000,Gas Product,Office,Boat,19601,33782
P2001,History Product,Office,Boat,30827,40177
P2002,Tonight Product,Appliances,Boat,39042,45521
P2003,Phone Product,Appliances,Samsung,35197,35745
P2004,Less Product,Electronics,Boat,27547,33095
P2005,Deal Product,Office,Sony,30274,39197
P2006,Himself Product,Appliances,Dell,12498,23323
P2007,Follow Product,Accessories,HP,34175,41336
P2008,Forget Product,Accessories,IKEA,21121,31329
P2009,Material Product,Appliances,Dell,35279,48166
P2010,Guy Product,Electronics,Dell,36120,47184
P2011,Company Product,Electronics,Sony,25897,32871
P2012,Practice Product,Appliances,Dell,34550,41906
P2013,Sign Product,Electronics,Samsung,37134,46763
P2014,Manage Product,Furniture,Sony,26667,39190
P2015,Since Product,Furniture,Samsung,47252,51260
P2016,Film Product,Office,Sony,4185,8855
P2017,Radio Product,Electronics,Sony,10834,12751
P2018,Difficult Product,Electronics,IKEA,3149,11209
P2019,Little Product,Accessories,Boat,20390,33281
P2020,First Product,Appliances,Lenovo,42219,47129
P2021,Happy Product,Accessories,Lenovo,19966,27275
P2022,Street Product,Appliances,HP,40278,54604
P2023,His Product,Appliances,Dell,48309,51118
P2024,Fast Product,Electronics,HP,36069,46436
P2025,Yourself Product,Office,Sony,34794,39668
P2026,Expert Product,Electronics,Dell,38868,51656
P2027,Pay Product,Appliances,IKEA,14046,27577
P2028,Country Product,Office,Samsung,31137,34459
P2029,Agency Product,Appliances,Sony,4692,17658
P2030,Almost Product,Accessories,Sony,6092,9214
P2031,Simply Product,Appliances,Sony,26020,40552
P2032,Shake Product,Accessories,Boat,37904,40910
P2033,Me Product,Appliances,Samsung,41872,54241
P2034,Already Product,Appliances,Lenovo,42946,53444
P2035,Voice Product,Furniture,Sony,34992,44874
P2036,Put Product,Electronics,IKEA,20274,26252
P2037,Stop Product,Electronics,Lenovo,35239,44222
P2038,Voice Product,Electronics,Dell,18677,20085
P2039,Society Product,Appliances,Dell,8256,14986
P2040,Gas Product,Appliances,Boat,42164,48275
P2041,Future Product,Accessories,Boat,27385,28268
P2042,Land Product,Electronics,Dell,33758,42278
P2043,Tonight Product,Electronics,Samsung,1969,10422
P2044,Line Product,Furniture,Boat,2202,12515
P2045,Body Product,Furniture,Boat,33668,35905
P2046,Well Product,Electronics,IKEA,24133,37822
P2047,Fire Product,Electronics,Lenovo,43063,57381
P2048,It Product,Office,Dell,42329,46807
P2049,Deep Product,Office,IKEA,49754,51643
P2050,Sense Product,Electronics,Boat,39879,48244
P2051,Purpose Product,Electronics,HP,33011,35086
P2052,Stock Product,Appliances,HP,26573,37273
P2053,Behavior Product,Accessories,Lenovo,22556,27232
P2054,Above Product,Electronics,IKEA,12038,16530
P2055,Sure Product,Office,Dell,37536,42057
P2056,Blood Product,Office,Lenovo,27671,34445
P2057,Let Product,Office,HP,30099,33035
P2058,Concern Product,Office,Dell,17664,22036
P2059,Professional Product,Appliances,Samsung,501,7301
P2060,Coach Product,Appliances,HP,26888,27615
P2061,Cold Product,Appliances,Lenovo,16521,27901
P2062,Religious Product,Office,Boat,47317,47968
P2063,Improve Product,Electronics,IKEA,5655,9476
P2064,Range Product,Office,HP,25773,37802
P2065,Affect Product,Furniture,Boat,8381,19967
P2066,Add Product,Electronics,IKEA,44714,47533
P2067,Theory Product,Office,Samsung,11670,18071
P2068,Authority Product,Accessories,Dell,37572,47913
P2069,Television Product,Furniture,HP,35336,45150
P2070,Cut Product,Accessories,Lenovo,8659,21060
P2071,Require Product,Electronics,Dell,26816,31837
P2072,Short Product,Office,HP,25267,27079
P2073,Job Product,Furniture,Boat,26767,33077
P2074,Soldier Product,Appliances,IKEA,8880,18056
P2075,Others Product,Furniture,Boat,14562,15165
P2076,Student Product,Furniture,Lenovo,36193,45691
P2077,Behavior Product,Electronics,HP,15789,25282
P2078,Sense Product,Electronics,Boat,8963,23226
P2079,Follow Product,Office,HP,5403,11807
P2080,Same Product,Electronics,Boat,29093,39119
P2081,Friend Product,Accessories,Samsung,13748,27008
P2082,Allow Product,Furniture,Dell,5639,14362
P2083,Work Product,Accessories,Sony,43000,56339
P2084,Movie Product,Appliances,Boat,13993,23442
P2085,World Product,Appliances,Lenovo,18807,28309
P2086,Walk Product,Appliances,Boat,14976,27229
P2087,Me Product,Electronics,Boat,17712,24660
P2088,Light Product,Furniture,HP,2285,9453
P2089,Radio Product,Accessories,Lenovo,42588,45606
P2090,Attention Product,Accessories,HP,47499,52848
P2091,Laugh Product,Appliances,Samsung,2725,11306
P2092,Recently Product,Accessories,Dell,5213,15170
P2093,Safe Product,Office,Boat,20914,27653
P2094,Wind Product,Office,Sony,31121,44172
P2095,Environment Product,Furniture,HP,36119,49064
P2096,Beat Product,Appliances,Boat,30487,41893
P2097,If Product,Electronics,Samsung,9932,11924
P2098,Eat Product,Electronics,Dell,20363,23727
P2099,Edge Product,Appliances,Boat,37902,51680
P2100,Material Product,Appliances,Lenovo,7021,10411
P2101,Step Product,Furniture,IKEA,13665,14933
P2102,Speech Product,Appliances,HP,1223,5766
P2103,Soldier Product,Appliances,Samsung,42729,57455
P2104,Affect Product,Office,Samsung,28909,32269
P2105,Himself Product,Furniture,Boat,2791,16814
P2106,Race Product,Furniture,Sony,27994,39990
P2107,Not Product,Office,Sony,43223,54038
P2108,Suddenly Product,Electronics,Boat,25268,26950
P2109,Alone Product,Office,Sony,42953,56129
P2110,Push Product,Accessories,IKEA,15698,29918
P2111,Idea Product,Appliances,HP,17728,19020
P2112,Form Product,Accessories,Samsung,22689,31920
P2113,Natural Product,Accessories,Samsung,2626,16016
P2114,Religious Product,Appliances,Sony,26271,30718
P2115,Happy Product,Appliances,Dell,29529,37953
P2116,Model Product,Furniture,Samsung,8569,11241
P2117,Participant Product,Accessories,HP,13124,25036
P2118,Public Product,Office,IKEA,17039,30971
P2119,Night Product,Furniture,Lenovo,12588,19401
P2120,Worker Product,Appliances,Samsung,48326,59668
P2121,Admit Product,Furniture,Samsung,25358,27514
P2122,Democrat Product,Electronics,Samsung,13351,24727
P2123,Road Product,Furniture,Dell,18022,32352
P2124,Per Product,Accessories,Samsung,3395,7474
P2125,Too Product,Furniture,Dell,44327,54234
P2126,As Product,Accessories,HP,30636,39654
P2127,Which Product,Furniture,Lenovo,17077,20886
P2128,Last Product,Accessories,Dell,27827,31177
P2129,Size Product,Office,IKEA,42343,43463
P2130,War Product,Office,IKEA,12448,23216
P2131,Religious Product,Furniture,Dell,16381,27271
P2132,People Product,Furniture,IKEA,8654,16891
P2133,Yeah Product,Accessories,IKEA,49846,52953
P2134,Second Product,Electronics,Lenovo,17500,30718
P2135,Debate Product,Electronics,Samsung,12676,21290
P2136,Officer Product,Accessories,Sony,10050,15108
P2137,Myself Product,Electronics,Boat,35951,49611
P2138,Leader Product,Appliances,IKEA,1856,5830
P2139,President Product,Appliances,Boat,2607,3492
P2140,Without Product,Electronics,Sony,23199,26623
P2141,Idea Product,Furniture,IKEA,19531,22040
P2142,Only Product,Accessories,Sony,9876,17445
P2143,Require Product,Accessories,Lenovo,2266,4864
P2144,Owner Product,Electronics,IKEA,49083,56809
P2145,Whole Product,Office,Boat,38248,52327
P2146,Summer Product,Appliances,Dell,32162,43514
P2147,Assume Product,Furniture,Boat,1149,14949
P2148,Deal Product,Accessories,Sony,19253,25597
P2149,Poor Product,Appliances,Dell,27619,29975
P2150,Analysis Product,Office,Sony,27765,35508
P2151,Majority Product,Appliances,Lenovo,4724,7721
P2152,Partner Product,Office,Sony,31185,45939
P2153,Likely Product,Appliances,Lenovo,4104,10857
P2154,Tough Product,Furniture,Samsung,15790,24383
P2155,Officer Product,Furniture,Dell,47308,50260
P2156,Stop Product,Appliances,Lenovo,46002,58413
P2157,Nearly Product,Furniture,IKEA,48611,59118
P2158,Few Product,Electronics,IKEA,24187,25690
P2159,Trade Product,Accessories,Boat,40052,49471
P2160,Drug Product,Accessories,Boat,36915,39436
P2161,First Product,Electronics,IKEA,32072,33881
P2162,Congress Product,Appliances,Dell,15319,20780
P2163,Three Product,Electronics,Samsung,41043,48341
P2164,Force Product,Office,Lenovo,34911,42368
P2165,Series Product,Office,IKEA,44891,55634
P2166,Country Product,Electronics,Samsung,18682,21601
P2167,Rise Product,Appliances,HP,46169,58530
P2168,Technology Product,Accessories,IKEA,6437,8335
P2169,Onto Product,Appliances,Lenovo,22909,29973
P2170,They Product,Accessories,Dell,5800,15015
P2171,Direction Product,Furniture,IKEA,30707,35032
P2172,Section Product,Electronics,Boat,46908,51460
P2173,Star Product,Furniture,HP,44133,55635
P2174,Six Product,Appliances,Boat,25895,32793
P2175,Actually Product,Electronics,Dell,16419,31402
P2176,Ago Product,Furniture,Dell,32649,33556
P2177,Serve Product,Office,Sony,45288,50354
P2178,President Product,Office,Boat,42428,53393
P2179,Consumer Product,Furniture,Lenovo,5904,18389
P2180,Treat Product,Office,Sony,25830,28375
P2181,Management Product,Appliances,Sony,29923,38350
P2182,Situation Product,Furniture,HP,21396,31046
P2183,Enjoy Product,Furniture,HP,12219,22905
P2184,Whole Product,Electronics,HP,15276,21069
P2185,Great Product,Electronics,Sony,33836,44412
P2186,Me Product,Accessories,Lenovo,18854,25838
P2187,Third Product,Accessories,HP,36269,44031
P2188,Deep Product,Appliances,Boat,13897,19641
P2189,Husband Product,Furniture,IKEA,44655,45174
P2190,Price Product,Appliances,Samsung,13988,26881
P2191,Morning Product,Appliances,Boat,27543,41201
P2192,Minute Product,Office,HP,44134,50670
P2193,Focus Product,Furniture,Lenovo,17634,18979
P2194,Skill Product,Appliances,Samsung,44532,53294
P2195,But Product,Appliances,HP,34072,44014
P2196,Body Product,Accessories,IKEA,3333,17264
P2197,Ago Product,Appliances,Boat,18569,22360
P2198,Feel Product,Electronics,Dell,13823,24345
P2199,Economic Product,Accessories,Boat,6448,18392
P2200,Talk Product,Office,Dell,36943,38551
P2201,Mouth Product,Office,IKEA,22663,31841
P2202,Raise Product,Electronics,IKEA,12406,21238
P2203,My Product,Office,Dell,24751,27670
P2204,Girl Product,Furniture,Lenovo,25421,27667
P2205,Most Product,Accessories,Samsung,41850,47542
P2206,Report Product,Accessories,Samsung,577,4021
P2207,Issue Product,Appliances,Sony,21595,24333
P2208,Student Product,Furniture,Dell,27952,42019
P2209,Budget Product,Furniture,Boat,25442,37011
P2210,Scene Product,Electronics,Boat,3509,9297
P2211,Employee Product,Furniture,Boat,32282,35637
P2212,Me Product,Accessories,Samsung,40891,48866
P2213,Plant Product,Appliances,Dell,20755,28975
P2214,Until Product,Accessories,Lenovo,47100,50680
P2215,Woman Product,Accessories,HP,1355,3426
P2216,Security Product,Accessories,IKEA,35493,42684
P2217,Stop Product,Appliances,Samsung,13774,23495
P2218,Out Product,Office,Sony,43466,49323
P2219,Little Product,Electronics,Boat,41818,46046
P2220,Character Product,Furniture,IKEA,38100,45570
P2221,Cut Product,Furniture,Boat,13615,17638
P2222,Later Product,Appliances,IKEA,3119,10519
P2223,Artist Product,Accessories,Samsung,33929,43303
P2224,Anything Product,Furniture,Sony,3389,14702
P2225,Draw Product,Furniture,HP,12485,13186
P2226,Without Product,Electronics,Lenovo,41956,48307
P2227,Situation Product,Electronics,Sony,3257,15022
P2228,Sure Product,Accessories,HP,19063,29289
P2229,Can Product,Office,Dell,20492,30279
P2230,Throw Product,Furniture,Samsung,42446,48656
P2231,Build Product,Office,Samsung,11288,22969
P2232,Today Product,Appliances,Sony,912,8069
P2233,Of Product,Furniture,Dell,24852,36421
P2234,Common Product,Office,Lenovo,31574,45116
P2235,Perhaps Product,Accessories,Lenovo,49352,60222
P2236,Eight Product,Accessories,Samsung,4636,5607
P2237,More Product,Appliances,HP,48523,55393
P2238,Remain Product,Furniture,Lenovo,45048,55915
P2239,Through Product,Accessories,IKEA,1182,12714
P2240,Officer Product,Electronics,Boat,20777,24160
P2241,Matter Product,Accessories,Dell,46516,48464
P2242,Financial Product,Appliances,Dell,10922,25168
P2243,Work Product,Appliances,Sony,26303,35581
P2244,Center Product,Accessories,Sony,7519,9526
P2245,Argue Product,Electronics,Lenovo,6284,19253
P2246,Receive Product,Appliances,Lenovo,31766,32899
P2247,Better Product,Accessories,Sony,10475,13675
P2248,Paper Product,Appliances,Samsung,40248,49259
P2249,Ok Product,Office,Lenovo,29150,43704
P2250,Bit Product,Appliances,Samsung,4000,8635
P2251,Why Product,Accessories,Boat,35116,44037
P2252,Nothing Product,Appliances,Dell,38461,50308
P2253,Often Product,Electronics,Sony,40034,53459
P2254,Laugh Product,Accessories,Lenovo,9765,11235
P2255,Exactly Product,Appliances,Samsung,3887,17480
P2256,Now Product,Appliances,Lenovo,8307,10273
P2257,Adult Product,Appliances,Dell,32689,41153
P2258,True Product,Accessories,HP,2390,10828
P2259,Skin Product,Appliances,HP,48158,49246
P2260,Decision Product,Electronics,Samsung,25888,29024
P2261,Whatever Product,Furniture,Lenovo,12943,21477
P2262,Pick Product,Electronics,Dell,16925,23272
P2263,Cultural Product,Furniture,HP,17084,28644
P2264,Interview Product,Furniture,HP,24968,39767
P2265,Read Product,Electronics,Lenovo,3575,17515
P2266,West Product,Electronics,Sony,22276,29253
P2267,Professional Product,Office,Lenovo,29228,30182
P2268,Forget Product,Office,Boat,39572,51728
P2269,Who Product,Accessories,Samsung,10093,17739
P2270,Chance Product,Electronics,Samsung,34584,38372
P2271,Want Product,Electronics,Sony,21647,35421
P2272,Sound Product,Office,Lenovo,36664,38320
P2273,The Product,Appliances,Boat,7278,19161
P2274,Piece Product,Appliances,HP,27871,30783
P2275,Line Product,Appliances,IKEA,1155,3068
P2276,Full Product,Office,IKEA,15805,19698
P2277,Success Product,Accessories,Boat,14444,24638
P2278,Word Product,Appliances,Lenovo,17535,32127
P2279,Film Product,Appliances,Lenovo,13717,24655
P2280,Model Product,Furniture,Boat,36203,39850
P2281,Blue Product,Accessories,Lenovo,43007,47282
P2282,Throughout Product,Electronics,Sony,4444,19385
P2283,World Product,Electronics,IKEA,47461,58860
P2284,It Product,Accessories,IKEA,26818,41547
P2285,Cultural Product,Appliances,Lenovo,36458,48867
P2286,Including Product,Office,Dell,9407,14297
P2287,Line Product,Accessories,Dell,46520,55666
P2288,Floor Product,Appliances,Samsung,40145,53139
P2289,Lay Product,Accessories,Dell,40078,50915
P2290,Team Product,Accessories,IKEA,2901,3559
P2291,Unit Product,Office,Lenovo,26908,30860
P2292,Drive Product,Appliances,Samsung,39831,53365
P2293,Gas Product,Accessories,Lenovo,42585,51431
P2294,City Product,Appliances,Boat,32270,43303
P2295,Agent Product,Furniture,Lenovo,10487,14189
P2296,Me Product,Accessories,HP,34092,35444
P2297,Long Product,Office,Boat,48035,55529
P2298,Staff Product,Electronics,Boat,21860,26804
P2299,Especially Product,Furniture,IKEA,44238,50067
P2300,Reach Product,Accessories,Sony,12470,26542
P2301,Strategy Product,Furniture,Samsung,4663,17077
P2302,Wear Product,Electronics,Dell,12249,22995
P2303,Assume Product,Office,IKEA,32085,35131
P2304,Give Product,Accessories,Sony,13871,17898
P2305,Every Product,Appliances,IKEA,1689,6354
P2306,Set Product,Office,Samsung,15145,20570
P2307,Technology Product,Accessories,HP,23439,35478
P2308,Raise Product,Electronics,Sony,703,8775
P2309,Growth Product,Office,Sony,911,9802
P2310,Write Product,Electronics,Boat,41064,52313
P2311,Single Product,Appliances,Boat,12453,23090
P2312,Data Product,Furniture,Lenovo,4642,14706
P2313,Radio Product,Accessories,Boat,10789,14745
P2314,Ahead Product,Appliances,Lenovo,38876,49620
P2315,Guy Product,Accessories,HP,8602,18612
P2316,Tonight Product,Accessories,Boat,47139,54096
P2317,Middle Product,Accessories,IKEA,38159,51315
P2318,While Product,Appliances,IKEA,18330,25708
P2319,Even Product,Furniture,IKEA,6385,17990
P2320,Whose Product,Appliances,Boat,27164,32786
P2321,Remain Product,Furniture,Boat,49114,63894
P2322,Development Product,Accessories,Boat,20990,25470
P2323,Only Product,Appliances,IKEA,43044,52945
P2324,Or Product,Appliances,HP,45996,51377
P2325,Soldier Product,Accessories,Lenovo,22671,26447
P2326,Wonder Product,Accessories,Boat,46286,46810
P2327,Human Product,Appliances,Lenovo,25220,32907
P2328,Increase Product,Appliances,HP,27107,41688
P2329,Effort Product,Furniture,HP,5559,18750
P2330,Identify Product,Accessories,IKEA,20996,21537
P2331,Against Product,Office,IKEA,3771,14122
P2332,Add Product,Appliances,HP,39660,54621
P2333,Region Product,Accessories,Boat,46645,47938
P2334,Save Product,Electronics,Dell,38933,52911
P2335,Even Product,Accessories,Lenovo,8687,14373
P2336,Administration Product,Furniture,Samsung,45638,56544
P2337,There Product,Electronics,IKEA,16877,22266
P2338,Five Product,Electronics,Dell,19986,32762
P2339,When Product,Electronics,Boat,44424,57511
P2340,Medical Product,Office,Samsung,4136,13482
P2341,Suffer Product,Appliances,Lenovo,32778,45552
P2342,Effect Product,Accessories,Dell,42018,49508
P2343,Onto Product,Electronics,Dell,27911,31718
P2344,Baby Product,Office,Lenovo,46680,60368
P2345,Contain Product,Office,Lenovo,33941,40080
P2346,Keep Product,Accessories,Dell,23088,26777
P2347,Vote Product,Furniture,Lenovo,22070,30537
P2348,Model Product,Electronics,Dell,9424,14819
P2349,Personal Product,Electronics,Samsung,21191,31900
P2350,Fact Product,Appliances,IKEA,25233,37899
P2351,Shoulder Product,Appliances,Boat,5691,16828
P2352,Hard Product,Office,Samsung,34938,42524
P2353,Red Product,Electronics,IKEA,44833,49856
P2354,Pull Product,Accessories,Samsung,27136,31247
P2355,Everyone Product,Accessories,Sony,2346,13155
P2356,Glass Product,Appliances,Lenovo,31555,35133
P2357,Agreement Product,Office,Lenovo,47485,52706
P2358,Gas Product,Office,Sony,14140,19374
P2359,Those Product,Electronics,Dell,3471,8255
P2360,Might Product,Office,Samsung,38613,46139
P2361,Major Product,Furniture,Sony,38277,41031
P2362,Yes Product,Appliances,HP,19788,22626
P2363,Whatever Product,Appliances,HP,39200,40623
P2364,Occur Product,Office,Boat,11163,19859
P2365,Finally Product,Furniture,Lenovo,17735,32299
P2366,Take Product,Office,IKEA,7112,11924
P2367,Law Product,Electronics,Dell,24637,37887
P2368,Tv Product,Accessories,Samsung,4695,10723
P2369,Local Product,Office,Boat,20271,31515
P2370,Safe Product,Office,IKEA,15136,24589
P2371,Hit Product,Appliances,Dell,36014,48374
P2372,Light Product,Electronics,HP,30657,45212
P2373,Suddenly Product,Accessories,HP,24121,27276
P2374,What Product,Accessories,Dell,46495,48570
P2375,Mouth Product,Accessories,Samsung,29574,37030
P2376,Radio Product,Electronics,Samsung,6378,21042
P2377,Modern Product,Furniture,Lenovo,27298,36719
P2378,Receive Product,Electronics,Dell,12177,19581
P2379,Manager Product,Furniture,Boat,22201,33079
P2380,Series Product,Accessories,Sony,42371,53408
P2381,Particular Product,Office,Dell,49673,52243
P2382,American Product,Furniture,Dell,20895,25986
P2383,Likely Product,Electronics,Boat,30711,43930
P2384,Food Product,Office,HP,39878,45169
P2385,Food Product,Furniture,HP,19873,25361
P2386,Cover Product,Appliances,HP,6360,15891
P2387,Until Product,Furniture,Dell,38776,51111
P2388,Memory Product,Office,Dell,33623,37810
P2389,Box Product,Office,Sony,2183,16246
P2390,Television Product,Accessories,Sony,9108,13301
P2391,Ever Product,Office,Boat,49397,59078
P2392,Reduce Product,Appliances,Lenovo,3110,14813
P2393,Class Product,Office,Boat,39863,52018
P2394,Foot Product,Electronics,HP,25419,26991
P2395,Reduce Product,Electronics,Dell,41490,45961
P2396,Him Product,Accessories,Lenovo,15586,28257
P2397,Important Product,Accessories,Samsung,28757,37195
P2398,Both Product,Accessories,Sony,22220,24289
P2399,Professional Product,Accessories,Dell,34486,45313
P2400,Someone Product,Appliances,HP,31717,32549
P2401,There Product,Office,IKEA,4623,8697
P2402,Reduce Product,Accessories,Dell,10058,23140
P2403,Ok Product,Office,Boat,35552,41833
P2404,Understand Product,Appliances,HP,17767,24451
P2405,Wind Product,Furniture,Sony,20555,35247
P2406,Western Product,Appliances,IKEA,44087,58149
P2407,Me Product,Accessories,Lenovo,11016,17416
P2408,Wish Product,Office,Boat,40102,53698
P2409,Newspaper Product,Office,Dell,48981,58670
P2410,Add Product,Furniture,Samsung,5380,18866
P2411,Little Product,Furniture,Dell,21145,34976
P2412,Rise Product,Accessories,Samsung,4730,19559
P2413,Star Product,Accessories,Sony,3873,11657
P2414,Part Product,Electronics,Boat,10630,19184
P2415,Own Product,Electronics,Samsung,17688,24461
P2416,Pay Product,Electronics,Lenovo,19515,26282
P2417,Per Product,Accessories,HP,43946,52975
P2418,Else Product,Appliances,Boat,12007,17921
P2419,Place Product,Appliances,Sony,37897,50970
P2420,Form Product,Office,Sony,27168,28273
P2421,Name Product,Electronics,IKEA,5490,20437
P2422,To Product,Appliances,Boat,28627,37623
P2423,Head Product,Accessories,IKEA,17796,19904
P2424,These Product,Furniture,Samsung,8133,14859
P2425,Among Product,Appliances,HP,22382,24463
P2426,Later Product,Appliances,Lenovo,32796,47520
P2427,Fill Product,Office,HP,28654,29219
P2428,Throughout Product,Accessories,Boat,40894,47471
P2429,Front Product,Appliances,Lenovo,45848,53438
P2430,Off Product,Accessories,HP,47025,59824
P2431,Threat Product,Furniture,Samsung,49824,61498
P2432,During Product,Accessories,HP,12428,13470
P2433,Moment Product,Electronics,Lenovo,19967,28479
P2434,Matter Product,Office,Sony,47510,49961
P2435,Research Product,Accessories,Boat,45833,52762
P2436,Win Product,Furniture,Samsung,46890,61238
P2437,Report Product,Electronics,Samsung,698,12689
P2438,Catch Product,Furniture,HP,12116,12894
P2439,Wind Product,Furniture,Boat,48852,56875
P2440,Member Product,Furniture,Sony,23303,30304
P2441,Vote Product,Electronics,Dell,19846,34339
P2442,Class Product,Electronics,Lenovo,16216,17041
P2443,Part Product,Appliances,Dell,49339,61187
P2444,Window Product,Appliances,Lenovo,40380,45793
P2445,Deep Product,Accessories,HP,42210,45376
P2446,Nice Product,Accessories,Lenovo,27268,33715
P2447,Population Product,Furniture,Boat,12993,15106
P2448,Spend Product,Appliances,Lenovo,30292,39603
P2449,Discuss Product,Accessories,Samsung,15377,30109
P2450,Play Product,Accessories,Samsung,36251,41618
P2451,Drop Product,Appliances,Lenovo,36725,39163
P2452,Thought Product,Accessories,Lenovo,6215,21083
P2453,Keep Product,Furniture,Lenovo,43256,52811
P2454,Floor Product,Appliances,Sony,1351,8421
P2455,Than Product,Furniture,Lenovo,37036,39178
P2456,World Product,Office,Boat,22667,30618
P2457,Learn Product,Electronics,Lenovo,9097,11208
P2458,Season Product,Office,Sony,38237,50242
P2459,Brother Product,Electronics,Boat,29652,37423
P2460,Property Product,Accessories,Boat,47424,53955
P2461,Ten Product,Appliances,HP,37572,39446
P2462,Experience Product,Electronics,HP,14206,27812
P2463,Cut Product,Electronics,IKEA,3292,7021
P2464,East Product,Accessories,HP,3968,11819
P2465,Executive Product,Accessories,IKEA,6728,14696
P2466,Special Product,Office,Sony,34362,38353
P2467,During Product,Furniture,Boat,25219,31612
P2468,Next Product,Furniture,Boat,20789,22196
P2469,Effect Product,Appliances,Samsung,48462,60527
P2470,Security Product,Accessories,Sony,40425,48764
P2471,Live Product,Appliances,HP,16749,21945
P2472,Option Product,Office,Samsung,41909,46081
P2473,Strategy Product,Electronics,Dell,15365,24755
P2474,Week Product,Electronics,Lenovo,38245,49132
P2475,Forget Product,Appliances,Samsung,46048,47046
P2476,Significant Product,Accessories,Dell,27170,33181
P2477,Door Product,Electronics,IKEA,29920,38946
P2478,May Product,Electronics,Lenovo,8855,9858
P2479,Real Product,Electronics,Boat,22779,24157
P2480,Push Product,Electronics,Lenovo,6180,16359
P2481,Situation Product,Furniture,Sony,23595,34879
P2482,Culture Product,Furniture,IKEA,25703,30735
P2483,Rise Product,Electronics,IKEA,44949,49913
P2484,Main Product,Office,Lenovo,23746,31588
P2485,According Product,Office,Sony,33553,34169
P2486,Day Product,Office,IKEA,16009,24289
P2487,Cold Product,Office,Boat,44513,49130
P2488,Later Product,Electronics,Samsung,47126,55726
P2489,Staff Product,Electronics,Dell,43613,44259
P2490,Per Product,Electronics,Dell,11893,15134
P2491,Least Product,Accessories,Dell,4979,12946
P2492,Leg Product,Furniture,Sony,14384,16862
P2493,Serve Product,Accessories,Sony,11652,24582
P2494,Could Product,Appliances,Boat,32091,32623
P2495,More Product,Furniture,Sony,19834,27614
P2496,Store Product,Electronics,HP,15244,16701
P2497,Land Product,Furniture,Dell,30123,43437
P2498,Such Product,Electronics,Dell,19050,26878
P2499,Order Product,Electronics,HP,3047,12687
P2500,Manager Product,Electronics,Samsung,21180,30154
P2501,Agree Product,Furniture,IKEA,29734,42614
P2502,Public Product,Furniture,Samsung,18264,21806
P2503,Provide Product,Office,Sony,46528,58619
P2504,Including Product,Furniture,Sony,37891,41289
P2505,Most Product,Office,Sony,11075,21804
P2506,Economy Product,Electronics,Samsung,35235,44544
P2507,Blue Product,Accessories,Dell,43996,54559
P2508,Military Product,Appliances,Dell,27292,36660
P2509,Forward Product,Appliances,Dell,37768,52674
P2510,Result Product,Office,Lenovo,43363,55834
P2511,Federal Product,Appliances,Sony,1468,2913
P2512,Month Product,Furniture,HP,48740,56247
P2513,Wrong Product,Electronics,IKEA,29603,38204
P2514,Agreement Product,Electronics,Sony,42212,48169
P2515,Society Product,Appliances,Sony,4258,18994
P2516,Impact Product,Electronics,Dell,14278,22725
P2517,Meet Product,Appliances,Dell,25886,28451
P2518,Your Product,Appliances,HP,767,3296
P2519,Side Product,Furniture,HP,37620,41617
P2520,After Product,Office,HP,4454,14714
P2521,Professor Product,Office,Boat,39181,41378
P2522,Art Product,Appliances,Boat,6662,9788
P2523,Physical Product,Accessories,Sony,40068,51078
P2524,Offer Product,Furniture,Lenovo,15097,24327
P2525,Coach Product,Appliances,Dell,7355,16162
P2526,Race Product,Appliances,Dell,17913,23720
P2527,Level Product,Furniture,HP,3776,11972
P2528,Whether Product,Electronics,HP,521,4389
P2529,Write Product,Office,IKEA,12605,13753
P2530,Ever Product,Electronics,Samsung,28681,38015
P2531,Community Product,Furniture,IKEA,3093,9995
P2532,Indeed Product,Furniture,Samsung,48439,53152
P2533,Focus Product,Appliances,Sony,47654,56789
P2534,Short Product,Accessories,Lenovo,32164,43067
P2535,Long Product,Electronics,Lenovo,44825,54319
P2536,Training Product,Furniture,Lenovo,40823,52685
P2537,Step Product,Furniture,IKEA,24352,36782
P2538,You Product,Furniture,Samsung,3554,5230
P2539,Resource Product,Accessories,Sony,23324,24967
P2540,White Product,Accessories,Dell,16442,26897
P2541,Cell Product,Office,HP,2616,8907
P2542,Clearly Product,Appliances,HP,8623,23611
P2543,Run Product,Furniture,Samsung,2616,16951
P2544,Agree Product,Furniture,IKEA,8529,18187
P2545,Yard Product,Appliances,Sony,33887,46257
P2546,Out Product,Appliances,Boat,907,3751
P2547,Rise Product,Accessories,IKEA,21094,22992
P2548,System Product,Accessories,Samsung,17875,26704
P2549,Yes Product,Accessories,Dell,37429,52290
P2550,Daughter Product,Furniture,Sony,23443,35895
P2551,Response Product,Electronics,Dell,4446,5801
P2552,Hear Product,Electronics,Samsung,44977,54595
P2553,Certain Product,Appliances,Sony,36685,45417
P2554,Pattern Product,Office,Sony,27662,38076
P2555,Physical Product,Office,Boat,18920,19520
P2556,Moment Product,Office,Samsung,10191,15816
P2557,For Product,Electronics,Boat,7496,21657
P2558,Method Product,Furniture,Samsung,32178,45206
P2559,Evidence Product,Office,Lenovo,25321,36656
P2560,Budget Product,Electronics,Sony,7109,18944
P2561,Your Product,Appliances,IKEA,18152,30637
P2562,Data Product,Office,Sony,2267,3923
P2563,International Product,Office,Lenovo,5783,13024
P2564,Great Product,Accessories,Lenovo,39854,46338
P2565,Type Product,Electronics,IKEA,37979,41491
P2566,Most Product,Appliances,Boat,27428,32721
P2567,Him Product,Office,HP,25446,26572
P2568,Dark Product,Accessories,IKEA,37588,51879
P2569,Same Product,Accessories,IKEA,45155,55034
P2570,Though Product,Accessories,Sony,46917,58389
P2571,Behavior Product,Accessories,IKEA,10602,17236
P2572,Wide Product,Accessories,Sony,12597,22917
P2573,Professional Product,Furniture,Dell,39067,47373
P2574,Laugh Product,Accessories,IKEA,6430,19133
P2575,Money Product,Appliances,Sony,29410,32700
P2576,Focus Product,Furniture,Dell,39719,50020
P2577,Behavior Product,Appliances,IKEA,49593,62833
P2578,Drug Product,Office,Dell,14566,23624
P2579,Election Product,Accessories,Dell,21138,28098
P2580,Opportunity Product,Appliances,Dell,42392,52661
P2581,Individual Product,Office,IKEA,29182,30571
P2582,Cost Product,Accessories,Samsung,5836,18723
P2583,Necessary Product,Office,Sony,20734,33232
P2584,Opportunity Product,Accessories,Lenovo,27215,31454
P2585,Reach Product,Accessories,Samsung,33429,45478
P2586,Everyone Product,Furniture,Samsung,25433,30954
P2587,Behavior Product,Furniture,HP,21108,21826
P2588,Budget Product,Electronics,Boat,2942,4520
P2589,Important Product,Office,Dell,20440,31862
P2590,Place Product,Office,Lenovo,18988,22093
P2591,Move Product,Electronics,Dell,36928,46329
P2592,You Product,Furniture,Sony,17869,30148
P2593,Serve Product,Electronics,Sony,38479,40456
P2594,Structure Product,Accessories,Samsung,20641,29735
P2595,Bring Product,Office,Lenovo,38468,48253
P2596,Rate Product,Office,Boat,42215,52230
P2597,Once Product,Accessories,Boat,19050,29376
P2598,Without Product,Appliances,IKEA,33757,35337
P2599,Suffer Product,Office,HP,47847,53633
P2600,Name Product,Office,Lenovo,24823,29574
P2601,Kid Product,Furniture,Boat,34242,46742
P2602,Anyone Product,Electronics,IKEA,7858,12504
P2603,Next Product,Office,HP,37887,51158
P2604,Unit Product,Furniture,IKEA,3692,15003
P2605,Media Product,Appliances,IKEA,36910,46325
P2606,Girl Product,Appliances,Samsung,39359,42405
P2607,Term Product,Accessories,Samsung,44955,54381
P2608,Heavy Product,Appliances,Lenovo,23448,24166
P2609,Lot Product,Office,Samsung,17758,32382
P2610,Decade Product,Electronics,IKEA,28979,42630
P2611,Blood Product,Furniture,Boat,4190,17559
P2612,Fund Product,Furniture,Boat,46084,58886
P2613,Though Product,Electronics,HP,2155,16247
P2614,Peace Product,Electronics,Sony,28210,30417
P2615,Moment Product,Accessories,HP,29733,40730
P2616,It Product,Furniture,Boat,15577,21205
P2617,Drop Product,Accessories,HP,11588,21310
P2618,Report Product,Office,Lenovo,49641,56818
P2619,National Product,Office,Boat,43765,48590
P2620,Prevent Product,Electronics,Boat,49901,51048
P2621,Company Product,Accessories,Boat,6836,13181
P2622,Left Product,Electronics,IKEA,14193,21213
P2623,Learn Product,Office,Lenovo,15311,21401
P2624,Pattern Product,Office,Samsung,30729,32038
P2625,Personal Product,Office,Boat,18779,25820
P2626,Six Product,Accessories,Boat,32069,40822
P2627,City Product,Appliances,HP,37834,50450
P2628,Response Product,Furniture,Dell,34241,45402
P2629,Gas Product,Electronics,HP,39777,52856
P2630,Weight Product,Appliances,Boat,38384,44885
P2631,Family Product,Furniture,Lenovo,27230,29448
P2632,Recognize Product,Electronics,Sony,36927,38461
P2633,Bed Product,Appliances,IKEA,27046,39214
P2634,Peace Product,Appliances,Boat,4038,14625
P2635,Though Product,Appliances,Dell,4303,18237
P2636,Your Product,Electronics,Samsung,38417,44640
P2637,Probably Product,Electronics,Boat,19696,28886
P2638,Player Product,Furniture,Lenovo,14296,24809
P2639,See Product,Electronics,HP,12647,20433
P2640,Various Product,Office,Boat,49405,60286
P2641,Answer Product,Appliances,Samsung,45563,60015
P2642,Describe Product,Appliances,HP,24847,30189
P2643,First Product,Furniture,Lenovo,48118,50797
P2644,Power Product,Electronics,HP,11826,18230
P2645,These Product,Appliances,Dell,48014,49876
P2646,To Product,Appliances,Samsung,5834,9026
P2647,End Product,Office,Lenovo,47420,60338
P2648,Window Product,Electronics,Boat,21867,27929
P2649,Among Product,Accessories,Dell,46295,47795
P2650,Listen Product,Appliances,Lenovo,16168,24297
P2651,Kind Product,Accessories,Sony,2771,11274
P2652,Wear Product,Furniture,Samsung,20256,27928
P2653,Color Product,Furniture,Lenovo,18567,19846
P2654,Office Product,Furniture,Dell,34863,42940
P2655,Stage Product,Electronics,Dell,14440,23086
P2656,Day Product,Office,Lenovo,7012,21320
P2657,Game Product,Electronics,Boat,6031,15170
P2658,Never Product,Furniture,Samsung,46347,50428
P2659,Financial Product,Electronics,Samsung,36900,38460
P2660,Interest Product,Accessories,Boat,24919,30160
P2661,Edge Product,Appliances,Boat,48786,56474
P2662,Small Product,Furniture,Lenovo,35980,48943
P2663,Especially Product,Office,Boat,48572,57198
P2664,Box Product,Office,Lenovo,26267,30329
P2665,Stand Product,Accessories,Samsung,44163,57699
P2666,Possible Product,Furniture,HP,47350,51477
P2667,All Product,Furniture,Boat,31099,40392
P2668,Cost Product,Office,Boat,23870,25459
P2669,Possible Product,Furniture,IKEA,27063,37451
P2670,Front Product,Office,Boat,15269,23511
P2671,Congress Product,Furniture,Dell,47483,49880
P2672,Country Product,Accessories,Dell,22485,35284
P2673,Brother Product,Accessories,HP,11243,19706
P2674,Finish Product,Office,Samsung,7398,16886
P2675,Hope Product,Electronics,Sony,46244,57063
P2676,Short Product,Office,IKEA,10098,13576
P2677,Government Product,Electronics,Samsung,12917,24442
P2678,Station Product,Furniture,Boat,19973,23353
P2679,Minute Product,Accessories,Sony,46772,57762
P2680,Single Product,Office,Dell,36106,42903
P2681,Course Product,Appliances,HP,10413,24066
P2682,They Product,Office,Samsung,9759,21653
P2683,Window Product,Office,Samsung,37755,51599
P2684,Will Product,Office,Samsung,39716,46174
P2685,Write Product,Electronics,Dell,19646,24171
P2686,Prevent Product,Electronics,HP,19488,22674
P2687,Challenge Product,Appliances,Samsung,26463,32090
P2688,Method Product,Electronics,Sony,34382,45978
P2689,Begin Product,Electronics,Sony,10362,21843
P2690,Research Product,Furniture,Lenovo,46800,50974
P2691,According Product,Appliances,HP,19614,33820
P2692,Serve Product,Accessories,HP,5430,19045
P2693,Indeed Product,Office,Samsung,4337,9425
P2694,Them Product,Electronics,Lenovo,6911,17886
P2695,Green Product,Furniture,HP,3656,12549
P2696,Charge Product,Accessories,Samsung,18708,31678
P2697,Leg Product,Accessories,Lenovo,38508,50409
P2698,World Product,Electronics,Dell,21717,31991
P2699,See Product,Appliances,HP,33396,45222
P2700,Entire Product,Electronics,Boat,18687,31041
P2701,Age Product,Office,Lenovo,30036,35476
P2702,Care Product,Electronics,Dell,43175,46837
P2703,Far Product,Accessories,Dell,40816,50767
P2704,Effect Product,Appliances,HP,22808,35186
P2705,Contain Product,Accessories,IKEA,11509,21944
P2706,Country Product,Accessories,IKEA,3909,5480
P2707,Beat Product,Furniture,Lenovo,41071,55299
P2708,Training Product,Office,Boat,35494,42940
P2709,Piece Product,Office,IKEA,3995,15262
P2710,Recently Product,Appliances,Dell,39837,54376
P2711,Oil Product,Accessories,Dell,12980,25577
P2712,Result Product,Electronics,IKEA,3262,4729
P2713,Site Product,Office,Sony,35723,49685
P2714,Cut Product,Appliances,Dell,21935,31139
P2715,Change Product,Office,HP,14626,22528
P2716,Run Product,Electronics,HP,40247,54054
P2717,Issue Product,Accessories,HP,46112,52181
P2718,Fine Product,Electronics,Dell,19398,34147
P2719,Expert Product,Furniture,Samsung,7509,17073
P2720,Reflect Product,Appliances,Boat,16559,19626
P2721,Hope Product,Electronics,IKEA,14163,29041
P2722,Agency Product,Office,Dell,7017,19400
P2723,Rate Product,Accessories,Boat,37792,49553
P2724,Technology Product,Electronics,Lenovo,21824,35066
P2725,Teacher Product,Appliances,Lenovo,32348,43924
P2726,Artist Product,Accessories,Boat,44359,54801
P2727,Near Product,Accessories,Boat,4743,14674
P2728,Only Product,Office,Sony,44881,54217
P2729,Edge Product,Office,HP,1565,15022
P2730,Size Product,Furniture,Sony,22138,25207
P2731,Explain Product,Office,Dell,2159,6976
P2732,Skin Product,Office,Lenovo,36284,50692
P2733,Dark Product,Electronics,HP,42376,55147
P2734,Director Product,Appliances,Dell,48899,58539
P2735,Light Product,Furniture,Dell,26227,27480
P2736,Ok Product,Accessories,Sony,22161,29390
P2737,Approach Product,Accessories,Sony,14567,20680
P2738,Day Product,Electronics,Dell,6972,20318
P2739,Assume Product,Office,Lenovo,46501,50878
P2740,Skin Product,Office,Boat,38360,51414
P2741,Your Product,Appliances,HP,33272,35944
P2742,Security Product,Accessories,Dell,33200,35534
P2743,Very Product,Appliances,Boat,32040,41665
P2744,Relate Product,Office,Lenovo,22015,24149
P2745,Attack Product,Electronics,Sony,22539,35384
P2746,Rise Product,Appliances,Boat,22468,23954
P2747,Check Product,Furniture,Samsung,13463,20768
P2748,Go Product,Accessories,Samsung,46536,51440
P2749,Expert Product,Electronics,Lenovo,27401,37453
P2750,Born Product,Accessories,Lenovo,35286,40070
P2751,Church Product,Accessories,Boat,21490,34570
P2752,Same Product,Accessories,Boat,32175,40176
P2753,Minute Product,Appliances,HP,34223,40699
P2754,Best Product,Accessories,Samsung,26142,37981
P2755,Town Product,Office,Sony,9331,15032
P2756,Light Product,Accessories,Boat,49498,51752
P2757,Yourself Product,Electronics,Sony,46201,58359
P2758,Song Product,Furniture,Dell,5337,10452
P2759,He Product,Office,Sony,46226,56788
P2760,Subject Product,Electronics,Lenovo,5819,18568
P2761,Might Product,Accessories,IKEA,41762,44983
P2762,Its Product,Appliances,Boat,31669,44254
P2763,Attorney Product,Furniture,Sony,35481,36549
P2764,Conference Product,Furniture,Dell,22747,34028
P2765,Board Product,Electronics,IKEA,26693,39919
P2766,Off Product,Office,Boat,23713,25039
P2767,Tree Product,Appliances,IKEA,34343,43182
P2768,Career Product,Appliances,Dell,24367,38038
P2769,Next Product,Furniture,Sony,43609,52084
P2770,Way Product,Furniture,Lenovo,11616,19292
P2771,Any Product,Appliances,Boat,14234,15844
P2772,Project Product,Electronics,Samsung,7951,15922
P2773,Soldier Product,Accessories,Boat,49559,63988
P2774,Month Product,Accessories,Sony,41777,54792
P2775,Require Product,Furniture,IKEA,14122,22516
P2776,Hold Product,Furniture,Dell,36328,46306
P2777,Action Product,Office,Sony,12060,18778
P2778,Right Product,Appliances,HP,9885,18141
P2779,For Product,Appliances,Boat,9593,20620
P2780,Leave Product,Appliances,IKEA,13427,18855
P2781,Than Product,Electronics,Dell,6018,18784
P2782,Event Product,Furniture,Lenovo,37079,40775
P2783,Western Product,Accessories,Sony,45412,59874
P2784,Page Product,Accessories,Lenovo,5140,16193
P2785,Right Product,Office,Dell,4689,5288
P2786,Benefit Product,Electronics,Samsung,28575,43364
P2787,Charge Product,Furniture,Dell,24089,26755
P2788,Represent Product,Furniture,Samsung,1483,16384
P2789,Lose Product,Electronics,Dell,4619,12185
P2790,Over Product,Office,Samsung,36058,38754
P2791,Push Product,Accessories,IKEA,21924,25079
P2792,Rather Product,Office,Samsung,44503,48760
P2793,Reflect Product,Electronics,Sony,38054,43892
P2794,Food Product,Appliances,Sony,22300,37220
P2795,Even Product,Accessories,Samsung,13826,20241
P2796,Indicate Product,Furniture,Dell,20697,26188
P2797,Data Product,Furniture,Sony,38987,47526
P2798,Newspaper Product,Accessories,HP,33197,41508
P2799,Feeling Product,Accessories,Sony,26243,33293
P2800,Full Product,Furniture,HP,8992,12157
P2801,Commercial Product,Office,Lenovo,29747,35507
P2802,Yet Product,Furniture,IKEA,30448,36028
P2803,Pull Product,Appliances,Lenovo,29734,35612
P2804,Seven Product,Furniture,Sony,42936,56479
P2805,Foreign Product,Office,Boat,11745,12670
P2806,Prepare Product,Office,Boat,4568,7535
P2807,Receive Product,Office,HP,34685,39104
P2808,When Product,Electronics,IKEA,42176,54128
P2809,That Product,Electronics,Dell,31012,36884
P2810,Behavior Product,Appliances,Samsung,46745,47916
P2811,Capital Product,Office,HP,48913,52579
P2812,Four Product,Appliances,Boat,43152,57119
P2813,Big Product,Furniture,HP,48329,62819
P2814,Notice Product,Electronics,IKEA,20202,23623
P2815,His Product,Office,HP,27930,37506
P2816,Clear Product,Office,IKEA,896,1687
P2817,Turn Product,Office,Sony,33033,41606
P2818,Assume Product,Furniture,Samsung,1792,11677
P2819,Future Product,Office,Sony,21153,24103
P2820,Election Product,Accessories,Dell,47542,61184
P2821,Price Product,Electronics,Dell,25278,28680
P2822,Season Product,Accessories,Dell,45637,53647
P2823,West Product,Appliances,Samsung,37059,38600
P2824,Loss Product,Electronics,Lenovo,32121,37670
P2825,Painting Product,Appliances,IKEA,16231,21552
P2826,Ground Product,Accessories,Samsung,3111,13093
P2827,Outside Product,Appliances,Samsung,21085,31049
P2828,Serve Product,Furniture,Lenovo,18296,23044
P2829,Involve Product,Electronics,Samsung,18631,23612
P2830,Opportunity Product,Appliances,Samsung,49846,50528
P2831,Guess Product,Furniture,Dell,20925,34083
P2832,Movie Product,Office,Boat,7998,17809
P2833,Learn Product,Appliances,HP,42418,57363
P2834,Point Product,Accessories,Samsung,10098,13861
P2835,Wind Product,Furniture,Samsung,48900,62478
P2836,You Product,Electronics,HP,48097,61521
P2837,Crime Product,Appliances,Sony,45763,54923
P2838,Show Product,Office,HP,5168,6457
P2839,Result Product,Appliances,HP,12054,13025
P2840,Company Product,Furniture,Dell,36613,46221
P2841,Talk Product,Electronics,IKEA,38501,41473
P2842,Anything Product,Electronics,Lenovo,2228,5964
P2843,Everyone Product,Appliances,HP,47917,60047
P2844,Real Product,Electronics,HP,20614,30896
P2845,Able Product,Office,IKEA,37692,51108
P2846,Director Product,Electronics,HP,4238,7873
P2847,Beautiful Product,Appliances,Sony,49663,61031
P2848,Miss Product,Electronics,Dell,23284,35949
P2849,Population Product,Office,Boat,37919,46056
P2850,Population Product,Electronics,Samsung,8280,12409
P2851,I Product,Office,IKEA,24447,34728
P2852,I Product,Appliances,Dell,47247,58873
P2853,Couple Product,Furniture,IKEA,13309,24236
P2854,Strategy Product,Office,IKEA,12490,27248
P2855,Increase Product,Appliances,Boat,15233,26667
P2856,Work Product,Electronics,Sony,16531,22160
P2857,Five Product,Electronics,Dell,11040,20354
P2858,Same Product,Electronics,Dell,15763,22187
P2859,Bill Product,Accessories,HP,35969,40326
P2860,Game Product,Office,IKEA,42054,49016
P2861,School Product,Office,Dell,22822,32435
P2862,Central Product,Appliances,Lenovo,3950,13729
P2863,Agree Product,Electronics,HP,12477,19112
P2864,Either Product,Furniture,Sony,45272,57861
P2865,Forget Product,Appliances,Dell,42267,47114
P2866,Or Product,Accessories,Lenovo,31318,34023
P2867,Paper Product,Appliances,Samsung,43280,54384
P2868,Cost Product,Accessories,Lenovo,48928,60678
P2869,College Product,Appliances,Dell,46856,59770
P2870,Scientist Product,Furniture,Lenovo,33621,48446
P2871,Score Product,Appliances,IKEA,33335,41728
P2872,Address Product,Appliances,Lenovo,29871,34675
P2873,Not Product,Electronics,Boat,36590,43089
P2874,Protect Product,Furniture,IKEA,39375,53572
P2875,Nearly Product,Electronics,Samsung,3793,13319
P2876,Successful Product,Accessories,Sony,34899,39608
P2877,Language Product,Accessories,HP,30592,34151
P2878,Next Product,Furniture,Lenovo,7028,21630
P2879,See Product,Office,Dell,10684,17471
P2880,Build Product,Accessories,Sony,13723,19610
P2881,Challenge Product,Furniture,Sony,37170,48913
P2882,Painting Product,Office,Sony,5409,12793
P2883,Budget Product,Office,Dell,19592,30941
P2884,Audience Product,Appliances,Samsung,46599,56285
P2885,Perform Product,Appliances,IKEA,11024,21439
P2886,Less Product,Appliances,IKEA,25159,25876
P2887,Enough Product,Office,Samsung,44083,45376
P2888,Room Product,Electronics,Samsung,40293,51631
P2889,Spend Product,Accessories,Boat,26833,38990
P2890,International Product,Electronics,IKEA,47305,54786
P2891,Once Product,Furniture,Dell,14489,19513
P2892,Reveal Product,Furniture,Samsung,19868,30088
P2893,Thought Product,Accessories,Dell,7604,19507
P2894,Idea Product,Furniture,Lenovo,12879,20419
P2895,Subject Product,Office,Boat,5836,11749
P2896,Hear Product,Electronics,Samsung,1429,6155
P2897,Affect Product,Accessories,Dell,11123,16130
P2898,Study Product,Furniture,HP,45886,56400
P2899,Control Product,Furniture,Lenovo,6322,9401
P2900,Everything Product,Accessories,HP,19988,34673
P2901,Determine Product,Electronics,Dell,26588,34163
P2902,Any Product,Furniture,HP,44141,48584
P2903,My Product,Furniture,Dell,40104,44358
P2904,Avoid Product,Electronics,IKEA,8404,14008
P2905,Quickly Product,Office,Dell,35296,43837
P2906,Rock Product,Appliances,Lenovo,17213,30727
P2907,Last Product,Appliances,Sony,39040,45888
P2908,Produce Product,Accessories,Boat,38087,40537
P2909,Research Product,Office,Dell,37036,48615
P2910,Perhaps Product,Appliances,Sony,45440,52135
P2911,Outside Product,Furniture,IKEA,11233,16057
P2912,Article Product,Furniture,IKEA,26551,39131
P2913,Whatever Product,Appliances,Samsung,43329,48761
P2914,Fear Product,Office,Samsung,24956,39183
P2915,Brother Product,Appliances,Boat,19099,30777
P2916,Democratic Product,Accessories,Sony,39094,43466
P2917,Sit Product,Office,HP,4646,14102
P2918,Avoid Product,Appliances,Sony,10062,19595
P2919,Perform Product,Accessories,Samsung,39368,42354
P2920,Plan Product,Furniture,Dell,22872,26272
P2921,State Product,Accessories,HP,22491,28672
P2922,Fish Product,Furniture,IKEA,32631,35663
P2923,Young Product,Accessories,HP,48400,49744
P2924,Tonight Product,Furniture,Boat,36564,38741
P2925,At Product,Furniture,Sony,22257,28543
P2926,Less Product,Appliances,Sony,28286,35945
P2927,Maybe Product,Appliances,Dell,8960,20444
P2928,Center Product,Furniture,HP,46328,61092
P2929,Can Product,Electronics,HP,42927,48552
P2930,School Product,Appliances,Samsung,25778,30059
P2931,Campaign Product,Furniture,Lenovo,32336,41076
P2932,Kind Product,Accessories,HP,47716,57444
P2933,Quite Product,Appliances,Boat,20746,24044
P2934,Pressure Product,Accessories,Lenovo,21226,33611
P2935,Young Product,Office,Sony,41010,41799
P2936,Important Product,Appliances,Boat,47300,61376
P2937,Purpose Product,Furniture,Lenovo,34792,35460
P2938,Return Product,Furniture,IKEA,1304,12470
P2939,Exist Product,Office,Dell,28591,40776
P2940,Family Product,Accessories,Boat,25513,32830
P2941,Baby Product,Appliances,Dell,34580,44513
P2942,Into Product,Furniture,Boat,18828,31691
P2943,Thank Product,Furniture,IKEA,30726,43780
P2944,Conference Product,Furniture,IKEA,12343,19666
P2945,Win Product,Electronics,Samsung,48517,56645
P2946,Bad Product,Accessories,Dell,6348,12941
P2947,Throughout Product,Office,IKEA,34011,43037
P2948,Purpose Product,Accessories,IKEA,31196,43567
P2949,Like Product,Electronics,IKEA,1743,8135
P2950,Open Product,Appliances,Boat,31570,43548
P2951,Lead Product,Appliances,Dell,14451,16064
P2952,Check Product,Accessories,Samsung,10877,24603
P2953,Also Product,Appliances,Boat,49679,54302
P2954,Toward Product,Electronics,IKEA,26115,36490
P2955,Mrs Product,Electronics,Boat,7485,8947
P2956,Region Product,Appliances,Boat,24290,27246
P2957,Hear Product,Furniture,Lenovo,25711,37020
P2958,Politics Product,Accessories,Dell,7665,17078
P2959,Small Product,Accessories,Samsung,26629,34388
P2960,Political Product,Furniture,IKEA,42151,56035
P2961,Election Product,Appliances,Lenovo,25890,35247
P2962,Run Product,Office,Lenovo,30375,43188
P2963,Enjoy Product,Electronics,IKEA,12115,15691
P2964,Especially Product,Electronics,IKEA,29692,31087
P2965,Professional Product,Accessories,Samsung,6866,9408
P2966,Offer Product,Electronics,IKEA,22119,27189
P2967,Our Product,Accessories,Boat,25329,37330
P2968,Suddenly Product,Office,HP,21714,28857
P2969,Ready Product,Electronics,IKEA,20429,27508
P2970,Condition Product,Appliances,Sony,2362,4380
P2971,Successful Product,Office,Boat,9789,21173
P2972,Go Product,Furniture,Samsung,12635,16645
P2973,Administration Product,Electronics,Boat,21870,31221
P2974,Many Product,Electronics,Samsung,13345,23298
P2975,Loss Product,Electronics,Boat,40990,52288
P2976,System Product,Office,Sony,44651,54381
P2977,Recognize Product,Furniture,IKEA,33151,44818
P2978,Individual Product,Appliances,Sony,3883,16216
P2979,Four Product,Electronics,Dell,46934,60868
P2980,Talk Product,Office,Lenovo,23972,37175
P2981,Person Product,Furniture,Dell,9485,18821
P2982,Improve Product,Appliances,IKEA,12052,22179
P2983,Strong Product,Office,Dell,10472,24416
P2984,Their Product,Appliances,Lenovo,44034,50717
P2985,Kitchen Product,Electronics,Dell,1977,11145
P2986,Sell Product,Appliances,Samsung,11421,23488
P2987,Oil Product,Furniture,Lenovo,24896,26108
P2988,Every Product,Electronics,Boat,31196,41576
P2989,List Product,Electronics,IKEA,7200,7723
P2990,Third Product,Electronics,Lenovo,48730,51971
P2991,Usually Product,Appliances,Samsung,24283,37766
P2992,History Product,Appliances,IKEA,47955,60923
P2993,As Product,Furniture,HP,20767,30672
P2994,Image Product,Appliances,Boat,41259,55861
P2995,Stage Product,Office,Lenovo,17825,29958
P2996,Green Product,Appliances,Boat,6711,19651
P2997,Ten Product,Electronics,IKEA,12793,26533
P2998,List Product,Appliances,Dell,3564,6569
P2999,Say Product,Electronics,Samsung,25163,29609
P3000,Answer Product,Accessories,Dell,39115,46062
P3001,Wrong Product,Appliances,Boat,26636,38030
P3002,His Product,Appliances,Dell,47164,59960
P3003,Sound Product,Accessories,Lenovo,39445,43228
P3004,Late Product,Accessories,HP,19146,29574
P3005,Government Product,Accessories,Lenovo,45206,46450
P3006,Thank Product,Furniture,IKEA,30131,32782
P3007,Guy Product,Office,Boat,13641,19923
P3008,Property Product,Electronics,IKEA,2121,11178
P3009,Everyone Product,Furniture,IKEA,38587,49350
P3010,Amount Product,Appliances,HP,33648,38245
P3011,Include Product,Furniture,IKEA,32638,45063
P3012,Just Product,Office,Dell,27780,30499
P3013,Thousand Product,Electronics,Lenovo,24151,33224
P3014,Responsibility Product,Accessories,HP,13531,27857
P3015,For Product,Office,Samsung,25242,33139
P3016,Cost Product,Accessories,Dell,32102,45802
P3017,Strong Product,Furniture,Boat,34697,48220
P3018,Ground Product,Electronics,Boat,2451,4946
P3019,These Product,Electronics,HP,27940,32060
P3020,Age Product,Office,IKEA,15254,26893
P3021,Product Product,Office,Sony,25728,30353
P3022,Catch Product,Electronics,Sony,41473,46342
P3023,Individual Product,Appliances,IKEA,28006,28645
P3024,Sure Product,Accessories,Lenovo,42494,48489
P3025,Agree Product,Appliances,IKEA,28486,43370
P3026,Operation Product,Electronics,Dell,6709,12450
P3027,Book Product,Office,HP,15185,27030
P3028,Respond Product,Accessories,Dell,25126,28604
P3029,Now Product,Furniture,Samsung,6961,19718
P3030,Real Product,Furniture,IKEA,31952,35329
P3031,Education Product,Electronics,Lenovo,38067,47283
P3032,Full Product,Accessories,HP,24147,25769
P3033,Family Product,Appliances,IKEA,4217,13235
P3034,Class Product,Accessories,IKEA,14166,27855
P3035,Study Product,Accessories,Dell,14584,21087
P3036,Tv Product,Office,IKEA,6178,14181
P3037,Popular Product,Appliances,IKEA,12150,15261
P3038,Exist Product,Appliances,Samsung,12237,16787
P3039,Left Product,Furniture,Boat,10037,22232
P3040,Drop Product,Appliances,Boat,8286,10560
P3041,Act Product,Electronics,IKEA,25178,28411
P3042,Look Product,Accessories,IKEA,38900,51128
P3043,Everybody Product,Electronics,Samsung,35497,45685
P3044,Take Product,Office,Samsung,27199,36373
P3045,Visit Product,Accessories,IKEA,645,10351
P3046,Quite Product,Furniture,Boat,28826,38450
P3047,Identify Product,Appliances,Sony,36470,47700
P3048,Class Product,Electronics,Dell,25261,26912
P3049,Common Product,Accessories,Dell,7393,12389
P3050,Visit Product,Furniture,HP,8263,18936
P3051,Message Product,Electronics,Lenovo,4935,8069
P3052,Tv Product,Office,Dell,40314,54050
P3053,South Product,Accessories,Lenovo,38165,40579
P3054,Offer Product,Office,Lenovo,41711,49069
P3055,Rock Product,Office,Samsung,42206,45780
P3056,Black Product,Appliances,Boat,44533,54674
P3057,Rock Product,Furniture,HP,10929,13933
P3058,Take Product,Furniture,Samsung,9110,20366
P3059,Individual Product,Office,IKEA,41296,53903
P3060,Box Product,Office,Sony,23533,30387
P3061,Available Product,Electronics,Boat,7535,8666
P3062,Forward Product,Electronics,IKEA,43346,52772
P3063,Seat Product,Accessories,Lenovo,6616,18878
P3064,Allow Product,Appliances,Dell,38199,42346
P3065,Most Product,Office,Boat,30112,37271
P3066,Medical Product,Electronics,IKEA,36295,50775
P3067,Home Product,Appliances,Dell,22527,35765
P3068,Better Product,Electronics,Samsung,19097,25189
P3069,President Product,Office,HP,33745,42370
P3070,Cost Product,Office,Lenovo,31376,46024
P3071,Drive Product,Appliances,HP,11563,15395
P3072,Home Product,Furniture,Dell,29785,33975
P3073,Officer Product,Appliances,Dell,44424,55080
P3074,Nice Product,Appliances,Boat,25867,35865
P3075,Loss Product,Appliances,Dell,18594,19720
P3076,Board Product,Office,Lenovo,4177,7317
P3077,Trial Product,Furniture,Lenovo,29982,30557
P3078,Can Product,Appliances,Sony,48677,57771
P3079,Expert Product,Appliances,Dell,13579,25017
P3080,Speech Product,Electronics,Samsung,20810,35609
P3081,Candidate Product,Accessories,Samsung,40346,44448
P3082,Attorney Product,Accessories,Dell,39037,44891
P3083,Career Product,Office,Dell,18778,27264
P3084,Notice Product,Furniture,Dell,18432,19759
P3085,Its Product,Electronics,Sony,11124,19560
P3086,Coach Product,Electronics,IKEA,46624,49839
P3087,Participant Product,Office,Samsung,31798,44785
P3088,Without Product,Electronics,Samsung,12922,19548
P3089,General Product,Office,Sony,44806,46260
P3090,Top Product,Office,Boat,12566,21937
P3091,Special Product,Furniture,Samsung,45405,51165
P3092,Worker Product,Appliances,Sony,40406,45918
P3093,Year Product,Appliances,HP,31573,32261
P3094,Five Product,Furniture,Sony,14029,20891
P3095,Price Product,Appliances,HP,42673,45990
P3096,Score Product,Appliances,Dell,41106,52271
P3097,Mean Product,Accessories,IKEA,8305,13350
P3098,Employee Product,Furniture,Boat,38737,53609
P3099,Mr Product,Electronics,HP,43626,54524
P3100,Popular Product,Furniture,Sony,35304,45161
P3101,Or Product,Office,Sony,6621,13298
P3102,Newspaper Product,Electronics,Boat,12096,17819
P3103,Piece Product,Appliances,Boat,6634,12799
P3104,Support Product,Furniture,Dell,25911,40135
P3105,Great Product,Electronics,Boat,35605,39120
P3106,Seem Product,Accessories,Sony,1814,4289
P3107,Although Product,Office,Samsung,43320,48578
P3108,Indicate Product,Accessories,IKEA,9917,15084
P3109,Of Product,Electronics,Samsung,23446,36108
P3110,Billion Product,Office,Samsung,9706,16729
P3111,Fear Product,Office,Samsung,32303,43447
P3112,Throughout Product,Furniture,Boat,3104,7224
P3113,Arm Product,Furniture,IKEA,11726,23392
P3114,Finally Product,Electronics,Sony,46610,54292
P3115,Make Product,Electronics,Lenovo,45896,52229
P3116,Stuff Product,Accessories,IKEA,12713,20376
P3117,Piece Product,Office,HP,17858,22124
P3118,Short Product,Office,Sony,2077,11166
P3119,Few Product,Office,Boat,8874,17106
P3120,Response Product,Electronics,IKEA,29640,35272
P3121,Must Product,Furniture,Samsung,14272,26725
P3122,Federal Product,Accessories,Sony,31098,40709
P3123,Today Product,Appliances,Dell,15026,23981
P3124,Teach Product,Electronics,Boat,37201,48868
P3125,College Product,Accessories,Boat,35696,38140
P3126,Population Product,Accessories,Lenovo,37933,49242
P3127,Friend Product,Electronics,Boat,36744,42697
P3128,Become Product,Furniture,Sony,14309,28543
P3129,Home Product,Furniture,Samsung,23417,37998
P3130,Test Product,Accessories,HP,21244,24108
P3131,Ten Product,Accessories,HP,20613,22065
P3132,Lay Product,Furniture,IKEA,7847,12597
P3133,Improve Product,Office,HP,28526,30401
P3134,Though Product,Office,Lenovo,47980,54285
P3135,Thousand Product,Office,Samsung,34924,38506
P3136,Time Product,Electronics,Sony,46324,53084
P3137,College Product,Furniture,Lenovo,18740,23545
P3138,Pick Product,Accessories,Samsung,15507,18119
P3139,Fall Product,Appliances,HP,35731,43759
P3140,Rise Product,Accessories,HP,41629,44877
P3141,Dinner Product,Electronics,HP,7564,8778
P3142,Fish Product,Electronics,Dell,12672,20307
P3143,Approach Product,Office,Samsung,36377,39133
P3144,Example Product,Furniture,Lenovo,18111,30778
P3145,Long Product,Furniture,Lenovo,25128,27977
P3146,Describe Product,Office,Samsung,41822,51315
P3147,Attack Product,Electronics,Sony,41181,47716
P3148,Whatever Product,Appliances,Dell,15486,27079
P3149,Face Product,Office,Samsung,680,6902
P3150,Decade Product,Office,Boat,38943,49534
P3151,Save Product,Accessories,Lenovo,5120,6360
P3152,Measure Product,Accessories,HP,35942,47707
P3153,Trial Product,Office,Boat,3127,5202
P3154,Child Product,Appliances,IKEA,15856,19935
P3155,Tonight Product,Office,HP,26785,38558
P3156,Very Product,Office,HP,11203,23358
P3157,Somebody Product,Furniture,Boat,47400,48750
P3158,Second Product,Furniture,Lenovo,1456,13626
P3159,Radio Product,Accessories,Boat,48485,61450
P3160,Answer Product,Furniture,Boat,31393,32356
P3161,Daughter Product,Office,Boat,9818,12817
P3162,Word Product,Electronics,Lenovo,3488,14192
P3163,High Product,Furniture,Boat,20514,27614
P3164,Play Product,Appliances,HP,3144,10875
P3165,These Product,Accessories,Sony,34942,36197
P3166,Role Product,Office,Sony,34175,43007
P3167,Watch Product,Accessories,Samsung,9059,16469
P3168,Color Product,Furniture,IKEA,10580,12037
P3169,All Product,Accessories,Samsung,19223,21099
P3170,Right Product,Electronics,HP,47013,52198
P3171,Mind Product,Appliances,Lenovo,33821,34754
P3172,Effect Product,Electronics,Lenovo,3195,9872
P3173,Reach Product,Accessories,IKEA,19391,21567
P3174,Say Product,Office,HP,1883,3982
P3175,Care Product,Accessories,IKEA,27818,42181
P3176,Trade Product,Furniture,Sony,7717,11474
P3177,Whose Product,Furniture,Samsung,38634,43113
P3178,Natural Product,Accessories,Dell,2507,3088
P3179,Trade Product,Office,Sony,25276,31927
P3180,Action Product,Furniture,IKEA,39358,50825
P3181,However Product,Electronics,Sony,44880,56944
P3182,Building Product,Electronics,Dell,4753,13353
P3183,Matter Product,Furniture,HP,43269,52312
P3184,Beat Product,Accessories,Boat,27521,39161
P3185,Election Product,Appliances,Lenovo,8304,16974
P3186,Pull Product,Accessories,Dell,33011,47843
P3187,Hand Product,Office,Samsung,35942,49392
P3188,Game Product,Accessories,Boat,42400,53320
P3189,Court Product,Electronics,Dell,31803,41457
P3190,Structure Product,Electronics,Samsung,39657,43713
P3191,Several Product,Electronics,IKEA,46859,56282
P3192,Key Product,Appliances,HP,12170,23308
P3193,Break Product,Electronics,Sony,15533,21152
P3194,Girl Product,Accessories,Sony,42184,47080
P3195,Quickly Product,Accessories,Lenovo,10199,17988
P3196,Build Product,Appliances,Sony,32511,38219
P3197,No Product,Furniture,Lenovo,2862,13359
P3198,Threat Product,Appliances,Dell,20971,28320
P3199,Job Product,Electronics,Lenovo,29743,43755
P3200,Some Product,Accessories,Samsung,32488,36468
P3201,Near Product,Office,Boat,37102,38324
P3202,Everyone Product,Electronics,Dell,20146,20905
P3203,Red Product,Accessories,IKEA,39956,52502
P3204,Fill Product,Appliances,Boat,9511,22214
P3205,Offer Product,Office,Lenovo,7529,19926
P3206,Statement Product,Electronics,Lenovo,12039,23904
P3207,Get Product,Office,Samsung,18598,23046
P3208,Lead Product,Electronics,Lenovo,49566,50534
P3209,During Product,Furniture,IKEA,8588,14148
P3210,House Product,Accessories,HP,15262,15966
P3211,Difficult Product,Appliances,Lenovo,12950,26861
P3212,Shake Product,Electronics,Boat,30498,37534
P3213,It Product,Electronics,Boat,2153,10066
P3214,Summer Product,Electronics,IKEA,18193,19552
P3215,Mind Product,Appliances,Samsung,2819,4985
P3216,Success Product,Electronics,IKEA,21972,29473
P3217,Move Product,Accessories,Boat,35190,40317
P3218,Live Product,Electronics,Sony,49967,57966
P3219,Teach Product,Office,Samsung,24986,26212
P3220,Option Product,Furniture,HP,44549,59313
P3221,Main Product,Office,Sony,4147,7340
P3222,Key Product,Appliances,HP,43860,44660
P3223,Especially Product,Accessories,Dell,20536,30434
P3224,Half Product,Appliances,HP,9978,22042
P3225,Us Product,Office,Lenovo,45515,47569
P3226,Share Product,Appliances,Dell,36666,48200
P3227,Deep Product,Furniture,Dell,6431,12537
P3228,Establish Product,Office,Dell,41170,43536
P3229,Give Product,Appliances,Dell,42587,45560
P3230,Candidate Product,Appliances,Boat,45357,58116
P3231,Of Product,Accessories,Dell,32531,39565
P3232,Early Product,Electronics,Dell,47286,51205
P3233,Several Product,Appliances,Lenovo,24481,35158
P3234,Same Product,Electronics,Dell,46982,50791
P3235,Them Product,Appliances,IKEA,21956,24042
P3236,Answer Product,Appliances,Boat,30290,42446
P3237,Drive Product,Accessories,Boat,9831,11942
P3238,Today Product,Office,Lenovo,21473,29842
P3239,Choose Product,Furniture,Boat,17770,22610
P3240,Local Product,Furniture,HP,41101,47447
P3241,Offer Product,Electronics,IKEA,19033,30796
P3242,Official Product,Accessories,HP,23768,36837
P3243,They Product,Office,HP,28574,29655
P3244,Yeah Product,Appliances,IKEA,40045,42444
P3245,Girl Product,Accessories,Samsung,31391,43544
P3246,Could Product,Appliances,Samsung,45183,52668
P3247,Law Product,Furniture,HP,46306,57335
P3248,Car Product,Office,Sony,10148,13249
P3249,Your Product,Office,Lenovo,40793,50926
P3250,Moment Product,Office,Boat,17254,30242
P3251,From Product,Office,Samsung,30141,30801
P3252,Energy Product,Office,Sony,27600,42420
P3253,Yet Product,Electronics,Boat,6699,18269
P3254,Itself Product,Furniture,HP,30048,44034
P3255,Particularly Product,Accessories,Sony,37616,47290
P3256,Ahead Product,Office,IKEA,33271,39822
P3257,Someone Product,Appliances,Lenovo,34358,40816
P3258,Son Product,Accessories,IKEA,36294,50323
P3259,Our Product,Electronics,Sony,1021,3287
P3260,Great Product,Office,Sony,30751,39897
P3261,Against Product,Furniture,HP,41465,55196
P3262,Hard Product,Furniture,Lenovo,11227,12099
P3263,Animal Product,Accessories,Boat,29034,41615
P3264,Involve Product,Furniture,Dell,13061,21733
P3265,Ground Product,Office,Lenovo,725,8692
P3266,Heart Product,Electronics,Dell,861,7553
P3267,Discuss Product,Appliances,Boat,27036,30371
P3268,Travel Product,Appliances,Boat,24930,36211
P3269,Evidence Product,Electronics,Dell,32973,45502
P3270,Foot Product,Electronics,Samsung,26168,40370
P3271,Court Product,Electronics,Samsung,20779,31840
P3272,Mrs Product,Appliances,HP,34652,48510
P3273,Wear Product,Accessories,Lenovo,36734,43421
P3274,Identify Product,Electronics,Dell,7327,14540
P3275,Social Product,Appliances,Samsung,14573,24283
P3276,Different Product,Accessories,Sony,24801,26329
P3277,Can Product,Furniture,HP,13839,19808
P3278,Treat Product,Electronics,IKEA,30363,34033
P3279,Foot Product,Furniture,Dell,4988,15715
P3280,Four Product,Office,IKEA,40643,48669
P3281,Model Product,Accessories,IKEA,10081,22143
P3282,Require Product,Accessories,Boat,45953,53832
P3283,Himself Product,Appliances,Dell,49899,59805
P3284,Down Product,Furniture,HP,32671,45990
P3285,Congress Product,Furniture,Lenovo,12854,17294
P3286,Hundred Product,Furniture,IKEA,2010,8639
P3287,Street Product,Accessories,Lenovo,21127,33377
P3288,Company Product,Appliances,IKEA,6228,8665
P3289,Century Product,Accessories,Samsung,18240,27370
P3290,Least Product,Electronics,IKEA,25050,33436
P3291,Point Product,Accessories,Dell,11390,13591
P3292,Director Product,Furniture,Sony,9553,12480
P3293,My Product,Electronics,Sony,49432,49980
P3294,Near Product,Office,Samsung,45788,56069
P3295,Name Product,Furniture,IKEA,49960,57936
P3296,Goal Product,Appliances,IKEA,15920,25994
P3297,Else Product,Electronics,Samsung,39697,48915
P3298,Discuss Product,Furniture,HP,23256,37674
P3299,Huge Product,Accessories,IKEA,24129,28234
P3300,Light Product,Electronics,HP,29363,37209
P3301,Learn Product,Appliances,Boat,24579,36163
P3302,Federal Product,Appliances,Boat,29011,30997
P3303,Stay Product,Electronics,Boat,23823,34492
P3304,Natural Product,Furniture,Lenovo,30482,33808
P3305,Race Product,Office,Sony,5100,16327
P3306,Such Product,Furniture,Dell,15547,30133
P3307,Most Product,Appliances,Sony,21064,27105
P3308,Building Product,Furniture,Dell,48831,58323
P3309,Several Product,Electronics,HP,4870,6383
P3310,Boy Product,Electronics,IKEA,49642,51173
P3311,Whose Product,Furniture,Lenovo,34987,40421
P3312,Project Product,Electronics,HP,25854,30415
P3313,Record Product,Appliances,Dell,1850,2933
P3314,Card Product,Electronics,HP,18420,25873
P3315,Know Product,Furniture,Samsung,5008,17255
P3316,Third Product,Accessories,IKEA,21043,34494
P3317,As Product,Office,Sony,15841,22392
P3318,Gas Product,Appliances,Lenovo,32751,41120
P3319,Tell Product,Furniture,Samsung,33807,39523
P3320,Cup Product,Appliances,Lenovo,33265,37522
P3321,It Product,Furniture,Dell,5288,19722
P3322,Yeah Product,Furniture,Samsung,7344,8019
P3323,Rich Product,Accessories,Boat,6287,16440
P3324,Writer Product,Office,Boat,15198,15733
P3325,World Product,Appliances,IKEA,28017,36714
P3326,With Product,Furniture,Samsung,33622,46148
P3327,Provide Product,Office,Lenovo,37099,51270
P3328,Visit Product,Electronics,IKEA,41226,55346
P3329,Person Product,Furniture,IKEA,27344,33784
P3330,Wall Product,Accessories,Dell,13507,21131
P3331,Finally Product,Furniture,Samsung,28591,29660
P3332,Half Product,Accessories,Samsung,36514,49318
P3333,Fill Product,Furniture,Sony,34127,42234
P3334,Put Product,Office,IKEA,13690,22952
P3335,Ground Product,Accessories,Sony,10713,24776
P3336,Drug Product,Furniture,Sony,40020,46574
P3337,Order Product,Furniture,IKEA,33046,39846
P3338,Least Product,Furniture,Sony,898,9832
P3339,Before Product,Electronics,Lenovo,49443,62656
P3340,White Product,Accessories,Boat,6616,7900
P3341,Use Product,Furniture,Dell,17906,28269
P3342,Investment Product,Office,IKEA,44353,54425
P3343,Wide Product,Appliances,HP,37828,38710
P3344,Bar Product,Electronics,Dell,41727,48853
P3345,Result Product,Appliances,HP,30032,37094
P3346,Drug Product,Electronics,HP,31555,37153
P3347,Would Product,Appliances,Lenovo,21774,35698
P3348,Woman Product,Appliances,Dell,18640,21887
P3349,Add Product,Furniture,Boat,13213,23235
P3350,International Product,Office,Boat,19982,32926
P3351,Us Product,Electronics,Boat,35352,40100
P3352,Race Product,Accessories,HP,46547,54817
P3353,Wear Product,Accessories,Lenovo,31844,44754
P3354,Determine Product,Electronics,Dell,44001,49050
P3355,Maintain Product,Accessories,Dell,23302,27026
P3356,Yard Product,Appliances,IKEA,16571,29864
P3357,Gun Product,Furniture,Lenovo,37935,51118
P3358,Single Product,Office,Sony,37431,42831
P3359,We Product,Office,Boat,17588,31041
P3360,Finally Product,Appliances,Boat,4367,13374
P3361,Late Product,Electronics,Sony,48194,53182
P3362,Station Product,Electronics,HP,16963,20383
P3363,Enjoy Product,Furniture,Lenovo,31425,40975
P3364,Assume Product,Accessories,HP,45204,47205
P3365,Administration Product,Office,Lenovo,40042,40580
P3366,Across Product,Electronics,Samsung,32341,43712
P3367,Mention Product,Office,Boat,11788,19253
P3368,Some Product,Furniture,Lenovo,22150,27978
P3369,Water Product,Furniture,HP,36299,48955
P3370,Share Product,Furniture,Lenovo,28911,34409
P3371,Story Product,Accessories,Sony,43503,49693
P3372,Hot Product,Furniture,Dell,34387,42250
P3373,I Product,Furniture,Samsung,4408,11474
P3374,Politics Product,Appliances,HP,17510,26710
P3375,Court Product,Appliances,Lenovo,47556,60003
P3376,Easy Product,Office,Sony,24447,37342
P3377,American Product,Furniture,Sony,20175,24677
P3378,Soldier Product,Accessories,Lenovo,26955,27853
P3379,Future Product,Accessories,Sony,45560,51374
P3380,Season Product,Electronics,Dell,9695,11668
P3381,Discuss Product,Electronics,Lenovo,22325,27502
P3382,Perform Product,Accessories,Dell,44674,52587
P3383,Lawyer Product,Accessories,Dell,20688,35034
P3384,Commercial Product,Electronics,IKEA,48343,59042
P3385,One Product,Appliances,Dell,4713,6850
P3386,Positive Product,Accessories,Boat,31813,42685
P3387,Hair Product,Office,HP,33540,35302
P3388,Most Product,Electronics,IKEA,49953,61054
P3389,Officer Product,Furniture,Lenovo,41732,54856
P3390,Allow Product,Appliances,Boat,27329,33039
P3391,Some Product,Accessories,Dell,8923,22877
P3392,Ask Product,Office,Lenovo,28249,38720
P3393,Worker Product,Accessories,Lenovo,39528,41315
P3394,Number Product,Accessories,Samsung,41053,52422
P3395,Investment Product,Accessories,HP,14264,29008
P3396,Individual Product,Accessories,Sony,42386,51814
P3397,Already Product,Furniture,Lenovo,41950,55224
P3398,Trial Product,Electronics,HP,3181,5901
P3399,Condition Product,Electronics,Sony,748,4433
P3400,Determine Product,Accessories,IKEA,46875,60819
P3401,Save Product,Electronics,HP,36038,37853
P3402,Guy Product,Office,Dell,6716,16607
P3403,Source Product,Electronics,Lenovo,29667,42408
P3404,Author Product,Appliances,Lenovo,4015,17366
P3405,Above Product,Furniture,HP,17410,21762
P3406,Collection Product,Accessories,Samsung,7924,18310
P3407,Window Product,Accessories,Samsung,3147,3855
P3408,According Product,Furniture,Lenovo,47744,51715
P3409,Allow Product,Office,Samsung,5308,11101
P3410,Indicate Product,Appliances,Dell,11014,14450
P3411,You Product,Office,IKEA,16171,17331
P3412,Push Product,Office,Lenovo,5384,20290
P3413,Country Product,Accessories,IKEA,37492,39555
P3414,Very Product,Electronics,Boat,16440,24832
P3415,Deep Product,Furniture,IKEA,46437,52469
P3416,Century Product,Electronics,Lenovo,10698,15900
P3417,Outside Product,Furniture,Samsung,31286,38029
P3418,Will Product,Electronics,Dell,27404,42152
P3419,Its Product,Appliances,Boat,17541,23372
P3420,Police Product,Furniture,HP,1684,9832
P3421,Bill Product,Office,Dell,43482,54102
P3422,Head Product,Electronics,Sony,15561,18807
P3423,May Product,Office,Sony,24155,38309
P3424,Sea Product,Appliances,Boat,24070,25418
P3425,Fire Product,Accessories,IKEA,49522,52602
P3426,Part Product,Office,IKEA,22019,33021
P3427,Gas Product,Office,Sony,14248,26113
P3428,Tough Product,Electronics,IKEA,29026,40784
P3429,Economy Product,Electronics,Boat,46303,56055
P3430,Bit Product,Accessories,Sony,32325,47261
P3431,Prepare Product,Furniture,Dell,48257,59004
P3432,See Product,Accessories,Sony,29625,44429
P3433,Could Product,Furniture,HP,33456,47778
P3434,Former Product,Appliances,Samsung,4038,18208
P3435,Hour Product,Accessories,Samsung,25979,40904
P3436,College Product,Office,Lenovo,25682,34514
P3437,Interview Product,Electronics,Lenovo,5135,11595
P3438,Most Product,Furniture,Sony,43799,52566
P3439,Experience Product,Office,HP,45052,51279
P3440,Thank Product,Electronics,IKEA,39249,42013
P3441,What Product,Appliances,IKEA,19447,32275
P3442,Note Product,Accessories,Dell,17786,30189
P3443,Sell Product,Accessories,HP,12966,27031
P3444,Cause Product,Electronics,Sony,48210,60799
P3445,Matter Product,Appliances,Lenovo,31032,45114
P3446,Difficult Product,Appliances,Sony,21918,24489
P3447,Less Product,Accessories,Boat,9057,10998
P3448,Explain Product,Electronics,Samsung,38580,43133
P3449,Same Product,Appliances,HP,49254,51698
P3450,Produce Product,Appliances,Samsung,38783,44306
P3451,Go Product,Furniture,Boat,4303,18112
P3452,Wrong Product,Appliances,Dell,28048,32799
P3453,Majority Product,Furniture,Lenovo,37130,44724
P3454,Write Product,Appliances,Sony,39214,45397
P3455,Message Product,Appliances,Sony,8520,23206
P3456,Certain Product,Furniture,Boat,28302,38433
P3457,Soon Product,Furniture,Dell,8306,19767
P3458,Carry Product,Office,Boat,3329,11832
P3459,Site Product,Office,Sony,7617,21317
P3460,Development Product,Furniture,Lenovo,46741,53634
P3461,Report Product,Furniture,IKEA,22677,25701
P3462,Simply Product,Accessories,Boat,33622,46000
P3463,Grow Product,Furniture,IKEA,35412,42528
P3464,Improve Product,Electronics,Sony,40933,50241
P3465,Party Product,Accessories,IKEA,8325,18436
P3466,When Product,Appliances,Lenovo,31729,45090
P3467,No Product,Appliances,IKEA,11992,14060
P3468,Operation Product,Office,IKEA,8329,16402
P3469,Decade Product,Electronics,IKEA,49974,51098
P3470,Such Product,Electronics,Dell,34149,43532
P3471,Author Product,Office,Lenovo,30062,36237
P3472,Plan Product,Furniture,Sony,8380,13611
P3473,Firm Product,Office,Samsung,11936,22988
P3474,Thought Product,Accessories,Boat,38217,50909
P3475,Camera Product,Appliances,Boat,34779,38293
P3476,Skin Product,Appliances,Lenovo,47915,54927
P3477,Record Product,Electronics,HP,45638,53542
P3478,Long Product,Office,HP,44044,52003
P3479,Morning Product,Office,Sony,39636,46955
P3480,Debate Product,Furniture,Samsung,29255,30052
P3481,Question Product,Office,IKEA,11491,26238
P3482,Probably Product,Electronics,HP,23228,26575
P3483,Ask Product,Appliances,Samsung,45892,54649
P3484,Report Product,Electronics,HP,24501,30265
P3485,Ok Product,Electronics,IKEA,1845,4027
P3486,Senior Product,Office,Samsung,11988,13096
P3487,Program Product,Electronics,IKEA,40906,49239
P3488,Final Product,Office,IKEA,41481,46001
P3489,Health Product,Furniture,Lenovo,10371,14241
P3490,Executive Product,Appliances,IKEA,28608,36209
P3491,Guy Product,Accessories,Boat,13048,25957
P3492,Than Product,Furniture,Boat,38999,43546
P3493,Military Product,Office,Boat,13298,20065
P3494,Better Product,Electronics,HP,16609,25672
P3495,Would Product,Accessories,Dell,38394,41048
P3496,Into Product,Electronics,IKEA,47223,53884
P3497,Eat Product,Accessories,Dell,47164,60987
P3498,Speak Product,Office,Sony,31419,39253
P3499,Yourself Product,Office,Lenovo,8870,20442
P3500,Travel Product,Office,Lenovo,29205,31595
P3501,Season Product,Accessories,Lenovo,34961,48070
P3502,Past Product,Electronics,Dell,44121,57638
P3503,Young Product,Furniture,HP,23096,37141
P3504,Value Product,Appliances,Dell,39077,39953
P3505,Drop Product,Appliances,Dell,10733,16807
P3506,Project Product,Appliances,Boat,34959,41031
P3507,Each Product,Office,Samsung,32481,47394
P3508,Really Product,Furniture,Dell,36977,47385
P3509,Officer Product,Office,HP,32046,42348
P3510,Red Product,Office,IKEA,30882,34048
P3511,She Product,Electronics,IKEA,45747,59058
P3512,Strong Product,Furniture,Boat,46433,47597
P3513,Game Product,Office,Sony,44482,57443
P3514,Between Product,Accessories,Boat,46862,50576
P3515,Professional Product,Office,Dell,48973,50625
P3516,I Product,Appliances,Sony,42062,45507
P3517,Cup Product,Appliances,Dell,9687,24246
P3518,Say Product,Accessories,Lenovo,36369,38923
P3519,Situation Product,Accessories,IKEA,38263,43754
P3520,Forward Product,Furniture,IKEA,32513,33209
P3521,Mean Product,Furniture,Samsung,24266,24880
P3522,Big Product,Accessories,Lenovo,49686,59518
P3523,Yes Product,Appliances,Sony,20515,35242
P3524,Term Product,Appliances,Samsung,35896,47753
P3525,Physical Product,Office,HP,36902,51605
P3526,Reality Product,Accessories,Boat,28545,37589
P3527,Article Product,Appliances,Boat,12527,19387
P3528,Training Product,Furniture,Samsung,27280,41461
P3529,Discover Product,Accessories,Dell,5620,7563
P3530,Cultural Product,Accessories,IKEA,49677,56432
P3531,Nature Product,Accessories,IKEA,49055,50290
P3532,Fall Product,Appliances,Samsung,37600,41222
P3533,A Product,Furniture,Sony,25250,37251
P3534,Trouble Product,Accessories,Samsung,1270,6460
P3535,Treatment Product,Office,Sony,37760,38635
P3536,Sit Product,Electronics,Lenovo,39238,41637
P3537,Population Product,Appliances,IKEA,8608,20816
P3538,Wish Product,Accessories,IKEA,37523,49851
P3539,Expect Product,Furniture,IKEA,14668,20517
P3540,Bring Product,Office,Lenovo,17077,27541
P3541,Nice Product,Office,Samsung,49638,52967
P3542,Out Product,Appliances,Sony,14570,16484
P3543,Law Product,Electronics,Boat,2709,14829
P3544,Ability Product,Accessories,Samsung,27352,29451
P3545,Idea Product,Electronics,Lenovo,15533,23886
P3546,Future Product,Furniture,Boat,17638,20613
P3547,World Product,Appliances,Boat,31106,32004
P3548,Society Product,Accessories,Samsung,10975,19800
P3549,Natural Product,Electronics,IKEA,18146,21571
P3550,Model Product,Furniture,Samsung,12122,17284
P3551,General Product,Electronics,HP,34374,45814
P3552,Check Product,Furniture,Dell,1980,7425
P3553,Cell Product,Accessories,Lenovo,33009,39097
P3554,Admit Product,Office,Sony,34764,40607
P3555,Without Product,Appliances,Samsung,24772,28586
P3556,Ability Product,Furniture,HP,45151,47358
P3557,Kid Product,Accessories,Lenovo,24719,27953
P3558,Heavy Product,Appliances,Dell,35341,35949
P3559,Firm Product,Electronics,Lenovo,28894,35823
P3560,Military Product,Office,Samsung,15634,22455
P3561,Policy Product,Office,Boat,43233,49763
P3562,Yet Product,Furniture,IKEA,41217,42885
P3563,Art Product,Electronics,Lenovo,24398,37043
P3564,While Product,Furniture,Sony,45799,56565
P3565,Method Product,Office,Sony,16467,22637
P3566,Cultural Product,Office,Dell,30050,31022
P3567,Bed Product,Appliances,HP,45265,46734
P3568,Table Product,Electronics,Sony,14096,17186
P3569,Believe Product,Appliances,HP,3623,7429
P3570,Admit Product,Office,IKEA,11570,13701
P3571,Real Product,Electronics,Boat,24465,31393
P3572,Industry Product,Electronics,Lenovo,49786,55970
P3573,Member Product,Appliances,Boat,48951,62863
P3574,Early Product,Office,IKEA,18656,21411
P3575,Occur Product,Accessories,Sony,19168,29468
P3576,Bill Product,Appliances,Samsung,41070,47765
P3577,Join Product,Accessories,Samsung,14002,20247
P3578,Important Product,Furniture,Sony,9687,18839
P3579,Material Product,Appliances,Boat,43748,47336
P3580,Seem Product,Furniture,Dell,31418,34588
P3581,Life Product,Furniture,Dell,43264,56881
P3582,Interest Product,Electronics,Lenovo,35320,46564
P3583,Woman Product,Appliances,Samsung,20419,20948
P3584,Experience Product,Accessories,HP,17157,23104
P3585,Any Product,Appliances,Boat,20346,22425
P3586,Indicate Product,Office,Samsung,32498,44154
P3587,Difficult Product,Electronics,HP,30842,31505
P3588,Good Product,Accessories,Sony,45489,52945
P3589,Relate Product,Furniture,HP,2205,3235
P3590,Different Product,Electronics,Samsung,23170,32691
P3591,Anyone Product,Furniture,Samsung,37990,41971
P3592,Month Product,Accessories,Boat,16764,18847
P3593,Sure Product,Accessories,IKEA,11629,25890
P3594,List Product,Appliances,HP,32087,44214
P3595,Market Product,Accessories,Lenovo,16392,28178
P3596,Clear Product,Electronics,Samsung,37384,38446
P3597,Customer Product,Electronics,Samsung,38616,50396
P3598,Deep Product,Furniture,Lenovo,30365,40099
P3599,Meet Product,Electronics,Boat,3871,9665
P3600,Whole Product,Electronics,Dell,43640,57349
P3601,Real Product,Furniture,Samsung,27505,39512
P3602,Per Product,Accessories,Samsung,21141,25643
P3603,Continue Product,Office,Boat,10557,15668
P3604,So Product,Office,Boat,28721,38793
P3605,Question Product,Office,Dell,31462,40918
P3606,West Product,Accessories,HP,48870,51270
P3607,Rule Product,Accessories,HP,5557,13826
P3608,Third Product,Furniture,Boat,47768,57309
P3609,Republican Product,Accessories,Samsung,13889,22228
P3610,Data Product,Accessories,Sony,32902,42953
P3611,Station Product,Appliances,Lenovo,6211,18044
P3612,Campaign Product,Electronics,HP,18490,27447
P3613,Next Product,Furniture,Lenovo,31873,46050
P3614,Heart Product,Accessories,Dell,31442,36858
P3615,Theory Product,Appliances,IKEA,36892,47929
P3616,Art Product,Accessories,Sony,2444,14990
P3617,Close Product,Appliances,HP,9638,15296
P3618,Explain Product,Furniture,Sony,34599,48574
P3619,Produce Product,Furniture,Dell,43865,47006
P3620,Point Product,Accessories,Dell,43600,56770
P3621,Watch Product,Appliances,IKEA,35066,48345
P3622,Finish Product,Accessories,HP,19842,21275
P3623,Region Product,Appliances,Boat,49537,62509
P3624,Next Product,Accessories,Dell,46350,49579
P3625,Whose Product,Office,Lenovo,25776,27599
P3626,Rock Product,Office,Dell,11149,21464
P3627,Despite Product,Appliances,Boat,4019,17404
P3628,Power Product,Electronics,Lenovo,5007,6968
P3629,Blue Product,Furniture,HP,36705,48893
P3630,Her Product,Electronics,Sony,49274,55111
P3631,Treatment Product,Accessories,Boat,1135,8378
P3632,Now Product,Accessories,Lenovo,13379,23040
P3633,Discover Product,Office,Sony,804,14457
P3634,Describe Product,Furniture,Lenovo,4033,8095
P3635,Image Product,Appliances,IKEA,24418,31479
P3636,Address Product,Accessories,Boat,34895,37308
P3637,Three Product,Furniture,Dell,46121,49739
P3638,Over Product,Electronics,Lenovo,33369,35958
P3639,Analysis Product,Appliances,Lenovo,35507,50233
P3640,Picture Product,Accessories,Boat,35294,36397
P3641,Trouble Product,Furniture,IKEA,25121,26932
P3642,Care Product,Office,IKEA,8273,11524
P3643,Dinner Product,Furniture,IKEA,36458,41176
P3644,Yes Product,Accessories,HP,44062,55262
P3645,Alone Product,Electronics,Boat,46547,50951
P3646,Suffer Product,Furniture,IKEA,37969,41197
P3647,Seven Product,Electronics,Samsung,48100,62048
P3648,Simple Product,Furniture,IKEA,34439,48394
P3649,Southern Product,Accessories,HP,45401,54706
P3650,Get Product,Appliances,Samsung,2714,15766
P3651,Several Product,Accessories,Boat,48784,52218
P3652,Prepare Product,Electronics,Boat,19182,22688
P3653,Hear Product,Electronics,Sony,19495,32821
P3654,Design Product,Furniture,Samsung,7332,12195
P3655,Let Product,Furniture,Sony,8830,20295
P3656,Notice Product,Appliances,Dell,48005,55158
P3657,Able Product,Accessories,Sony,16050,29401
P3658,Hot Product,Furniture,Sony,4203,5746
P3659,Their Product,Furniture,Lenovo,28440,34869
P3660,Most Product,Office,IKEA,15746,22133
P3661,Common Product,Electronics,IKEA,16144,25195
P3662,True Product,Accessories,Lenovo,36169,39102
P3663,Future Product,Accessories,IKEA,39034,49277
P3664,Top Product,Accessories,Boat,41539,48907
P3665,Recognize Product,Accessories,Boat,38134,43593
P3666,Hotel Product,Appliances,Samsung,5694,9787
P3667,Future Product,Electronics,Samsung,13292,22091
P3668,Couple Product,Furniture,Sony,6681,14058
P3669,Simple Product,Accessories,Dell,44151,45980
P3670,Site Product,Appliances,IKEA,33866,40328
P3671,Particularly Product,Electronics,IKEA,35123,38764
P3672,Around Product,Office,Dell,41994,48952
P3673,Note Product,Electronics,IKEA,31668,34888
P3674,Tax Product,Office,Lenovo,11464,24196
P3675,May Product,Appliances,Samsung,9601,19629
P3676,Fish Product,Furniture,Boat,9399,13494
P3677,Four Product,Accessories,HP,39425,46160
P3678,Factor Product,Furniture,Boat,6411,16140
P3679,Quickly Product,Electronics,IKEA,18787,28576
P3680,Thus Product,Appliances,Lenovo,12267,16927
P3681,Catch Product,Furniture,Boat,9306,12780
P3682,Chair Product,Office,IKEA,10880,19145
P3683,Party Product,Accessories,Samsung,47391,47926
P3684,Wonder Product,Furniture,Lenovo,956,12095
P3685,Under Product,Furniture,Lenovo,12214,14456
P3686,Daughter Product,Electronics,Samsung,17072,30344
P3687,Husband Product,Appliances,Samsung,6230,18305
P3688,Talk Product,Electronics,Lenovo,37976,40495
P3689,Fire Product,Office,Samsung,7235,10423
P3690,Approach Product,Furniture,Boat,14909,26612
P3691,Have Product,Accessories,HP,2281,4482
P3692,Similar Product,Electronics,HP,40107,47259
P3693,Get Product,Office,Samsung,35119,41406
P3694,Country Product,Appliances,Boat,9062,15619
P3695,Lot Product,Furniture,Dell,36359,42070
P3696,Sometimes Product,Office,Lenovo,46813,58498
P3697,Add Product,Accessories,Sony,49142,54501
P3698,Toward Product,Electronics,HP,16785,31657
P3699,Civil Product,Accessories,Boat,49137,52353
P3700,Quality Product,Accessories,HP,26754,38381
P3701,Health Product,Furniture,Sony,27802,36406
P3702,Decide Product,Accessories,IKEA,5985,18338
P3703,Middle Product,Appliances,IKEA,33852,41010
P3704,Look Product,Electronics,HP,22073,30243
P3705,Figure Product,Office,Boat,6615,20737
P3706,Meeting Product,Accessories,Samsung,26181,29948
P3707,Occur Product,Office,Dell,10092,10645
P3708,Price Product,Furniture,Dell,12500,14606
P3709,Office Product,Office,Samsung,37251,46024
P3710,Head Product,Appliances,Sony,2237,5662
P3711,Professional Product,Furniture,Lenovo,31758,34663
P3712,Present Product,Electronics,HP,27654,40317
P3713,See Product,Appliances,Sony,23424,26035
P3714,Century Product,Electronics,Sony,35476,43609
P3715,Instead Product,Accessories,IKEA,30652,42833
P3716,Item Product,Furniture,HP,25773,35896
P3717,Animal Product,Appliances,Lenovo,31378,34591
P3718,Discussion Product,Office,Dell,37886,44347
P3719,Year Product,Electronics,HP,29984,44146
P3720,Blood Product,Accessories,Sony,35004,37444
P3721,Street Product,Furniture,Boat,9688,14408
P3722,Never Product,Accessories,HP,8226,17765
P3723,Might Product,Office,Boat,42438,51284
P3724,Leader Product,Electronics,Lenovo,48705,57295
P3725,Before Product,Office,IKEA,28402,35121
P3726,View Product,Accessories,IKEA,14837,19406
P3727,Follow Product,Appliances,Lenovo,27284,34347
P3728,Rule Product,Electronics,Lenovo,9150,12663
P3729,Attack Product,Appliances,Samsung,30302,33669
P3730,Rock Product,Appliances,Lenovo,44062,49221
P3731,Low Product,Electronics,Dell,25832,33398
P3732,Ago Product,Electronics,Lenovo,19658,24680
P3733,Me Product,Appliances,Lenovo,47723,60583
P3734,Heart Product,Accessories,IKEA,41667,45204
P3735,Four Product,Appliances,Boat,15480,27583
P3736,Lead Product,Furniture,Lenovo,19246,30821
P3737,True Product,Appliances,HP,33732,37926
P3738,Father Product,Accessories,Lenovo,8302,16387
P3739,Garden Product,Electronics,Samsung,3753,5937
P3740,Together Product,Electronics,Dell,4645,12012
P3741,Leader Product,Furniture,HP,40759,44786
P3742,Gun Product,Office,Boat,26565,31433
P3743,Move Product,Office,Boat,49658,52065
P3744,Continue Product,Appliances,Samsung,25547,36982
P3745,Increase Product,Appliances,IKEA,22471,23691
P3746,Idea Product,Office,Sony,25874,36037
P3747,Mrs Product,Electronics,IKEA,35763,49192
P3748,Industry Product,Appliances,Boat,9755,19848
P3749,Hear Product,Electronics,Sony,18824,22203
P3750,By Product,Appliances,Sony,23164,31010
P3751,Financial Product,Appliances,Sony,35258,46225
P3752,Sense Product,Furniture,IKEA,17298,24226
P3753,Finish Product,Accessories,Sony,16686,24172
P3754,People Product,Accessories,Dell,24317,29496
P3755,Protect Product,Appliances,Boat,27820,31246
P3756,Rather Product,Office,Boat,19433,20786
P3757,Defense Product,Accessories,Boat,17627,18754
P3758,Artist Product,Furniture,Samsung,6588,11424
P3759,Ago Product,Appliances,Boat,46363,48694
P3760,Whole Product,Appliances,Dell,2900,10209
P3761,Avoid Product,Electronics,Lenovo,49008,53290
P3762,Rock Product,Accessories,IKEA,16805,25001
P3763,Win Product,Appliances,Sony,48600,61862
P3764,Tell Product,Office,Dell,39228,51724
P3765,Material Product,Appliances,Boat,15750,28449
P3766,Possible Product,Office,Sony,31779,46059
P3767,Bill Product,Appliances,HP,31344,42612
P3768,Shoulder Product,Electronics,HP,556,14793
P3769,Several Product,Electronics,Samsung,3260,12313
P3770,Send Product,Appliances,HP,21482,36252
P3771,Finish Product,Accessories,Samsung,9088,17682
P3772,Question Product,Electronics,Boat,27648,34223
P3773,Drug Product,Appliances,IKEA,45579,56362
P3774,Drive Product,Accessories,Boat,5799,11679
P3775,Simple Product,Furniture,Lenovo,14873,25864
P3776,Natural Product,Furniture,Samsung,17523,18723
P3777,Race Product,Electronics,Samsung,44808,54638
P3778,Stop Product,Accessories,HP,13018,17333
P3779,Yourself Product,Accessories,Boat,36931,43272
P3780,Treat Product,Furniture,Sony,40357,40966
P3781,Local Product,Electronics,Sony,10958,23859
P3782,Everyone Product,Electronics,Dell,9237,14995
P3783,Cut Product,Furniture,HP,46991,49582
P3784,Friend Product,Accessories,Lenovo,33119,41122
P3785,Couple Product,Appliances,Dell,8575,16033
P3786,Brother Product,Accessories,Lenovo,1633,16199
P3787,Fire Product,Appliances,HP,26142,36655
P3788,Huge Product,Electronics,Dell,47881,58017
P3789,Stop Product,Accessories,Dell,8593,10032
P3790,Class Product,Office,HP,22647,28294
P3791,Why Product,Appliances,Boat,42062,53988
P3792,Loss Product,Appliances,Dell,39612,48932
P3793,Wall Product,Furniture,Dell,6294,10710
P3794,Act Product,Appliances,HP,3117,9331
P3795,Mother Product,Electronics,Dell,32219,41717
P3796,Analysis Product,Furniture,Dell,44408,48275
P3797,Me Product,Furniture,Dell,43339,47078
P3798,Between Product,Appliances,HP,49421,54088
P3799,Important Product,Electronics,Boat,964,13542
P3800,Sort Product,Office,Samsung,31452,32239
P3801,Particular Product,Accessories,IKEA,21592,34656
P3802,Course Product,Furniture,Sony,5900,17664
P3803,Official Product,Appliances,Samsung,21818,36341
P3804,Different Product,Appliances,Dell,22019,30224
P3805,Site Product,Electronics,IKEA,21973,33294
P3806,Shake Product,Office,IKEA,15087,24717
P3807,Whose Product,Furniture,HP,14958,23859
P3808,White Product,Electronics,Lenovo,46907,53655
P3809,Be Product,Furniture,Samsung,1955,16784
P3810,Sometimes Product,Appliances,Lenovo,33364,39016
P3811,During Product,Electronics,IKEA,40773,53605
P3812,Pattern Product,Accessories,HP,6101,14118
P3813,Moment Product,Accessories,IKEA,10264,20982
P3814,Establish Product,Furniture,Samsung,36583,39688
P3815,Lose Product,Accessories,Dell,40791,43995
P3816,Such Product,Accessories,Sony,8005,9192
P3817,Law Product,Furniture,Lenovo,7445,8791
P3818,Mission Product,Accessories,Boat,15141,19301
P3819,Training Product,Furniture,Lenovo,11379,25890
P3820,Big Product,Appliances,HP,26686,34154
P3821,Fire Product,Furniture,Sony,3489,7805
P3822,West Product,Electronics,Lenovo,44506,58385
P3823,High Product,Electronics,Dell,41692,51243
P3824,Another Product,Appliances,Boat,30986,41698
P3825,Against Product,Accessories,Samsung,24442,37622
P3826,Side Product,Accessories,Sony,24645,27931
P3827,Yet Product,Appliances,Sony,17106,30193
P3828,Task Product,Appliances,Boat,41245,45877
P3829,Bar Product,Appliances,Boat,41646,55363
P3830,Long Product,Furniture,Boat,14194,17409
P3831,Themselves Product,Office,Dell,29679,31158
P3832,Move Product,Accessories,Sony,37755,50685
P3833,Civil Product,Appliances,Sony,11078,19451
P3834,Capital Product,Electronics,Samsung,8642,19207
P3835,Security Product,Electronics,Dell,20929,23705
P3836,By Product,Office,IKEA,29903,40844
P3837,Through Product,Accessories,Samsung,1038,7962
P3838,Analysis Product,Electronics,HP,12426,26727
P3839,Administration Product,Appliances,Lenovo,48846,60361
P3840,Agreement Product,Electronics,Boat,32890,39986
P3841,Can Product,Appliances,Lenovo,23670,29222
P3842,Local Product,Furniture,HP,13557,18569
P3843,Glass Product,Furniture,Samsung,45531,58944
P3844,Mouth Product,Accessories,HP,38972,48924
P3845,Method Product,Appliances,HP,37708,42400
P3846,Agreement Product,Office,Lenovo,10800,21375
P3847,Street Product,Office,Dell,25869,39071
P3848,Large Product,Accessories,IKEA,8581,19142
P3849,Science Product,Furniture,Sony,36405,45383
P3850,Difference Product,Furniture,HP,1873,8537
P3851,Policy Product,Electronics,Boat,15866,17426
P3852,Say Product,Appliances,Dell,26288,28682
P3853,Else Product,Office,Samsung,6942,17353
P3854,Particular Product,Furniture,Boat,20314,24291
P3855,Offer Product,Furniture,Sony,41723,52023
P3856,Decide Product,Appliances,Samsung,6176,15653
P3857,Prevent Product,Appliances,Samsung,13049,20627
P3858,Claim Product,Office,HP,41645,51515
P3859,Arrive Product,Electronics,HP,21175,22250
P3860,Usually Product,Accessories,Boat,24090,26097
P3861,Politics Product,Accessories,Boat,6659,18666
P3862,Record Product,Electronics,HP,22110,27296
P3863,International Product,Appliances,IKEA,18207,29673
P3864,Building Product,Electronics,Lenovo,18998,21309
P3865,These Product,Accessories,IKEA,5234,15089
P3866,History Product,Furniture,Sony,3103,13670
P3867,Important Product,Office,HP,37547,47042
P3868,Prevent Product,Appliances,Dell,20406,28545
P3869,Very Product,Furniture,Boat,25450,30565
P3870,Fear Product,Furniture,HP,29464,38280
P3871,Very Product,Appliances,Lenovo,49605,56866
P3872,Night Product,Electronics,Sony,10840,23799
P3873,Mrs Product,Office,Dell,12247,23610
P3874,Create Product,Office,HP,6383,18638
P3875,Newspaper Product,Appliances,Boat,12647,22469
P3876,Also Product,Furniture,HP,20769,23675
P3877,Enough Product,Office,Sony,1203,10370
P3878,Nothing Product,Office,Lenovo,13693,25696
P3879,Student Product,Accessories,Samsung,23857,33722
P3880,Ball Product,Office,HP,14721,25980
P3881,Use Product,Appliances,Lenovo,35049,39426
P3882,Suggest Product,Electronics,HP,39945,54630
P3883,Explain Product,Appliances,HP,49623,54238
P3884,Nation Product,Furniture,Dell,48298,56048
P3885,Understand Product,Office,Lenovo,22465,23145
P3886,General Product,Accessories,IKEA,1733,8598
P3887,Stock Product,Office,Sony,9841,17316
P3888,Growth Product,Electronics,HP,7992,19168
P3889,Eye Product,Office,Dell,49791,56276
P3890,Something Product,Office,HP,32718,38549
P3891,Ever Product,Electronics,Lenovo,9632,11306
P3892,Me Product,Office,Lenovo,26857,28361
P3893,Career Product,Accessories,Dell,15227,19802
P3894,Today Product,Appliances,HP,21293,35123
P3895,Chance Product,Appliances,Samsung,8376,20183
P3896,Tax Product,Electronics,Dell,43377,55202
P3897,Anyone Product,Appliances,Samsung,5395,12503
P3898,Property Product,Office,Sony,15947,30850
P3899,System Product,Appliances,Sony,5913,14009
P3900,Give Product,Electronics,Dell,38527,39931
P3901,Use Product,Accessories,Samsung,44526,45487
P3902,Administration Product,Appliances,Boat,26259,27095
P3903,Under Product,Furniture,Samsung,38007,52500
P3904,Should Product,Accessories,Samsung,23041,29590
P3905,Clearly Product,Accessories,IKEA,7182,7852
P3906,Gun Product,Appliances,IKEA,42227,47005
P3907,Meeting Product,Appliances,Boat,16302,27014
P3908,Dream Product,Appliances,Boat,26468,34097
P3909,Affect Product,Office,IKEA,11035,25267
P3910,Star Product,Office,Samsung,31006,45557
P3911,Bag Product,Accessories,IKEA,46965,60775
P3912,Under Product,Office,Boat,11758,16619
P3913,Memory Product,Appliances,Dell,36135,40436
P3914,In Product,Office,Sony,2767,8444
P3915,Over Product,Accessories,HP,9903,24218
P3916,Vote Product,Office,Lenovo,2174,14411
P3917,Fund Product,Furniture,HP,46953,53531
P3918,Finally Product,Accessories,Dell,13716,14220
P3919,Feel Product,Office,Lenovo,23490,32582
P3920,Just Product,Appliances,Dell,23206,33469
P3921,Similar Product,Accessories,Sony,24556,36515
P3922,Catch Product,Accessories,Sony,44190,52540
P3923,But Product,Accessories,HP,37774,41281
P3924,Test Product,Accessories,Samsung,14592,20483
P3925,Along Product,Appliances,Samsung,28093,32427
P3926,Record Product,Accessories,Boat,3999,15940
P3927,Off Product,Electronics,HP,21323,26586
P3928,Production Product,Appliances,Lenovo,17131,31495
P3929,Major Product,Furniture,Sony,9915,14758
P3930,Community Product,Office,Dell,25060,39033
P3931,Property Product,Office,Dell,41681,43315
P3932,Official Product,Office,IKEA,10307,10939
P3933,Half Product,Office,IKEA,32993,42533
P3934,Yard Product,Appliances,Dell,6968,21197
P3935,Though Product,Furniture,Boat,46586,52518
P3936,Name Product,Appliances,Boat,12255,14618
P3937,Month Product,Furniture,HP,38670,52559
P3938,Voice Product,Electronics,Sony,13365,15710
P3939,Manager Product,Electronics,IKEA,32406,37065
P3940,Executive Product,Appliances,Samsung,9958,23231
P3941,Sound Product,Office,Lenovo,22456,34011
P3942,Final Product,Appliances,IKEA,38011,41173
P3943,Specific Product,Appliances,Boat,22779,24202
P3944,Us Product,Office,Samsung,30729,42088
P3945,Each Product,Accessories,Boat,37003,40360
P3946,Executive Product,Accessories,Lenovo,22625,25811
P3947,Wide Product,Accessories,HP,18496,32755
P3948,Who Product,Appliances,Lenovo,36712,48624
P3949,Together Product,Furniture,IKEA,8043,14089
P3950,Life Product,Office,HP,9082,18945
P3951,Financial Product,Electronics,Boat,2094,5186
P3952,Cause Product,Accessories,Lenovo,18723,25779
P3953,Least Product,Furniture,Sony,19663,29716
P3954,Item Product,Furniture,Boat,23755,36968
P3955,As Product,Appliances,Samsung,46114,47348
P3956,Fish Product,Appliances,Samsung,961,4078
P3957,Happen Product,Office,HP,4488,13069
P3958,Line Product,Office,Boat,30133,41181
P3959,Stage Product,Electronics,Lenovo,21426,22852
P3960,One Product,Accessories,Sony,30467,45092
P3961,Present Product,Appliances,Lenovo,6681,12182
P3962,Protect Product,Electronics,Samsung,22737,29227
P3963,Stuff Product,Appliances,IKEA,49447,63599
P3964,World Product,Electronics,HP,24717,26785
P3965,Fall Product,Appliances,Lenovo,33467,41438
P3966,Current Product,Furniture,Samsung,25497,39547
P3967,Authority Product,Electronics,Dell,43711,44807
P3968,Morning Product,Electronics,Lenovo,2719,3864
P3969,Soon Product,Electronics,Lenovo,17865,31787
P3970,Over Product,Electronics,HP,14138,20315
P3971,Discover Product,Furniture,IKEA,19325,28978
P3972,Important Product,Furniture,Lenovo,33261,45304
P3973,Sit Product,Furniture,IKEA,5333,17567
P3974,Agency Product,Electronics,HP,23160,38066
P3975,Material Product,Office,Sony,31918,45484
P3976,Possible Product,Electronics,Lenovo,1590,14660
P3977,Imagine Product,Appliances,Sony,19989,27446
P3978,Carry Product,Appliances,Samsung,3369,7074
P3979,There Product,Electronics,Boat,48986,50469
P3980,Main Product,Electronics,Dell,36814,38848
P3981,Site Product,Accessories,HP,7538,12749
P3982,Third Product,Furniture,Lenovo,31189,45880
P3983,Foreign Product,Office,Lenovo,38006,46179
P3984,Language Product,Accessories,HP,24740,27723
P3985,High Product,Furniture,HP,18053,30850
P3986,Remember Product,Accessories,Dell,47501,56966
P3987,Audience Product,Accessories,Boat,25748,27352
P3988,Wide Product,Office,Boat,9082,13870
P3989,Should Product,Accessories,Boat,28942,38645
P3990,Certainly Product,Appliances,Sony,44785,45753
P3991,Hour Product,Furniture,Sony,5973,15514
P3992,As Product,Furniture,Samsung,40030,54892
P3993,Wait Product,Office,Dell,44942,47307
P3994,Interesting Product,Electronics,Lenovo,5323,8649
P3995,Difference Product,Appliances,Boat,45333,56569
P3996,Modern Product,Office,Dell,16213,21733
P3997,Difficult Product,Electronics,Sony,7572,10982
P3998,All Product,Accessories,Sony,32764,46438
P3999,Agree Product,Furniture,Samsung,47026,60901
P4000,Season Product,Appliances,Sony,1666,9822
P4001,Table Product,Electronics,Sony,35201,47972
P4002,Interview Product,Furniture,Sony,6892,12874
P4003,These Product,Accessories,Dell,5505,19114
P4004,Prepare Product,Office,Lenovo,24670,37788
P4005,Now Product,Electronics,Lenovo,7906,13241
P4006,Born Product,Accessories,Dell,26670,31642
P4007,Reach Product,Appliances,HP,32916,47120
P4008,Me Product,Accessories,Samsung,48797,55710
P4009,State Product,Appliances,Dell,39187,48220
P4010,Black Product,Electronics,Sony,17987,28977
P4011,Peace Product,Electronics,Dell,47621,62541
P4012,Camera Product,Appliances,Dell,27767,35678
P4013,Surface Product,Office,HP,14231,19430
P4014,About Product,Appliances,Dell,6432,17869
P4015,Around Product,Electronics,Lenovo,37682,38206
P4016,Last Product,Accessories,IKEA,6746,10928
P4017,Include Product,Electronics,Samsung,28779,38063
P4018,Lay Product,Appliances,Lenovo,44814,46002
P4019,Whose Product,Office,Sony,40009,50550
P4020,Citizen Product,Furniture,Dell,3535,15822
P4021,Group Product,Electronics,Lenovo,2749,4078
P4022,Look Product,Electronics,Lenovo,36951,41029
P4023,Provide Product,Accessories,IKEA,41347,46271
P4024,Option Product,Electronics,HP,18749,23607
P4025,Happen Product,Electronics,HP,4996,17896
P4026,Alone Product,Accessories,Boat,46375,47853
P4027,Court Product,Accessories,HP,22144,34234
P4028,Student Product,Appliances,Sony,31885,36418
P4029,Hope Product,Accessories,Samsung,48773,62398
P4030,Computer Product,Electronics,Sony,11120,24689
P4031,Different Product,Office,HP,6671,7574
P4032,Actually Product,Accessories,Lenovo,3561,16120
P4033,Event Product,Furniture,Boat,38451,49173
P4034,Him Product,Office,Lenovo,21055,29039
P4035,Say Product,Accessories,Samsung,29337,40668
P4036,Capital Product,Office,HP,13216,20788
P4037,Information Product,Accessories,HP,21657,34481
P4038,Kind Product,Appliances,Sony,20832,34379
P4039,Culture Product,Furniture,IKEA,29747,35373
P4040,Record Product,Furniture,Lenovo,40655,48199
P4041,Financial Product,Electronics,Samsung,27677,41014
P4042,Receive Product,Furniture,Sony,29171,34477
P4043,Put Product,Accessories,IKEA,25211,37758
P4044,Maintain Product,Accessories,IKEA,38103,48796
P4045,Kid Product,Office,Sony,11028,18358
P4046,Risk Product,Office,HP,49684,50536
P4047,Financial Product,Appliances,Lenovo,47094,59840
P4048,Eye Product,Office,Sony,48990,59629
P4049,Popular Product,Office,Dell,12532,22868
P4050,Eye Product,Office,Lenovo,4395,6884
P4051,Charge Product,Accessories,Boat,24243,25943
P4052,Him Product,Appliances,Dell,15884,27341
P4053,Explain Product,Office,Dell,7401,11315
P4054,Mrs Product,Accessories,HP,4156,17639
P4055,Actually Product,Accessories,HP,29233,43218
P4056,They Product,Office,Dell,41742,50573
P4057,Two Product,Appliances,IKEA,22282,35097
P4058,Perhaps Product,Electronics,Boat,697,11236
P4059,Beautiful Product,Office,Samsung,40128,40830
P4060,Play Product,Accessories,Dell,23690,30362
P4061,Which Product,Furniture,Boat,35161,39042
P4062,Indeed Product,Electronics,Dell,5207,9506
P4063,Media Product,Electronics,HP,44442,49000
P4064,Section Product,Accessories,Samsung,24820,38410
P4065,Risk Product,Accessories,Lenovo,49547,52033
P4066,Write Product,Electronics,Sony,30382,41424
P4067,Tough Product,Electronics,Lenovo,22246,33273
P4068,Plant Product,Electronics,Samsung,21640,33314
P4069,Magazine Product,Electronics,Samsung,18256,20045
P4070,However Product,Office,Samsung,23138,33101
P4071,Maybe Product,Accessories,IKEA,15313,18054
P4072,Key Product,Appliances,HP,41268,43173
P4073,Grow Product,Furniture,Dell,7168,14646
P4074,Rise Product,Accessories,Boat,45897,51594
P4075,Onto Product,Electronics,IKEA,42074,53301
P4076,Party Product,Electronics,Lenovo,23577,36292
P4077,Health Product,Accessories,Samsung,21096,31220
P4078,Others Product,Electronics,Boat,6584,14060
P4079,Research Product,Appliances,Boat,22006,25549
P4080,Republican Product,Appliances,Samsung,41557,49412
P4081,These Product,Accessories,Samsung,20614,21418
P4082,Tv Product,Furniture,Samsung,28185,30124
P4083,Education Product,Accessories,Sony,30752,33771
P4084,Sort Product,Furniture,HP,34706,46518
P4085,Sign Product,Appliances,Dell,8480,21748
P4086,Must Product,Electronics,IKEA,17196,19045
P4087,Less Product,Furniture,Dell,32520,44512
P4088,Process Product,Appliances,HP,46621,51887
P4089,Subject Product,Office,HP,19382,24351
P4090,Medical Product,Furniture,Dell,34813,48386
P4091,Lead Product,Accessories,IKEA,24019,35591
P4092,Across Product,Office,Sony,49165,52359
P4093,Yard Product,Office,Sony,44054,48852
P4094,Rise Product,Office,Boat,24196,27710
P4095,Song Product,Office,Sony,21496,25808
P4096,Short Product,Office,HP,44427,45292
P4097,Four Product,Accessories,Boat,47494,55219
P4098,Radio Product,Office,Lenovo,2344,8412
P4099,Identify Product,Electronics,Samsung,8244,9382
P4100,Computer Product,Office,Samsung,23315,30961
P4101,Task Product,Accessories,Boat,31544,35767
P4102,Dream Product,Accessories,Samsung,5816,13485
P4103,Occur Product,Electronics,Dell,8536,11806
P4104,Recently Product,Appliances,Dell,4517,12656
P4105,Population Product,Office,HP,35168,42846
P4106,Body Product,Appliances,Boat,31651,41668
P4107,Fine Product,Office,IKEA,40275,51284
P4108,Fact Product,Accessories,IKEA,29423,37330
P4109,State Product,Office,Dell,12309,18088
P4110,Once Product,Furniture,Samsung,849,6941
P4111,Ability Product,Appliances,HP,21504,23556
P4112,Will Product,Appliances,Boat,29842,37227
P4113,Prepare Product,Accessories,Samsung,24923,34373
P4114,Until Product,Electronics,Boat,37260,39698
P4115,Hand Product,Accessories,HP,27250,39622
P4116,Call Product,Furniture,Lenovo,45779,57382
P4117,Early Product,Electronics,Sony,30507,40132
P4118,Dinner Product,Accessories,Dell,9248,11513
P4119,Stay Product,Furniture,Lenovo,40934,42212
P4120,Road Product,Electronics,Dell,7739,10722
P4121,Scientist Product,Accessories,Boat,24085,32408
P4122,Together Product,Furniture,Boat,1696,9674
P4123,Contain Product,Appliances,Lenovo,1931,7886
P4124,Almost Product,Accessories,Boat,20026,31791
P4125,Major Product,Office,HP,7610,19662
P4126,Phone Product,Furniture,HP,674,12179
P4127,Idea Product,Appliances,Lenovo,823,14363
P4128,Fact Product,Accessories,Samsung,20294,20828
P4129,Usually Product,Accessories,Sony,26657,34184
P4130,Next Product,Electronics,Dell,35459,38723
P4131,Name Product,Electronics,Sony,26394,31913
P4132,Finally Product,Office,Boat,24745,27989
P4133,Form Product,Accessories,HP,18845,25570
P4134,Form Product,Office,Lenovo,35744,40885
P4135,Similar Product,Appliances,Boat,16397,19403
P4136,Across Product,Electronics,Sony,27295,30097
P4137,Truth Product,Electronics,Dell,48964,52549
P4138,Section Product,Office,Samsung,41551,50235
P4139,Let Product,Electronics,HP,47389,62269
P4140,Make Product,Furniture,Boat,38994,47556
P4141,Book Product,Office,IKEA,48573,59668
P4142,Subject Product,Appliances,IKEA,12546,13864
P4143,Southern Product,Office,Dell,41031,51169
P4144,Energy Product,Office,HP,24633,29559
P4145,Country Product,Accessories,Sony,38137,51801
P4146,Hope Product,Furniture,IKEA,16629,26191
P4147,Movement Product,Appliances,IKEA,34919,37569
P4148,Audience Product,Office,Boat,45090,51058
P4149,Building Product,Furniture,Samsung,48338,51974
P4150,Protect Product,Accessories,Samsung,43853,45037
P4151,Outside Product,Electronics,Samsung,15356,26147
P4152,Pull Product,Appliances,Sony,32103,46465
P4153,Baby Product,Office,Sony,49810,64006
P4154,Turn Product,Electronics,IKEA,30350,42974
P4155,Bring Product,Electronics,Samsung,5204,9282
P4156,Above Product,Electronics,Samsung,42719,44507
P4157,Without Product,Office,Samsung,1146,6142
P4158,Campaign Product,Office,Sony,47875,59805
P4159,Rock Product,Accessories,HP,26667,33745
P4160,Couple Product,Furniture,HP,47547,48661
P4161,Voice Product,Electronics,IKEA,13987,23173
P4162,Series Product,Accessories,Sony,3670,15248
P4163,Daughter Product,Furniture,Samsung,29674,37118
P4164,Such Product,Electronics,Sony,8423,15571
P4165,True Product,Electronics,Sony,45431,57157
P4166,End Product,Electronics,Samsung,39339,46579
P4167,Reflect Product,Electronics,Lenovo,41405,52270
P4168,Scientist Product,Electronics,Lenovo,10774,23779
P4169,Relate Product,Appliances,IKEA,33051,47737
P4170,Wear Product,Accessories,Samsung,42861,57589
P4171,Already Product,Accessories,Dell,35538,43605
P4172,Maybe Product,Appliances,Boat,2867,8609
P4173,If Product,Appliances,IKEA,13108,14263
P4174,Partner Product,Electronics,Boat,36782,41866
P4175,Nature Product,Accessories,Lenovo,48395,54242
P4176,Fly Product,Electronics,Lenovo,18958,20685
P4177,Education Product,Furniture,Dell,28277,39197
P4178,Relationship Product,Accessories,Samsung,5753,19778
P4179,Concern Product,Office,Sony,26656,28869
P4180,Help Product,Furniture,IKEA,11896,15666
P4181,Similar Product,Furniture,Samsung,14088,16856
P4182,Almost Product,Furniture,Boat,1923,15287
P4183,Conference Product,Electronics,Dell,1513,14638
P4184,Anything Product,Appliances,Dell,31853,37687
P4185,Above Product,Accessories,Sony,36372,42987
P4186,Any Product,Office,IKEA,3307,4729
P4187,Sport Product,Appliances,Lenovo,13738,22957
P4188,At Product,Electronics,Samsung,11535,20818
P4189,Team Product,Furniture,HP,31959,36756
P4190,Owner Product,Office,IKEA,3411,14316
P4191,Pressure Product,Appliances,IKEA,44172,55650
P4192,Action Product,Accessories,Dell,38571,41216
P4193,Including Product,Furniture,Samsung,23336,32249
P4194,Less Product,Appliances,Sony,35233,35757
P4195,Dark Product,Appliances,Lenovo,12628,18764
P4196,Work Product,Accessories,Lenovo,27742,37173
P4197,Security Product,Appliances,Dell,16283,16831
P4198,Wife Product,Appliances,Samsung,7884,20435
P4199,Present Product,Electronics,Boat,7348,14057
P4200,Network Product,Office,Sony,45595,49097
P4201,Some Product,Furniture,Dell,22455,26663
P4202,Food Product,Electronics,Dell,34095,44627
P4203,Guess Product,Office,Boat,32756,42143
P4204,Music Product,Furniture,Samsung,15425,23113
P4205,Almost Product,Office,Sony,21088,35320
P4206,Type Product,Furniture,HP,26511,35260
P4207,Page Product,Electronics,Dell,26084,32674
P4208,Front Product,Office,Lenovo,41802,52125
P4209,Certainly Product,Furniture,Boat,8901,17618
P4210,Role Product,Electronics,Lenovo,44427,51126
P4211,Standard Product,Appliances,Dell,8861,18642
P4212,Part Product,Office,IKEA,19419,31082
P4213,Pm Product,Furniture,Lenovo,16461,26105
P4214,Its Product,Accessories,Lenovo,42656,48428
P4215,Body Product,Furniture,Lenovo,34956,41221
P4216,Art Product,Furniture,IKEA,21885,27468
P4217,Condition Product,Office,IKEA,38940,40750
P4218,Hair Product,Office,HP,3060,6537
P4219,Type Product,Appliances,Lenovo,3059,7388
P4220,Staff Product,Office,HP,11428,25235
P4221,Color Product,Accessories,HP,19569,26171
P4222,Fast Product,Furniture,IKEA,9767,13280
P4223,Practice Product,Furniture,Lenovo,23337,34444
P4224,Day Product,Office,Dell,37241,44049
P4225,Tend Product,Furniture,Dell,26133,31401
P4226,Behavior Product,Accessories,Dell,36938,45549
P4227,Group Product,Office,HP,37879,40878
P4228,Decision Product,Appliances,Sony,4554,17873
P4229,Bank Product,Furniture,Boat,26908,39761
P4230,Wear Product,Office,Dell,10770,19438
P4231,Idea Product,Furniture,Lenovo,48680,49460
P4232,Their Product,Office,Boat,28225,38124
P4233,Project Product,Accessories,HP,41190,53923
P4234,Usually Product,Office,Lenovo,34973,35842
P4235,Continue Product,Office,IKEA,10362,11365
P4236,Pull Product,Office,Dell,17274,30883
P4237,Traditional Product,Electronics,Lenovo,44681,45319
P4238,Capital Product,Accessories,Samsung,13264,23988
P4239,Most Product,Electronics,HP,24093,30565
P4240,Else Product,Electronics,Lenovo,24389,25517
P4241,Low Product,Appliances,Lenovo,41452,50418
P4242,Suffer Product,Furniture,Dell,11515,21835
P4243,Section Product,Appliances,IKEA,7688,18820
P4244,Democratic Product,Office,Dell,21287,27421
P4245,Class Product,Office,Samsung,4010,4631
P4246,Including Product,Accessories,Samsung,23324,33023
P4247,Maybe Product,Accessories,Dell,17301,19159
P4248,Across Product,Office,Samsung,28748,38394
P4249,Moment Product,Electronics,IKEA,12038,15995
P4250,Door Product,Furniture,Samsung,36965,49979
P4251,Bed Product,Electronics,HP,20178,28211
P4252,You Product,Office,Dell,21640,27790
P4253,Product Product,Electronics,Boat,1872,16247
P4254,Money Product,Appliances,Dell,35794,45293
P4255,Nature Product,Electronics,Lenovo,19911,24519
P4256,Already Product,Appliances,Samsung,38097,41845
P4257,Thousand Product,Accessories,HP,41996,48699
P4258,Unit Product,Office,Dell,30623,39819
P4259,Science Product,Office,Sony,15150,16311
P4260,Body Product,Office,Boat,35000,37658
P4261,Quite Product,Furniture,Sony,12547,24293
P4262,Seek Product,Electronics,Lenovo,46293,52152
P4263,Business Product,Appliances,Samsung,38415,51392
P4264,Individual Product,Accessories,IKEA,18569,19069
P4265,Seat Product,Electronics,HP,41425,56231
P4266,Nothing Product,Electronics,Lenovo,31219,32592
P4267,Ball Product,Electronics,Lenovo,12992,25477
P4268,Fall Product,Appliances,IKEA,708,6479
P4269,Move Product,Appliances,Samsung,2122,8357
P4270,Guess Product,Furniture,IKEA,15400,28521
P4271,Several Product,Furniture,Dell,49976,53985
P4272,Daughter Product,Electronics,HP,9996,21856
P4273,Just Product,Furniture,Dell,23469,28808
P4274,Miss Product,Office,HP,49125,63589
P4275,Medical Product,Furniture,Sony,17433,20359
P4276,Responsibility Product,Appliances,Boat,35854,47975
P4277,Research Product,Accessories,Dell,26563,36965
P4278,Government Product,Furniture,Sony,49925,57362
P4279,When Product,Furniture,Boat,41610,54829
P4280,Participant Product,Office,Lenovo,18853,19663
P4281,Coach Product,Appliances,Sony,44835,49554
P4282,Somebody Product,Appliances,Samsung,15406,18463
P4283,Sport Product,Appliances,HP,33874,38740
P4284,Senior Product,Appliances,IKEA,27276,36087
P4285,Imagine Product,Accessories,Lenovo,26673,40984
P4286,Capital Product,Accessories,Boat,18114,30854
P4287,Glass Product,Accessories,Lenovo,43158,46072
P4288,Us Product,Furniture,Samsung,35070,48892
P4289,Right Product,Office,HP,27063,28162
P4290,Plan Product,Furniture,Sony,17728,32464
P4291,Meeting Product,Appliances,IKEA,36901,49405
P4292,Not Product,Electronics,Sony,19103,26869
P4293,Keep Product,Office,Boat,23856,25714
P4294,Population Product,Office,Boat,1773,8308
P4295,Challenge Product,Office,IKEA,43499,51942
P4296,Economy Product,Furniture,Samsung,24317,36697
P4297,Direction Product,Appliances,Samsung,23229,24891
P4298,Could Product,Electronics,Sony,16485,17652
P4299,Push Product,Accessories,Sony,11652,24413
P4300,Red Product,Appliances,Lenovo,36967,41743
P4301,Career Product,Furniture,Lenovo,8205,12151
P4302,Focus Product,Office,Sony,39253,45538
P4303,Tough Product,Accessories,Samsung,5837,12156
P4304,Economy Product,Accessories,HP,30673,38681
P4305,Until Product,Office,IKEA,31031,39885
P4306,Place Product,Appliances,Dell,26240,28319
P4307,Within Product,Appliances,Boat,42031,45631
P4308,Produce Product,Appliances,Sony,44849,56817
P4309,Partner Product,Furniture,Dell,27072,34279
P4310,Risk Product,Office,Dell,44320,57664
P4311,Would Product,Accessories,IKEA,36350,40142
P4312,Sea Product,Electronics,Sony,9725,12739
P4313,Six Product,Electronics,Samsung,49396,57782
P4314,Buy Product,Furniture,HP,24749,32155
P4315,Answer Product,Furniture,Dell,4075,18682
P4316,Risk Product,Office,Boat,27154,40618
P4317,Director Product,Accessories,Dell,6308,10512
P4318,Receive Product,Appliances,Sony,42828,54301
P4319,Girl Product,Office,HP,17032,23472
P4320,Recently Product,Electronics,Lenovo,26645,27683
P4321,Above Product,Appliances,Sony,41471,56190
P4322,Serious Product,Electronics,Boat,46864,55958
P4323,General Product,Accessories,Boat,32590,42278
P4324,Cup Product,Accessories,Sony,40559,55263
P4325,Action Product,Electronics,Dell,47261,55801
P4326,Light Product,Appliances,IKEA,15558,22561
P4327,Minute Product,Accessories,Dell,25753,35003
P4328,I Product,Accessories,Sony,27530,37029
P4329,Tend Product,Electronics,Dell,42694,44370
P4330,Resource Product,Electronics,Sony,33794,42289
P4331,Bar Product,Appliances,IKEA,25686,35566
P4332,Environment Product,Appliances,IKEA,12875,19675
P4333,Language Product,Accessories,IKEA,41588,47075
P4334,When Product,Accessories,Boat,37210,45485
P4335,Mr Product,Office,Boat,29529,30585
P4336,Project Product,Office,Dell,31769,38382
P4337,Network Product,Appliances,Samsung,31164,45874
P4338,Special Product,Accessories,IKEA,11586,19115
P4339,Probably Product,Furniture,IKEA,31779,35738
P4340,Management Product,Accessories,Dell,15273,22195
P4341,Follow Product,Electronics,Lenovo,7538,10654
P4342,Continue Product,Furniture,Lenovo,10319,21027
P4343,Hear Product,Furniture,HP,13315,19887
P4344,Second Product,Electronics,Dell,41223,42567
P4345,And Product,Appliances,Sony,45455,52783
P4346,Present Product,Appliances,Samsung,27663,36691
P4347,Stock Product,Accessories,Lenovo,37267,45681
P4348,Change Product,Accessories,Sony,2867,10045
P4349,Draw Product,Appliances,Samsung,6992,8563
P4350,Project Product,Furniture,Dell,45635,58115
P4351,Dinner Product,Electronics,Samsung,36823,43421
P4352,Black Product,Accessories,Samsung,20169,31725
P4353,Report Product,Appliances,Boat,3092,10931
P4354,Happen Product,Appliances,Sony,9604,17705
P4355,Remember Product,Office,HP,23404,28001
P4356,This Product,Accessories,IKEA,7464,19228
P4357,Foot Product,Accessories,Lenovo,11138,14725
P4358,Service Product,Electronics,Dell,10673,23641
P4359,Unit Product,Accessories,HP,39177,45848
P4360,Ten Product,Electronics,Sony,17547,28110
P4361,In Product,Appliances,Lenovo,18132,19242
P4362,There Product,Appliances,Lenovo,24929,36861
P4363,Day Product,Electronics,Dell,2199,5946
P4364,I Product,Appliances,Samsung,8153,22568
P4365,Fact Product,Electronics,Boat,39608,47215
P4366,Recent Product,Accessories,Boat,7884,15118
P4367,Cell Product,Office,Sony,30436,34308
P4368,Nor Product,Appliances,Dell,17597,27338
P4369,Cover Product,Office,Boat,15053,24222
P4370,Deep Product,Office,IKEA,29772,40175
P4371,Determine Product,Electronics,Sony,4762,9308
P4372,Front Product,Appliances,Sony,45204,55821
P4373,Down Product,Accessories,Dell,22651,36697
P4374,Pretty Product,Electronics,Boat,43716,55000
P4375,Serve Product,Electronics,Dell,30506,43705
P4376,Why Product,Office,Sony,36665,40885
P4377,Account Product,Furniture,Sony,6564,7924
P4378,Customer Product,Appliances,Lenovo,13196,19447
P4379,Officer Product,Office,Dell,10631,14024
P4380,Nation Product,Appliances,IKEA,12481,19933
P4381,Bit Product,Furniture,Sony,45382,49296
P4382,Of Product,Electronics,Sony,12374,26799
P4383,Face Product,Electronics,HP,21965,27983
P4384,Age Product,Accessories,IKEA,19002,23342
P4385,She Product,Accessories,Lenovo,33111,35292
P4386,Time Product,Furniture,Boat,37610,41765
P4387,Get Product,Accessories,Boat,11880,22427
P4388,When Product,Electronics,Boat,21005,31304
P4389,Star Product,Office,IKEA,22316,33584
P4390,Single Product,Appliances,Lenovo,12969,14393
P4391,Evening Product,Accessories,Boat,37165,41386
P4392,Remember Product,Electronics,Samsung,42386,45223
P4393,Number Product,Appliances,HP,21341,26959
P4394,Thing Product,Furniture,Boat,15037,29536
P4395,Charge Product,Accessories,Boat,40806,42003
P4396,Two Product,Office,Lenovo,40791,44244
P4397,Forget Product,Furniture,Lenovo,45030,54610
P4398,System Product,Office,Lenovo,23175,32941
P4399,These Product,Accessories,HP,10332,11386
P4400,Character Product,Accessories,Samsung,22278,23449
P4401,Approach Product,Appliances,Dell,16983,19580
P4402,Everybody Product,Accessories,Lenovo,5283,16704
P4403,Card Product,Accessories,Dell,16382,28403
P4404,Anything Product,Furniture,Lenovo,36113,46750
P4405,Ago Product,Electronics,Boat,32153,40951
P4406,Common Product,Office,Samsung,16112,19939
P4407,Else Product,Office,Lenovo,32854,33654
P4408,Ever Product,Appliances,Sony,38233,51718
P4409,Prevent Product,Electronics,Boat,49830,60504
P4410,Begin Product,Appliances,HP,9766,10623
P4411,Rock Product,Electronics,Sony,11557,20078
P4412,Friend Product,Accessories,IKEA,12767,22994
P4413,Black Product,Appliances,Dell,24198,29473
P4414,Pay Product,Office,Samsung,39233,49116
P4415,Sea Product,Office,HP,4813,7187
P4416,Present Product,Office,Sony,47932,55963
P4417,Final Product,Electronics,Dell,49272,57139
P4418,Arrive Product,Accessories,Boat,4311,5433
P4419,Let Product,Office,Boat,45925,50105
P4420,Meeting Product,Electronics,Boat,30331,34123
P4421,Garden Product,Electronics,Dell,28442,36629
P4422,Remain Product,Furniture,HP,33587,35977
P4423,Writer Product,Office,IKEA,23974,38107
P4424,Treat Product,Office,Lenovo,10802,13344
P4425,Computer Product,Electronics,Samsung,27590,42207
P4426,Tv Product,Electronics,Sony,37509,43664
P4427,Nearly Product,Office,IKEA,28396,36259
P4428,Under Product,Office,Boat,40091,51351
P4429,Democratic Product,Office,Lenovo,5234,15250
P4430,Image Product,Appliances,HP,36829,47595
P4431,Hotel Product,Appliances,Boat,44900,54594
P4432,Concern Product,Electronics,Boat,37682,49171
P4433,Live Product,Furniture,HP,21346,29934
P4434,Light Product,Accessories,Boat,12220,19113
P4435,Though Product,Accessories,Samsung,33351,39708
P4436,Type Product,Electronics,HP,3980,8789
P4437,Anyone Product,Office,HP,30317,44897
P4438,Drug Product,Office,HP,29618,44201
P4439,Painting Product,Accessories,Sony,25713,30024
P4440,Mouth Product,Appliances,Samsung,38509,47982
P4441,Security Product,Electronics,Dell,21264,25074
P4442,Rise Product,Furniture,HP,29817,33992
P4443,Challenge Product,Electronics,IKEA,37911,48080
P4444,Sister Product,Furniture,HP,46024,50755
P4445,See Product,Electronics,Samsung,14555,29447
P4446,News Product,Accessories,Boat,955,10429
P4447,Response Product,Accessories,Lenovo,20425,28917
P4448,Surface Product,Appliances,Dell,41885,53207
P4449,Gun Product,Electronics,IKEA,41955,50580
P4450,News Product,Appliances,Samsung,6621,7776
P4451,Could Product,Accessories,Sony,24540,35405
P4452,Us Product,Appliances,Sony,40268,53520
P4453,Suddenly Product,Furniture,Samsung,46677,50730
P4454,Model Product,Furniture,Sony,26729,35345
P4455,Last Product,Appliances,HP,31847,39149
P4456,Door Product,Electronics,Boat,49063,60571
P4457,Program Product,Electronics,Dell,23035,36063
P4458,She Product,Appliances,IKEA,17986,26046
P4459,Low Product,Electronics,Boat,47496,55848
P4460,Likely Product,Accessories,Boat,25034,25713
P4461,Manager Product,Office,Sony,8053,11604
P4462,My Product,Office,Lenovo,11204,23936
P4463,Concern Product,Accessories,Dell,39386,48585
P4464,Somebody Product,Furniture,HP,21520,33532
P4465,Foreign Product,Office,Lenovo,41104,44554
P4466,Sense Product,Electronics,Boat,9403,17313
P4467,Example Product,Electronics,IKEA,34260,39424
P4468,Group Product,Appliances,Sony,6690,11800
P4469,Last Product,Electronics,HP,45789,57637
P4470,Environment Product,Accessories,Boat,5941,14160
P4471,Road Product,Office,Dell,43741,48166
P4472,Clearly Product,Accessories,Dell,2677,10764
P4473,It Product,Electronics,IKEA,7041,11315
P4474,Something Product,Office,IKEA,506,8153
P4475,Inside Product,Appliances,HP,47174,48001
P4476,Similar Product,Furniture,Dell,23441,31877
P4477,Good Product,Appliances,IKEA,19821,32722
P4478,Cause Product,Furniture,Boat,38015,45948
P4479,Shoulder Product,Accessories,Sony,11638,23077
P4480,Often Product,Electronics,Lenovo,12862,24220
P4481,Institution Product,Accessories,HP,40892,50674
P4482,Role Product,Office,Dell,6229,11624
P4483,News Product,Furniture,Samsung,28910,31121
P4484,Anyone Product,Furniture,IKEA,43308,47484
P4485,Republican Product,Office,Dell,9864,16833
P4486,Son Product,Furniture,Boat,7852,13888
P4487,Throw Product,Electronics,Boat,30791,35048
P4488,Sell Product,Furniture,Sony,20489,21077
P4489,Sure Product,Office,Dell,22143,32435
P4490,Field Product,Accessories,Dell,28844,31943
P4491,Approach Product,Office,IKEA,41482,55155
P4492,Right Product,Electronics,Samsung,10621,24948
P4493,Direction Product,Electronics,Boat,18145,29924
P4494,Do Product,Accessories,Dell,49902,56549
P4495,Majority Product,Accessories,Sony,23244,27948
P4496,Discuss Product,Office,Samsung,15297,21154
P4497,Six Product,Accessories,IKEA,11764,15640
P4498,Listen Product,Appliances,Dell,40740,42252
P4499,Response Product,Accessories,Sony,19916,31528
P4500,Stop Product,Accessories,Boat,17744,21272
P4501,Teach Product,Furniture,HP,896,2807
P4502,Method Product,Office,Samsung,49465,64239
P4503,Marriage Product,Office,Dell,40423,44320
P4504,Watch Product,Appliances,HP,39342,46892
P4505,Political Product,Office,IKEA,4186,18523
P4506,Glass Product,Electronics,Dell,12567,27188
P4507,Idea Product,Appliances,Dell,9546,19022
P4508,Customer Product,Office,Sony,27784,37382
P4509,Business Product,Furniture,Lenovo,7933,10077
P4510,Until Product,Furniture,IKEA,16083,18410
P4511,Series Product,Accessories,HP,874,10053
P4512,Attention Product,Office,Sony,15781,19541
P4513,Hospital Product,Appliances,Sony,20040,32904
P4514,Full Product,Office,IKEA,8693,18088
P4515,Free Product,Office,IKEA,14068,15789
P4516,About Product,Electronics,Dell,39018,53693
P4517,But Product,Electronics,Dell,13249,15701
P4518,Another Product,Electronics,Lenovo,9617,15278
P4519,Program Product,Furniture,IKEA,45392,53226
P4520,Investment Product,Accessories,Lenovo,3808,7585
P4521,Sort Product,Furniture,IKEA,16278,26023
P4522,Free Product,Electronics,Dell,22281,32336
P4523,Language Product,Furniture,Dell,4090,11586
P4524,Best Product,Furniture,Boat,48771,57777
P4525,Too Product,Office,HP,6875,11860
P4526,Real Product,Furniture,Dell,32852,42775
P4527,Own Product,Furniture,Lenovo,36546,40601
P4528,Everybody Product,Electronics,Dell,46473,52404
P4529,Nothing Product,Electronics,IKEA,11272,20832
P4530,Open Product,Accessories,Lenovo,43549,55123
P4531,During Product,Electronics,Sony,29603,37733
P4532,Through Product,Electronics,HP,37461,48068
P4533,End Product,Accessories,Samsung,39788,50790
P4534,Huge Product,Electronics,Dell,1478,11000
P4535,International Product,Appliances,HP,39556,47744
P4536,Leave Product,Accessories,HP,16324,22322
P4537,Husband Product,Accessories,Sony,43456,44880
P4538,Name Product,Electronics,Samsung,7577,9261
P4539,House Product,Appliances,Lenovo,45939,59599
P4540,Along Product,Appliances,HP,49021,62770
P4541,Actually Product,Appliances,Sony,7003,15826
P4542,Study Product,Furniture,Dell,42190,55754
P4543,Expect Product,Office,Boat,40318,53260
P4544,Suddenly Product,Accessories,Sony,39413,40641
P4545,Certainly Product,Appliances,Dell,34412,45928
P4546,Himself Product,Furniture,IKEA,42897,47194
P4547,Responsibility Product,Furniture,Samsung,45509,58160
P4548,Range Product,Furniture,Sony,3812,16110
P4549,Themselves Product,Accessories,Samsung,32026,42272
P4550,Whom Product,Furniture,Sony,23167,33062
P4551,Begin Product,Accessories,Samsung,28084,30702
P4552,Reason Product,Appliances,Lenovo,21561,27598
P4553,Check Product,Appliances,Lenovo,46681,53143
P4554,Always Product,Accessories,Samsung,34440,47819
P4555,Wonder Product,Office,Dell,27214,34377
P4556,Side Product,Accessories,Dell,48111,60046
P4557,Receive Product,Accessories,HP,49384,58781
P4558,Everybody Product,Furniture,HP,42237,55325
P4559,Mind Product,Electronics,Sony,33757,41381
P4560,After Product,Office,HP,20390,29423
P4561,Character Product,Accessories,Lenovo,34653,44330
P4562,Him Product,Electronics,IKEA,22080,29134
P4563,Congress Product,Appliances,Lenovo,14708,28719
P4564,Base Product,Appliances,HP,38650,53572
P4565,Rich Product,Accessories,Sony,17751,29477
P4566,Also Product,Appliances,Dell,25907,34739
P4567,Expert Product,Accessories,Boat,22797,35377
P4568,Score Product,Office,Dell,37080,42357
P4569,Occur Product,Furniture,Dell,16254,27276
P4570,Game Product,Electronics,Samsung,37973,40007
P4571,Least Product,Office,HP,16789,29499
P4572,Near Product,Electronics,Sony,34934,41353
P4573,List Product,Accessories,HP,30236,34464
P4574,Life Product,Office,Boat,35903,43052
P4575,Argue Product,Accessories,Lenovo,3974,18044
P4576,On Product,Appliances,Lenovo,16744,22434
P4577,Participant Product,Furniture,Boat,35311,42214
P4578,Relate Product,Accessories,HP,21451,30492
P4579,Possible Product,Electronics,Dell,10795,11869
P4580,Standard Product,Electronics,HP,44907,57260
P4581,Eat Product,Accessories,Samsung,19189,20474
P4582,Activity Product,Office,IKEA,32729,43685
P4583,Space Product,Furniture,Lenovo,15229,22194
P4584,Participant Product,Appliances,IKEA,21653,30615
P4585,Financial Product,Office,Lenovo,36688,42175
P4586,Hold Product,Electronics,HP,11917,26308
P4587,Heavy Product,Appliances,Boat,43791,56064
P4588,Money Product,Accessories,Dell,21088,34527
P4589,Coach Product,Accessories,Sony,6858,19417
P4590,Street Product,Appliances,Sony,45270,50717
P4591,Serious Product,Furniture,Lenovo,26603,27955
P4592,Beyond Product,Furniture,HP,46928,53810
P4593,Campaign Product,Appliances,Samsung,18647,27636
P4594,System Product,Furniture,HP,28615,33370
P4595,Training Product,Accessories,Sony,23933,36990
P4596,However Product,Appliances,Sony,25094,33285
P4597,Along Product,Furniture,Dell,18871,33158
P4598,Scientist Product,Appliances,Dell,25763,35890
P4599,Just Product,Electronics,IKEA,39367,51279
P4600,Feel Product,Furniture,HP,29500,30396
P4601,For Product,Furniture,Lenovo,23264,24707
P4602,At Product,Appliances,Samsung,38223,42846
P4603,Hotel Product,Electronics,Sony,36706,50545
P4604,Administration Product,Office,Lenovo,38018,52724
P4605,Sport Product,Electronics,Dell,19698,30711
P4606,Staff Product,Accessories,Lenovo,25164,29816
P4607,Current Product,Office,IKEA,42466,43738
P4608,Partner Product,Accessories,Dell,31864,32660
P4609,Defense Product,Appliances,Sony,7410,12795
P4610,Sing Product,Accessories,Boat,33661,44937
P4611,Back Product,Office,Lenovo,3467,17520
P4612,Image Product,Office,IKEA,30676,42527
P4613,Reveal Product,Office,Dell,31602,36732
P4614,Red Product,Appliances,HP,7073,18912
P4615,Prepare Product,Furniture,IKEA,41160,45713
P4616,Staff Product,Accessories,Lenovo,47466,49463
P4617,Director Product,Accessories,Sony,37261,40587
P4618,House Product,Furniture,Boat,23190,30296
P4619,The Product,Appliances,Samsung,45251,59428
P4620,Put Product,Furniture,Sony,38000,39137
P4621,Detail Product,Appliances,Dell,27201,28847
P4622,Space Product,Electronics,Sony,10812,18777
P4623,Research Product,Appliances,HP,6993,14738
P4624,Page Product,Office,Boat,36965,42767
P4625,Who Product,Furniture,Lenovo,10536,11162
P4626,Skin Product,Electronics,Sony,12533,26693
P4627,Face Product,Office,Boat,19554,30964
P4628,Audience Product,Electronics,Dell,13926,21720
P4629,Pretty Product,Accessories,Sony,43774,58772
P4630,Might Product,Electronics,Samsung,13023,15206
P4631,Reach Product,Accessories,Sony,24286,30135
P4632,Central Product,Electronics,Sony,35087,39725
P4633,Ask Product,Accessories,Dell,14567,24221
P4634,Bar Product,Accessories,Sony,34618,36297
P4635,Change Product,Office,Samsung,1618,15888
P4636,Standard Product,Office,Lenovo,27829,31218
P4637,Much Product,Furniture,Boat,48357,52387
P4638,Here Product,Appliances,Boat,35939,49069
P4639,Hard Product,Electronics,Sony,40425,50923
P4640,Loss Product,Furniture,Boat,45942,53743
P4641,Exactly Product,Appliances,Sony,40887,54790
P4642,Know Product,Electronics,IKEA,22516,26125
P4643,Kind Product,Accessories,Samsung,25430,39848
P4644,Sing Product,Furniture,Dell,12409,18723
P4645,Area Product,Electronics,HP,47674,49226
P4646,Maybe Product,Office,IKEA,45504,53655
P4647,Him Product,Electronics,Dell,18257,29959
P4648,Yeah Product,Furniture,Dell,2619,6022
P4649,Yeah Product,Office,HP,8337,10418
P4650,Check Product,Accessories,Sony,35856,40295
P4651,Three Product,Furniture,Dell,27540,34799
P4652,Case Product,Electronics,IKEA,47632,55406
P4653,Choice Product,Appliances,Dell,40494,54287
P4654,Rate Product,Appliances,Lenovo,25138,29996
P4655,Pattern Product,Electronics,Dell,29183,30171
P4656,Good Product,Electronics,Dell,49982,59662
P4657,Chair Product,Accessories,HP,6661,11921
P4658,All Product,Office,IKEA,16459,28830
P4659,Budget Product,Furniture,Sony,32491,43086
P4660,Food Product,Appliances,Lenovo,42357,47614
P4661,Structure Product,Electronics,Sony,14308,17724
P4662,Cover Product,Accessories,HP,40053,47636
P4663,Chance Product,Accessories,Dell,16745,31455
P4664,Large Product,Electronics,IKEA,34524,47913
P4665,Already Product,Accessories,HP,48447,53331
P4666,Option Product,Electronics,HP,20958,34928
P4667,Yourself Product,Office,Samsung,48772,61194
P4668,Tend Product,Electronics,HP,34744,42511
P4669,Able Product,Appliances,IKEA,29384,31351
P4670,Later Product,Accessories,Dell,14380,15109
P4671,Rich Product,Appliances,Dell,32557,46520
P4672,Mind Product,Office,Boat,6161,12221
P4673,Clearly Product,Appliances,Dell,521,6280
P4674,Now Product,Office,Dell,48540,49948
P4675,Investment Product,Electronics,HP,22059,26896
P4676,Discuss Product,Furniture,Sony,1182,3355
P4677,Realize Product,Accessories,Dell,49784,55351
P4678,College Product,Furniture,Lenovo,12475,26980
P4679,Church Product,Electronics,Lenovo,1122,11522
P4680,Food Product,Furniture,Dell,24947,27267
P4681,Ready Product,Electronics,Samsung,39203,51261
P4682,Money Product,Office,Lenovo,24034,35969
P4683,Because Product,Furniture,IKEA,15438,17264
P4684,She Product,Office,Samsung,17754,19972
P4685,Which Product,Office,Dell,20477,26156
P4686,Police Product,Office,Lenovo,7285,8119
P4687,Cell Product,Appliances,Samsung,14230,20797
P4688,Report Product,Furniture,Dell,49758,62994
P4689,Class Product,Electronics,IKEA,2846,16107
P4690,Difficult Product,Office,Dell,16624,20247
P4691,Specific Product,Furniture,Sony,18657,21803
P4692,Employee Product,Office,Boat,16599,20115
P4693,Approach Product,Appliances,Boat,4218,13039
P4694,Bit Product,Electronics,Dell,3029,17223
P4695,Try Product,Appliances,Sony,16171,21643
P4696,Teach Product,Furniture,Sony,49616,52523
P4697,Provide Product,Furniture,Lenovo,26173,38461
P4698,Participant Product,Appliances,IKEA,47615,50944
P4699,Not Product,Electronics,Lenovo,13534,22741
P4700,Father Product,Appliances,Boat,6904,15115
P4701,Media Product,Electronics,HP,47410,49541
P4702,Tend Product,Furniture,Lenovo,3253,10061
P4703,Crime Product,Furniture,Samsung,27529,31837
P4704,Century Product,Electronics,Boat,1880,8878
P4705,Break Product,Office,Samsung,25565,36301
P4706,Performance Product,Accessories,Dell,23134,25759
P4707,Dream Product,Office,Lenovo,7252,14136
P4708,Stop Product,Appliances,Samsung,27329,39905
P4709,Then Product,Office,Lenovo,7844,15222
P4710,Perhaps Product,Accessories,Boat,31971,40115
P4711,Majority Product,Accessories,Lenovo,45675,56733
P4712,Trial Product,Appliances,IKEA,32256,43117
P4713,Entire Product,Furniture,Boat,20834,31295
P4714,Also Product,Accessories,IKEA,2832,16104
P4715,Whatever Product,Furniture,Dell,29001,31959
P4716,Describe Product,Appliances,Sony,39209,47009
P4717,Find Product,Office,Boat,13111,17660
P4718,Low Product,Office,IKEA,13277,23975
P4719,As Product,Furniture,Samsung,44664,49750
P4720,Anything Product,Accessories,Lenovo,38794,51807
P4721,Program Product,Office,Samsung,1781,15109
P4722,Whose Product,Accessories,Dell,7002,17492
P4723,Money Product,Electronics,Dell,6855,12419
P4724,And Product,Office,Dell,4871,19169
P4725,Us Product,Furniture,Lenovo,35943,38308
P4726,Present Product,Electronics,Lenovo,20827,31008
P4727,Morning Product,Office,HP,15633,16214
P4728,Onto Product,Office,Lenovo,6914,13656
P4729,Right Product,Electronics,Boat,33382,36720
P4730,Girl Product,Furniture,Boat,37702,51347
P4731,Follow Product,Accessories,Samsung,26480,35400
P4732,Population Product,Accessories,Dell,28573,29750
P4733,Dog Product,Electronics,Samsung,35682,49219
P4734,Bad Product,Appliances,HP,4904,18164
P4735,Only Product,Electronics,IKEA,5293,17655
P4736,Walk Product,Appliances,Dell,7468,16215
P4737,Open Product,Accessories,Lenovo,40574,47353
P4738,Adult Product,Electronics,HP,43354,48760
P4739,She Product,Appliances,Samsung,39376,52890
P4740,Stop Product,Office,HP,45184,54781
P4741,Rather Product,Electronics,Sony,8809,16057
P4742,Lead Product,Furniture,Lenovo,30908,34912
P4743,Recently Product,Furniture,Boat,47814,49567
P4744,Personal Product,Office,HP,29539,35210
P4745,Employee Product,Office,HP,42591,46585
P4746,Traditional Product,Appliances,Samsung,47991,62506
P4747,By Product,Office,Dell,34275,41796
P4748,Action Product,Office,Lenovo,13147,15892
P4749,Impact Product,Electronics,Boat,38576,40377
P4750,Difference Product,Furniture,HP,25117,38013
P4751,Realize Product,Appliances,IKEA,3032,5627
P4752,Less Product,Office,Samsung,46623,60645
P4753,Situation Product,Appliances,HP,27892,38482
P4754,Newspaper Product,Appliances,Samsung,4829,18311
P4755,First Product,Accessories,IKEA,40059,49219
P4756,By Product,Appliances,Boat,46146,49227
P4757,Learn Product,Office,IKEA,16458,19001
P4758,Score Product,Furniture,Sony,10040,14363
P4759,Nature Product,Accessories,Boat,10133,18179
P4760,Film Product,Electronics,Dell,44714,47089
P4761,Street Product,Furniture,Sony,22489,31895
P4762,Form Product,Furniture,Sony,16234,29820
P4763,Stuff Product,Furniture,IKEA,2852,12932
P4764,Only Product,Furniture,Sony,41694,50481
P4765,Fish Product,Accessories,Sony,49674,57245
P4766,Identify Product,Electronics,Dell,8068,13767
P4767,Dream Product,Office,Lenovo,28035,32253
P4768,Throughout Product,Office,HP,39420,53258
P4769,Realize Product,Furniture,Sony,24812,34040
P4770,Too Product,Electronics,Lenovo,37212,41588
P4771,Artist Product,Accessories,Samsung,16467,22404
P4772,Series Product,Electronics,Sony,18382,29764
P4773,Discussion Product,Appliances,Lenovo,48464,53383
P4774,Deep Product,Furniture,HP,49312,60316
P4775,His Product,Furniture,Boat,20945,31500
P4776,Director Product,Electronics,Lenovo,49069,49592
P4777,Activity Product,Office,Boat,21049,25123
P4778,Oil Product,Office,Sony,11653,21565
P4779,Beautiful Product,Electronics,HP,33452,39370
P4780,Police Product,Accessories,HP,31150,44977
P4781,Head Product,Furniture,Lenovo,18008,27457
P4782,Rise Product,Office,Lenovo,20333,23769
P4783,Behavior Product,Accessories,Sony,44186,49272
P4784,Soon Product,Appliances,Lenovo,37827,51288
P4785,Possible Product,Furniture,HP,869,6409
P4786,Because Product,Appliances,Sony,25908,32555
P4787,Cost Product,Appliances,Dell,6138,14741
P4788,Admit Product,Accessories,Dell,12617,18633
P4789,Notice Product,Office,HP,32423,35448
P4790,Threat Product,Furniture,Samsung,49778,55040
P4791,So Product,Appliances,Sony,3942,17688
P4792,Mrs Product,Office,HP,1508,9765
P4793,Technology Product,Appliances,Samsung,3602,4585
P4794,Ever Product,Appliances,Lenovo,39584,49439
P4795,Then Product,Appliances,Lenovo,45167,51226
P4796,Whom Product,Accessories,Boat,7490,21244
P4797,Radio Product,Electronics,Samsung,39262,41467
P4798,Decade Product,Electronics,Sony,16835,20126
P4799,Free Product,Office,Samsung,42356,50595
P4800,Suffer Product,Accessories,Sony,30730,39765
P4801,Change Product,Accessories,Dell,35936,44602
P4802,Stock Product,Office,Boat,18073,20041
P4803,Enjoy Product,Electronics,Boat,6753,7785
P4804,Particularly Product,Furniture,Samsung,9765,14637
P4805,Computer Product,Appliances,Sony,800,12347
P4806,Simply Product,Office,Dell,37091,39402
P4807,Yes Product,Office,Boat,16764,19727
P4808,Relationship Product,Accessories,Lenovo,19876,22305
P4809,Let Product,Accessories,Lenovo,30528,35190
P4810,Certain Product,Appliances,Dell,32452,47185
P4811,Life Product,Accessories,Dell,46128,52782
P4812,Drop Product,Accessories,Samsung,36848,41019
P4813,Compare Product,Furniture,HP,4098,5319
P4814,Reach Product,Electronics,Samsung,43737,57133
P4815,Including Product,Office,Sony,3850,16666
P4816,Seven Product,Furniture,Samsung,12752,17993
P4817,True Product,Office,Boat,38359,51206
P4818,Star Product,Furniture,Samsung,28218,28790
P4819,Strong Product,Accessories,Sony,926,3900
P4820,Day Product,Accessories,Samsung,38429,45255
P4821,Have Product,Office,Sony,24078,37291
P4822,Ok Product,Furniture,HP,6464,11233
P4823,Policy Product,Accessories,Dell,33915,47052
P4824,Wear Product,Furniture,Dell,16728,25421
P4825,Pay Product,Office,Lenovo,37902,49867
P4826,Contain Product,Electronics,Sony,49585,55332
P4827,Even Product,Appliances,IKEA,9199,23034
P4828,South Product,Electronics,Lenovo,31697,33703
P4829,Book Product,Office,Lenovo,15006,24553
P4830,Participant Product,Office,Dell,40140,49038
P4831,Source Product,Furniture,Samsung,14173,20583
P4832,Do Product,Electronics,Boat,38917,51583
P4833,Event Product,Accessories,Boat,38533,52390
P4834,Politics Product,Office,Samsung,11580,20344
P4835,Ground Product,Accessories,Dell,34065,39025
P4836,Measure Product,Accessories,Samsung,11723,14813
P4837,Specific Product,Appliances,Samsung,35347,42674
P4838,Bar Product,Office,Samsung,39826,42438
P4839,Way Product,Office,Dell,12813,18269
P4840,Almost Product,Appliances,Samsung,10274,21337
P4841,Father Product,Appliances,HP,20204,26793
P4842,Way Product,Office,Lenovo,7968,13095
P4843,Keep Product,Appliances,Lenovo,1275,3782
P4844,Start Product,Furniture,Samsung,34574,43858
P4845,History Product,Appliances,HP,39254,40755
P4846,Care Product,Electronics,Dell,14088,16986
P4847,Audience Product,Office,Samsung,12449,23013
P4848,Hear Product,Accessories,Dell,14851,24737
P4849,Represent Product,Office,Dell,13212,25622
P4850,Strategy Product,Office,HP,47266,56347
P4851,Despite Product,Electronics,IKEA,10313,24821
P4852,Window Product,Furniture,Lenovo,20625,29042
P4853,If Product,Electronics,Lenovo,638,12030
P4854,Others Product,Accessories,HP,46844,51519
P4855,Seat Product,Accessories,IKEA,27205,32202
P4856,Carry Product,Accessories,Boat,34767,39968
P4857,Not Product,Furniture,Samsung,33020,41704
P4858,Head Product,Office,Samsung,48418,56202
P4859,Spring Product,Furniture,Samsung,24438,26524
P4860,Develop Product,Office,Dell,42322,51155
P4861,Consumer Product,Electronics,Samsung,3104,14464
P4862,Remember Product,Office,Boat,20068,26276
P4863,Sometimes Product,Electronics,HP,26443,40273
P4864,Responsibility Product,Appliances,Sony,42444,45719
P4865,Cause Product,Furniture,HP,14465,29451
P4866,So Product,Appliances,Lenovo,49284,63951
P4867,Read Product,Electronics,IKEA,12104,17017
P4868,Former Product,Appliances,IKEA,21672,30127
P4869,Trial Product,Appliances,Dell,40902,54676
P4870,Direction Product,Accessories,Lenovo,13477,15438
P4871,Next Product,Office,HP,8110,18970
P4872,Once Product,Accessories,Lenovo,1371,8735
P4873,Evening Product,Accessories,Samsung,28715,38581
P4874,Speak Product,Accessories,HP,22288,36180
P4875,Fast Product,Appliances,Boat,36930,37684
P4876,Style Product,Furniture,Lenovo,49751,57826
P4877,First Product,Appliances,Samsung,21027,21937
P4878,Meet Product,Office,Sony,23307,29801
P4879,It Product,Office,Samsung,24043,30188
P4880,Your Product,Office,Lenovo,44596,54140
P4881,Recognize Product,Electronics,Sony,47924,60251
P4882,Nearly Product,Office,Boat,42111,55239
P4883,Doctor Product,Accessories,HP,18890,31951
P4884,Senior Product,Office,Samsung,24292,32692
P4885,Seat Product,Electronics,IKEA,39838,41750
P4886,Official Product,Appliances,Boat,39933,44110
P4887,Again Product,Furniture,Dell,11948,17369
P4888,Development Product,Office,Dell,2194,4670
P4889,Ball Product,Furniture,Lenovo,7065,11778
P4890,Main Product,Electronics,HP,25539,35182
P4891,Fight Product,Appliances,Dell,36759,49589
P4892,Your Product,Electronics,Dell,39027,50694
P4893,People Product,Accessories,HP,33440,35643
P4894,Success Product,Accessories,Lenovo,24324,30404
P4895,Change Product,Appliances,Sony,45289,48494
P4896,Particularly Product,Furniture,Boat,49720,56359
P4897,The Product,Appliances,Lenovo,29739,38548
P4898,Arrive Product,Office,HP,25711,35570
P4899,Well Product,Accessories,Samsung,48431,61739
P4900,Measure Product,Appliances,Dell,3587,4999
P4901,Seven Product,Electronics,Boat,32614,33671
P4902,When Product,Appliances,Sony,1078,7848
P4903,Business Product,Furniture,Boat,43214,49644
P4904,Scene Product,Electronics,HP,37168,48762
P4905,Right Product,Furniture,IKEA,25346,32363
P4906,Bit Product,Appliances,Boat,33736,44274
P4907,Your Product,Appliances,Lenovo,29343,32004
P4908,Rest Product,Electronics,HP,38369,51164
P4909,Manager Product,Accessories,HP,11278,18290
P4910,Black Product,Furniture,Sony,23456,32634
P4911,Camera Product,Accessories,IKEA,8829,18882
P4912,Of Product,Office,Lenovo,39049,41091
P4913,Study Product,Appliances,Boat,43250,44257
P4914,Response Product,Furniture,HP,37433,50917
P4915,Night Product,Office,HP,36592,41708
P4916,Reach Product,Appliances,Dell,8597,16910
P4917,Rock Product,Furniture,Lenovo,30780,36974
P4918,Realize Product,Electronics,HP,44624,51479
P4919,Upon Product,Accessories,Dell,22320,34702
P4920,Early Product,Electronics,Boat,47705,62084
P4921,Student Product,Furniture,Dell,47671,57974
P4922,Assume Product,Office,HP,2448,17272
P4923,Live Product,Accessories,HP,45054,45577
P4924,Sign Product,Appliances,Samsung,12586,17090
P4925,Dark Product,Furniture,Dell,4507,19331
P4926,Across Product,Accessories,Boat,22674,23457
P4927,Stage Product,Electronics,Dell,3235,6173
P4928,Change Product,Appliances,HP,36433,37037
P4929,Change Product,Furniture,Boat,45003,57835
P4930,Assume Product,Electronics,IKEA,30952,33646
P4931,Wind Product,Electronics,Samsung,11078,17770
P4932,Site Product,Electronics,Lenovo,2183,10903
P4933,Agency Product,Office,Samsung,10491,25008
P4934,This Product,Electronics,Samsung,46150,47671
P4935,Over Product,Office,Sony,521,3332
P4936,Above Product,Office,Dell,10048,18889
P4937,Audience Product,Furniture,Samsung,10346,22606
P4938,Point Product,Accessories,HP,48250,62618
P4939,Use Product,Electronics,Dell,46596,60270
P4940,Can Product,Appliances,Sony,19702,27917
P4941,Society Product,Appliances,Boat,7467,10155
P4942,Street Product,Furniture,Dell,849,8933
P4943,Establish Product,Office,HP,38882,52267
P4944,Lot Product,Furniture,Samsung,15864,29047
P4945,Sign Product,Accessories,Dell,48198,57972
P4946,Learn Product,Appliances,Samsung,20210,28391
P4947,Concern Product,Furniture,Lenovo,10664,20055
P4948,Many Product,Office,Samsung,27585,30900
P4949,Program Product,Furniture,HP,23226,31662
P4950,Page Product,Furniture,HP,26572,31723
P4951,End Product,Electronics,Dell,2396,6410
P4952,Mr Product,Electronics,Lenovo,32239,33186
P4953,Black Product,Office,Dell,48056,51626
P4954,Field Product,Furniture,HP,14518,21041
P4955,Reason Product,Appliances,Sony,27742,35387
P4956,Plan Product,Furniture,Sony,9045,21098
P4957,Run Product,Electronics,Boat,18398,28080
P4958,Development Product,Furniture,HP,37348,39103
P4959,Wrong Product,Accessories,HP,28617,38172
P4960,Final Product,Accessories,Dell,31398,37097
P4961,Use Product,Accessories,Sony,22293,27352
P4962,Build Product,Appliances,Lenovo,1586,2606
P4963,Should Product,Furniture,Lenovo,15354,24454
P4964,Detail Product,Office,Boat,13166,21406
P4965,Lose Product,Electronics,Lenovo,34993,39080
P4966,Article Product,Electronics,IKEA,46843,48121
P4967,Visit Product,Furniture,Dell,17695,31866
P4968,Claim Product,Furniture,Boat,36968,46038
P4969,Cover Product,Appliances,IKEA,32847,38914
P4970,Require Product,Electronics,HP,23018,37195
P4971,Prevent Product,Appliances,Samsung,24945,33188
P4972,Hold Product,Appliances,Boat,12858,24998
P4973,Section Product,Office,Dell,14719,18608
P4974,Baby Product,Electronics,IKEA,42932,57797
P4975,Seven Product,Electronics,IKEA,21239,32758
P4976,Within Product,Furniture,HP,16002,30189
P4977,Performance Product,Office,Boat,827,8756
P4978,Attack Product,Appliances,Sony,23841,26290
P4979,Public Product,Electronics,IKEA,20685,25296
P4980,Ready Product,Accessories,Sony,26858,36539
P4981,Through Product,Electronics,HP,4717,7965
P4982,Whom Product,Appliances,Dell,10580,21722
P4983,Raise Product,Furniture,Sony,47565,55449
P4984,Friend Product,Furniture,Boat,2750,10598
P4985,Crime Product,Furniture,Sony,30665,41605
P4986,Knowledge Product,Furniture,Boat,31951,39519
P4987,Between Product,Accessories,Lenovo,23958,38582
P4988,Allow Product,Appliances,Boat,25250,29850
P4989,Pressure Product,Appliances,Dell,14177,16930
P4990,Writer Product,Furniture,HP,41875,51019
P4991,Ball Product,Electronics,IKEA,942,14152
P4992,Character Product,Appliances,Sony,27874,36623
P4993,Check Product,Accessories,IKEA,6444,20235
P4994,Leave Product,Accessories,Sony,35761,40573
P4995,Crime Product,Office,HP,22384,36172
P4996,Once Product,Electronics,HP,1355,14820
P4997,Democrat Product,Appliances,Dell,2434,3980
P4998,Wide Product,Appliances,IKEA,22088,36954
P4999,Between Product,Office,HP,20613,24609
P5000,City Product,Appliances,Samsung,28044,41914
P5001,Career Product,Office,Lenovo,1758,8982
P5002,Get Product,Electronics,Sony,19497,30116
P5003,Indeed Product,Electronics,Boat,14040,23490
P5004,Century Product,Electronics,Lenovo,8982,16638
P5005,Nothing Product,Electronics,IKEA,37535,46229
P5006,Eye Product,Furniture,Lenovo,42323,45823
P5007,Work Product,Accessories,Samsung,21349,31348
P5008,Admit Product,Electronics,Lenovo,27219,32514
P5009,Despite Product,Furniture,HP,37801,50231
P5010,Religious Product,Office,Boat,20306,26400
P5011,Garden Product,Office,HP,10742,24159
P5012,Until Product,Furniture,IKEA,27584,39672
P5013,Resource Product,Electronics,HP,22913,27713
P5014,Hear Product,Office,IKEA,27358,33839
P5015,Total Product,Electronics,Boat,25486,38436
P5016,Follow Product,Furniture,Dell,32426,41699
P5017,Drop Product,Furniture,Lenovo,12927,24802
P5018,Would Product,Furniture,Samsung,14592,24617
P5019,Western Product,Electronics,IKEA,24330,34117
P5020,Debate Product,Office,Boat,17549,29248
P5021,Turn Product,Electronics,Lenovo,49201,59857
P5022,Trip Product,Accessories,Lenovo,26503,36844
P5023,End Product,Furniture,HP,40980,46502
P5024,Forward Product,Accessories,Dell,27122,38856
P5025,Claim Product,Electronics,Sony,42210,47990
P5026,Behavior Product,Accessories,IKEA,20874,34559
P5027,State Product,Electronics,Samsung,29291,42412
P5028,Activity Product,Accessories,Boat,16363,19860
P5029,Be Product,Office,Sony,39509,52522
P5030,Local Product,Accessories,Sony,21898,32950
P5031,Garden Product,Office,HP,6585,12613
P5032,Rock Product,Electronics,Samsung,25170,28753
P5033,Out Product,Furniture,Dell,34298,42833
P5034,Cup Product,Electronics,Lenovo,34349,44606
P5035,Begin Product,Accessories,IKEA,19037,26237
P5036,They Product,Electronics,Dell,30994,44802
P5037,Artist Product,Appliances,IKEA,48168,53983
P5038,Even Product,Electronics,Boat,48760,61408
P5039,Air Product,Office,Lenovo,16887,25454
P5040,Win Product,Appliances,Lenovo,46542,53432
P5041,Similar Product,Accessories,IKEA,9107,11619
P5042,With Product,Furniture,HP,43956,54647
P5043,Year Product,Electronics,Boat,34517,41634
P5044,Weight Product,Electronics,Dell,20591,23557
P5045,What Product,Office,IKEA,20133,27204
P5046,Western Product,Electronics,Lenovo,3041,6814
P5047,Hair Product,Appliances,Dell,49219,50849
P5048,Rich Product,Accessories,Dell,43718,48215
P5049,Memory Product,Electronics,HP,15682,26541
P5050,Free Product,Office,Lenovo,43396,46520
P5051,Everybody Product,Electronics,HP,10465,18950
P5052,Anything Product,Electronics,Dell,45279,53300
P5053,Knowledge Product,Office,Boat,15555,24366
P5054,Alone Product,Furniture,Sony,17489,26640
P5055,Miss Product,Furniture,IKEA,19734,27370
P5056,Use Product,Office,IKEA,28977,41060
P5057,Theory Product,Furniture,Dell,33277,33932
P5058,Rise Product,Office,Samsung,31140,35329
P5059,Local Product,Office,IKEA,35159,45516
P5060,Short Product,Appliances,Dell,13480,17198
P5061,Themselves Product,Furniture,Samsung,49261,55494
P5062,Whether Product,Furniture,Boat,35650,45612
P5063,Anything Product,Electronics,HP,946,5121
P5064,Care Product,Furniture,Sony,39178,47511
P5065,Commercial Product,Appliances,Lenovo,10455,11353
P5066,International Product,Appliances,Dell,41029,49307
P5067,Social Product,Furniture,Dell,20206,34024
P5068,Little Product,Accessories,Sony,4261,7041
P5069,Who Product,Office,Sony,37668,46315
P5070,Present Product,Electronics,HP,33943,34654
P5071,Sit Product,Electronics,Dell,13972,21060
P5072,Since Product,Appliances,Samsung,39497,44307
P5073,Page Product,Appliances,Boat,23551,27428
P5074,Method Product,Accessories,Dell,25909,33486
P5075,Special Product,Appliances,HP,21833,22973
P5076,Mr Product,Appliances,IKEA,46807,53253
P5077,Rate Product,Furniture,Lenovo,42027,47383
P5078,Other Product,Appliances,Sony,18820,29328
P5079,When Product,Accessories,Dell,28867,40779
P5080,Goal Product,Electronics,Samsung,7349,15801
P5081,Method Product,Furniture,Dell,19031,25436
P5082,Mention Product,Accessories,Lenovo,31955,43185
P5083,Recently Product,Electronics,Lenovo,43078,47392
P5084,Hope Product,Furniture,HP,48961,52425
P5085,Most Product,Electronics,Boat,48336,52469
P5086,These Product,Office,Sony,28770,34433
P5087,Happen Product,Furniture,Dell,31980,41470
P5088,Become Product,Accessories,IKEA,9143,12316
P5089,Owner Product,Accessories,Samsung,3023,11251
P5090,Father Product,Office,Samsung,4615,6416
P5091,Ability Product,Electronics,Lenovo,35669,42442
P5092,Wrong Product,Office,Samsung,5185,10359
P5093,Father Product,Accessories,Sony,28087,31018
P5094,Glass Product,Appliances,IKEA,9088,23599
P5095,Stay Product,Electronics,IKEA,19211,33812
P5096,Least Product,Electronics,Lenovo,3019,4406
P5097,Institution Product,Furniture,Dell,28570,30908
P5098,Happen Product,Accessories,Sony,16224,18962
P5099,Hundred Product,Accessories,Sony,40168,52753
P5100,Current Product,Appliances,Sony,20267,27789
P5101,Cold Product,Office,HP,30721,40920
P5102,Purpose Product,Accessories,HP,10238,16046
P5103,Cover Product,Furniture,Samsung,3932,15528
P5104,Gun Product,Appliances,Boat,46433,61079
P5105,Performance Product,Furniture,Samsung,8673,23158
P5106,Technology Product,Furniture,Sony,8756,11725
P5107,Fish Product,Accessories,Sony,22624,25191
P5108,Say Product,Accessories,Boat,44191,48871
P5109,Budget Product,Furniture,IKEA,22575,27359
P5110,Street Product,Office,Boat,14270,23317
P5111,Son Product,Appliances,HP,5002,10142
P5112,Huge Product,Appliances,IKEA,18849,28873
P5113,Nothing Product,Accessories,Lenovo,22717,23934
P5114,Interesting Product,Accessories,IKEA,26704,33868
P5115,Film Product,Accessories,Boat,43995,53404
P5116,Meet Product,Electronics,Lenovo,5715,12964
P5117,Movie Product,Office,Sony,34472,36082
P5118,Like Product,Appliances,Sony,5808,8954
P5119,Office Product,Furniture,Boat,4248,14094
P5120,Member Product,Electronics,IKEA,16660,28873
P5121,Quickly Product,Electronics,HP,47671,49427
P5122,Security Product,Accessories,Sony,45727,50481
P5123,Daughter Product,Furniture,IKEA,37460,47544
P5124,Foot Product,Appliances,Lenovo,9156,16377
P5125,Wide Product,Furniture,Dell,2310,16081
P5126,Call Product,Furniture,Boat,42272,49864
P5127,Financial Product,Office,Samsung,1875,13869
P5128,In Product,Office,Boat,11447,16244
P5129,Food Product,Appliances,IKEA,25175,28409
P5130,Effect Product,Office,Boat,36023,39494
P5131,Full Product,Office,Sony,13905,26398
P5132,Else Product,Electronics,Samsung,44896,59195
P5133,Such Product,Accessories,HP,33098,42461
P5134,So Product,Appliances,Sony,33325,35746
P5135,Improve Product,Accessories,Sony,2949,5072
P5136,Determine Product,Electronics,HP,38647,39355
P5137,Phone Product,Appliances,Samsung,33115,41243
P5138,Last Product,Accessories,HP,3595,5937
P5139,Positive Product,Furniture,Samsung,29987,43804
P5140,Of Product,Office,IKEA,43862,49202
P5141,Moment Product,Accessories,HP,11575,18946
P5142,If Product,Accessories,Sony,35493,45435
P5143,Service Product,Electronics,IKEA,21592,31782
P5144,Doctor Product,Office,Boat,16923,18656
P5145,Can Product,Furniture,IKEA,3960,8633
P5146,Economy Product,Electronics,Sony,35132,37108
P5147,State Product,Electronics,Boat,38247,40319
P5148,Produce Product,Electronics,HP,20172,28892
P5149,Conference Product,Electronics,Sony,35234,37148
P5150,If Product,Accessories,Lenovo,45878,56991
P5151,Name Product,Furniture,Samsung,17708,27551
P5152,Person Product,Appliances,Samsung,5991,9061
P5153,Weight Product,Appliances,IKEA,14187,27738
P5154,Similar Product,Appliances,Boat,40652,51691
P5155,Cause Product,Appliances,Samsung,11960,12651
P5156,Treat Product,Appliances,HP,23870,35098
P5157,Sister Product,Electronics,Dell,22036,24709
P5158,Bit Product,Appliances,Samsung,32203,41377
P5159,Physical Product,Electronics,Samsung,14864,20480
P5160,Kind Product,Furniture,HP,10937,23033
P5161,Raise Product,Furniture,Sony,48363,51369
P5162,Role Product,Appliances,Dell,26489,34854
P5163,End Product,Appliances,IKEA,18440,29288
P5164,Develop Product,Furniture,IKEA,14174,19686
P5165,Hit Product,Furniture,Dell,38906,46311
P5166,Couple Product,Appliances,Boat,26862,29447
P5167,Raise Product,Electronics,Boat,10413,12950
P5168,Born Product,Furniture,Boat,35149,37112
P5169,Coach Product,Accessories,IKEA,13961,21555
P5170,Else Product,Office,HP,7523,13134
P5171,Instead Product,Electronics,Lenovo,15519,16873
P5172,Development Product,Office,Boat,37419,49825
P5173,Reflect Product,Office,Boat,31038,41537
P5174,Stock Product,Furniture,Samsung,39404,40243
P5175,Activity Product,Office,Dell,4646,18132
P5176,Information Product,Office,Sony,33371,35260
P5177,Within Product,Appliances,IKEA,31352,41950
P5178,Detail Product,Furniture,Boat,40948,47476
P5179,Talk Product,Furniture,Dell,30632,44858
P5180,Truth Product,Office,Sony,46109,49312
P5181,Factor Product,Office,Boat,30016,34394
P5182,Through Product,Appliances,Samsung,48517,52029
P5183,Stuff Product,Appliances,HP,27274,39622
P5184,Bag Product,Accessories,Samsung,32872,36128
P5185,Central Product,Accessories,HP,2741,15123
P5186,Time Product,Accessories,Lenovo,5009,7409
P5187,Positive Product,Office,Samsung,8572,19711
P5188,See Product,Accessories,Boat,34610,47666
P5189,Without Product,Furniture,Lenovo,23400,37900
P5190,Interest Product,Furniture,Boat,19895,29275
P5191,Price Product,Appliances,IKEA,36309,49229
P5192,Model Product,Electronics,Dell,43914,51451
P5193,Other Product,Furniture,Samsung,15188,18668
P5194,Thus Product,Appliances,Dell,49103,54834
P5195,Discussion Product,Office,Samsung,11676,19186
P5196,Hard Product,Office,Dell,38975,49298
P5197,General Product,Appliances,Boat,37764,39156
P5198,Relate Product,Appliances,Sony,38126,47548
P5199,Large Product,Electronics,Dell,22244,27352
P5200,Part Product,Office,Lenovo,48102,50117
P5201,Central Product,Furniture,Boat,19549,31978
P5202,Weight Product,Electronics,Sony,2922,11884
P5203,World Product,Furniture,Boat,49328,58415
P5204,Begin Product,Office,Samsung,44017,49643
P5205,Affect Product,Office,Boat,36838,47724
P5206,Receive Product,Accessories,Lenovo,4470,19315
P5207,Necessary Product,Accessories,IKEA,6836,12611
P5208,Season Product,Appliances,IKEA,42780,53960
P5209,Daughter Product,Electronics,Lenovo,10663,16620
P5210,Institution Product,Appliances,Dell,18043,29286
P5211,Remember Product,Accessories,Lenovo,32985,37115
P5212,Room Product,Furniture,Sony,28222,34981
P5213,Knowledge Product,Appliances,Lenovo,41075,48916
P5214,Above Product,Office,Samsung,18976,22820
P5215,Major Product,Appliances,IKEA,32171,37648
P5216,Government Product,Accessories,Lenovo,47380,58319
P5217,More Product,Office,IKEA,46401,54397
P5218,Risk Product,Appliances,IKEA,17840,30532
P5219,Yes Product,Accessories,Sony,38514,43952
P5220,Nice Product,Accessories,HP,29590,39957
P5221,Argue Product,Electronics,IKEA,26878,34181
P5222,Forget Product,Appliances,Sony,18180,19740
P5223,Party Product,Furniture,Boat,2689,9186
P5224,Instead Product,Furniture,Lenovo,43047,44400
P5225,Take Product,Furniture,IKEA,19088,20847
P5226,Seat Product,Accessories,HP,12493,24598
P5227,Plan Product,Office,Lenovo,22319,22849
P5228,Measure Product,Furniture,Boat,10957,23724
P5229,Boy Product,Office,Sony,1608,2667
P5230,Exactly Product,Accessories,Samsung,10692,12984
P5231,Song Product,Furniture,Samsung,20524,23028
P5232,Goal Product,Appliances,Samsung,46815,60244
P5233,Approach Product,Furniture,HP,29554,34305
P5234,Concern Product,Office,Boat,18460,28686
P5235,Seat Product,Electronics,Lenovo,44768,47597
P5236,Peace Product,Office,Sony,25947,40264
P5237,Sell Product,Electronics,IKEA,41226,54215
P5238,Gun Product,Furniture,Samsung,28130,32746
P5239,Article Product,Electronics,IKEA,10989,23741
P5240,Politics Product,Accessories,Samsung,35988,37644
P5241,Wonder Product,Office,Samsung,6386,15819
P5242,Successful Product,Office,Lenovo,29558,35709
P5243,Trial Product,Furniture,HP,18530,21776
P5244,Blood Product,Office,Samsung,41074,41878
P5245,Per Product,Furniture,Dell,8109,14392
P5246,Quite Product,Office,Boat,2818,10196
P5247,Certainly Product,Accessories,Lenovo,5852,15710
P5248,Save Product,Office,Samsung,47538,58762
P5249,Population Product,Accessories,HP,8271,19586
P5250,President Product,Appliances,Samsung,43615,53266
P5251,Tough Product,Appliances,Samsung,12407,24615
P5252,Seek Product,Accessories,Samsung,47326,50259
P5253,Soon Product,Office,Sony,16260,22971
P5254,Past Product,Furniture,Dell,10759,20430
P5255,Bit Product,Accessories,Lenovo,49432,55180
P5256,Offer Product,Appliances,Samsung,31046,32927
P5257,Painting Product,Furniture,IKEA,38575,49801
P5258,Project Product,Accessories,Samsung,11434,16314
P5259,Upon Product,Furniture,HP,6526,11111
P5260,Tell Product,Office,Lenovo,17384,20935
P5261,Rich Product,Accessories,IKEA,47069,60825
P5262,Administration Product,Furniture,Lenovo,14373,24475
P5263,Strong Product,Electronics,Dell,10447,14194
P5264,Young Product,Appliances,Lenovo,27456,41207
P5265,Remember Product,Electronics,Dell,33625,36073
P5266,Word Product,Office,IKEA,39062,47561
P5267,Moment Product,Accessories,Lenovo,12414,26648
P5268,Key Product,Office,IKEA,22650,31017
P5269,Sure Product,Office,Boat,4051,5423
P5270,Attorney Product,Office,Lenovo,5313,7474
P5271,Charge Product,Office,Lenovo,47121,53505
P5272,Decide Product,Electronics,Boat,12145,16176
P5273,Move Product,Electronics,Boat,35812,48369
P5274,Protect Product,Electronics,Lenovo,28763,43465
P5275,Each Product,Office,Dell,32691,44851
P5276,Though Product,Office,Boat,23917,33426
P5277,Leader Product,Furniture,Samsung,14606,18531
P5278,Strong Product,Appliances,Lenovo,46647,55849
P5279,Science Product,Appliances,Samsung,20277,29176
P5280,Service Product,Furniture,Boat,49644,60355
P5281,Movie Product,Electronics,Sony,16179,17736
P5282,Suddenly Product,Office,Boat,8399,19381
P5283,Hear Product,Electronics,Boat,38118,41982
P5284,Strong Product,Office,Samsung,20755,32751
P5285,He Product,Accessories,Lenovo,31295,36977
P5286,Fast Product,Appliances,HP,36607,44981
P5287,Record Product,Electronics,Samsung,47689,52104
P5288,Loss Product,Office,Dell,33375,48209
P5289,Participant Product,Electronics,Lenovo,44385,45040
P5290,Morning Product,Furniture,Dell,17271,31031
P5291,However Product,Appliances,Lenovo,30603,33942
P5292,Rise Product,Furniture,Lenovo,29854,30696
P5293,Kid Product,Furniture,HP,37292,49620
P5294,Until Product,Electronics,Lenovo,11544,26519
P5295,Rate Product,Office,HP,46612,61508
P5296,When Product,Electronics,Lenovo,9746,23566
P5297,Either Product,Accessories,IKEA,5267,17908
P5298,Because Product,Furniture,Dell,4486,13240
P5299,About Product,Office,Samsung,6474,8841
P5300,Action Product,Office,IKEA,21775,36561
P5301,Republican Product,Office,Boat,32275,41264
P5302,He Product,Furniture,Dell,21406,25936
P5303,Eat Product,Appliances,IKEA,27092,40146
P5304,Lead Product,Electronics,Samsung,21806,22949
P5305,Model Product,Office,Boat,2428,8135
P5306,Participant Product,Appliances,Dell,35231,40917
P5307,Effort Product,Appliances,HP,18850,27548
P5308,There Product,Appliances,Dell,40926,52976
P5309,Life Product,Appliances,Boat,1375,3674
P5310,Economy Product,Electronics,Sony,38296,42457
P5311,Involve Product,Accessories,Sony,41701,42890
P5312,Anything Product,Appliances,Dell,27402,33800
P5313,Foreign Product,Accessories,Samsung,11656,14400
P5314,Than Product,Appliances,Lenovo,46674,61476
P5315,Others Product,Office,Sony,22543,36564
P5316,Congress Product,Electronics,Sony,40036,41485
P5317,Party Product,Office,Boat,24581,34829
P5318,Western Product,Electronics,Dell,16489,20509
P5319,Site Product,Accessories,HP,49945,60205
P5320,Wide Product,Furniture,Samsung,47031,59392
P5321,Have Product,Accessories,Lenovo,15903,17356
P5322,Next Product,Office,Samsung,10593,13161
P5323,Ago Product,Electronics,IKEA,10824,18832
P5324,Realize Product,Furniture,Dell,18963,28122
P5325,Always Product,Office,Sony,2749,5841
P5326,Scientist Product,Office,Sony,17482,21838
P5327,Ok Product,Office,Boat,15815,21314
P5328,Population Product,Furniture,IKEA,44329,53706
P5329,Class Product,Furniture,Lenovo,31865,33708
P5330,We Product,Office,Dell,43699,45371
P5331,Provide Product,Accessories,Boat,49695,50517
P5332,Town Product,Office,IKEA,21750,28874
P5333,Force Product,Electronics,HP,15270,29986
P5334,Group Product,Furniture,Lenovo,27681,40641
P5335,Thousand Product,Office,Boat,4450,16294
P5336,Again Product,Office,HP,48121,56069
P5337,Race Product,Accessories,Lenovo,30986,44920
P5338,Evening Product,Electronics,Boat,38806,46728
P5339,Spend Product,Furniture,HP,1709,10709
P5340,Go Product,Accessories,Dell,38008,52384
P5341,Record Product,Furniture,Lenovo,35321,45351
P5342,Only Product,Appliances,Lenovo,34971,37393
P5343,Could Product,Appliances,Samsung,40492,53000
P5344,Only Product,Office,Samsung,47984,61001
P5345,Follow Product,Office,Samsung,4389,9601
P5346,Reflect Product,Accessories,Sony,36428,42166
P5347,Professional Product,Appliances,Samsung,32762,42916
P5348,Receive Product,Electronics,Lenovo,16353,22813
P5349,Think Product,Electronics,HP,28278,39315
P5350,Each Product,Appliances,Dell,17256,27569
P5351,From Product,Appliances,Sony,39463,50033
P5352,Like Product,Furniture,IKEA,43803,47670
P5353,Culture Product,Accessories,Samsung,17918,31590
P5354,Interview Product,Office,Boat,34397,34922
P5355,Rule Product,Accessories,Boat,2014,15196
P5356,Investment Product,Furniture,Boat,22030,31881
P5357,Capital Product,Appliances,IKEA,31134,45367
P5358,Friend Product,Office,Lenovo,15322,17981
P5359,Big Product,Accessories,Lenovo,37245,42975
P5360,Public Product,Appliances,Boat,14122,21096
P5361,Mission Product,Appliances,Samsung,12844,23323
P5362,Finally Product,Accessories,Boat,39832,46350
P5363,East Product,Accessories,Boat,9595,13461
P5364,Interest Product,Appliances,Samsung,7607,9650
P5365,Know Product,Furniture,IKEA,5017,19906
P5366,Receive Product,Furniture,Lenovo,6468,8494
P5367,Husband Product,Office,Dell,38182,43575
P5368,Fight Product,Office,Lenovo,31088,35488
P5369,Take Product,Furniture,HP,48983,54690
P5370,Although Product,Electronics,IKEA,790,2945
P5371,Back Product,Accessories,IKEA,45925,51637
P5372,Avoid Product,Appliances,Samsung,26015,38539
P5373,Idea Product,Office,IKEA,1669,2442
P5374,Party Product,Accessories,Sony,35885,45895
P5375,Would Product,Office,Sony,1346,2245
P5376,Either Product,Furniture,Dell,43463,48460
P5377,Themselves Product,Electronics,Lenovo,19931,33870
P5378,Subject Product,Office,Dell,22111,26669
P5379,Particular Product,Electronics,IKEA,775,15133
P5380,Return Product,Furniture,HP,9714,23427
P5381,Red Product,Accessories,Boat,43023,55953
P5382,Beat Product,Furniture,IKEA,12710,25961
P5383,Open Product,Office,Sony,34792,48887
P5384,Class Product,Office,Lenovo,46404,50300
P5385,Candidate Product,Office,Samsung,5307,7803
P5386,Outside Product,Accessories,Lenovo,20866,22282
P5387,Smile Product,Office,Lenovo,6699,21453
P5388,Section Product,Electronics,IKEA,15746,28996
P5389,Ago Product,Appliances,Boat,23595,29769
P5390,Make Product,Office,IKEA,12973,26412
P5391,Ball Product,Appliances,Boat,23685,38287
P5392,Budget Product,Office,HP,8114,21763
P5393,Including Product,Appliances,IKEA,23083,28082
P5394,Away Product,Furniture,Samsung,16382,26671
P5395,By Product,Appliances,Sony,48559,54478
P5396,Team Product,Office,HP,31022,31699
P5397,Analysis Product,Electronics,Lenovo,17756,30764
P5398,Program Product,Furniture,HP,15585,26372
P5399,Lay Product,Office,Dell,21084,27196
P5400,Finally Product,Electronics,Boat,9417,23297
P5401,Republican Product,Electronics,Boat,35368,47007
P5402,Beyond Product,Accessories,HP,810,6810
P5403,Remain Product,Furniture,HP,35952,43502
P5404,Public Product,Office,Lenovo,523,10833
P5405,Purpose Product,Electronics,Boat,7387,8539
P5406,Live Product,Office,HP,15442,28591
P5407,Fear Product,Accessories,Samsung,39542,40402
P5408,Main Product,Appliances,Dell,629,15452
P5409,Sit Product,Electronics,Samsung,45627,49416
P5410,Black Product,Office,IKEA,16858,25179
P5411,Government Product,Furniture,Boat,13816,22300
P5412,After Product,Electronics,Lenovo,1694,11283
P5413,Political Product,Accessories,Dell,15832,22653
P5414,We Product,Appliances,Lenovo,45775,50160
P5415,Pull Product,Electronics,Samsung,37570,46699
P5416,Improve Product,Accessories,Dell,42204,57196
P5417,Guess Product,Electronics,Sony,42384,56536
P5418,Positive Product,Appliances,HP,32550,46360
P5419,Pressure Product,Appliances,Sony,28202,41438
P5420,Challenge Product,Accessories,Sony,22445,26959
P5421,Team Product,Appliances,Lenovo,33120,34451
P5422,Gas Product,Furniture,Sony,12574,18107
P5423,Employee Product,Accessories,Boat,45489,50049
P5424,Pretty Product,Appliances,HP,23868,32572
P5425,Writer Product,Electronics,Sony,37215,44919
P5426,Early Product,Accessories,Lenovo,32431,33720
P5427,Late Product,Furniture,Sony,45285,54461
P5428,Federal Product,Furniture,IKEA,46217,46924
P5429,Individual Product,Furniture,IKEA,19912,30786
P5430,Bill Product,Accessories,HP,31312,35016
P5431,Wait Product,Electronics,HP,4102,16855
P5432,Member Product,Appliances,Boat,36549,51171
P5433,Large Product,Electronics,Sony,7258,17026
P5434,Catch Product,Furniture,Lenovo,43656,46990
P5435,Most Product,Appliances,Sony,13273,21355
P5436,Others Product,Electronics,Dell,18821,29116
P5437,Value Product,Electronics,Dell,11986,21807
P5438,Part Product,Appliances,Dell,38048,48682
P5439,Present Product,Electronics,Dell,45252,51395
P5440,Difference Product,Appliances,Samsung,33751,43875
P5441,Bar Product,Appliances,Dell,34655,44105
P5442,Myself Product,Office,HP,31879,39519
P5443,Anyone Product,Electronics,Samsung,19817,22419
P5444,Major Product,Electronics,Samsung,42708,56933
P5445,Shoulder Product,Furniture,HP,4820,6034
P5446,Picture Product,Accessories,Dell,23435,32272
P5447,Make Product,Office,Sony,28626,29971
P5448,Sing Product,Accessories,Sony,33365,38208
P5449,Huge Product,Electronics,HP,17590,22900
P5450,Painting Product,Electronics,Samsung,24422,35089
P5451,Something Product,Furniture,Sony,5990,11651
P5452,Simply Product,Furniture,Dell,30319,44997
P5453,Development Product,Office,Samsung,22482,24311
P5454,Clear Product,Accessories,HP,37185,42973
P5455,Compare Product,Electronics,HP,44052,50178
P5456,Among Product,Accessories,Lenovo,47057,48662
P5457,Community Product,Accessories,Boat,13062,26303
P5458,Far Product,Furniture,Dell,17922,18937
P5459,Toward Product,Electronics,Boat,32528,41880
P5460,Budget Product,Office,Sony,7477,8193
P5461,While Product,Accessories,HP,16413,22418
P5462,North Product,Furniture,Boat,10906,13994
P5463,About Product,Office,Samsung,47494,55494
P5464,Trouble Product,Accessories,Lenovo,40866,50867
P5465,Suggest Product,Accessories,Sony,4944,10255
P5466,Three Product,Office,Dell,24853,28215
P5467,Our Product,Furniture,Samsung,33947,45825
P5468,Firm Product,Electronics,IKEA,9522,12545
P5469,Term Product,Accessories,HP,22483,25271
P5470,True Product,Appliances,Lenovo,21527,34423
P5471,Against Product,Appliances,HP,47947,58155
P5472,Success Product,Furniture,HP,8437,23226
P5473,Continue Product,Furniture,Dell,32668,40118
P5474,Policy Product,Electronics,Lenovo,15301,25413
P5475,Century Product,Office,Lenovo,1893,14591
P5476,Over Product,Furniture,Lenovo,28869,37534
P5477,Listen Product,Office,HP,3559,13093
P5478,Indicate Product,Appliances,Boat,36060,46716
P5479,There Product,Electronics,Boat,24385,37672
P5480,Process Product,Furniture,Samsung,41674,55137
P5481,Wait Product,Furniture,Boat,6728,18033
P5482,Star Product,Appliances,IKEA,24455,32220
P5483,Move Product,Office,Samsung,25685,27347
P5484,Executive Product,Furniture,HP,35216,36192
P5485,Hair Product,Furniture,Samsung,24721,36710
P5486,Or Product,Electronics,Lenovo,15007,28876
P5487,Nation Product,Accessories,Lenovo,19217,32289
P5488,Late Product,Appliances,Samsung,9784,12537
P5489,Explain Product,Furniture,Samsung,31705,32563
P5490,Support Product,Furniture,IKEA,43416,54979
P5491,Business Product,Appliances,Boat,10776,14593
P5492,General Product,Appliances,Lenovo,29609,30298
P5493,Down Product,Furniture,IKEA,12526,16426
P5494,Through Product,Office,Boat,13742,15988
P5495,Score Product,Furniture,Samsung,2476,3957
P5496,Read Product,Office,HP,18125,31021
P5497,Fast Product,Electronics,Samsung,16819,22419
P5498,Thing Product,Electronics,Boat,3692,13167
P5499,High Product,Furniture,Dell,4933,19840
P5500,Itself Product,Furniture,Sony,33310,45276
P5501,Still Product,Office,Dell,21617,22497
P5502,There Product,Electronics,Samsung,33342,34748
P5503,Skin Product,Electronics,HP,3105,16167
P5504,Join Product,Office,Samsung,42268,47472
P5505,Establish Product,Electronics,Sony,13874,16604
P5506,Let Product,Electronics,Lenovo,8790,21811
P5507,Laugh Product,Electronics,Lenovo,5749,16136
P5508,Heavy Product,Accessories,IKEA,17551,32191
P5509,Participant Product,Electronics,IKEA,44303,46325
P5510,Produce Product,Electronics,Boat,10469,11234
P5511,Upon Product,Office,Lenovo,22377,24591
P5512,Beautiful Product,Furniture,Sony,8938,17203
P5513,South Product,Office,HP,47981,50788
P5514,That Product,Furniture,Dell,24047,31560
P5515,Find Product,Furniture,Dell,35332,42837
P5516,Option Product,Electronics,HP,1746,9577
P5517,Real Product,Office,Sony,3748,14225
P5518,Guess Product,Office,HP,15609,24051
P5519,As Product,Accessories,Sony,18712,22334
P5520,Cause Product,Appliances,Boat,3857,13595
P5521,Task Product,Appliances,Dell,38920,46776
P5522,Thing Product,Furniture,HP,6581,7572
P5523,Actually Product,Accessories,Samsung,26425,36744
P5524,Community Product,Appliances,HP,36433,47257
P5525,Hand Product,Office,IKEA,43395,45481
P5526,Want Product,Office,Boat,17509,27021
P5527,Maintain Product,Furniture,Samsung,23450,38089
P5528,President Product,Furniture,IKEA,38513,47616
P5529,Cell Product,Furniture,IKEA,31799,41194
P5530,Analysis Product,Accessories,Samsung,6584,13101
P5531,Book Product,Appliances,Boat,48794,55020
P5532,Since Product,Appliances,Samsung,15739,19388
P5533,Church Product,Accessories,Boat,38121,42347
P5534,Age Product,Accessories,Samsung,47118,50504
P5535,Those Product,Office,Samsung,39021,39820
P5536,Positive Product,Accessories,Boat,22904,23534
P5537,Glass Product,Furniture,Sony,25792,33376
P5538,Safe Product,Accessories,Boat,7348,11531
P5539,In Product,Furniture,Boat,22681,26006
P5540,Entire Product,Accessories,Boat,7020,16799
P5541,Account Product,Electronics,Lenovo,31537,38031
P5542,Summer Product,Office,Samsung,26602,37245
P5543,City Product,Office,HP,7012,16761
P5544,Rock Product,Office,Samsung,47025,49128
P5545,Health Product,Electronics,Sony,2971,7870
P5546,Young Product,Furniture,Lenovo,14344,23898
P5547,Get Product,Appliances,IKEA,34070,40457
P5548,News Product,Appliances,HP,8372,22160
P5549,Prevent Product,Accessories,Sony,18351,19197
P5550,Care Product,Office,Boat,34211,38922
P5551,Knowledge Product,Electronics,Lenovo,27804,30213
P5552,Quickly Product,Electronics,Samsung,16844,19733
P5553,Few Product,Furniture,Lenovo,11074,11877
P5554,Visit Product,Appliances,Boat,22228,29291
P5555,Teacher Product,Office,Boat,37634,48653
P5556,Financial Product,Electronics,Sony,13142,21199
P5557,Agreement Product,Electronics,Boat,3497,8952
P5558,Continue Product,Furniture,Sony,49649,50498
P5559,His Product,Accessories,IKEA,39504,48830
P5560,Especially Product,Appliances,Sony,17267,23163
P5561,Indeed Product,Furniture,Dell,49419,60413
P5562,Later Product,Furniture,Boat,16740,26712
P5563,Per Product,Appliances,Samsung,6931,10316
P5564,Several Product,Office,Boat,47406,49343
P5565,System Product,Furniture,Boat,5503,12045
P5566,Month Product,Electronics,IKEA,12797,16298
P5567,Security Product,Office,Sony,23722,34258
P5568,Agency Product,Appliances,Lenovo,32971,38771
P5569,Especially Product,Office,Lenovo,29873,34732
P5570,Chair Product,Electronics,IKEA,47828,61027
P5571,Situation Product,Furniture,Boat,4761,16049
P5572,Along Product,Appliances,Dell,21569,28248
P5573,Hair Product,Electronics,Samsung,16287,30117
P5574,Act Product,Electronics,Dell,25674,35092
P5575,After Product,Furniture,Sony,2053,14242
P5576,Still Product,Accessories,Dell,47198,57373
P5577,Key Product,Appliances,IKEA,4327,16032
P5578,Sea Product,Office,Samsung,46531,54700
P5579,Recent Product,Electronics,Lenovo,9408,19742
P5580,Possible Product,Office,Lenovo,14290,21770
P5581,Work Product,Appliances,Samsung,14339,18446
P5582,Interest Product,Accessories,Dell,32223,43561
P5583,Spend Product,Office,Sony,38886,44823
P5584,Deal Product,Office,Samsung,31166,40778
P5585,Short Product,Accessories,HP,25753,27395
P5586,Sort Product,Office,HP,27134,39199
P5587,Different Product,Furniture,Samsung,22694,28980
P5588,Position Product,Electronics,Lenovo,6868,13764
P5589,Buy Product,Office,Dell,27935,35979
P5590,Sure Product,Electronics,Dell,2075,8181
P5591,Ability Product,Office,Dell,45123,52261
P5592,Left Product,Accessories,IKEA,12769,17337
P5593,Around Product,Electronics,HP,6079,14532
P5594,Way Product,Office,Lenovo,44412,54605
P5595,Drop Product,Electronics,Dell,30778,33406
P5596,Huge Product,Furniture,IKEA,10779,24866
P5597,Money Product,Furniture,Samsung,45086,52728
P5598,Simply Product,Accessories,HP,19634,32921
P5599,Real Product,Electronics,Boat,42708,50901
P5600,Plant Product,Office,Lenovo,8294,17237
P5601,Particular Product,Electronics,Sony,39142,45332
P5602,Personal Product,Electronics,Lenovo,30402,32137
P5603,Day Product,Office,Sony,31021,43942
P5604,Report Product,Electronics,Dell,12228,18290
P5605,Yard Product,Office,Sony,27009,35355
P5606,Language Product,Appliances,Samsung,47567,53920
P5607,Plant Product,Appliances,Sony,44842,46597
P5608,Later Product,Furniture,Sony,9800,22235
P5609,Tough Product,Furniture,Sony,29997,34139
P5610,Money Product,Office,Boat,36766,38932
P5611,Fact Product,Furniture,Boat,14686,16150
P5612,Member Product,Office,Dell,17712,27768
P5613,Democrat Product,Electronics,Samsung,48740,63370
P5614,Interest Product,Electronics,Boat,27787,37070
P5615,Order Product,Electronics,Sony,29438,35843
P5616,Appear Product,Accessories,Dell,47148,56842
P5617,Answer Product,Furniture,Samsung,15690,18364
P5618,Simply Product,Electronics,Samsung,32002,34527
P5619,Organization Product,Electronics,HP,48389,51444
P5620,Analysis Product,Appliances,Samsung,43638,48511
P5621,Remain Product,Electronics,HP,17714,23316
P5622,Challenge Product,Office,Sony,12524,23604
P5623,Some Product,Appliances,Samsung,1019,2714
P5624,Hold Product,Electronics,IKEA,16953,20211
P5625,Amount Product,Electronics,IKEA,13144,20759
P5626,Including Product,Accessories,Lenovo,6509,12549
P5627,Part Product,Furniture,IKEA,44368,58501
P5628,Two Product,Furniture,Boat,12361,16881
P5629,Free Product,Office,Boat,10082,12272
P5630,Against Product,Furniture,IKEA,26649,31973
P5631,Argue Product,Accessories,Dell,23207,37280
P5632,Song Product,Accessories,Samsung,43900,53740
P5633,Adult Product,Office,Lenovo,40342,50512
P5634,Resource Product,Appliances,Sony,7331,9484
P5635,Move Product,Accessories,IKEA,38857,48135
P5636,Hospital Product,Electronics,Sony,41696,53717
P5637,Set Product,Appliances,HP,10158,23282
P5638,Green Product,Electronics,Lenovo,21066,26508
P5639,Training Product,Furniture,Lenovo,25422,28771
P5640,Authority Product,Appliances,Lenovo,4880,6458
P5641,Own Product,Furniture,HP,40202,53016
P5642,Chair Product,Office,IKEA,3534,16497
P5643,Parent Product,Office,IKEA,30236,30918
P5644,Do Product,Accessories,IKEA,14060,17388
P5645,Benefit Product,Accessories,IKEA,12575,24554
P5646,Different Product,Furniture,Lenovo,37364,39809
P5647,Leg Product,Office,Boat,11914,15642
P5648,Treat Product,Electronics,HP,41591,53664
P5649,Western Product,Furniture,Lenovo,3111,9978
P5650,Class Product,Appliances,Dell,25951,38659
P5651,Sometimes Product,Appliances,Samsung,28428,39297
P5652,Play Product,Accessories,IKEA,24869,27645
P5653,Beyond Product,Furniture,Dell,18906,24498
P5654,Piece Product,Furniture,HP,18605,29246
P5655,Section Product,Office,Sony,15069,23690
P5656,Each Product,Accessories,IKEA,37641,38676
P5657,Down Product,Appliances,IKEA,11028,24349
P5658,Card Product,Appliances,Lenovo,46092,55571
P5659,Position Product,Electronics,Lenovo,43492,52908
P5660,Opportunity Product,Electronics,Lenovo,42224,50489
P5661,Southern Product,Furniture,Lenovo,33833,46322
P5662,Lot Product,Electronics,Dell,25762,38198
P5663,Minute Product,Appliances,IKEA,43707,52061
P5664,Mrs Product,Furniture,Dell,27904,28461
P5665,Increase Product,Electronics,HP,3713,17033
P5666,Be Product,Electronics,HP,26081,36107
P5667,Wind Product,Electronics,Sony,1051,2500
P5668,Mother Product,Accessories,Samsung,17299,32019
P5669,Nation Product,Electronics,Dell,16049,23855
P5670,Join Product,Appliances,IKEA,48828,49370
P5671,Surface Product,Electronics,IKEA,41647,44923
P5672,Fund Product,Office,HP,24389,25864
P5673,Recent Product,Office,Samsung,48308,49980
P5674,Long Product,Furniture,Lenovo,9820,17726
P5675,Building Product,Furniture,Dell,13781,20353
P5676,Later Product,Office,IKEA,6704,20825
P5677,Party Product,Furniture,Sony,11934,17118
P5678,Democratic Product,Electronics,Dell,1677,2461
P5679,Might Product,Accessories,Samsung,27389,40743
P5680,Fast Product,Furniture,Dell,7276,18526
P5681,Southern Product,Furniture,Boat,47356,55956
P5682,Happy Product,Electronics,HP,16632,29626
P5683,Itself Product,Appliances,Lenovo,47204,52276
P5684,Wife Product,Furniture,Dell,33468,35890
P5685,Hospital Product,Electronics,Sony,7899,22861
P5686,Safe Product,Office,IKEA,4420,12916
P5687,Human Product,Office,HP,37847,44463
P5688,And Product,Furniture,Sony,30786,39183
P5689,Grow Product,Furniture,Samsung,5851,8711
P5690,Shake Product,Furniture,Dell,26606,32625
P5691,Area Product,Appliances,HP,13891,21105
P5692,Add Product,Accessories,Sony,3654,8134
P5693,Trade Product,Furniture,Samsung,1796,13384
P5694,Medical Product,Office,Samsung,18597,20455
P5695,Past Product,Office,Boat,47981,49631
P5696,Child Product,Electronics,Lenovo,47843,56140
P5697,High Product,Furniture,Lenovo,35656,38386
P5698,Situation Product,Electronics,HP,8652,19163
P5699,Place Product,Appliances,Lenovo,37306,38354
P5700,Analysis Product,Office,HP,11596,22049
P5701,Cultural Product,Furniture,Samsung,35979,46074
P5702,Million Product,Electronics,Lenovo,5808,12034
P5703,Difference Product,Accessories,Samsung,42127,49730
P5704,Eight Product,Electronics,Lenovo,14036,25554
P5705,Ball Product,Furniture,HP,40120,48033
P5706,Up Product,Accessories,Boat,26135,39511
P5707,Right Product,Accessories,HP,36644,51192
P5708,Weight Product,Accessories,Sony,22563,25460
P5709,Someone Product,Office,HP,48073,61293
P5710,Pass Product,Accessories,Dell,12235,15675
P5711,Brother Product,Electronics,Dell,36320,50155
P5712,Newspaper Product,Furniture,IKEA,45818,52011
P5713,Political Product,Accessories,IKEA,14169,22624
P5714,Student Product,Office,Sony,9097,16799
P5715,Pull Product,Appliances,Sony,14588,17677
P5716,Picture Product,Appliances,Sony,18758,33467
P5717,Go Product,Electronics,Dell,25362,33354
P5718,Light Product,Appliances,Dell,13072,15288
P5719,Picture Product,Furniture,Dell,4695,14755
P5720,Onto Product,Furniture,Samsung,11000,11518
P5721,Garden Product,Accessories,Samsung,10441,20601
P5722,Just Product,Accessories,Lenovo,34429,43986
P5723,Son Product,Appliances,IKEA,16757,27847
P5724,Picture Product,Accessories,HP,5076,8148
P5725,Under Product,Office,Boat,45847,58908
P5726,Standard Product,Furniture,Dell,43035,49770
P5727,Claim Product,Accessories,Sony,7387,9566
P5728,Political Product,Office,IKEA,48689,57263
P5729,Glass Product,Office,Lenovo,33063,44697
P5730,Create Product,Office,IKEA,39489,42592
P5731,Claim Product,Accessories,Dell,22688,23992
P5732,Nothing Product,Accessories,Lenovo,9503,13858
P5733,Take Product,Furniture,Samsung,26771,35335
P5734,Front Product,Electronics,Samsung,10786,21044
P5735,Glass Product,Office,Dell,48741,50563
P5736,Pretty Product,Office,Dell,49218,56429
P5737,Step Product,Furniture,HP,25516,38367
P5738,Tax Product,Office,Dell,8151,21863
P5739,Country Product,Furniture,Sony,10019,11064
P5740,Fire Product,Electronics,HP,49202,52347
P5741,Democrat Product,Electronics,HP,20834,27531
P5742,Some Product,Appliances,Sony,4049,15497
P5743,Operation Product,Furniture,Sony,42233,52843
P5744,Drug Product,Accessories,HP,18965,24368
P5745,Between Product,Electronics,Sony,17139,32060
P5746,Low Product,Electronics,Sony,28698,39466
P5747,Work Product,Office,Lenovo,45580,46276
P5748,Marriage Product,Furniture,Dell,14104,24335
P5749,Recently Product,Furniture,Lenovo,25527,39210
P5750,Whom Product,Accessories,Boat,18604,20971
P5751,Determine Product,Furniture,HP,1690,8432
P5752,Well Product,Appliances,Samsung,33036,43633
P5753,Yourself Product,Accessories,Dell,31943,41494
P5754,Those Product,Accessories,Lenovo,27691,39567
P5755,Because Product,Accessories,Lenovo,42636,54436
P5756,Training Product,Appliances,Sony,20018,23827
P5757,Hand Product,Office,Boat,35679,50615
P5758,Citizen Product,Accessories,Dell,5040,16415
P5759,Look Product,Office,Boat,8665,23232
P5760,Summer Product,Electronics,Dell,26416,39286
P5761,Group Product,Appliances,Boat,41491,54748
P5762,Include Product,Electronics,Dell,35062,41845
P5763,Task Product,Appliances,Lenovo,35520,36810
P5764,Head Product,Furniture,Dell,44593,49767
P5765,Pull Product,Furniture,Lenovo,3566,17110
P5766,Key Product,Accessories,IKEA,12305,15874
P5767,Quality Product,Appliances,IKEA,29555,38951
P5768,Rise Product,Electronics,IKEA,3777,5188
P5769,Range Product,Office,HP,32499,39762
P5770,Thus Product,Appliances,IKEA,7218,21876
P5771,Hope Product,Furniture,HP,8780,12870
P5772,On Product,Office,Lenovo,18773,25466
P5773,Month Product,Furniture,Dell,43371,43910
P5774,Fill Product,Accessories,IKEA,11832,18525
P5775,Summer Product,Electronics,IKEA,3588,6079
P5776,Know Product,Furniture,Samsung,12289,17244
P5777,The Product,Accessories,Dell,48925,58074
P5778,Wide Product,Electronics,IKEA,28621,42000
P5779,Indeed Product,Office,HP,47158,58170
P5780,Return Product,Electronics,Dell,1163,2602
P5781,Because Product,Appliances,Sony,49264,50042
P5782,Foot Product,Furniture,Sony,12736,20352
P5783,Protect Product,Office,Samsung,33897,48464
P5784,Toward Product,Furniture,Samsung,25766,37106
P5785,Moment Product,Appliances,HP,3213,7734
P5786,Authority Product,Office,HP,37403,51738
P5787,Black Product,Electronics,Samsung,43927,53777
P5788,Hard Product,Electronics,Boat,3681,5869
P5789,Several Product,Office,Samsung,9074,10437
P5790,Close Product,Office,Sony,44677,48953
P5791,Every Product,Electronics,Lenovo,44440,59200
P5792,Special Product,Furniture,Dell,44748,52603
P5793,Product Product,Appliances,HP,25297,28071
P5794,Easy Product,Furniture,Lenovo,39251,53679
P5795,Necessary Product,Accessories,Dell,19328,24719
P5796,Make Product,Furniture,Dell,21195,32337
P5797,Spend Product,Office,Dell,31384,35813
P5798,Service Product,Electronics,Lenovo,29247,40192
P5799,Themselves Product,Appliances,Sony,31993,45379
P5800,Note Product,Office,Dell,23842,36662
P5801,Environment Product,Accessories,HP,11592,20648
P5802,Standard Product,Office,IKEA,19326,30646
P5803,Already Product,Furniture,Boat,26416,35260
P5804,Expert Product,Appliances,Sony,1006,3087
P5805,War Product,Electronics,Lenovo,36193,43102
P5806,Entire Product,Accessories,IKEA,32172,42204
P5807,To Product,Furniture,Sony,42809,44944
P5808,Hand Product,Electronics,Samsung,25456,27835
P5809,But Product,Office,Samsung,17876,24957
P5810,Discussion Product,Electronics,IKEA,1764,16367
P5811,Character Product,Office,HP,1919,13455
P5812,Out Product,Accessories,Dell,47409,58382
P5813,Window Product,Electronics,Sony,20349,35184
P5814,War Product,Electronics,Samsung,32542,44432
P5815,Politics Product,Furniture,Sony,25027,31707
P5816,Blue Product,Furniture,Samsung,38979,46667
P5817,Medical Product,Furniture,Boat,7556,11701
P5818,Experience Product,Furniture,Lenovo,1492,8078
P5819,Mean Product,Office,Boat,22344,31687
P5820,True Product,Office,Lenovo,2398,15900
P5821,Yeah Product,Electronics,Boat,36205,39015
P5822,Then Product,Office,Dell,43733,47348
P5823,See Product,Electronics,Dell,36363,48948
P5824,Right Product,Appliances,Lenovo,48652,51359
P5825,Friend Product,Appliances,Dell,41464,47294
P5826,Alone Product,Furniture,Lenovo,33409,45263
P5827,Talk Product,Accessories,IKEA,32754,38152
P5828,Woman Product,Electronics,HP,23368,36428
P5829,Point Product,Accessories,Dell,40647,52554
P5830,Feeling Product,Office,Dell,26214,32288
P5831,Director Product,Furniture,HP,43872,48547
P5832,Financial Product,Electronics,Sony,511,1561
P5833,Enter Product,Appliances,Samsung,45293,55701
P5834,Share Product,Office,Boat,49929,61300
P5835,Carry Product,Accessories,Samsung,42533,51161
P5836,Town Product,Electronics,Lenovo,41592,48655
P5837,Go Product,Appliances,HP,8398,15558
P5838,Question Product,Furniture,Sony,6037,19276
P5839,Thank Product,Electronics,HP,14513,29154
P5840,Support Product,Appliances,Samsung,31005,36715
P5841,Read Product,Appliances,Sony,19009,27459
P5842,Allow Product,Appliances,Sony,48638,49267
P5843,Arm Product,Appliances,IKEA,16812,20241
P5844,Treatment Product,Accessories,Sony,12817,19756
P5845,Best Product,Electronics,Lenovo,552,14761
P5846,Physical Product,Electronics,Samsung,42371,43916
P5847,Field Product,Furniture,HP,11035,25036
P5848,Ready Product,Appliances,Samsung,46292,56318
P5849,Report Product,Appliances,Dell,20330,31909
P5850,Buy Product,Accessories,Lenovo,2284,6607
P5851,Together Product,Appliances,Boat,49503,64340
P5852,Perhaps Product,Office,IKEA,2387,9345
P5853,Detail Product,Office,Sony,20634,23579
P5854,Left Product,Accessories,HP,43214,52252
P5855,Certain Product,Appliances,Sony,38093,42397
P5856,Else Product,Office,Dell,17557,25180
P5857,Speech Product,Appliances,Sony,46498,49348
P5858,Level Product,Furniture,HP,26143,26654
P5859,Edge Product,Furniture,IKEA,13730,28621
P5860,Although Product,Electronics,Dell,38389,40778
P5861,Score Product,Electronics,Samsung,22504,36333
P5862,Participant Product,Accessories,HP,5861,12038
P5863,American Product,Appliances,Samsung,48778,52703
P5864,Ever Product,Accessories,Lenovo,21537,35049
P5865,Outside Product,Accessories,Sony,6222,10904
P5866,Medical Product,Office,Sony,2758,5081
P5867,Property Product,Electronics,Boat,20523,34951
P5868,Art Product,Appliances,Lenovo,6154,8272
P5869,Hour Product,Electronics,Sony,23411,26822
P5870,Debate Product,Office,HP,48829,51601
P5871,Measure Product,Office,Boat,23056,36609
P5872,Age Product,Furniture,Dell,27822,42605
P5873,Page Product,Office,Dell,20349,30120
P5874,Civil Product,Office,IKEA,33415,46608
P5875,Name Product,Electronics,Lenovo,14562,22213
P5876,Dark Product,Electronics,Sony,9809,15094
P5877,Drop Product,Office,Boat,3002,4077
P5878,Blood Product,Furniture,HP,33739,38496
P5879,Kind Product,Electronics,IKEA,1636,5529
P5880,Here Product,Electronics,HP,10335,22388
P5881,Tough Product,Appliances,Dell,23989,38088
P5882,Her Product,Appliances,Lenovo,12848,15100
P5883,Among Product,Appliances,Sony,16066,18698
P5884,Player Product,Appliances,IKEA,47396,54776
P5885,Week Product,Electronics,Dell,22412,24779
P5886,Lot Product,Electronics,HP,45656,58295
P5887,Future Product,Office,HP,24268,26597
P5888,Guess Product,Accessories,Sony,24125,35973
P5889,Number Product,Accessories,HP,7495,12658
P5890,Case Product,Furniture,Dell,36168,37932
P5891,Good Product,Electronics,Sony,9731,22817
P5892,White Product,Electronics,HP,6100,8946
P5893,Where Product,Accessories,Sony,38442,51821
P5894,Seem Product,Electronics,Lenovo,9722,20337
P5895,Contain Product,Electronics,Lenovo,18594,26786
P5896,Where Product,Electronics,Lenovo,28223,35608
P5897,Region Product,Office,Samsung,16268,17964
P5898,Plan Product,Furniture,IKEA,24075,33372
P5899,The Product,Office,Sony,36603,49061
P5900,Have Product,Furniture,Samsung,27432,29050
P5901,Physical Product,Appliances,Lenovo,3504,9950
P5902,Leg Product,Appliances,Dell,2531,7071
P5903,Pass Product,Furniture,Boat,30846,38520
P5904,Town Product,Appliances,Sony,37698,48981
P5905,Add Product,Appliances,Lenovo,22139,32441
P5906,Answer Product,Appliances,Samsung,48921,60226
P5907,Bar Product,Furniture,Boat,46929,61375
P5908,Together Product,Office,IKEA,43015,54299
P5909,President Product,Appliances,Dell,25372,39552
P5910,Benefit Product,Accessories,Samsung,14123,27522
P5911,Special Product,Electronics,Sony,3761,17051
P5912,Black Product,Accessories,IKEA,16375,20116
P5913,Seek Product,Appliances,Boat,9789,11255
P5914,Paper Product,Accessories,Lenovo,44803,52760
P5915,Throw Product,Office,Samsung,35073,42723
P5916,In Product,Furniture,Boat,1487,10343
P5917,Word Product,Furniture,Sony,8988,10281
P5918,Buy Product,Electronics,Samsung,37735,50310
P5919,Any Product,Appliances,Samsung,47646,50222
P5920,Direction Product,Office,IKEA,12470,21944
P5921,Something Product,Electronics,Dell,38738,53368
P5922,Writer Product,Furniture,IKEA,22177,29588
P5923,Entire Product,Office,HP,44586,53375
P5924,Have Product,Appliances,Dell,47833,48990
P5925,Under Product,Electronics,Lenovo,15369,18579
P5926,Budget Product,Appliances,Boat,21322,22379
P5927,Usually Product,Appliances,Samsung,13171,27664
P5928,Into Product,Accessories,Samsung,33435,40107
P5929,Modern Product,Electronics,Sony,6064,20136
P5930,Conference Product,Accessories,Lenovo,11933,18104
P5931,City Product,Furniture,IKEA,7519,16568
P5932,While Product,Accessories,HP,16749,22234
P5933,Seven Product,Accessories,IKEA,41391,48211
P5934,Home Product,Furniture,Sony,34439,39492
P5935,Sing Product,Appliances,Samsung,28855,34624
P5936,Agreement Product,Furniture,Samsung,36955,39235
P5937,Age Product,Furniture,Sony,31842,32376
P5938,Office Product,Office,Samsung,39274,45901
P5939,Industry Product,Appliances,HP,28173,29754
P5940,State Product,Furniture,Boat,24101,28791
P5941,Month Product,Office,Boat,23518,33173
P5942,Hair Product,Appliances,Lenovo,2435,15615
P5943,Place Product,Office,Lenovo,45263,59878
P5944,Environment Product,Furniture,Samsung,49915,53349
P5945,Begin Product,Office,HP,16338,22873
P5946,Computer Product,Furniture,Boat,45446,47908
P5947,Up Product,Accessories,Boat,21404,28847
P5948,Ball Product,Electronics,Boat,13569,18630
P5949,Popular Product,Furniture,Lenovo,25962,29702
P5950,Sell Product,Appliances,Samsung,4276,18692
P5951,Few Product,Furniture,IKEA,13262,23431
P5952,Dream Product,Electronics,HP,733,3968
P5953,Next Product,Furniture,IKEA,21849,25168
P5954,Indicate Product,Appliances,Samsung,14264,18078
P5955,We Product,Office,Lenovo,13097,17255
P5956,Fall Product,Accessories,Boat,8160,11752
P5957,Network Product,Accessories,Sony,10928,24798
P5958,Than Product,Appliances,Sony,25034,39734
P5959,Leader Product,Office,Dell,12440,14387
P5960,Choice Product,Electronics,IKEA,6874,7604
P5961,Though Product,Appliances,Sony,6453,20822
P5962,Fill Product,Office,Sony,35035,41336
P5963,Benefit Product,Furniture,Lenovo,25249,35921
P5964,Network Product,Electronics,Dell,33834,42583
P5965,Floor Product,Accessories,HP,31041,34907
P5966,Business Product,Furniture,Dell,47003,50473
P5967,Fast Product,Office,Samsung,35315,45244
P5968,Far Product,Furniture,Sony,37968,38494
P5969,Floor Product,Electronics,Sony,15816,29756
P5970,Modern Product,Furniture,Lenovo,14376,29181
P5971,Back Product,Furniture,Boat,44682,50266
P5972,Fine Product,Accessories,Lenovo,27784,33283
P5973,Adult Product,Furniture,Boat,46660,50526
P5974,Dog Product,Appliances,Dell,39422,47436
P5975,Hair Product,Furniture,Sony,5429,10329
P5976,Herself Product,Furniture,IKEA,6763,12556
P5977,Than Product,Office,Sony,43794,58188
P5978,Could Product,Electronics,Dell,28600,37443
P5979,Question Product,Electronics,Samsung,34363,44481
P5980,Official Product,Furniture,Boat,46117,47368
P5981,Morning Product,Electronics,HP,36499,37443
P5982,Large Product,Accessories,Sony,11255,18029
P5983,Blood Product,Appliances,Boat,15975,20562
P5984,Bag Product,Electronics,Dell,21098,35259
P5985,Cold Product,Accessories,Dell,16788,31530
P5986,Body Product,Electronics,Boat,17617,25664
P5987,Standard Product,Appliances,HP,22352,25643
P5988,Guy Product,Appliances,IKEA,48405,51896
P5989,Size Product,Furniture,Samsung,19764,32720
P5990,Almost Product,Appliances,IKEA,13700,14456
P5991,Government Product,Appliances,Boat,41449,47391
P5992,Something Product,Electronics,HP,41669,49272
P5993,Growth Product,Accessories,Boat,5234,14025
P5994,Meeting Product,Office,Samsung,29101,42064
P5995,Last Product,Office,HP,5572,15898
P5996,Current Product,Furniture,IKEA,31758,34046
P5997,Including Product,Furniture,IKEA,43641,48911
P5998,Law Product,Appliances,Lenovo,17116,30909
P5999,Individual Product,Accessories,IKEA,9385,22728
P6000,Avoid Product,Electronics,Lenovo,38021,44947
P6001,Ground Product,Appliances,Samsung,28021,30499
P6002,Open Product,Office,Lenovo,6617,16014
P6003,Republican Product,Office,IKEA,34707,36086
P6004,Open Product,Furniture,Dell,34394,47538
P6005,Election Product,Office,Samsung,47096,50341
P6006,Development Product,Accessories,Dell,39597,46996
P6007,Enough Product,Office,Sony,5415,6887
P6008,Bit Product,Furniture,IKEA,25489,34688
P6009,Computer Product,Appliances,Lenovo,8684,10905
P6010,Situation Product,Office,Sony,9468,21340
P6011,Step Product,Office,Sony,999,10920
P6012,Prepare Product,Furniture,Lenovo,34719,46670
P6013,Former Product,Furniture,IKEA,22164,31220
P6014,Recognize Product,Electronics,HP,20435,21061
P6015,Draw Product,Furniture,Dell,9204,16891
P6016,Assume Product,Furniture,Samsung,13507,22932
P6017,Brother Product,Office,Sony,22268,22971
P6018,Memory Product,Furniture,Boat,6897,21296
P6019,Newspaper Product,Accessories,Samsung,10218,14200
P6020,Lead Product,Appliances,HP,41955,50330
P6021,Affect Product,Appliances,Samsung,19792,23166
P6022,Personal Product,Appliances,IKEA,36925,45090
P6023,Book Product,Appliances,Samsung,19972,32089
P6024,Heavy Product,Accessories,Sony,41015,47718
P6025,Result Product,Electronics,Sony,35019,39760
P6026,Trouble Product,Furniture,IKEA,36369,37782
P6027,Bad Product,Furniture,IKEA,4508,10982
P6028,Leader Product,Appliances,Samsung,33935,34518
P6029,Growth Product,Furniture,HP,19858,30072
P6030,Certainly Product,Office,Lenovo,3215,10052
P6031,Three Product,Accessories,HP,8997,12436
P6032,Some Product,Office,Boat,27530,38486
P6033,Never Product,Office,HP,5842,8926
P6034,None Product,Furniture,Boat,7983,10744
P6035,World Product,Furniture,Sony,7914,18148
P6036,Quality Product,Appliances,Samsung,39697,51208
P6037,Line Product,Appliances,HP,11400,22747
P6038,Ability Product,Appliances,IKEA,36202,45579
P6039,Room Product,Office,Boat,45993,58615
P6040,Treat Product,Electronics,Samsung,39845,41609
P6041,Tell Product,Electronics,Samsung,37855,38783
P6042,Name Product,Appliances,Sony,9599,15710
P6043,Go Product,Accessories,HP,23771,26419
P6044,Floor Product,Appliances,HP,31866,39972
P6045,Both Product,Accessories,Sony,14321,21577
P6046,Factor Product,Accessories,Lenovo,6650,8176
P6047,Safe Product,Accessories,Lenovo,16576,26381
P6048,Thank Product,Appliances,Boat,42262,56498
P6049,Artist Product,Office,Dell,16661,23868
P6050,Call Product,Office,Lenovo,7879,14579
P6051,Former Product,Electronics,HP,38744,47427
P6052,Skill Product,Appliances,Dell,29420,36504
P6053,Put Product,Furniture,Samsung,49778,59687
P6054,Alone Product,Electronics,Sony,42066,56079
P6055,Billion Product,Appliances,Lenovo,46461,50365
P6056,Stage Product,Furniture,IKEA,21325,31755
P6057,Despite Product,Furniture,Sony,29801,33801
P6058,Rest Product,Office,Sony,47149,59126
P6059,Bad Product,Accessories,IKEA,9295,14479
P6060,Their Product,Furniture,HP,14140,26596
P6061,Company Product,Appliances,IKEA,47167,57532
P6062,Color Product,Electronics,Boat,45832,53569
P6063,Include Product,Appliances,Dell,32616,36193
P6064,Teacher Product,Electronics,Samsung,921,11653
P6065,War Product,Appliances,Lenovo,47827,49028
P6066,Station Product,Accessories,Sony,36769,40915
P6067,President Product,Office,Dell,27442,34412
P6068,Method Product,Accessories,IKEA,48870,63063
P6069,Arrive Product,Appliances,Samsung,32132,37369
P6070,Decide Product,Accessories,IKEA,8475,21867
P6071,Meet Product,Appliances,IKEA,19913,34511
P6072,Her Product,Office,Dell,7866,15995
P6073,Yourself Product,Office,IKEA,35876,45028
P6074,Property Product,Appliances,Sony,1680,16548
P6075,Newspaper Product,Electronics,Boat,10583,13834
P6076,Expect Product,Office,Dell,15409,22710
P6077,North Product,Accessories,Sony,26015,30611
P6078,Lay Product,Accessories,Boat,20416,24126
P6079,Answer Product,Furniture,Lenovo,6685,17280
P6080,Gas Product,Accessories,HP,44722,49473
P6081,Sister Product,Office,Sony,31813,36521
P6082,Could Product,Appliances,Lenovo,26111,30917
P6083,Plan Product,Appliances,Dell,49519,53235
P6084,Current Product,Office,HP,6351,16010
P6085,Water Product,Accessories,IKEA,31989,40897
P6086,Fish Product,Accessories,IKEA,42119,53443
P6087,Positive Product,Appliances,Boat,18275,30943
P6088,Film Product,Electronics,Dell,1085,14799
P6089,Land Product,Office,Boat,34850,45464
P6090,Nothing Product,Appliances,Sony,11216,17303
P6091,Possible Product,Furniture,Sony,34569,40513
P6092,Move Product,Furniture,IKEA,35356,49679
P6093,Notice Product,Accessories,Sony,5251,14234
P6094,Law Product,Furniture,Samsung,27961,30057
P6095,Radio Product,Furniture,Lenovo,30435,32635
P6096,Star Product,Appliances,Sony,48012,60009
P6097,Mind Product,Furniture,Boat,12689,23435
P6098,Month Product,Electronics,Dell,26673,35354
P6099,Site Product,Electronics,Samsung,29394,40431
P6100,Practice Product,Accessories,Boat,30798,38413
P6101,Special Product,Furniture,IKEA,37161,41269
P6102,Customer Product,Furniture,IKEA,2515,10428
P6103,Actually Product,Appliances,Boat,43948,51691
P6104,Security Product,Office,Lenovo,8422,9325
P6105,This Product,Accessories,Lenovo,44470,49826
P6106,Management Product,Appliances,Lenovo,5670,10796
P6107,Moment Product,Appliances,Boat,46169,61025
P6108,Charge Product,Electronics,Dell,44741,52513
P6109,Friend Product,Furniture,Samsung,5780,8681
P6110,Probably Product,Office,IKEA,10836,19825
P6111,Will Product,Accessories,Sony,44932,55176
P6112,Continue Product,Appliances,IKEA,45645,51888
P6113,Edge Product,Furniture,HP,9551,16719
P6114,View Product,Furniture,HP,42772,48116
P6115,Dinner Product,Accessories,Sony,31320,42351
P6116,Join Product,Electronics,Dell,2583,14176
P6117,Class Product,Accessories,Samsung,49385,58812
P6118,Sit Product,Office,Lenovo,11542,19891
P6119,Test Product,Appliances,Lenovo,29039,35574
P6120,Process Product,Accessories,Samsung,15179,26578
P6121,Respond Product,Office,IKEA,31890,37835
P6122,Down Product,Accessories,Lenovo,35343,36609
P6123,Simple Product,Electronics,Samsung,10190,16019
P6124,Trade Product,Appliances,Boat,7514,21187
P6125,Law Product,Furniture,Samsung,19044,32383
P6126,Simply Product,Electronics,HP,43216,54559
P6127,Both Product,Appliances,Boat,15151,19891
P6128,Conference Product,Appliances,Lenovo,41025,43488
P6129,Five Product,Furniture,IKEA,2830,6566
P6130,Name Product,Appliances,HP,49671,58008
P6131,Seven Product,Office,Lenovo,49697,61439
P6132,Sell Product,Accessories,Sony,42375,57278
P6133,Decade Product,Furniture,Boat,46213,48627
P6134,Consumer Product,Electronics,Dell,26944,28643
P6135,Against Product,Office,Sony,16730,29240
P6136,Spring Product,Office,Samsung,12823,24952
P6137,Option Product,Office,HP,41763,51768
P6138,Executive Product,Furniture,HP,49037,61564
P6139,Those Product,Office,HP,37906,50739
P6140,Matter Product,Office,Samsung,49205,50121
P6141,Remain Product,Accessories,HP,20398,34940
P6142,Finally Product,Electronics,IKEA,17694,25568
P6143,Hot Product,Office,Boat,49666,54588
P6144,Task Product,Furniture,HP,30671,44773
P6145,Size Product,Appliances,Sony,6884,10510
P6146,Factor Product,Electronics,HP,46630,50085
P6147,Only Product,Appliances,IKEA,32355,43751
P6148,Your Product,Office,IKEA,36444,47358
P6149,Assume Product,Office,Dell,5271,11214
P6150,Heart Product,Appliances,Samsung,8799,10266
P6151,Military Product,Furniture,Boat,48904,57722
P6152,Remember Product,Office,Dell,10598,19787
P6153,Occur Product,Electronics,Dell,39325,40828
P6154,Simply Product,Office,Boat,34181,46345
P6155,Window Product,Electronics,Lenovo,6613,10568
P6156,Player Product,Electronics,HP,4435,6710
P6157,Agent Product,Appliances,HP,37537,42152
P6158,Number Product,Appliances,Lenovo,38358,49778
P6159,Democrat Product,Accessories,HP,6968,16606
P6160,Cover Product,Office,HP,21691,36248
P6161,Office Product,Office,Boat,49296,51157
P6162,Rather Product,Appliances,IKEA,34682,42739
P6163,Product Product,Electronics,Samsung,42710,46066
P6164,Nothing Product,Office,Dell,17883,20164
P6165,At Product,Furniture,HP,7921,14902
P6166,Himself Product,Furniture,Lenovo,44807,54680
P6167,Improve Product,Furniture,Samsung,45948,59858
P6168,Us Product,Accessories,IKEA,10765,21375
P6169,Such Product,Appliances,Dell,28352,40111
P6170,Experience Product,Accessories,IKEA,23885,35375
P6171,Cell Product,Appliances,Lenovo,19344,29271
P6172,Middle Product,Office,Sony,48954,49919
P6173,Million Product,Office,Samsung,45998,55966
P6174,Special Product,Accessories,HP,24758,36179
P6175,Father Product,Office,Dell,14591,24588
P6176,Benefit Product,Office,Boat,20697,28654
P6177,Year Product,Furniture,Lenovo,20220,28085
P6178,Particular Product,Furniture,Boat,29672,44218
P6179,Together Product,Furniture,Boat,38570,51502
P6180,Later Product,Appliances,Lenovo,17778,31130
P6181,Piece Product,Accessories,Boat,33379,40749
P6182,Back Product,Furniture,HP,38567,48795
P6183,Help Product,Furniture,Samsung,4131,11208
P6184,Whole Product,Furniture,Boat,2330,16006
P6185,Chair Product,Office,Lenovo,48974,62438
P6186,Later Product,Accessories,Lenovo,5403,19734
P6187,Relate Product,Electronics,Lenovo,45819,49876
P6188,Little Product,Accessories,Boat,23282,25324
P6189,Chair Product,Furniture,HP,27225,32106
P6190,Great Product,Furniture,HP,41034,46461
P6191,Program Product,Office,Lenovo,36548,41775
P6192,Hope Product,Furniture,Boat,38674,51755
P6193,Poor Product,Furniture,Samsung,960,6670
P6194,Result Product,Accessories,Lenovo,13429,21880
P6195,Magazine Product,Electronics,Sony,37136,47185
P6196,Product Product,Appliances,Boat,8014,17110
P6197,Blood Product,Accessories,Boat,48937,56548
P6198,Late Product,Office,Samsung,9140,12978
P6199,Pay Product,Appliances,Dell,12283,21927
P6200,Whatever Product,Office,Sony,10606,17312
P6201,Boy Product,Accessories,HP,37324,41141
P6202,Direction Product,Appliances,Samsung,36433,44739
P6203,Clearly Product,Furniture,Boat,25000,28539
P6204,Bag Product,Furniture,HP,36949,46268
P6205,Traditional Product,Accessories,Samsung,33883,44891
P6206,Position Product,Furniture,Samsung,13338,24213
P6207,Start Product,Office,Lenovo,40883,44223
P6208,Score Product,Office,Samsung,28392,37440
P6209,Tree Product,Furniture,Samsung,5438,17772
P6210,Three Product,Electronics,Boat,4646,6708
P6211,Picture Product,Office,Boat,5099,9501
P6212,Simple Product,Appliances,HP,7802,10282
P6213,Chair Product,Accessories,Boat,46896,53899
P6214,Scientist Product,Accessories,Lenovo,4054,8273
P6215,Sound Product,Appliances,Boat,32150,39050
P6216,By Product,Furniture,Boat,45626,59353
P6217,Him Product,Electronics,Boat,1056,13182
P6218,Meeting Product,Appliances,HP,43351,47818
P6219,Require Product,Electronics,Boat,22204,34352
P6220,Skin Product,Accessories,Sony,17250,27019
P6221,Success Product,Appliances,Samsung,34978,49417
P6222,Training Product,Accessories,Lenovo,15822,21894
P6223,Production Product,Office,Lenovo,20791,26872
P6224,Skill Product,Electronics,Samsung,46826,49650
P6225,Second Product,Furniture,Samsung,20554,28667
P6226,Indicate Product,Appliances,Dell,49571,59873
P6227,Performance Product,Office,IKEA,46163,55614
P6228,Avoid Product,Furniture,Lenovo,17871,31273
P6229,Hair Product,Furniture,Lenovo,15047,21100
P6230,Benefit Product,Appliances,IKEA,1991,10541
P6231,Ready Product,Electronics,HP,39333,52760
P6232,Model Product,Electronics,Boat,3156,4749
P6233,Man Product,Office,Boat,12778,20344
P6234,Scientist Product,Accessories,Dell,16105,25423
P6235,Series Product,Office,Boat,8246,19244
P6236,Trip Product,Electronics,HP,37981,42830
P6237,Technology Product,Furniture,Boat,20419,35347
P6238,Agent Product,Accessories,HP,1800,3801
P6239,Employee Product,Accessories,IKEA,26498,38196
P6240,Exactly Product,Appliances,Boat,33250,40613
P6241,Rule Product,Electronics,Sony,10845,12252
P6242,Try Product,Electronics,Sony,30637,35628
P6243,Eat Product,Furniture,Samsung,22780,37698
P6244,Political Product,Accessories,IKEA,41587,46269
P6245,Often Product,Office,HP,29147,32825
P6246,Talk Product,Appliances,IKEA,15430,16054
P6247,Certain Product,Office,Lenovo,5430,8746
P6248,Always Product,Electronics,IKEA,25925,33405
P6249,Full Product,Office,Sony,24562,28237
P6250,Market Product,Appliances,Sony,35457,41568
P6251,Become Product,Office,Dell,641,10765
P6252,Have Product,Office,Lenovo,16189,25599
P6253,Own Product,Electronics,Dell,39000,49984
P6254,Discuss Product,Electronics,Samsung,42852,54312
P6255,Role Product,Furniture,Samsung,47005,49415
P6256,Security Product,Appliances,Sony,38864,40455
P6257,Give Product,Furniture,HP,35047,48015
P6258,Adult Product,Office,IKEA,9215,12493
P6259,Green Product,Electronics,Dell,12950,24820
P6260,Music Product,Electronics,Dell,37375,42051
P6261,Debate Product,Electronics,Sony,46199,54503
P6262,Home Product,Electronics,Lenovo,35515,37297
P6263,Research Product,Accessories,Lenovo,34947,35957
P6264,She Product,Office,IKEA,14583,22781
P6265,Can Product,Office,Boat,34905,42184
P6266,Job Product,Accessories,Sony,42438,44701
P6267,Out Product,Office,Sony,22129,32590
P6268,Easy Product,Furniture,HP,9019,23913
P6269,Concern Product,Accessories,Sony,515,11009
P6270,Air Product,Electronics,Sony,12923,13927
P6271,Discover Product,Furniture,HP,4200,17430
P6272,Public Product,Electronics,Dell,3993,9205
P6273,Realize Product,Furniture,IKEA,10624,19647
P6274,Rich Product,Appliances,Samsung,4213,4965
P6275,Talk Product,Accessories,IKEA,11532,12618
P6276,Simply Product,Office,Dell,25365,26710
P6277,Energy Product,Appliances,Sony,22584,28080
P6278,Also Product,Accessories,Sony,16884,18813
P6279,Knowledge Product,Furniture,IKEA,33853,37065
P6280,Which Product,Accessories,Sony,7539,10362
P6281,Food Product,Appliances,IKEA,25571,26667
P6282,Challenge Product,Appliances,Sony,15290,18680
P6283,Four Product,Appliances,Sony,44824,45790
P6284,Series Product,Office,Boat,23494,26228
P6285,Should Product,Appliances,Lenovo,27303,34693
P6286,Lot Product,Furniture,Samsung,10162,13012
P6287,Authority Product,Accessories,IKEA,45883,57346
P6288,Material Product,Furniture,Samsung,31224,32393
P6289,Remember Product,Furniture,Samsung,5971,14150
P6290,Woman Product,Electronics,Dell,15875,30008
P6291,Where Product,Furniture,Sony,40937,53245
P6292,Will Product,Electronics,Sony,8201,23176
P6293,Lot Product,Accessories,Samsung,42584,50351
P6294,Grow Product,Electronics,IKEA,20086,32844
P6295,Indicate Product,Electronics,Dell,49154,54222
P6296,Cup Product,Furniture,Sony,19000,22425
P6297,Get Product,Office,HP,42562,55402
P6298,Nothing Product,Appliances,Sony,7758,16271
P6299,A Product,Office,Sony,12455,17232
P6300,Agent Product,Electronics,HP,34358,42666
P6301,Occur Product,Accessories,IKEA,5660,6755
P6302,Shoulder Product,Electronics,HP,1916,7542
P6303,Single Product,Office,IKEA,16372,28941
P6304,Whatever Product,Appliances,Sony,38506,51792
P6305,Level Product,Office,Dell,27562,36853
P6306,Make Product,Appliances,Samsung,9526,23216
P6307,Strong Product,Office,Boat,6827,17503
P6308,Long Product,Electronics,Boat,41087,55398
P6309,Low Product,Accessories,Sony,5687,8333
P6310,West Product,Appliances,Lenovo,20739,32338
P6311,What Product,Furniture,IKEA,19395,30189
P6312,Spring Product,Office,Boat,49419,56611
P6313,Its Product,Office,Lenovo,8031,19843
P6314,Money Product,Furniture,Samsung,10600,15743
P6315,Every Product,Appliances,Boat,42333,46157
P6316,Hand Product,Furniture,Boat,7382,11169
P6317,Mission Product,Appliances,Lenovo,36453,49484
P6318,Want Product,Accessories,Boat,36066,39925
P6319,Box Product,Appliances,Sony,47843,59560
P6320,Foreign Product,Electronics,HP,25069,35799
P6321,Expect Product,Electronics,Sony,36353,43900
P6322,Step Product,Accessories,Dell,21477,28431
P6323,Five Product,Office,Samsung,30537,43141
P6324,Team Product,Accessories,Lenovo,36503,38757
P6325,Challenge Product,Electronics,Samsung,49503,55925
P6326,Religious Product,Appliances,Sony,15422,21873
P6327,Recent Product,Office,Dell,32600,35263
P6328,Exist Product,Accessories,IKEA,41191,42624
P6329,Product Product,Appliances,Boat,12757,16029
P6330,Know Product,Electronics,IKEA,22002,28985
P6331,Eat Product,Electronics,Dell,11743,26074
P6332,Tend Product,Appliances,Boat,21865,28932
P6333,Poor Product,Accessories,Boat,28331,37689
P6334,Probably Product,Furniture,Boat,35247,36957
P6335,Man Product,Appliances,Dell,26752,36992
P6336,School Product,Furniture,Samsung,34764,42927
P6337,Child Product,Accessories,Lenovo,37982,46432
P6338,Once Product,Electronics,Dell,37494,48457
P6339,Clearly Product,Furniture,Dell,5455,18891
P6340,Cover Product,Appliances,IKEA,37442,38652
P6341,Because Product,Appliances,Samsung,10964,16875
P6342,Spring Product,Furniture,Dell,49339,56888
P6343,Movement Product,Accessories,Dell,12744,23642
P6344,Better Product,Appliances,Boat,46224,48743
P6345,Serve Product,Furniture,HP,6271,17111
P6346,Measure Product,Electronics,Boat,33176,42534
P6347,Check Product,Accessories,Lenovo,36300,38040
P6348,Attack Product,Accessories,IKEA,20879,26265
P6349,Thing Product,Appliances,IKEA,20273,21218
P6350,Always Product,Office,Boat,34404,45367
P6351,Must Product,Electronics,IKEA,20502,34510
P6352,Her Product,Accessories,Boat,14912,24410
P6353,Instead Product,Appliances,IKEA,23520,25906
P6354,Bit Product,Appliances,HP,3840,14078
P6355,Buy Product,Accessories,HP,14841,23110
P6356,Decision Product,Office,Samsung,7815,18292
P6357,Community Product,Appliances,HP,5747,14009
P6358,Deep Product,Accessories,IKEA,33834,40840
P6359,Author Product,Office,Lenovo,14289,20080
P6360,Lose Product,Appliances,Boat,43199,44384
P6361,Half Product,Furniture,Sony,14769,16813
P6362,No Product,Furniture,HP,37608,46592
P6363,Our Product,Accessories,Boat,26736,35298
P6364,Everybody Product,Accessories,Lenovo,1639,3945
P6365,Sell Product,Furniture,Samsung,19490,26581
P6366,Staff Product,Electronics,Sony,33765,39106
P6367,Quality Product,Furniture,Sony,43373,46095
P6368,Piece Product,Electronics,IKEA,36427,47211
P6369,Include Product,Appliances,Dell,18638,28009
P6370,Arm Product,Accessories,HP,35681,40959
P6371,Sea Product,Accessories,Samsung,10350,14924
P6372,Choice Product,Appliances,HP,40911,55048
P6373,Mission Product,Appliances,Lenovo,42318,51876
P6374,Clearly Product,Electronics,Lenovo,25110,29325
P6375,Nature Product,Office,Sony,43856,52125
P6376,Page Product,Furniture,Lenovo,46903,51196
P6377,Assume Product,Appliances,Lenovo,3021,13845
P6378,Continue Product,Appliances,Samsung,17081,23775
P6379,Travel Product,Furniture,Boat,38708,48372
P6380,Become Product,Electronics,Sony,44836,56343
P6381,Play Product,Electronics,IKEA,14508,19113
P6382,Herself Product,Office,Samsung,25526,28261
P6383,Exactly Product,Office,Sony,1476,7609
P6384,Structure Product,Office,Sony,17148,22682
P6385,Weight Product,Appliances,Lenovo,1116,5547
P6386,Up Product,Appliances,IKEA,29060,41021
P6387,Enough Product,Furniture,HP,18058,32070
P6388,Development Product,Office,Lenovo,8095,20459
P6389,Form Product,Furniture,Dell,49637,63204
P6390,Interest Product,Accessories,Boat,20589,25893
P6391,Others Product,Office,HP,35048,47084
P6392,Expert Product,Office,Boat,40548,43670
P6393,Benefit Product,Office,IKEA,23399,37738
P6394,Court Product,Office,Lenovo,19140,25827
P6395,Important Product,Electronics,IKEA,4467,19290
P6396,Six Product,Accessories,Boat,3721,16526
P6397,Great Product,Furniture,IKEA,18056,28195
P6398,Throughout Product,Office,Sony,45022,55765
P6399,Reach Product,Furniture,Boat,22389,35117
P6400,Federal Product,Appliances,Sony,29051,34536
P6401,Try Product,Office,HP,20349,26024
P6402,Total Product,Office,Dell,27012,34041
P6403,Environmental Product,Electronics,HP,29058,29559
P6404,Product Product,Electronics,Sony,28873,37418
P6405,Or Product,Furniture,Dell,21133,23103
P6406,Garden Product,Electronics,Lenovo,20405,28984
P6407,Car Product,Appliances,Lenovo,25448,39187
P6408,Ground Product,Office,Sony,19443,28396
P6409,Whose Product,Office,Boat,22855,31583
P6410,Quite Product,Accessories,Dell,20536,31404
P6411,Them Product,Electronics,Boat,20546,24537
P6412,Doctor Product,Appliances,Lenovo,22037,32267
P6413,Situation Product,Appliances,Sony,49921,51341
P6414,Accept Product,Furniture,Sony,24570,35134
P6415,Stop Product,Office,Dell,36842,45928
P6416,When Product,Office,IKEA,19601,30989
P6417,Clear Product,Furniture,HP,10208,11718
P6418,Former Product,Appliances,Sony,32531,45750
P6419,Outside Product,Accessories,Boat,17418,26573
P6420,Several Product,Furniture,HP,15896,26557
P6421,Fly Product,Appliances,HP,2015,12812
P6422,Today Product,Furniture,Boat,14424,28602
P6423,Politics Product,Furniture,Dell,5846,12024
P6424,Determine Product,Furniture,Dell,28397,35971
P6425,Face Product,Office,Lenovo,7172,9535
P6426,Brother Product,Furniture,Lenovo,4221,5470
P6427,Return Product,Office,Samsung,23475,27409
P6428,Item Product,Accessories,Sony,42692,52537
P6429,Public Product,Appliances,IKEA,49461,57793
P6430,Whatever Product,Appliances,Boat,44962,49583
P6431,Listen Product,Appliances,Sony,11861,15314
P6432,House Product,Electronics,HP,38350,47892
P6433,Degree Product,Electronics,IKEA,22754,32574
P6434,Along Product,Office,Samsung,29748,37614
P6435,Tree Product,Electronics,Lenovo,4698,16012
P6436,Speak Product,Office,IKEA,41711,48258
P6437,Finally Product,Accessories,HP,19375,28511
P6438,Government Product,Accessories,Samsung,38634,50718
P6439,Painting Product,Furniture,Samsung,29103,31324
P6440,Behavior Product,Furniture,Dell,2488,14431
P6441,Mother Product,Accessories,IKEA,39698,50737
P6442,Ten Product,Appliances,Samsung,36638,39914
P6443,Of Product,Furniture,HP,13149,20538
P6444,Detail Product,Accessories,Sony,25112,32116
P6445,Reach Product,Office,Boat,13035,18426
P6446,So Product,Appliances,HP,48904,59954
P6447,Large Product,Appliances,HP,22903,37203
P6448,Level Product,Office,HP,12031,22095
P6449,Morning Product,Electronics,Boat,5637,13592
P6450,Behavior Product,Office,HP,10147,10742
P6451,Family Product,Furniture,Sony,6231,14762
P6452,Generation Product,Accessories,Boat,10567,22256
P6453,Region Product,Office,Sony,31482,33837
P6454,Yourself Product,Office,Sony,28931,34088
P6455,Call Product,Office,IKEA,38729,44448
P6456,Compare Product,Accessories,Boat,20793,32846
P6457,Get Product,Appliances,Dell,29221,43008
P6458,Us Product,Office,Samsung,13459,18927
P6459,Good Product,Electronics,Samsung,1750,11162
P6460,Rest Product,Electronics,Sony,47249,53828
P6461,Stay Product,Appliances,Lenovo,20448,23612
P6462,Its Product,Furniture,Samsung,44774,48786
P6463,Power Product,Office,HP,1447,12376
P6464,Point Product,Accessories,IKEA,41182,46725
P6465,Soldier Product,Appliances,Boat,14530,29424
P6466,Total Product,Furniture,Sony,46039,46765
P6467,Bag Product,Appliances,HP,44037,45789
P6468,Democrat Product,Office,Boat,14152,23211
P6469,Exist Product,Electronics,Sony,14503,21632
P6470,Soon Product,Office,HP,2894,4467
P6471,Others Product,Furniture,Sony,40863,51827
P6472,Cell Product,Office,IKEA,26786,39568
P6473,Week Product,Electronics,Lenovo,7895,13197
P6474,Identify Product,Appliances,HP,43274,44080
P6475,Cost Product,Furniture,Sony,25246,30807
P6476,Smile Product,Appliances,Sony,37272,40762
P6477,Evening Product,Office,HP,18180,29615
P6478,Company Product,Accessories,HP,5610,17633
P6479,Sign Product,Furniture,Boat,669,11937
P6480,Live Product,Accessories,Samsung,24661,34709
P6481,Care Product,Furniture,Samsung,49178,55230
P6482,Me Product,Office,Samsung,43305,48568
P6483,Activity Product,Accessories,Sony,48683,51919
P6484,Herself Product,Office,Boat,24586,29903
P6485,Yes Product,Office,IKEA,5198,10342
P6486,Sometimes Product,Accessories,Samsung,12459,13850
P6487,Value Product,Electronics,IKEA,43985,47591
P6488,Chair Product,Accessories,HP,25262,36046
P6489,Throughout Product,Office,Dell,13849,26296
P6490,Because Product,Electronics,Dell,48120,53969
P6491,Full Product,Electronics,Lenovo,44718,49227
P6492,Whatever Product,Office,IKEA,18240,27182
P6493,Activity Product,Electronics,HP,23666,37220
P6494,Might Product,Furniture,HP,24073,35746
P6495,Think Product,Appliances,Lenovo,40905,41516
P6496,Try Product,Office,Samsung,5832,9984
P6497,Another Product,Electronics,Dell,10148,15721
P6498,Story Product,Electronics,IKEA,39790,41467
P6499,News Product,Electronics,IKEA,38272,40144
P6500,You Product,Office,Lenovo,15368,30082
P6501,Over Product,Accessories,Boat,7805,10116
P6502,Decade Product,Electronics,Boat,10956,24267
P6503,Seven Product,Appliances,Dell,41831,42403
P6504,Yard Product,Furniture,Boat,38060,52041
P6505,Eat Product,Office,Dell,26324,36423
P6506,Discussion Product,Appliances,Dell,40242,43677
P6507,Action Product,Furniture,Lenovo,17789,27513
P6508,Improve Product,Accessories,Dell,45340,56987
P6509,Condition Product,Electronics,Dell,883,9511
P6510,Consider Product,Accessories,Dell,14268,19273
P6511,Learn Product,Office,Sony,16568,26391
P6512,Scene Product,Electronics,Lenovo,12763,27692
P6513,Experience Product,Office,HP,31969,46103
P6514,Everything Product,Accessories,Boat,19380,26852
P6515,Discover Product,Accessories,Dell,4454,7064
P6516,Church Product,Accessories,Dell,12743,25613
P6517,Itself Product,Appliances,Sony,28096,31946
P6518,Time Product,Office,Samsung,45926,53583
P6519,Little Product,Appliances,Lenovo,32525,46663
P6520,Agent Product,Furniture,HP,31354,32999
P6521,Eight Product,Office,Lenovo,19462,28586
P6522,Human Product,Electronics,Dell,33910,46546
P6523,Must Product,Office,Boat,38823,48635
P6524,Music Product,Furniture,HP,25514,30689
P6525,Decision Product,Electronics,Samsung,16590,24545
P6526,Before Product,Electronics,IKEA,48314,50021
P6527,Matter Product,Appliances,Samsung,32859,42613
P6528,Cut Product,Appliances,Dell,42111,42631
P6529,Dog Product,Electronics,IKEA,32215,37020
P6530,Hope Product,Furniture,Samsung,10900,14971
P6531,Word Product,Accessories,Lenovo,28195,29895
P6532,Represent Product,Electronics,HP,14475,17021
P6533,Else Product,Furniture,Lenovo,16708,18450
P6534,Who Product,Accessories,Sony,8369,19142
P6535,Represent Product,Office,Dell,7216,7936
P6536,Ever Product,Appliances,Sony,36537,47258
P6537,Light Product,Electronics,IKEA,34086,38072
P6538,Still Product,Appliances,Samsung,22863,30004
P6539,Respond Product,Appliances,Samsung,33737,48187
P6540,Cut Product,Appliances,Samsung,31920,36555
P6541,Attack Product,Furniture,Dell,10591,20074
P6542,When Product,Accessories,Dell,9051,11647
P6543,She Product,Office,Lenovo,5571,11121
P6544,Seek Product,Electronics,HP,12296,25380
P6545,Newspaper Product,Furniture,Sony,8893,16519
P6546,Third Product,Accessories,Sony,24374,28201
P6547,Address Product,Office,HP,9428,13185
P6548,Be Product,Accessories,HP,38051,40423
P6549,Social Product,Electronics,IKEA,3039,11293
P6550,Crime Product,Electronics,Dell,41080,50824
P6551,Central Product,Accessories,Boat,47096,59658
P6552,Beat Product,Electronics,Boat,767,9128
P6553,Rock Product,Appliances,HP,45069,50434
P6554,Article Product,Appliances,IKEA,21252,28821
P6555,Detail Product,Electronics,Lenovo,12972,21739
P6556,Heart Product,Appliances,Lenovo,23593,31632
P6557,Ground Product,Furniture,Lenovo,24986,29629
P6558,Class Product,Office,Sony,22167,28516
P6559,President Product,Appliances,Sony,2071,3277
P6560,Tax Product,Accessories,HP,49141,61815
P6561,Away Product,Electronics,Dell,4626,11342
P6562,Answer Product,Accessories,Boat,14362,28356
P6563,Medical Product,Accessories,Samsung,28559,40887
P6564,Standard Product,Electronics,Lenovo,29187,30942
P6565,Simple Product,Office,HP,24550,25096
P6566,Medical Product,Accessories,Sony,33217,37727
P6567,If Product,Electronics,Boat,18244,26274
P6568,If Product,Accessories,Sony,20996,35978
P6569,Bring Product,Appliances,Lenovo,34472,35583
P6570,Strategy Product,Electronics,Sony,38499,50941
P6571,So Product,Accessories,IKEA,40774,46049
P6572,Station Product,Office,Sony,26860,37269
P6573,Fund Product,Accessories,Boat,23316,24191
P6574,Also Product,Electronics,Dell,35634,44592
P6575,Color Product,Electronics,HP,19405,22027
P6576,Charge Product,Furniture,HP,15053,15806
P6577,Bad Product,Office,Dell,1813,6053
P6578,Phone Product,Appliances,Samsung,6227,7069
P6579,Produce Product,Accessories,Samsung,21734,30428
P6580,Garden Product,Electronics,Dell,5831,13911
P6581,Director Product,Appliances,Samsung,38495,48600
P6582,Executive Product,Office,HP,18063,32649
P6583,Line Product,Furniture,Dell,44551,51997
P6584,Item Product,Electronics,Dell,2539,3120
P6585,Sign Product,Appliances,IKEA,29255,41731
P6586,Begin Product,Appliances,Samsung,3061,14429
P6587,Director Product,Accessories,Lenovo,36446,39218
P6588,Table Product,Appliances,Boat,49161,58312
P6589,That Product,Appliances,IKEA,12466,14917
P6590,So Product,Appliances,IKEA,15974,24348
P6591,Yes Product,Furniture,Sony,34878,36502
P6592,Player Product,Furniture,Samsung,41319,53389
P6593,Try Product,Office,IKEA,27546,32674
P6594,Return Product,Furniture,Lenovo,39991,42059
P6595,Relate Product,Furniture,HP,33685,47215
P6596,Free Product,Appliances,Boat,4958,12882
P6597,People Product,Furniture,Boat,13443,28247
P6598,Eye Product,Furniture,Dell,15219,18658
P6599,Old Product,Appliances,Sony,22200,35619
P6600,Notice Product,Electronics,IKEA,1331,8249
P6601,Road Product,Accessories,HP,14723,17289
P6602,Choose Product,Appliances,Sony,20327,26227
P6603,Human Product,Office,Samsung,6407,13286
P6604,Friend Product,Electronics,Boat,11205,13237
P6605,Five Product,Accessories,Sony,13141,16884
P6606,Speech Product,Office,Samsung,11369,20535
P6607,Morning Product,Appliances,Sony,14196,14702
P6608,Everything Product,Office,Boat,15309,26932
P6609,Charge Product,Appliances,IKEA,36301,44190
P6610,Ago Product,Electronics,Boat,37012,51701
P6611,Data Product,Furniture,Dell,7746,9304
P6612,Recently Product,Furniture,HP,37905,47981
P6613,Game Product,Accessories,Sony,32940,36365
P6614,Throughout Product,Appliances,Dell,48747,59164
P6615,Arrive Product,Office,IKEA,17981,24429
P6616,Cause Product,Electronics,HP,13470,21402
P6617,Although Product,Accessories,Samsung,27842,31048
P6618,Mission Product,Office,Boat,13410,18716
P6619,Conference Product,Appliances,HP,2424,3593
P6620,Then Product,Electronics,Boat,21702,27514
P6621,Ago Product,Electronics,Dell,5731,7772
P6622,Doctor Product,Office,Lenovo,32328,36637
P6623,Seven Product,Electronics,HP,12259,14828
P6624,Effort Product,Furniture,Dell,36886,42709
P6625,So Product,Appliances,Dell,33188,42043
P6626,Partner Product,Appliances,Lenovo,49792,64445
P6627,Draw Product,Electronics,HP,3647,8334
P6628,Mouth Product,Electronics,Lenovo,45082,50075
P6629,Now Product,Furniture,HP,26663,29958
P6630,Wonder Product,Accessories,Boat,2355,10351
P6631,Ball Product,Office,Boat,27335,28371
P6632,Enjoy Product,Accessories,IKEA,13215,19283
P6633,Material Product,Appliances,Lenovo,2898,11198
P6634,Risk Product,Office,Boat,43133,55932
P6635,Friend Product,Electronics,Samsung,22498,30794
P6636,Change Product,Electronics,Boat,39406,53746
P6637,Any Product,Furniture,Samsung,19828,33861
P6638,Word Product,Furniture,Boat,45429,58650
P6639,Skill Product,Office,IKEA,16694,17999
P6640,Tough Product,Accessories,Lenovo,46924,57796
P6641,New Product,Appliances,Lenovo,42829,46371
P6642,Country Product,Appliances,HP,46573,48022
P6643,Him Product,Electronics,Sony,48573,54091
P6644,Full Product,Furniture,HP,20237,30101
P6645,Never Product,Electronics,Boat,42496,47575
P6646,Himself Product,Accessories,Lenovo,13530,20994
P6647,Eat Product,Accessories,Boat,40553,42351
P6648,Street Product,Electronics,Dell,43419,52328
P6649,Court Product,Furniture,Dell,10622,11746
P6650,Open Product,Accessories,Dell,48547,61091
P6651,Serve Product,Electronics,Lenovo,30629,33488
P6652,Production Product,Office,HP,33887,40299
P6653,Great Product,Furniture,IKEA,27050,28969
P6654,Sister Product,Appliances,HP,12157,21711
P6655,Me Product,Office,Boat,1161,15788
P6656,Particular Product,Electronics,Dell,36615,46916
P6657,Yourself Product,Office,HP,13718,22893
P6658,Ask Product,Office,Sony,22254,35756
P6659,Be Product,Electronics,Samsung,47473,59697
P6660,Child Product,Appliances,HP,15741,24611
P6661,Imagine Product,Appliances,Dell,21482,33060
P6662,Different Product,Appliances,Sony,9213,23868
P6663,Why Product,Accessories,Boat,7934,8622
P6664,Himself Product,Office,Boat,36068,36858
P6665,Draw Product,Appliances,Sony,48526,61853
P6666,Build Product,Electronics,Sony,31458,39619
P6667,Process Product,Accessories,Boat,45259,53324
P6668,Benefit Product,Electronics,Dell,8596,20010
P6669,Step Product,Appliances,Samsung,1678,8488
P6670,Floor Product,Furniture,Sony,13736,18303
P6671,Market Product,Appliances,Dell,26774,41167
P6672,Everyone Product,Electronics,Samsung,11362,25386
P6673,Yet Product,Furniture,Lenovo,18581,24902
P6674,Job Product,Office,Samsung,45756,57196
P6675,Mention Product,Accessories,Dell,44318,58954
P6676,Production Product,Appliances,Sony,40341,46168
P6677,Side Product,Office,Sony,43246,46488
P6678,Represent Product,Office,Dell,24121,32138
P6679,Management Product,Electronics,Lenovo,18805,21597
P6680,Foot Product,Electronics,Samsung,38773,42532
P6681,Anything Product,Accessories,IKEA,40891,46131
P6682,Base Product,Electronics,HP,29073,40214
P6683,Help Product,Furniture,Boat,12089,24256
P6684,Today Product,Accessories,IKEA,5853,9199
P6685,Its Product,Furniture,Lenovo,8453,13581
P6686,Who Product,Electronics,Samsung,18526,30201
P6687,Dinner Product,Appliances,Lenovo,22723,25470
P6688,Beautiful Product,Office,Dell,33687,44372
P6689,Similar Product,Furniture,IKEA,32840,40236
P6690,Sound Product,Accessories,HP,6979,20357
P6691,Appear Product,Appliances,IKEA,21826,26511
P6692,Group Product,Electronics,Sony,16290,26310
P6693,Billion Product,Electronics,IKEA,12190,25084
P6694,South Product,Furniture,Samsung,44515,45016
P6695,Image Product,Appliances,Dell,23338,29039
P6696,Shoulder Product,Accessories,HP,17237,31573
P6697,Bill Product,Appliances,HP,11967,15279
P6698,Year Product,Appliances,Sony,22396,29925
P6699,The Product,Appliances,Samsung,45452,58790
P6700,Support Product,Office,Samsung,34695,44163
P6701,Individual Product,Appliances,Sony,43479,50142
P6702,The Product,Accessories,Boat,5041,12810
P6703,Environment Product,Electronics,IKEA,39315,40513
P6704,Training Product,Appliances,Lenovo,20911,22591
P6705,Magazine Product,Electronics,Sony,22959,37502
P6706,Contain Product,Electronics,Dell,41196,53623
P6707,Also Product,Electronics,Dell,32377,44258
P6708,House Product,Office,HP,719,3064
P6709,Mrs Product,Office,Sony,4110,11461
P6710,Almost Product,Appliances,Samsung,42940,47761
P6711,Executive Product,Appliances,Samsung,13394,21682
P6712,Gun Product,Accessories,Samsung,32524,34601
P6713,Likely Product,Electronics,Dell,23475,32291
P6714,Service Product,Furniture,Boat,44288,57771
P6715,Trade Product,Furniture,Sony,31656,45388
P6716,Thought Product,Accessories,Dell,16730,22008
P6717,Trial Product,Office,Samsung,6318,15203
P6718,Charge Product,Accessories,Boat,37660,44765
P6719,Use Product,Appliances,Lenovo,24118,30479
P6720,Old Product,Office,Sony,15124,26885
P6721,Next Product,Office,Sony,18767,30893
P6722,Nation Product,Accessories,Boat,12102,15219
P6723,I Product,Accessories,Lenovo,2388,14628
P6724,Activity Product,Accessories,Samsung,15455,17051
P6725,Source Product,Office,HP,48500,62137
P6726,Vote Product,Furniture,HP,29137,43344
P6727,Company Product,Accessories,Sony,44698,53044
P6728,Magazine Product,Electronics,Boat,29541,42762
P6729,News Product,Appliances,Lenovo,33780,42500
P6730,Green Product,Electronics,Dell,26688,27911
P6731,Weight Product,Office,IKEA,35188,41052
P6732,Form Product,Furniture,IKEA,27298,34314
P6733,Republican Product,Office,Sony,33135,44257
P6734,Local Product,Accessories,Samsung,28716,32008
P6735,After Product,Accessories,Dell,11025,18560
P6736,Already Product,Electronics,Lenovo,44553,47214
P6737,As Product,Electronics,Samsung,15970,27977
P6738,Yard Product,Appliances,HP,46678,52362
P6739,Century Product,Electronics,Boat,1650,10721
P6740,Like Product,Furniture,Samsung,20457,33032
P6741,Though Product,Accessories,Sony,38651,46456
P6742,Hundred Product,Furniture,Samsung,49828,55804
P6743,Least Product,Appliances,Samsung,31812,42959
P6744,Station Product,Electronics,Dell,7424,14070
P6745,Allow Product,Office,Dell,6126,16670
P6746,Official Product,Appliances,Sony,10412,19448
P6747,Worry Product,Electronics,Boat,10694,25435
P6748,National Product,Office,Sony,28369,29244
P6749,Appear Product,Furniture,Samsung,43213,46555
P6750,Policy Product,Accessories,Boat,16770,26917
P6751,Less Product,Appliances,Lenovo,26516,28018
P6752,Four Product,Appliances,Samsung,19065,29415
P6753,Up Product,Electronics,IKEA,42897,49635
P6754,Teacher Product,Appliances,IKEA,44064,57276
P6755,Early Product,Office,Dell,4592,12174
P6756,Most Product,Electronics,Sony,47109,59696
P6757,Hair Product,Furniture,Sony,47192,60854
P6758,Check Product,Electronics,Sony,39995,45861
P6759,Itself Product,Office,Lenovo,44348,50254
P6760,Home Product,Accessories,Lenovo,49348,57942
P6761,Movie Product,Appliances,Samsung,28856,29396
P6762,Skill Product,Electronics,Boat,23874,36383
P6763,Room Product,Accessories,Samsung,11054,15211
P6764,Large Product,Accessories,Dell,35905,39324
P6765,Group Product,Electronics,Boat,8098,11987
P6766,House Product,Accessories,HP,9522,23139
P6767,Question Product,Accessories,IKEA,7459,17351
P6768,Policy Product,Appliances,Samsung,19400,31776
P6769,While Product,Appliances,Boat,48754,60237
P6770,Stock Product,Accessories,Lenovo,26747,33693
P6771,Party Product,Accessories,IKEA,7041,21798
P6772,Staff Product,Furniture,Boat,1818,3702
P6773,Size Product,Appliances,Dell,3277,6195
P6774,Subject Product,Accessories,Lenovo,37885,49186
P6775,Money Product,Accessories,IKEA,35825,44391
P6776,Determine Product,Furniture,Dell,48596,51184
P6777,Need Product,Furniture,Dell,2434,10503
P6778,Do Product,Accessories,Boat,6288,8234
P6779,Officer Product,Office,Dell,4592,13304
P6780,Fund Product,Furniture,Boat,5976,19288
P6781,Pm Product,Accessories,Samsung,38272,40808
P6782,Represent Product,Office,Sony,28782,35015
P6783,Later Product,Appliances,Dell,15623,28831
P6784,How Product,Office,IKEA,18414,32470
P6785,When Product,Accessories,HP,43861,57484
P6786,No Product,Electronics,Boat,23426,34796
P6787,Great Product,Electronics,Lenovo,11734,16374
P6788,View Product,Office,Samsung,13587,14955
P6789,Entire Product,Furniture,Sony,37815,51417
P6790,Meet Product,Office,Samsung,25347,39208
P6791,Season Product,Electronics,Lenovo,7672,11853
P6792,Cause Product,Accessories,Boat,35601,48163
P6793,World Product,Electronics,IKEA,44630,48106
P6794,Result Product,Accessories,IKEA,39399,49929
P6795,Home Product,Furniture,Boat,37545,40489
P6796,Decade Product,Office,IKEA,13745,20983
P6797,Animal Product,Accessories,Samsung,12696,23918
P6798,Economy Product,Office,Lenovo,44071,57470
P6799,While Product,Furniture,Dell,13189,21951
P6800,Entire Product,Accessories,Samsung,32444,46063
P6801,Have Product,Electronics,IKEA,3465,12892
P6802,More Product,Accessories,Lenovo,22057,22914
P6803,Way Product,Office,Boat,20744,30851
P6804,Bill Product,Electronics,Samsung,5521,8288
P6805,Ago Product,Electronics,Boat,18439,25566
P6806,Medical Product,Furniture,Boat,38918,44621
P6807,Firm Product,Office,Dell,19019,22922
P6808,Win Product,Accessories,Boat,45671,46201
P6809,West Product,Office,Boat,43026,48649
P6810,Local Product,Office,Samsung,37917,48379
P6811,Great Product,Office,Samsung,43494,50880
P6812,Boy Product,Accessories,IKEA,18415,31561
P6813,North Product,Appliances,Dell,40289,44597
P6814,Deep Product,Accessories,Lenovo,16720,30350
P6815,High Product,Furniture,Lenovo,9887,12952
P6816,Raise Product,Electronics,IKEA,48450,54093
P6817,Mission Product,Furniture,HP,2516,9975
P6818,Less Product,Office,Samsung,20136,32722
P6819,Start Product,Furniture,Boat,25593,40522
P6820,Thousand Product,Electronics,Boat,49906,56963
P6821,Study Product,Office,Dell,47978,60599
P6822,Billion Product,Furniture,IKEA,19291,28897
P6823,Head Product,Furniture,Lenovo,6163,19078
P6824,Dream Product,Accessories,Sony,48452,52381
P6825,Thousand Product,Appliances,Dell,24194,35818
P6826,Establish Product,Accessories,Lenovo,42702,51991
P6827,Several Product,Appliances,Sony,3607,16095
P6828,Sort Product,Appliances,Sony,10808,23597
P6829,Pattern Product,Appliances,Dell,41103,45267
P6830,Product Product,Electronics,Lenovo,45718,53091
P6831,Trip Product,Accessories,HP,39594,42469
P6832,Step Product,Appliances,Lenovo,16548,30128
P6833,Tell Product,Electronics,Lenovo,13423,26882
P6834,Certainly Product,Furniture,IKEA,11649,15191
P6835,Than Product,Furniture,Sony,30565,35663
P6836,Which Product,Electronics,Samsung,34304,41443
P6837,Trip Product,Electronics,Samsung,33092,44261
P6838,Personal Product,Furniture,Sony,33647,39205
P6839,Ten Product,Appliances,Dell,44726,50524
P6840,Maybe Product,Furniture,Samsung,47844,58601
P6841,Option Product,Furniture,HP,40125,48769
P6842,Tonight Product,Accessories,Lenovo,4785,8956
P6843,Who Product,Office,Boat,5445,8235
P6844,Expect Product,Furniture,HP,48061,60668
P6845,Father Product,Electronics,Dell,26138,29215
P6846,Soldier Product,Furniture,Lenovo,26478,30475
P6847,Break Product,Furniture,Dell,13954,23741
P6848,According Product,Accessories,Dell,25785,37880
P6849,Fund Product,Electronics,Sony,22543,30428
P6850,Religious Product,Accessories,Boat,24634,36312
P6851,Ground Product,Electronics,Sony,9266,10468
P6852,Western Product,Appliances,Dell,42600,54260
P6853,Pay Product,Electronics,Dell,40338,51070
P6854,You Product,Electronics,HP,16471,28562
P6855,Itself Product,Furniture,IKEA,47865,52058
P6856,Sound Product,Appliances,Boat,36210,49227
P6857,From Product,Electronics,Dell,3633,13446
P6858,Hand Product,Appliances,HP,4100,6906
P6859,Population Product,Appliances,IKEA,24549,34207
P6860,True Product,Furniture,Samsung,17968,21101
P6861,Say Product,Appliances,Sony,41231,42261
P6862,Firm Product,Electronics,Dell,10310,24151
P6863,First Product,Furniture,Boat,3665,9492
P6864,Series Product,Accessories,HP,33722,39743
P6865,Voice Product,Accessories,Lenovo,40799,53581
P6866,Shake Product,Electronics,Sony,11248,16115
P6867,Protect Product,Furniture,Boat,44769,48372
P6868,Whose Product,Furniture,Samsung,24362,37922
P6869,Create Product,Furniture,Dell,25947,33994
P6870,School Product,Furniture,Dell,45132,50322
P6871,Throw Product,Appliances,Boat,40916,42221
P6872,Public Product,Furniture,Sony,3725,10913
P6873,Improve Product,Furniture,Samsung,23563,24987
P6874,Similar Product,Accessories,Boat,40364,50605
P6875,Other Product,Office,Sony,40065,50157
P6876,Financial Product,Furniture,Sony,45706,47210
P6877,Current Product,Appliances,IKEA,18858,19876
P6878,Smile Product,Furniture,Lenovo,29603,43514
P6879,Early Product,Appliances,Lenovo,15016,22736
P6880,While Product,Appliances,HP,14190,28388
P6881,Late Product,Furniture,Sony,20551,31586
P6882,Feeling Product,Furniture,IKEA,46603,47486
P6883,Real Product,Electronics,Samsung,3114,14148
P6884,Use Product,Office,Sony,34708,46182
P6885,Its Product,Furniture,Dell,13087,27328
P6886,Order Product,Accessories,IKEA,30101,38971
P6887,Ready Product,Accessories,Sony,49241,58780
P6888,My Product,Electronics,HP,22629,32112
P6889,Wish Product,Appliances,Boat,33195,47660
P6890,Thing Product,Appliances,Dell,33257,47602
P6891,Environmental Product,Appliances,HP,30156,37111
P6892,For Product,Office,Dell,27749,42212
P6893,Act Product,Office,Samsung,47352,55121
P6894,Machine Product,Appliances,Boat,36506,43520
P6895,Wind Product,Furniture,Boat,2371,10260
P6896,Often Product,Appliances,Boat,19964,28706
P6897,Result Product,Appliances,Lenovo,49567,62860
P6898,Team Product,Office,Sony,44734,56526
P6899,Small Product,Appliances,Dell,7869,20439
P6900,I Product,Office,Boat,43290,49511
P6901,Number Product,Appliances,Dell,16611,18852
P6902,Once Product,Furniture,Boat,6790,15447
P6903,View Product,Appliances,IKEA,14021,16085
P6904,Range Product,Electronics,IKEA,41088,53627
P6905,Beat Product,Appliances,Lenovo,27638,41360
P6906,Bring Product,Appliances,IKEA,49703,55136
P6907,Use Product,Electronics,Boat,38905,40541
P6908,Ball Product,Accessories,Sony,766,2114
P6909,Today Product,Accessories,Samsung,1762,11924
P6910,Join Product,Electronics,IKEA,14116,24617
P6911,Increase Product,Appliances,Sony,45232,55635
P6912,Nearly Product,Accessories,Samsung,18602,28279
P6913,Phone Product,Electronics,IKEA,22045,32819
P6914,Long Product,Electronics,Sony,15098,18601
P6915,Choice Product,Furniture,HP,46329,51258
P6916,Contain Product,Appliances,Boat,24537,38473
P6917,Program Product,Appliances,Sony,2948,12366
P6918,Receive Product,Appliances,Boat,18052,28080
P6919,Once Product,Electronics,Boat,12694,16358
P6920,Human Product,Furniture,Dell,1243,13426
P6921,Here Product,Accessories,HP,30092,36793
P6922,Fish Product,Accessories,Lenovo,16466,22563
P6923,Candidate Product,Electronics,Samsung,991,3098
P6924,Her Product,Appliances,Samsung,21419,23015
P6925,Pretty Product,Electronics,Samsung,15035,23026
P6926,Office Product,Electronics,Samsung,41493,44573
P6927,Image Product,Office,HP,27783,29721
P6928,Fine Product,Office,Sony,721,15215
P6929,Surface Product,Electronics,Boat,48974,63323
P6930,Learn Product,Office,HP,36494,41247
P6931,Know Product,Electronics,Samsung,49538,63058
P6932,Your Product,Appliances,Sony,31953,42871
P6933,Type Product,Electronics,Sony,33072,45187
P6934,Face Product,Accessories,Dell,4174,10598
P6935,Listen Product,Furniture,Samsung,33073,33881
P6936,Pay Product,Accessories,Dell,43146,53821
P6937,Able Product,Electronics,IKEA,25400,31368
P6938,Because Product,Accessories,IKEA,39520,40651
P6939,Fish Product,Accessories,Samsung,2065,7883
P6940,Or Product,Electronics,Samsung,19441,20729
P6941,Whatever Product,Appliances,HP,42528,53310
P6942,Yourself Product,Accessories,HP,37117,51278
P6943,Interesting Product,Accessories,HP,2976,17282
P6944,Change Product,Office,Sony,5772,7730
P6945,Seem Product,Appliances,HP,22183,33803
P6946,Occur Product,Furniture,Lenovo,9259,13892
P6947,Imagine Product,Appliances,Boat,7063,8076
P6948,Rise Product,Appliances,IKEA,34127,39948
P6949,Second Product,Office,Dell,34099,38450
P6950,Gas Product,Furniture,HP,19095,28662
P6951,Agent Product,Electronics,Sony,30537,31684
P6952,Particular Product,Appliances,Samsung,19198,25525
P6953,Onto Product,Appliances,Sony,41879,48390
P6954,Hand Product,Furniture,IKEA,49405,54263
P6955,Of Product,Furniture,Samsung,49416,52910
P6956,Soon Product,Accessories,IKEA,44404,51129
P6957,Believe Product,Office,Lenovo,9230,22083
P6958,Fine Product,Furniture,Samsung,14744,29189
P6959,Rule Product,Office,HP,39607,50466
P6960,Student Product,Office,Lenovo,18624,26437
P6961,Know Product,Accessories,Dell,16981,27691
P6962,Stage Product,Electronics,Sony,44098,57616
P6963,Subject Product,Office,Samsung,47906,49377
P6964,Student Product,Office,Boat,22664,36037
P6965,Born Product,Accessories,IKEA,28781,30755
P6966,Media Product,Office,Sony,10369,23497
P6967,Physical Product,Appliances,Samsung,25231,40144
P6968,Music Product,Accessories,Samsung,40802,51621
P6969,Official Product,Accessories,IKEA,9574,16065
P6970,Some Product,Appliances,IKEA,44750,47190
P6971,Writer Product,Electronics,Sony,44519,54155
P6972,Chair Product,Appliances,Boat,37456,39598
P6973,Edge Product,Appliances,HP,6871,8632
P6974,Writer Product,Electronics,Lenovo,4703,11171
P6975,Challenge Product,Office,Boat,36172,45665
P6976,Large Product,Accessories,Lenovo,11243,14385
P6977,Reason Product,Accessories,Boat,18714,28949
P6978,Stay Product,Appliances,Lenovo,41866,54070
P6979,Hundred Product,Appliances,IKEA,6119,19592
P6980,Real Product,Office,Lenovo,44346,58078
P6981,Election Product,Office,HP,11104,11962
P6982,Decade Product,Appliances,Samsung,10536,17617
P6983,You Product,Appliances,Dell,32647,44405
P6984,Population Product,Office,Boat,40634,46187
P6985,Wait Product,Electronics,Dell,47816,48969
P6986,None Product,Appliances,HP,21891,36028
P6987,Decision Product,Furniture,IKEA,40944,48275
P6988,Enter Product,Appliances,Dell,32445,46190
P6989,Opportunity Product,Furniture,Lenovo,49006,61007
P6990,Example Product,Accessories,IKEA,17437,29473
P6991,Really Product,Office,Boat,24192,32212
P6992,Around Product,Electronics,HP,45257,48082
P6993,Traditional Product,Accessories,Dell,38069,46469
P6994,Memory Product,Furniture,Sony,9800,23784
P6995,Success Product,Electronics,Samsung,41232,55207
P6996,Huge Product,Office,HP,43633,54765
P6997,Win Product,Furniture,Boat,4279,14273
P6998,Kitchen Product,Accessories,Samsung,23981,38628
P6999,Rate Product,Electronics,Sony,16600,19973
P7000,Wish Product,Furniture,Boat,11259,17682
P7001,Trial Product,Accessories,Lenovo,36309,51020
P7002,Evidence Product,Furniture,Lenovo,24414,35214
P7003,Force Product,Electronics,Dell,26625,31602
P7004,Role Product,Accessories,Boat,36157,41035
P7005,Might Product,Accessories,Dell,29914,33525
P7006,Item Product,Accessories,IKEA,38537,48411
P7007,Choice Product,Accessories,HP,5977,15713
P7008,Base Product,Office,Lenovo,37844,52806
P7009,Agree Product,Appliances,Lenovo,10636,15540
P7010,Main Product,Furniture,Samsung,48512,58142
P7011,Face Product,Electronics,IKEA,30462,37476
P7012,Newspaper Product,Appliances,IKEA,8241,19659
P7013,Debate Product,Electronics,Dell,27792,29345
P7014,Plan Product,Electronics,Samsung,40206,55151
P7015,Opportunity Product,Furniture,Dell,42183,44953
P7016,Dream Product,Furniture,Dell,34823,49071
P7017,Interest Product,Appliances,Samsung,31170,34425
P7018,Region Product,Furniture,Dell,10396,15772
P7019,Property Product,Accessories,Sony,16855,20925
P7020,Bank Product,Appliances,Sony,47385,53651
P7021,Give Product,Office,Boat,10057,11760
P7022,Season Product,Accessories,IKEA,34384,45157
P7023,Choose Product,Furniture,Sony,19850,31284
P7024,Decision Product,Appliances,Samsung,25532,37889
P7025,Job Product,Accessories,HP,22308,26699
P7026,Shake Product,Electronics,Samsung,22758,29464
P7027,Ever Product,Furniture,Lenovo,15638,20527
P7028,Whom Product,Office,Samsung,36181,49195
P7029,Senior Product,Furniture,Sony,1536,12390
P7030,Look Product,Appliances,Samsung,3640,16912
P7031,Time Product,Electronics,Samsung,44582,55852
P7032,Sister Product,Accessories,Samsung,18511,31666
P7033,Particularly Product,Accessories,Lenovo,25452,39472
P7034,Consumer Product,Furniture,Dell,37498,41595
P7035,Evening Product,Appliances,Dell,12567,20642
P7036,Them Product,Appliances,Dell,22266,25339
P7037,Another Product,Accessories,Samsung,36492,51067
P7038,Matter Product,Accessories,Boat,17765,24923
P7039,Which Product,Office,IKEA,14883,27725
P7040,Upon Product,Electronics,Dell,5659,6434
P7041,Guy Product,Appliances,Sony,12150,14013
P7042,Value Product,Appliances,Lenovo,43835,49687
P7043,Look Product,Electronics,HP,1723,2492
P7044,Information Product,Accessories,HP,41108,45341
P7045,Author Product,Appliances,IKEA,11797,18046
P7046,Sort Product,Accessories,IKEA,931,12728
P7047,Indicate Product,Office,IKEA,28516,40966
P7048,Million Product,Appliances,Boat,13050,15948
P7049,Ability Product,Office,IKEA,3008,3617
P7050,Others Product,Electronics,Lenovo,23941,31907
P7051,Student Product,Electronics,IKEA,35525,40829
P7052,Whether Product,Office,HP,32530,46855
P7053,Town Product,Furniture,Lenovo,27835,39935
P7054,Pass Product,Electronics,HP,42414,48699
P7055,Increase Product,Accessories,HP,13115,23924
P7056,Go Product,Accessories,Sony,18851,19631
P7057,Admit Product,Furniture,HP,19290,27704
P7058,Treatment Product,Office,IKEA,14596,19544
P7059,Analysis Product,Furniture,Lenovo,31583,39825
P7060,End Product,Office,IKEA,2894,14432
P7061,Project Product,Furniture,Lenovo,23650,35819
P7062,Friend Product,Electronics,Sony,46874,50430
P7063,Her Product,Accessories,Boat,24135,31425
P7064,Star Product,Electronics,Dell,37173,41030
P7065,Wear Product,Office,Sony,45753,47027
P7066,Able Product,Furniture,IKEA,22908,28001
P7067,Bed Product,Electronics,HP,11870,22664
P7068,Record Product,Accessories,Dell,23289,26673
P7069,Stay Product,Accessories,Sony,42968,50589
P7070,Ground Product,Electronics,Dell,42931,51446
P7071,Everyone Product,Office,HP,32534,41726
P7072,Power Product,Appliances,Lenovo,44030,53917
P7073,Game Product,Appliances,Samsung,18802,31642
P7074,Visit Product,Appliances,Dell,43889,53099
P7075,Claim Product,Office,Dell,25992,38781
P7076,Such Product,Furniture,Samsung,17352,19645
P7077,Fund Product,Appliances,Boat,13171,25756
P7078,Chair Product,Electronics,Sony,19342,20656
P7079,Spring Product,Electronics,Dell,2438,10584
P7080,Doctor Product,Furniture,Samsung,39225,44275
P7081,Employee Product,Accessories,Samsung,10468,19322
P7082,Item Product,Electronics,Lenovo,21056,33773
P7083,Foot Product,Appliances,Boat,45947,48110
P7084,Look Product,Appliances,Sony,6289,14300
P7085,Night Product,Electronics,Samsung,10316,17986
P7086,Memory Product,Accessories,Boat,39102,48163
P7087,Place Product,Accessories,Lenovo,33888,37389
P7088,Our Product,Accessories,IKEA,23515,36689
P7089,Brother Product,Office,Sony,27707,36107
P7090,Each Product,Furniture,IKEA,1630,12609
P7091,Explain Product,Appliances,Samsung,19728,32760
P7092,Public Product,Furniture,Sony,9705,13450
P7093,Run Product,Appliances,Samsung,34353,47090
P7094,Challenge Product,Electronics,Lenovo,7790,12339
P7095,Church Product,Appliances,Lenovo,29156,41491
P7096,Manager Product,Appliances,HP,24241,38222
P7097,Role Product,Office,HP,43614,48406
P7098,Itself Product,Appliances,HP,40521,47665
P7099,Career Product,Accessories,IKEA,36418,43070
P7100,Fire Product,Furniture,IKEA,49911,63429
P7101,Modern Product,Appliances,Sony,40753,50170
P7102,Push Product,Appliances,Boat,38139,51307
P7103,Range Product,Electronics,IKEA,10507,16893
P7104,Our Product,Office,IKEA,11177,25908
P7105,Arm Product,Office,Lenovo,23970,32396
P7106,Low Product,Electronics,Dell,5840,18823
P7107,Stay Product,Office,Samsung,24525,31674
P7108,Age Product,Appliances,HP,37495,38846
P7109,Interesting Product,Office,Dell,4452,8284
P7110,Begin Product,Office,HP,43523,55026
P7111,Generation Product,Appliances,Boat,28769,39897
P7112,Suggest Product,Accessories,HP,27143,32211
P7113,Participant Product,Accessories,HP,22947,28925
P7114,Dinner Product,Accessories,Samsung,41165,48921
P7115,Risk Product,Accessories,Samsung,47837,50238
P7116,Account Product,Appliances,IKEA,48944,59247
P7117,Receive Product,Office,Dell,17647,21554
P7118,Role Product,Office,IKEA,18627,19781
P7119,Part Product,Furniture,Dell,46518,47438
P7120,Center Product,Furniture,IKEA,35070,42588
P7121,Picture Product,Electronics,IKEA,46334,52130
P7122,Religious Product,Appliances,Boat,1328,7112
P7123,Control Product,Appliances,IKEA,12552,21053
P7124,Here Product,Furniture,Lenovo,24041,33209
P7125,Bit Product,Furniture,Sony,21501,29392
P7126,Doctor Product,Accessories,Lenovo,31660,43784
P7127,Serve Product,Electronics,Dell,18868,25750
P7128,Law Product,Appliances,Boat,47386,53087
P7129,Address Product,Electronics,IKEA,45555,59401
P7130,Individual Product,Furniture,Lenovo,13272,14909
P7131,Full Product,Office,HP,38881,43537
P7132,Street Product,Electronics,IKEA,34417,36770
P7133,Important Product,Accessories,Boat,47868,57844
P7134,Policy Product,Furniture,Sony,49136,56670
P7135,Cup Product,Furniture,IKEA,28876,34376
P7136,Very Product,Appliances,Sony,11993,26051
P7137,Eight Product,Appliances,Lenovo,14678,18065
P7138,Admit Product,Appliances,Sony,44850,54244
P7139,Foreign Product,Electronics,IKEA,25409,30231
P7140,Main Product,Appliances,Samsung,44479,55971
P7141,His Product,Office,IKEA,42000,46902
P7142,Energy Product,Office,HP,31627,39115
P7143,Fact Product,Electronics,Dell,38644,49192
P7144,Reason Product,Furniture,Sony,45215,48504
P7145,Center Product,Office,Samsung,20556,31646
P7146,Data Product,Accessories,Lenovo,29050,33801
P7147,Claim Product,Office,Dell,21503,23141
P7148,Large Product,Accessories,IKEA,37542,51535
P7149,Force Product,Accessories,Samsung,12173,17312
P7150,Environment Product,Furniture,Boat,49325,55598
P7151,Him Product,Accessories,HP,8195,15534
P7152,Religious Product,Electronics,Boat,15443,22027
P7153,Congress Product,Furniture,Dell,33126,38497
P7154,Food Product,Electronics,IKEA,24070,38472
P7155,Even Product,Office,Boat,44521,55667
P7156,Break Product,Electronics,Sony,15282,17093
P7157,Treatment Product,Electronics,Sony,32746,37485
P7158,Star Product,Accessories,Samsung,15182,27256
P7159,Environmental Product,Furniture,IKEA,542,12172
P7160,Political Product,Furniture,Samsung,15182,24206
P7161,Forget Product,Electronics,Boat,37036,45453
P7162,Result Product,Accessories,Dell,44254,56624
P7163,Now Product,Electronics,Dell,27258,33930
P7164,Section Product,Appliances,HP,11443,24815
P7165,Effort Product,Appliances,Lenovo,16337,20778
P7166,Concern Product,Furniture,Sony,1115,13325
P7167,Out Product,Accessories,Boat,18529,23632
P7168,Spring Product,Appliances,IKEA,13156,15708
P7169,Instead Product,Office,Sony,4162,18339
P7170,Evidence Product,Appliances,HP,7332,16170
P7171,Hard Product,Accessories,Lenovo,32335,45359
P7172,Exactly Product,Office,Dell,8477,13204
P7173,About Product,Appliances,IKEA,44635,52162
P7174,Bar Product,Furniture,Lenovo,1579,12704
P7175,Time Product,Appliances,IKEA,22491,34923
P7176,Many Product,Electronics,Lenovo,3485,7322
P7177,National Product,Electronics,Lenovo,33883,34799
P7178,What Product,Appliances,Boat,42934,47136
P7179,True Product,Office,HP,45273,57791
P7180,Cold Product,Accessories,HP,13546,27900
P7181,Collection Product,Electronics,Lenovo,5830,10073
P7182,Democratic Product,Appliances,IKEA,7642,20809
P7183,Story Product,Office,IKEA,10479,24978
P7184,Life Product,Appliances,Boat,3721,14184
P7185,Politics Product,Accessories,Dell,24904,31712
P7186,Be Product,Furniture,Lenovo,41367,48117
P7187,Life Product,Furniture,HP,14090,25885
P7188,May Product,Office,Boat,5518,10022
P7189,Professor Product,Office,HP,48428,62690
P7190,Less Product,Office,Boat,13821,27622
P7191,Grow Product,Furniture,Sony,42307,48119
P7192,Enter Product,Appliances,Boat,42614,52504
P7193,Population Product,Office,IKEA,18270,22331
P7194,Red Product,Accessories,Sony,3970,12876
P7195,Center Product,Appliances,Boat,36582,44002
P7196,Lose Product,Furniture,Dell,21708,23472
P7197,Across Product,Electronics,Dell,18054,23719
P7198,Company Product,Office,Samsung,41315,52198
P7199,Ability Product,Furniture,Boat,28953,30215
P7200,Firm Product,Accessories,Sony,22289,36830
P7201,Form Product,Accessories,Boat,17559,23656
P7202,Market Product,Electronics,Dell,11791,21134
P7203,Expert Product,Office,HP,41264,44461
P7204,Whom Product,Accessories,IKEA,43006,50639
P7205,Program Product,Accessories,Sony,27847,37869
P7206,Production Product,Accessories,Dell,44210,52873
P7207,Machine Product,Electronics,Lenovo,35255,37728
P7208,Nature Product,Office,Samsung,15566,18106
P7209,Very Product,Furniture,IKEA,44142,50669
P7210,Member Product,Office,IKEA,24629,25633
P7211,Travel Product,Furniture,Lenovo,44656,45350
P7212,Source Product,Office,Lenovo,47196,53590
P7213,Time Product,Electronics,Lenovo,38740,51501
P7214,Lay Product,Accessories,Lenovo,49940,62138
P7215,Property Product,Office,Samsung,14475,19151
P7216,Morning Product,Appliances,Dell,27990,38984
P7217,Building Product,Furniture,Samsung,37258,49133
P7218,Design Product,Appliances,HP,2494,13636
P7219,East Product,Furniture,Boat,37196,45042
P7220,Cell Product,Electronics,Sony,19185,21724
P7221,Amount Product,Accessories,IKEA,2091,2935
P7222,Something Product,Accessories,Samsung,48586,54328
P7223,Technology Product,Office,Lenovo,24384,27708
P7224,For Product,Office,IKEA,28636,35966
P7225,Politics Product,Office,Boat,20846,26321
P7226,Military Product,Accessories,Sony,36264,37496
P7227,Choice Product,Appliances,Lenovo,36538,49891
P7228,Notice Product,Accessories,Sony,27329,33867
P7229,Decision Product,Accessories,Sony,44953,55526
P7230,Plant Product,Office,IKEA,23352,31172
P7231,Someone Product,Accessories,Boat,48512,62642
P7232,Treatment Product,Electronics,Samsung,35787,44935
P7233,Find Product,Office,Sony,32224,35680
P7234,Share Product,Electronics,Dell,9268,13900
P7235,Rule Product,Electronics,Boat,5257,8508
P7236,Hotel Product,Office,Sony,11121,11819
P7237,Media Product,Electronics,IKEA,49049,58864
P7238,Tonight Product,Appliances,HP,46981,59133
P7239,Share Product,Furniture,HP,6092,19208
P7240,Matter Product,Accessories,Samsung,10907,18792
P7241,Work Product,Appliances,Boat,13332,24544
P7242,Fact Product,Office,HP,21350,31975
P7243,Stage Product,Appliances,Lenovo,16836,17399
P7244,Difference Product,Appliances,Boat,11797,26102
P7245,Theory Product,Furniture,Dell,41957,54184
P7246,International Product,Appliances,Sony,34687,37245
P7247,Develop Product,Appliances,Lenovo,31109,43558
P7248,Particular Product,Electronics,Sony,14752,27081
P7249,Hope Product,Office,Lenovo,14904,24195
P7250,Free Product,Furniture,Lenovo,40675,53701
P7251,Own Product,Furniture,HP,2366,11887
P7252,Commercial Product,Furniture,Lenovo,2444,9965
P7253,Lot Product,Furniture,Dell,19471,26704
P7254,Follow Product,Appliances,Dell,39240,52105
P7255,Evidence Product,Appliances,Samsung,16863,24410
P7256,Many Product,Appliances,IKEA,31744,38865
P7257,Serious Product,Electronics,HP,31022,42569
P7258,Suffer Product,Accessories,Samsung,21152,32788
P7259,Matter Product,Accessories,Sony,35340,48945
P7260,Difficult Product,Appliances,Boat,1684,16277
P7261,Wind Product,Office,HP,41897,46840
P7262,Time Product,Electronics,Boat,22794,31470
P7263,Quickly Product,Electronics,Samsung,23441,32789
P7264,Member Product,Furniture,IKEA,11980,25055
P7265,Letter Product,Office,Sony,33968,36299
P7266,View Product,Electronics,Lenovo,28275,42385
P7267,Within Product,Accessories,IKEA,28000,35461
P7268,Interesting Product,Accessories,Samsung,36075,38350
P7269,Tree Product,Electronics,Dell,29348,33570
P7270,For Product,Accessories,IKEA,9341,20230
P7271,Line Product,Office,IKEA,13535,24418
P7272,Relate Product,Electronics,Lenovo,28375,36558
P7273,Without Product,Office,Boat,30775,39229
P7274,Sell Product,Electronics,Dell,26461,34865
P7275,Develop Product,Furniture,HP,6150,7785
P7276,Doctor Product,Furniture,Lenovo,42080,43616
P7277,Responsibility Product,Appliances,Boat,49181,63986
P7278,Financial Product,Office,Boat,34512,39910
P7279,Field Product,Appliances,IKEA,12809,20617
P7280,Decade Product,Appliances,HP,11742,14873
P7281,Ok Product,Appliances,Sony,12248,14698
P7282,Really Product,Accessories,Samsung,7933,9715
P7283,South Product,Office,Dell,7405,18055
P7284,Drive Product,Electronics,Boat,4156,7117
P7285,Represent Product,Office,Sony,42185,55249
P7286,Present Product,Furniture,IKEA,30377,31653
P7287,Open Product,Appliances,Dell,31071,36075
P7288,Money Product,Furniture,Sony,13363,24929
P7289,Anything Product,Furniture,Dell,10960,18355
P7290,Everybody Product,Appliances,Sony,17100,27808
P7291,Beat Product,Accessories,Dell,30011,43514
P7292,Hope Product,Office,Samsung,16314,19021
P7293,Suffer Product,Electronics,Lenovo,42777,49029
P7294,Break Product,Accessories,Samsung,10138,12098
P7295,Reveal Product,Accessories,Boat,44922,56177
P7296,Piece Product,Appliances,Samsung,6267,7958
P7297,Part Product,Appliances,Samsung,26939,32552
P7298,Affect Product,Furniture,Boat,36234,47010
P7299,Store Product,Office,Sony,23049,36098
P7300,Do Product,Accessories,Samsung,13374,20361
P7301,Rule Product,Electronics,Dell,14566,20864
P7302,Attention Product,Accessories,Dell,46929,54366
P7303,It Product,Accessories,Dell,36539,39863
P7304,Resource Product,Electronics,Boat,30245,39604
P7305,Employee Product,Accessories,IKEA,18885,22115
P7306,Road Product,Office,HP,18507,29572
P7307,Maintain Product,Appliances,Lenovo,18898,29995
P7308,International Product,Appliances,Boat,31984,45377
P7309,Answer Product,Office,Sony,47179,48106
P7310,Choice Product,Accessories,IKEA,20251,34921
P7311,Write Product,Furniture,Lenovo,37008,46497
P7312,Quality Product,Appliances,IKEA,1347,13583
P7313,Democratic Product,Appliances,Sony,6108,13488
P7314,Interest Product,Furniture,Lenovo,32845,35522
P7315,Herself Product,Electronics,Dell,48946,63632
P7316,Phone Product,Electronics,Dell,11168,16628
P7317,Agreement Product,Electronics,Sony,24013,26909
P7318,Down Product,Appliances,IKEA,19328,32879
P7319,Grow Product,Accessories,Lenovo,40478,54285
P7320,Concern Product,Furniture,HP,45644,46228
P7321,Suggest Product,Office,Boat,6963,16595
P7322,Room Product,Office,Lenovo,35516,41725
P7323,Firm Product,Furniture,IKEA,16180,19970
P7324,Pressure Product,Office,Samsung,8093,11280
P7325,Condition Product,Accessories,IKEA,37881,44560
P7326,Road Product,Furniture,HP,48169,55411
P7327,Husband Product,Accessories,Dell,26625,40374
P7328,True Product,Appliances,Samsung,21685,25105
P7329,Somebody Product,Accessories,Lenovo,24308,26158
P7330,Ground Product,Appliances,Sony,14806,26330
P7331,With Product,Electronics,Sony,23472,24117
P7332,Certainly Product,Furniture,HP,33440,41352
P7333,Network Product,Accessories,Lenovo,15590,27635
P7334,Too Product,Electronics,HP,1592,16241
P7335,Brother Product,Accessories,Sony,3608,9897
P7336,Car Product,Accessories,Dell,21173,35482
P7337,Minute Product,Office,Sony,27211,32329
P7338,Raise Product,Electronics,Dell,13289,19742
P7339,Discussion Product,Furniture,Boat,15773,27906
P7340,Employee Product,Electronics,Sony,23307,29068
P7341,Head Product,Accessories,Boat,22007,30580
P7342,Sport Product,Appliances,HP,9070,18814
P7343,Fly Product,Furniture,Lenovo,6948,9819
P7344,Officer Product,Accessories,Sony,41501,51970
P7345,Wish Product,Electronics,Boat,3960,9691
P7346,Would Product,Appliances,HP,39061,41260
P7347,Do Product,Office,IKEA,12163,15740
P7348,Audience Product,Furniture,Lenovo,34730,39345
P7349,Rock Product,Electronics,Dell,2861,3952
P7350,Rest Product,Accessories,Boat,2711,10053
P7351,Camera Product,Office,Boat,5672,11870
P7352,Above Product,Office,Samsung,10367,19934
P7353,Always Product,Electronics,Samsung,41074,41586
P7354,Itself Product,Furniture,Samsung,16321,25419
P7355,Approach Product,Appliances,Sony,14171,27359
P7356,Group Product,Accessories,Boat,29659,32118
P7357,High Product,Electronics,Lenovo,21823,34124
P7358,Before Product,Electronics,Lenovo,25909,40404
P7359,Least Product,Appliances,IKEA,43235,56549
P7360,Skill Product,Furniture,IKEA,7964,15762
P7361,Fill Product,Accessories,HP,36146,42483
P7362,Best Product,Electronics,Samsung,6030,12259
P7363,Stuff Product,Electronics,Samsung,1255,6226
P7364,Agent Product,Office,Dell,41776,48121
P7365,Exactly Product,Appliances,Boat,26652,38121
P7366,Agent Product,Furniture,Sony,33128,37110
P7367,This Product,Office,Sony,38128,40942
P7368,Account Product,Appliances,Dell,25311,33210
P7369,Manage Product,Accessories,Lenovo,37259,40795
P7370,Little Product,Appliances,Samsung,31760,37295
P7371,Such Product,Furniture,IKEA,7685,16487
P7372,More Product,Electronics,HP,11551,23339
P7373,Look Product,Accessories,IKEA,4514,12940
P7374,Decide Product,Accessories,Lenovo,49218,58267
P7375,Would Product,Accessories,Lenovo,11783,24232
P7376,Head Product,Furniture,IKEA,37697,45791
P7377,Edge Product,Furniture,Sony,3987,17215
P7378,Computer Product,Accessories,Dell,7748,8468
P7379,Only Product,Office,IKEA,29400,33856
P7380,Too Product,Appliances,Sony,22481,34464
P7381,No Product,Accessories,HP,49636,54694
P7382,Officer Product,Electronics,Lenovo,29598,35018
P7383,Point Product,Appliances,Samsung,4657,11039
P7384,Senior Product,Electronics,Dell,31556,44121
P7385,Land Product,Accessories,Dell,48880,50906
P7386,Miss Product,Appliances,Boat,28701,34276
P7387,Raise Product,Electronics,HP,42564,49061
P7388,Stop Product,Furniture,Samsung,38008,48076
P7389,Ability Product,Appliances,Boat,49853,61978
P7390,Sort Product,Furniture,HP,29475,31570
P7391,Education Product,Appliances,Boat,37655,41982
P7392,Pull Product,Accessories,Boat,23248,30537
P7393,Relationship Product,Electronics,Samsung,35205,46404
P7394,Bank Product,Electronics,Dell,3287,16145
P7395,Million Product,Electronics,Sony,45245,51654
P7396,Traditional Product,Accessories,Sony,32721,42957
P7397,Time Product,Appliances,HP,11913,22824
P7398,Arm Product,Electronics,Lenovo,48412,63393
P7399,Us Product,Accessories,Lenovo,41560,42420
P7400,Marriage Product,Accessories,Boat,15471,25142
P7401,Occur Product,Appliances,Sony,19698,26760
P7402,Left Product,Accessories,Boat,41268,53184
P7403,Ever Product,Electronics,HP,13274,19944
P7404,Claim Product,Furniture,HP,33776,44114
P7405,Make Product,Office,HP,703,4796
P7406,List Product,Office,Boat,15504,28318
P7407,Home Product,Office,Sony,22750,25176
P7408,Result Product,Office,Sony,23558,26487
P7409,Safe Product,Office,HP,47728,60308
P7410,She Product,Accessories,IKEA,9495,10627
P7411,Room Product,Office,Lenovo,39048,50176
P7412,Increase Product,Furniture,Boat,28039,40364
P7413,Same Product,Furniture,Lenovo,44654,51743
P7414,Eat Product,Furniture,Samsung,35524,43379
P7415,Form Product,Electronics,Dell,3909,17372
P7416,Scene Product,Electronics,IKEA,38632,53615
P7417,Film Product,Furniture,Dell,36117,37874
P7418,Suggest Product,Appliances,Dell,24595,38323
P7419,Pm Product,Appliances,Boat,6298,16933
P7420,Different Product,Appliances,HP,19740,32025
P7421,Benefit Product,Furniture,Samsung,21460,25699
P7422,Nor Product,Furniture,Dell,41151,52131
P7423,Mission Product,Appliances,Sony,9863,23807
P7424,Allow Product,Office,Dell,48300,49988
P7425,Carry Product,Furniture,Boat,17057,31307
P7426,Ahead Product,Office,Boat,44182,45897
P7427,Card Product,Electronics,Samsung,32068,44141
P7428,Heart Product,Office,HP,19484,23275
P7429,Tonight Product,Accessories,HP,35094,37325
P7430,Once Product,Electronics,IKEA,48837,54338
P7431,Realize Product,Office,Samsung,43532,54660
P7432,Road Product,Appliances,Lenovo,26681,38346
P7433,Professional Product,Appliances,HP,38065,45427
P7434,However Product,Accessories,Dell,35166,49600
P7435,They Product,Appliances,Lenovo,24715,28067
P7436,Process Product,Office,Boat,35647,45441
P7437,Community Product,Appliances,Boat,15774,20911
P7438,Wonder Product,Accessories,Dell,31285,46032
P7439,Nation Product,Office,Lenovo,13924,21109
P7440,The Product,Electronics,Samsung,11107,20351
P7441,Different Product,Furniture,Lenovo,44565,45883
P7442,Company Product,Furniture,IKEA,1203,7743
P7443,Somebody Product,Furniture,Lenovo,38369,46169
P7444,Quite Product,Appliances,HP,47468,55897
P7445,Education Product,Electronics,Boat,31947,46134
P7446,Specific Product,Appliances,HP,669,11562
P7447,Forward Product,Appliances,Lenovo,19165,22868
P7448,Forget Product,Appliances,Sony,20335,22164
P7449,Simply Product,Electronics,Boat,47324,53620
P7450,Become Product,Accessories,Sony,36032,49876
P7451,Account Product,Office,Sony,21333,31154
P7452,Stand Product,Office,Sony,23899,25046
P7453,Term Product,Accessories,HP,25786,29202
P7454,Either Product,Furniture,Sony,21124,29504
P7455,Gas Product,Electronics,Lenovo,2749,5618
P7456,Actually Product,Office,Boat,18907,25274
P7457,Themselves Product,Appliances,Dell,16468,28178
P7458,Put Product,Electronics,Samsung,29832,31897
P7459,Art Product,Furniture,HP,35420,43536
P7460,Serious Product,Office,HP,14873,24041
P7461,Knowledge Product,Electronics,Samsung,10806,17569
P7462,Lay Product,Accessories,Dell,28539,38051
P7463,Argue Product,Electronics,Sony,12429,15655
P7464,Not Product,Appliances,Sony,27900,29687
P7465,Her Product,Office,Samsung,15102,20074
P7466,Often Product,Electronics,Samsung,32070,41822
P7467,Cost Product,Furniture,Lenovo,47056,59039
P7468,Evening Product,Office,HP,6872,15873
P7469,Determine Product,Furniture,IKEA,6535,12191
P7470,Which Product,Appliances,Sony,42623,49909
P7471,Health Product,Office,Boat,30278,42566
P7472,Anything Product,Appliances,Samsung,34190,45415
P7473,Brother Product,Office,Sony,27749,41618
P7474,Office Product,Furniture,Samsung,38277,40825
P7475,Evidence Product,Accessories,Lenovo,4345,13038
P7476,Whatever Product,Office,Boat,47678,55040
P7477,Trial Product,Furniture,Samsung,22240,35800
P7478,Start Product,Office,HP,34903,43422
P7479,Them Product,Appliances,Sony,8561,21100
P7480,Skill Product,Furniture,Sony,18558,24635
P7481,Next Product,Office,IKEA,26827,41774
P7482,Read Product,Office,Dell,21235,32397
P7483,Control Product,Accessories,Boat,19344,26178
P7484,Among Product,Office,HP,17075,20217
P7485,Way Product,Electronics,Sony,15926,16525
P7486,Carry Product,Accessories,Sony,3500,8117
P7487,Gas Product,Appliances,Sony,14648,18172
P7488,Wife Product,Furniture,Samsung,25225,31429
P7489,Agent Product,Office,Samsung,18262,31014
P7490,Us Product,Appliances,Lenovo,42760,46388
P7491,Read Product,Furniture,IKEA,48395,53837
P7492,Evening Product,Accessories,Dell,40120,47539
P7493,Page Product,Accessories,Boat,7095,11397
P7494,Will Product,Electronics,Samsung,17289,18489
P7495,Interesting Product,Electronics,HP,45225,55297
P7496,Leader Product,Electronics,Sony,49953,58506
P7497,Option Product,Office,IKEA,9424,23293
P7498,Space Product,Accessories,Samsung,14284,16030
P7499,Model Product,Office,Samsung,43087,51650
P7500,Send Product,Electronics,Sony,16681,24768
P7501,Night Product,Furniture,Dell,20191,34183
P7502,Public Product,Accessories,Lenovo,3479,13220
P7503,Pattern Product,Furniture,HP,41483,51575
P7504,Memory Product,Appliances,Lenovo,17122,30014
P7505,Increase Product,Furniture,Dell,12039,20603
P7506,Run Product,Office,Dell,41920,55474
P7507,Act Product,Electronics,IKEA,30617,37593
P7508,Some Product,Appliances,Sony,8265,11684
P7509,Number Product,Office,Boat,17456,29016
P7510,Crime Product,Accessories,HP,6372,17511
P7511,Direction Product,Accessories,Dell,15433,24975
P7512,Whom Product,Furniture,Sony,33200,35988
P7513,Government Product,Accessories,Samsung,4571,8979
P7514,Forget Product,Appliances,Samsung,49967,51357
P7515,Since Product,Appliances,HP,41153,44183
P7516,Attention Product,Appliances,Lenovo,45118,56086
P7517,Good Product,Appliances,Sony,30301,31495
P7518,Get Product,Furniture,Sony,35624,41322
P7519,Song Product,Appliances,Sony,38077,49846
P7520,Their Product,Office,Sony,29416,31054
P7521,Quite Product,Accessories,Sony,33429,34857
P7522,Speak Product,Electronics,HP,41458,52948
P7523,Kind Product,Accessories,IKEA,3012,6035
P7524,Song Product,Accessories,IKEA,42734,49061
P7525,Because Product,Office,Dell,22627,33927
P7526,Particular Product,Electronics,Dell,21962,29490
P7527,Nor Product,Furniture,IKEA,18500,27444
P7528,World Product,Office,HP,37870,42987
P7529,Along Product,Accessories,IKEA,8715,14722
P7530,Left Product,Appliances,IKEA,20327,23176
P7531,Sing Product,Electronics,IKEA,16487,22167
P7532,Machine Product,Office,Boat,21485,24249
P7533,Office Product,Appliances,Dell,49381,60227
P7534,Yard Product,Electronics,Sony,48470,58411
P7535,Floor Product,Accessories,HP,23488,33103
P7536,Personal Product,Appliances,Sony,35549,37605
P7537,Address Product,Accessories,Lenovo,1215,5736
P7538,Knowledge Product,Furniture,Samsung,21815,35589
P7539,Box Product,Office,Sony,19887,26264
P7540,No Product,Electronics,Lenovo,39379,52346
P7541,Student Product,Office,Boat,14438,18814
P7542,Policy Product,Furniture,Samsung,6915,14014
P7543,Baby Product,Office,IKEA,7218,13652
P7544,Spring Product,Electronics,Samsung,35255,39164
P7545,Relate Product,Accessories,Boat,6473,11355
P7546,Air Product,Office,Lenovo,48776,60244
P7547,Talk Product,Accessories,IKEA,23822,35867
P7548,Analysis Product,Accessories,Samsung,38864,41318
P7549,Read Product,Accessories,Boat,31249,31951
P7550,Training Product,Office,Samsung,3171,8961
P7551,Participant Product,Furniture,HP,19707,27678
P7552,Part Product,Furniture,IKEA,17779,32729
P7553,Together Product,Accessories,HP,23155,35712
P7554,Quite Product,Electronics,Samsung,37147,49719
P7555,Future Product,Furniture,Dell,30691,32202
P7556,Likely Product,Office,Boat,47500,49611
P7557,List Product,Appliances,Boat,44897,58291
P7558,Type Product,Accessories,Samsung,13164,17056
P7559,Perhaps Product,Furniture,Sony,16453,18075
P7560,Every Product,Furniture,Samsung,7090,20196
P7561,Eat Product,Appliances,IKEA,48772,54530
P7562,Case Product,Electronics,Sony,14862,19191
P7563,Material Product,Appliances,HP,10434,15459
P7564,Skin Product,Appliances,IKEA,13269,16931
P7565,Purpose Product,Office,Samsung,27273,36375
P7566,Seat Product,Appliances,Dell,33266,47515
P7567,Project Product,Appliances,Dell,13386,22357
P7568,American Product,Appliances,Lenovo,45628,50622
P7569,Drop Product,Accessories,Samsung,27638,38669
P7570,Role Product,Electronics,HP,38047,45643
P7571,Century Product,Electronics,HP,25548,28742
P7572,Method Product,Accessories,Samsung,48826,50887
P7573,Rate Product,Appliances,Boat,21579,26616
P7574,Himself Product,Appliances,Dell,3436,15233
P7575,Raise Product,Electronics,Dell,23125,36485
P7576,Effort Product,Office,Boat,8438,11704
P7577,Choose Product,Accessories,Boat,46568,50042
P7578,Car Product,Furniture,Sony,31504,35050
P7579,Quality Product,Appliances,Samsung,16765,31635
P7580,Develop Product,Appliances,Sony,2764,7060
P7581,Practice Product,Furniture,Boat,20449,30521
P7582,Next Product,Furniture,Sony,30079,31272
P7583,Data Product,Furniture,Samsung,5928,17417
P7584,Ahead Product,Office,Samsung,37698,39411
P7585,End Product,Accessories,IKEA,14712,27307
P7586,So Product,Appliances,Lenovo,19569,29324
P7587,Respond Product,Furniture,IKEA,8685,18843
P7588,Say Product,Office,Samsung,12145,17560
P7589,Rise Product,Electronics,Dell,2197,13245
P7590,Middle Product,Accessories,Dell,27585,35621
P7591,Hot Product,Office,Samsung,27889,39921
P7592,Force Product,Furniture,Lenovo,24356,27342
P7593,Price Product,Appliances,HP,33871,47002
P7594,Bank Product,Appliances,Lenovo,32682,34245
P7595,Life Product,Electronics,Lenovo,14491,22958
P7596,Perform Product,Electronics,Dell,18443,24598
P7597,Their Product,Furniture,Dell,46474,53036
P7598,Movement Product,Accessories,Sony,47769,59513
P7599,History Product,Accessories,IKEA,37057,41425
P7600,Himself Product,Electronics,Dell,3559,9765
P7601,Child Product,Office,Boat,20312,30582
P7602,Entire Product,Office,Boat,45310,57152
P7603,Experience Product,Appliances,IKEA,27756,28604
P7604,Worry Product,Electronics,Lenovo,18976,23309
P7605,Want Product,Office,HP,10699,15476
P7606,Age Product,Appliances,Dell,6131,16644
P7607,Different Product,Appliances,Dell,41193,43157
P7608,Job Product,Electronics,Sony,35443,41360
P7609,Collection Product,Office,Dell,30950,44123
P7610,Leave Product,Accessories,Boat,27318,35045
P7611,Difference Product,Furniture,Sony,22895,35310
P7612,House Product,Accessories,Samsung,10704,15790
P7613,Marriage Product,Office,Dell,27376,38224
P7614,Land Product,Appliances,HP,36474,49259
P7615,Believe Product,Electronics,IKEA,15487,26092
P7616,West Product,Furniture,Boat,19683,25056
P7617,He Product,Furniture,IKEA,37445,49215
P7618,Education Product,Electronics,Lenovo,19854,31274
P7619,Her Product,Accessories,Sony,45486,58672
P7620,Whatever Product,Appliances,Lenovo,45224,49334
P7621,Single Product,Appliances,Samsung,20347,22021
P7622,Onto Product,Accessories,Boat,8479,16346
P7623,Candidate Product,Accessories,Samsung,40236,54883
P7624,The Product,Furniture,Dell,7866,20413
P7625,State Product,Office,HP,49280,62251
P7626,Candidate Product,Furniture,Sony,48130,51892
P7627,Case Product,Accessories,HP,37294,49121
P7628,Discussion Product,Appliances,IKEA,28000,41590
P7629,Police Product,Office,Lenovo,13322,25463
P7630,Author Product,Electronics,IKEA,40338,49116
P7631,Listen Product,Electronics,IKEA,34268,37061
P7632,By Product,Office,HP,32327,36163
P7633,Hit Product,Accessories,Samsung,45252,59450
P7634,Couple Product,Office,Sony,35507,45813
P7635,Take Product,Accessories,Sony,49201,59761
P7636,Fine Product,Office,Dell,17936,18562
P7637,Sit Product,Appliances,Sony,16932,18481
P7638,Every Product,Electronics,HP,30954,43881
P7639,Hot Product,Accessories,Samsung,21984,26395
P7640,Few Product,Appliances,Boat,10343,18793
P7641,Interesting Product,Office,HP,41587,50769
P7642,Game Product,Furniture,Samsung,6767,20300
P7643,Visit Product,Furniture,IKEA,30341,38056
P7644,In Product,Office,IKEA,6635,14432
P7645,Response Product,Furniture,Dell,40135,48829
P7646,Local Product,Electronics,Samsung,26878,33391
P7647,Plant Product,Office,IKEA,17943,23679
P7648,Speech Product,Electronics,Lenovo,7862,12754
P7649,Every Product,Accessories,Boat,41644,44829
P7650,Together Product,Furniture,Lenovo,9921,18286
P7651,Each Product,Accessories,IKEA,15518,20103
P7652,Garden Product,Electronics,Sony,25463,31078
P7653,Night Product,Accessories,Dell,17074,31946
P7654,Pretty Product,Accessories,IKEA,24511,30510
P7655,Significant Product,Accessories,Sony,37238,40707
P7656,Democratic Product,Accessories,Dell,16958,29846
P7657,Close Product,Accessories,Samsung,6508,19453
P7658,Enjoy Product,Office,Dell,18313,25702
P7659,Available Product,Electronics,Sony,15805,24815
P7660,Concern Product,Furniture,Lenovo,43164,55351
P7661,Suddenly Product,Electronics,Sony,36836,38191
P7662,Right Product,Furniture,Lenovo,46246,49231
P7663,Me Product,Accessories,HP,44396,49579
P7664,Need Product,Furniture,Dell,34444,38745
P7665,Under Product,Appliances,Boat,49270,52685
P7666,Difference Product,Accessories,Sony,4392,13429
P7667,Congress Product,Electronics,Sony,30790,42068
P7668,Eat Product,Office,Dell,6266,18951
P7669,Quite Product,Furniture,Boat,35249,44579
P7670,Require Product,Furniture,HP,29908,35628
P7671,Environment Product,Furniture,IKEA,8155,21157
P7672,Behind Product,Accessories,Boat,47629,53492
P7673,Approach Product,Accessories,IKEA,34993,37425
P7674,Soon Product,Accessories,IKEA,14607,17778
P7675,Mouth Product,Furniture,Lenovo,46618,52358
P7676,Fight Product,Appliances,Boat,21475,23414
P7677,Worker Product,Furniture,Samsung,2311,16661
P7678,So Product,Office,Sony,5134,11360
P7679,Information Product,Appliances,Sony,10162,14163
P7680,House Product,Office,Lenovo,39880,52271
P7681,During Product,Office,IKEA,34115,39180
P7682,Role Product,Office,Dell,47645,57202
P7683,Music Product,Electronics,IKEA,46583,59955
P7684,Increase Product,Furniture,HP,7299,10542
P7685,Region Product,Appliances,Dell,9398,20292
P7686,Born Product,Furniture,Dell,40247,42988
P7687,Hot Product,Electronics,Boat,19479,23531
P7688,Standard Product,Office,Sony,26780,31130
P7689,Local Product,Furniture,Boat,39604,52019
P7690,Cost Product,Accessories,HP,37105,50583
P7691,Management Product,Office,Samsung,41908,42717
P7692,Down Product,Accessories,IKEA,26920,35504
P7693,Difficult Product,Office,IKEA,1995,6794
P7694,Movement Product,Electronics,Lenovo,7978,20077
P7695,Author Product,Electronics,HP,9434,22065
P7696,At Product,Accessories,Dell,3389,7144
P7697,Until Product,Electronics,Boat,32708,40449
P7698,Law Product,Accessories,Samsung,31332,40577
P7699,Operation Product,Office,Dell,30340,44257
P7700,Carry Product,Electronics,IKEA,32884,36403
P7701,Event Product,Appliances,Dell,34972,43370
P7702,Memory Product,Office,IKEA,12804,21810
P7703,Far Product,Electronics,IKEA,21675,26754
P7704,Fast Product,Electronics,Lenovo,35300,46808
P7705,Easy Product,Office,Sony,43987,45214
P7706,Wind Product,Office,IKEA,8808,13359
P7707,Relate Product,Electronics,Boat,33812,40261
P7708,Listen Product,Office,IKEA,16567,26835
P7709,Across Product,Accessories,Sony,11431,13427
P7710,Road Product,Appliances,Dell,15806,28039
P7711,Such Product,Accessories,Dell,40448,48503
P7712,Discover Product,Electronics,IKEA,24863,35735
P7713,Join Product,Office,IKEA,21814,33508
P7714,Deal Product,Electronics,IKEA,17239,19889
P7715,Very Product,Electronics,Boat,5961,16881
P7716,Notice Product,Furniture,Sony,41080,45289
P7717,Should Product,Electronics,Boat,19400,23538
P7718,Least Product,Office,Dell,13249,20929
P7719,Political Product,Furniture,Sony,40902,50576
P7720,According Product,Accessories,Boat,16722,28398
P7721,Miss Product,Accessories,IKEA,19298,19873
P7722,Majority Product,Appliances,IKEA,35972,41811
P7723,Collection Product,Accessories,HP,38658,42816
P7724,Learn Product,Appliances,IKEA,14909,26029
P7725,Police Product,Office,Dell,45907,58469
P7726,Officer Product,Appliances,Dell,5381,16870
P7727,History Product,Furniture,IKEA,3884,5275
P7728,Mean Product,Accessories,Lenovo,33444,38617
P7729,Shake Product,Electronics,HP,7758,19384
P7730,Station Product,Appliances,Boat,19439,29277
P7731,Onto Product,Office,Lenovo,4440,5447
P7732,Kind Product,Furniture,Samsung,2749,13784
P7733,Everything Product,Appliances,Samsung,11109,21902
P7734,War Product,Accessories,Dell,31883,44286
P7735,And Product,Furniture,Boat,17913,26688
P7736,Wall Product,Accessories,Samsung,1310,12363
P7737,South Product,Appliances,IKEA,43636,47476
P7738,Responsibility Product,Office,Sony,36969,39157
P7739,Young Product,Appliances,IKEA,14638,29152
P7740,Here Product,Appliances,Lenovo,31100,42702
P7741,Coach Product,Office,Boat,1263,16090
P7742,Reduce Product,Appliances,Sony,45190,53844
P7743,Pass Product,Electronics,Sony,42169,55139
P7744,Back Product,Accessories,Lenovo,4544,13196
P7745,Every Product,Electronics,Boat,33857,40596
P7746,Art Product,Accessories,Lenovo,30681,34133
P7747,Important Product,Appliances,Samsung,7580,12270
P7748,News Product,Accessories,Dell,37035,42789
P7749,Painting Product,Furniture,Boat,31588,35056
P7750,Take Product,Office,Dell,10392,15468
P7751,Card Product,Electronics,Dell,5147,9974
P7752,Statement Product,Accessories,Samsung,46847,60456
P7753,Effect Product,Office,Lenovo,16903,20351
P7754,Writer Product,Furniture,Lenovo,20091,30658
P7755,Audience Product,Accessories,Lenovo,19539,25339
P7756,White Product,Accessories,Dell,39996,47514
P7757,Employee Product,Electronics,Sony,45197,53762
P7758,Second Product,Electronics,HP,39717,51772
P7759,Call Product,Electronics,HP,29915,35604
P7760,Between Product,Appliances,Samsung,38752,50155
P7761,People Product,Electronics,IKEA,41932,45620
P7762,Measure Product,Office,IKEA,47827,57878
P7763,Off Product,Furniture,Lenovo,19031,25670
P7764,Above Product,Appliances,IKEA,9466,14652
P7765,Particularly Product,Accessories,Samsung,42902,50863
P7766,List Product,Appliances,Boat,14022,24867
P7767,Member Product,Accessories,Samsung,23165,36655
P7768,Almost Product,Furniture,IKEA,19091,30043
P7769,Same Product,Appliances,HP,2659,8177
P7770,Until Product,Office,HP,24574,27333
P7771,Top Product,Office,Sony,48509,62904
P7772,When Product,Accessories,HP,29351,38124
P7773,Chance Product,Appliances,Samsung,4281,16444
P7774,Trip Product,Electronics,IKEA,44767,51378
P7775,Artist Product,Office,Samsung,1915,5394
P7776,Training Product,Accessories,Sony,23737,38060
P7777,Girl Product,Accessories,IKEA,11542,19337
P7778,At Product,Furniture,HP,27245,37426
P7779,Decide Product,Electronics,Lenovo,8793,20535
P7780,Black Product,Furniture,Lenovo,27087,34028
P7781,Open Product,Electronics,Boat,31688,35116
P7782,Boy Product,Accessories,Sony,16230,17895
P7783,Another Product,Appliances,Sony,3519,7473
P7784,Shake Product,Accessories,Lenovo,22050,31867
P7785,Memory Product,Electronics,Lenovo,17694,26784
P7786,Week Product,Accessories,Boat,16287,24388
P7787,Result Product,Office,Boat,18201,22193
P7788,See Product,Furniture,Dell,11063,24980
P7789,Foreign Product,Electronics,Samsung,16606,23141
P7790,Know Product,Electronics,Sony,46508,51414
P7791,Suggest Product,Furniture,Samsung,35171,46363
P7792,Tree Product,Office,IKEA,42437,43653
P7793,Fill Product,Appliances,Boat,7221,19715
P7794,According Product,Accessories,Boat,41333,50281
P7795,Test Product,Electronics,Boat,34538,40251
P7796,Ten Product,Office,HP,38152,40547
P7797,Memory Product,Accessories,Lenovo,48817,57463
P7798,Chair Product,Appliances,Samsung,22085,36797
P7799,Pull Product,Accessories,Sony,48660,49312
P7800,Special Product,Appliances,HP,31621,40210
P7801,Detail Product,Office,Sony,640,3383
P7802,Pattern Product,Electronics,HP,36354,37927
P7803,Organization Product,Office,Dell,16880,29542
P7804,Mrs Product,Office,Samsung,31361,44022
P7805,Laugh Product,Electronics,Dell,10057,11538
P7806,Could Product,Appliances,Dell,1503,4226
P7807,Outside Product,Office,IKEA,41424,49817
P7808,Future Product,Office,Lenovo,24469,30203
P7809,Civil Product,Office,HP,36636,44021
P7810,Stock Product,Electronics,Samsung,43637,44357
P7811,Even Product,Furniture,Lenovo,34183,48945
P7812,Sort Product,Electronics,Sony,46558,60053
P7813,Shoulder Product,Office,Samsung,47008,58373
P7814,Church Product,Appliances,Lenovo,35023,42811
P7815,Image Product,Furniture,Lenovo,26334,31170
P7816,Various Product,Appliances,Boat,37963,47625
P7817,Use Product,Electronics,Samsung,36635,48098
P7818,Economy Product,Furniture,Sony,15657,27740
P7819,Yourself Product,Appliances,Samsung,4320,13524
P7820,State Product,Furniture,HP,17221,26148
P7821,Under Product,Electronics,Lenovo,25003,30798
P7822,Ahead Product,Appliances,Sony,24405,26373
P7823,Day Product,Electronics,Dell,31302,31868
P7824,Treatment Product,Electronics,Lenovo,16714,26042
P7825,Able Product,Accessories,Boat,45058,50628
P7826,How Product,Furniture,HP,16415,27588
P7827,Between Product,Office,IKEA,7394,14081
P7828,Child Product,Appliances,Sony,4568,17218
P7829,While Product,Accessories,HP,14897,16435
P7830,Summer Product,Electronics,IKEA,49974,51293
P7831,Hold Product,Appliances,Dell,15773,19168
P7832,Sound Product,Accessories,HP,12908,14995
P7833,Return Product,Office,Boat,39324,43779
P7834,Evidence Product,Office,Samsung,27337,38228
P7835,However Product,Appliances,Sony,13690,24920
P7836,With Product,Electronics,Samsung,32678,38439
P7837,Describe Product,Accessories,Samsung,48232,54841
P7838,Apply Product,Electronics,Samsung,49635,52762
P7839,Might Product,Appliances,IKEA,18941,22034
P7840,Agree Product,Furniture,Dell,18413,22927
P7841,Understand Product,Furniture,IKEA,4207,12026
P7842,Way Product,Office,Sony,29394,44194
P7843,Start Product,Accessories,Sony,24186,36430
P7844,Black Product,Electronics,HP,28983,43908
P7845,These Product,Electronics,Sony,11273,16001
P7846,Several Product,Appliances,Dell,11120,21055
P7847,Pattern Product,Office,Lenovo,46730,53277
P7848,Top Product,Accessories,IKEA,42304,52270
P7849,Age Product,Appliances,Samsung,24341,28439
P7850,Article Product,Accessories,Samsung,4709,18405
P7851,History Product,Appliances,Sony,14249,18699
P7852,One Product,Accessories,HP,48018,60463
P7853,International Product,Appliances,HP,10442,23446
P7854,Later Product,Office,IKEA,27809,29208
P7855,Mean Product,Furniture,Dell,10634,19359
P7856,Knowledge Product,Appliances,Sony,641,1289
P7857,Enough Product,Appliances,Sony,28767,41606
P7858,Car Product,Accessories,IKEA,20768,33769
P7859,Trip Product,Electronics,Boat,6829,15174
P7860,Option Product,Office,Dell,29762,39981
P7861,Right Product,Appliances,Dell,37664,47335
P7862,Produce Product,Appliances,Lenovo,34921,45583
P7863,Away Product,Electronics,Dell,37539,39272
P7864,Much Product,Appliances,Sony,24788,31169
P7865,Cut Product,Appliances,Lenovo,30818,45743
P7866,Executive Product,Accessories,Dell,12501,20017
P7867,Close Product,Appliances,Samsung,19510,28123
P7868,Ever Product,Electronics,Dell,17645,26802
P7869,Process Product,Accessories,Lenovo,3398,4443
P7870,Size Product,Appliances,Samsung,10030,19305
P7871,Return Product,Appliances,Lenovo,27530,41313
P7872,Until Product,Office,Sony,1341,10576
P7873,Expert Product,Office,Sony,31932,44455
P7874,Skill Product,Furniture,Sony,12833,26094
P7875,Even Product,Electronics,Boat,30260,32164
P7876,Voice Product,Office,Lenovo,23834,24933
P7877,Assume Product,Accessories,Sony,45030,55701
P7878,Represent Product,Office,Boat,47721,54786
P7879,Seek Product,Electronics,Boat,40407,52976
P7880,Movie Product,Furniture,Boat,3399,13051
P7881,Order Product,Electronics,Sony,26721,30807
P7882,Television Product,Accessories,HP,23297,28262
P7883,Nothing Product,Electronics,Samsung,17597,26456
P7884,Discuss Product,Electronics,Boat,48596,56707
P7885,Party Product,Office,HP,40339,47790
P7886,Pay Product,Accessories,Sony,32034,40286
P7887,Cell Product,Appliances,Boat,28713,37795
P7888,Other Product,Appliances,Samsung,29087,38021
P7889,Ready Product,Appliances,IKEA,38995,45015
P7890,Space Product,Appliances,Sony,28145,29643
P7891,Partner Product,Appliances,HP,40980,53328
P7892,Behind Product,Electronics,HP,29772,34028
P7893,Rule Product,Office,HP,6612,11457
P7894,Commercial Product,Accessories,HP,36331,50942
P7895,Military Product,Electronics,Samsung,16404,20664
P7896,Imagine Product,Appliances,Sony,11489,12051
P7897,Health Product,Electronics,IKEA,17737,24262
P7898,Color Product,Furniture,HP,17685,27188
P7899,Appear Product,Office,Dell,16129,17490
P7900,Minute Product,Appliances,IKEA,38436,48173
P7901,Treatment Product,Electronics,Sony,12253,27025
P7902,Public Product,Furniture,Samsung,19183,22677
P7903,He Product,Appliances,Samsung,23012,37100
P7904,Capital Product,Furniture,Sony,3694,15243
P7905,Do Product,Accessories,Lenovo,44913,50804
P7906,Future Product,Electronics,Dell,35298,46594
P7907,Factor Product,Appliances,HP,29422,36796
P7908,Thing Product,Furniture,IKEA,21613,26250
P7909,Security Product,Accessories,Sony,22471,29799
P7910,Eight Product,Electronics,Dell,6057,19335
P7911,I Product,Electronics,Dell,34518,45298
P7912,Lead Product,Appliances,Boat,49886,62634
P7913,Trouble Product,Furniture,Samsung,47730,61468
P7914,Music Product,Electronics,IKEA,38632,42341
P7915,Measure Product,Accessories,Sony,31381,43009
P7916,Tree Product,Accessories,Samsung,48110,50631
P7917,Night Product,Accessories,Boat,39026,43924
P7918,Together Product,Appliances,Samsung,16409,30489
P7919,Candidate Product,Accessories,IKEA,22455,25537
P7920,Work Product,Accessories,Lenovo,18977,20131
P7921,Party Product,Appliances,Lenovo,31292,43048
P7922,Heavy Product,Appliances,Sony,10907,25903
P7923,Analysis Product,Office,HP,46351,59128
P7924,Baby Product,Office,Lenovo,39336,52660
P7925,Specific Product,Electronics,Sony,29474,40158
P7926,Present Product,Furniture,Boat,3226,11211
P7927,Pretty Product,Electronics,Boat,35325,36938
P7928,Put Product,Appliances,Lenovo,48092,51262
P7929,About Product,Appliances,Boat,27570,30422
P7930,Force Product,Electronics,Sony,26191,36283
P7931,Trouble Product,Office,Lenovo,45011,52355
P7932,Toward Product,Furniture,IKEA,10950,21216
P7933,Write Product,Furniture,IKEA,33120,40625
P7934,Could Product,Electronics,Boat,14628,27271
P7935,Amount Product,Electronics,Dell,1802,8519
P7936,Possible Product,Appliances,Boat,41503,54543
P7937,Prepare Product,Accessories,Lenovo,8189,14488
P7938,Size Product,Electronics,Lenovo,5921,15248
P7939,Director Product,Furniture,Sony,40582,54757
P7940,Appear Product,Accessories,Dell,10573,20759
P7941,Pretty Product,Electronics,Lenovo,23348,38321
P7942,Trouble Product,Accessories,Lenovo,9795,18439
P7943,Help Product,Furniture,Samsung,519,12692
P7944,Affect Product,Electronics,HP,39941,48636
P7945,Create Product,Appliances,IKEA,8538,19456
P7946,Space Product,Electronics,HP,29045,42920
P7947,Administration Product,Accessories,IKEA,29230,37807
P7948,Point Product,Accessories,Samsung,23951,27348
P7949,Whole Product,Electronics,HP,32081,41527
P7950,Third Product,Electronics,Dell,46435,51254
P7951,Fight Product,Office,Boat,39835,50551
P7952,Discover Product,Office,Boat,10516,21302
P7953,Speech Product,Accessories,IKEA,33985,38684
P7954,Attack Product,Accessories,Lenovo,18187,23935
P7955,Receive Product,Accessories,Boat,48657,50846
P7956,Free Product,Appliances,HP,25821,35675
P7957,Billion Product,Electronics,IKEA,20201,27943
P7958,Across Product,Accessories,Sony,26000,35168
P7959,Life Product,Appliances,Dell,13897,26397
P7960,Campaign Product,Office,Samsung,38243,48938
P7961,Likely Product,Electronics,Sony,17930,21967
P7962,Score Product,Furniture,Dell,45842,58252
P7963,Imagine Product,Appliances,IKEA,33358,47498
P7964,Finish Product,Appliances,Dell,23713,30548
P7965,Current Product,Furniture,Boat,45212,57302
P7966,Answer Product,Office,Dell,17588,27759
P7967,Base Product,Office,Lenovo,15780,24910
P7968,Yourself Product,Appliances,Samsung,3817,5262
P7969,Ok Product,Office,Lenovo,21493,35056
P7970,Successful Product,Appliances,Boat,36904,46344
P7971,Evening Product,Electronics,HP,29432,40332
P7972,Surface Product,Electronics,Samsung,19705,32596
P7973,May Product,Appliances,IKEA,8555,10660
P7974,Wind Product,Appliances,Lenovo,8791,11310
P7975,Race Product,Accessories,Samsung,11194,16654
P7976,Put Product,Office,Lenovo,17787,24029
P7977,Feel Product,Electronics,HP,19191,19803
P7978,So Product,Electronics,Lenovo,35484,50429
P7979,Economy Product,Furniture,Samsung,16247,31232
P7980,Resource Product,Office,Lenovo,39890,47871
P7981,Situation Product,Office,HP,1031,2353
P7982,Think Product,Furniture,IKEA,32132,39142
P7983,Strong Product,Electronics,Sony,3017,4139
P7984,Including Product,Electronics,Dell,36135,49006
P7985,Surface Product,Accessories,Boat,3579,9013
P7986,Guess Product,Furniture,Lenovo,7100,12908
P7987,Entire Product,Appliances,Dell,18253,29479
P7988,Fear Product,Appliances,Dell,16768,27073
P7989,Piece Product,Office,Sony,29193,43578
P7990,Traditional Product,Accessories,IKEA,23447,30407
P7991,Soldier Product,Electronics,Boat,38537,52946
P7992,Miss Product,Electronics,IKEA,40084,53466
P7993,There Product,Electronics,Lenovo,30837,33726
P7994,Production Product,Appliances,Samsung,29289,31238
P7995,Lot Product,Office,IKEA,23525,37170
P7996,Blue Product,Accessories,Dell,33298,35373
P7997,Could Product,Accessories,Lenovo,6651,11536
P7998,Travel Product,Office,Sony,32702,43876
P7999,Imagine Product,Accessories,HP,34326,46203
P8000,Imagine Product,Accessories,Lenovo,46747,59610
P8001,Who Product,Electronics,Samsung,35134,45487
P8002,Check Product,Accessories,Lenovo,3654,10425
P8003,Bed Product,Electronics,Dell,26651,33017
P8004,Oil Product,Furniture,Samsung,2224,5967
P8005,Network Product,Appliances,Boat,18143,32871
P8006,Audience Product,Accessories,HP,12082,20928
P8007,Lot Product,Furniture,Boat,877,9327
P8008,Guess Product,Accessories,Samsung,23307,35641
P8009,Activity Product,Electronics,IKEA,37214,47550
P8010,Away Product,Office,Sony,46197,51628
P8011,Only Product,Appliances,Samsung,37267,49813
P8012,Fill Product,Appliances,Boat,38525,53425
P8013,Sing Product,Office,Samsung,36987,45494
P8014,Behind Product,Appliances,IKEA,34381,38096
P8015,Us Product,Electronics,Lenovo,30983,43405
P8016,Sing Product,Accessories,Boat,26788,30403
P8017,Place Product,Accessories,Sony,12966,24139
P8018,Current Product,Accessories,Dell,16921,28240
P8019,Tax Product,Furniture,Sony,48771,49526
P8020,Congress Product,Electronics,Lenovo,11702,17748
P8021,Page Product,Accessories,Lenovo,25367,27968
P8022,Mother Product,Appliances,Sony,29379,34010
P8023,Specific Product,Furniture,HP,5204,14159
P8024,Never Product,Accessories,Boat,49269,54873
P8025,Age Product,Accessories,Samsung,44683,47436
P8026,Federal Product,Office,Samsung,15771,29029
P8027,Successful Product,Accessories,HP,32933,39905
P8028,Red Product,Accessories,IKEA,22845,34659
P8029,Public Product,Furniture,Boat,5222,16466
P8030,His Product,Office,Boat,37098,48845
P8031,Instead Product,Electronics,IKEA,49192,62245
P8032,Should Product,Furniture,Samsung,45795,46398
P8033,Watch Product,Accessories,Boat,45257,59398
P8034,Team Product,Furniture,Lenovo,15760,30095
P8035,Make Product,Accessories,Samsung,7908,11335
P8036,Try Product,Appliances,Lenovo,21557,34489
P8037,Understand Product,Accessories,Boat,47986,61753
P8038,Teach Product,Accessories,Sony,23235,35946
P8039,Control Product,Appliances,Lenovo,37534,41131
P8040,Direction Product,Electronics,Lenovo,19513,20035
P8041,Art Product,Accessories,Samsung,36305,41436
P8042,Back Product,Accessories,Boat,38734,42262
P8043,Report Product,Furniture,Boat,8543,14066
P8044,Bill Product,Appliances,Sony,12252,21956
P8045,Eight Product,Office,HP,42705,53584
P8046,Chance Product,Furniture,Dell,20095,22724
P8047,Detail Product,Furniture,Samsung,48789,63484
P8048,Simply Product,Furniture,Samsung,18859,33750
P8049,Her Product,Appliances,Sony,25591,33265
P8050,Move Product,Appliances,Dell,24238,37781
P8051,Fly Product,Furniture,Samsung,9086,22562
P8052,Camera Product,Appliances,Samsung,12742,14584
P8053,Contain Product,Accessories,Dell,30704,32111
P8054,Today Product,Appliances,Samsung,33381,46280
P8055,Consider Product,Appliances,HP,42701,50987
P8056,Camera Product,Furniture,Dell,33178,38734
P8057,Woman Product,Electronics,Boat,48970,50070
P8058,Understand Product,Office,Samsung,45931,57160
P8059,Success Product,Electronics,Sony,5257,17091
P8060,Bit Product,Office,Lenovo,7772,21278
P8061,Right Product,Furniture,Sony,32502,40946
P8062,Notice Product,Electronics,IKEA,44798,48603
P8063,Forward Product,Appliances,IKEA,31211,31755
P8064,Assume Product,Appliances,HP,14601,29495
P8065,Special Product,Appliances,Samsung,13062,21914
P8066,Find Product,Appliances,Samsung,31237,34742
P8067,Value Product,Furniture,IKEA,26582,40937
P8068,Present Product,Appliances,Boat,6735,8979
P8069,Strategy Product,Accessories,Samsung,37670,42072
P8070,Training Product,Furniture,Samsung,40306,44091
P8071,Suddenly Product,Appliances,HP,8630,11675
P8072,Age Product,Accessories,Boat,24290,32231
P8073,Wear Product,Office,Samsung,2737,6462
P8074,Visit Product,Office,Boat,6627,16059
P8075,Inside Product,Appliances,IKEA,8583,21414
P8076,Administration Product,Office,Sony,29073,33831
P8077,Company Product,Electronics,HP,10759,22775
P8078,Protect Product,Accessories,Lenovo,41903,43213
P8079,Knowledge Product,Office,Lenovo,16981,22145
P8080,Situation Product,Furniture,HP,2319,13072
P8081,Line Product,Electronics,Boat,35540,38299
P8082,White Product,Appliances,Lenovo,13134,22468
P8083,Hear Product,Furniture,HP,26958,30866
P8084,Example Product,Accessories,IKEA,34516,39360
P8085,Success Product,Electronics,Samsung,37943,48685
P8086,Water Product,Office,HP,34545,38655
P8087,Beat Product,Office,IKEA,9271,14370
P8088,Practice Product,Appliances,Dell,41027,47363
P8089,Yeah Product,Appliances,Lenovo,33425,40842
P8090,Left Product,Accessories,HP,21660,24080
P8091,Never Product,Appliances,Lenovo,37953,46273
P8092,Can Product,Accessories,HP,17285,32175
P8093,Woman Product,Accessories,IKEA,6444,17038
P8094,Film Product,Accessories,Samsung,49512,56237
P8095,Miss Product,Office,Samsung,5767,13441
P8096,Management Product,Appliances,IKEA,15608,17736
P8097,Worry Product,Office,Lenovo,16447,22769
P8098,May Product,Accessories,IKEA,9172,18287
P8099,News Product,Office,Lenovo,34429,38993
P8100,Move Product,Accessories,Boat,2318,9481
P8101,Person Product,Office,Dell,12512,19270
P8102,Identify Product,Office,Sony,40006,46820
P8103,Edge Product,Electronics,Lenovo,38251,53159
P8104,Strategy Product,Electronics,Dell,46794,52729
P8105,Hold Product,Accessories,Sony,10905,20160
P8106,Cell Product,Furniture,HP,28585,39040
P8107,Early Product,Appliances,Sony,40099,40824
P8108,Wish Product,Office,Dell,32453,33637
P8109,Real Product,Office,HP,34078,48981
P8110,Cultural Product,Electronics,Sony,5957,9714
P8111,Movie Product,Office,IKEA,36464,42050
P8112,Brother Product,Accessories,Lenovo,36065,45759
P8113,Laugh Product,Appliances,IKEA,16546,21267
P8114,Work Product,Furniture,Sony,9624,17341
P8115,Ground Product,Office,Samsung,12090,27062
P8116,Board Product,Furniture,Lenovo,38964,47714
P8117,Rich Product,Furniture,HP,33354,35421
P8118,Interesting Product,Office,IKEA,34095,41182
P8119,Each Product,Furniture,Samsung,42651,56815
P8120,Dark Product,Accessories,Sony,36001,48961
P8121,Subject Product,Electronics,Sony,10430,16686
P8122,Meet Product,Furniture,Dell,42391,52746
P8123,Decide Product,Accessories,Boat,16300,26396
P8124,Thing Product,Appliances,HP,6841,20702
P8125,Poor Product,Furniture,HP,14631,17949
P8126,Once Product,Electronics,Sony,23111,28169
P8127,Outside Product,Accessories,IKEA,28119,37848
P8128,North Product,Accessories,Dell,42051,43536
P8129,Standard Product,Appliances,HP,45078,51546
P8130,Any Product,Office,Samsung,5247,14038
P8131,Eat Product,Accessories,Samsung,49143,62711
P8132,Network Product,Electronics,Lenovo,12329,22718
P8133,Student Product,Electronics,Boat,41481,50465
P8134,Himself Product,Electronics,Boat,11273,22576
P8135,Again Product,Accessories,Dell,33344,33976
P8136,Ground Product,Accessories,HP,6849,9311
P8137,Early Product,Accessories,Boat,24482,29891
P8138,Whatever Product,Office,HP,27970,36575
P8139,Game Product,Appliances,IKEA,18195,27410
P8140,Gas Product,Appliances,HP,10604,21852
P8141,Draw Product,Electronics,Boat,35948,47751
P8142,Across Product,Office,Lenovo,48992,62111
P8143,Capital Product,Office,Sony,14916,18375
P8144,Final Product,Electronics,IKEA,23107,34053
P8145,Boy Product,Furniture,HP,2055,11695
P8146,Entire Product,Electronics,Lenovo,12373,17134
P8147,Treatment Product,Electronics,IKEA,41893,54591
P8148,Compare Product,Office,Sony,31660,33392
P8149,Political Product,Appliances,Boat,24814,32627
P8150,Season Product,Appliances,Dell,4272,16411
P8151,Determine Product,Electronics,HP,43936,47703
P8152,Him Product,Appliances,Boat,33957,47661
P8153,Network Product,Electronics,IKEA,40275,41389
P8154,Else Product,Accessories,HP,37175,44326
P8155,Section Product,Furniture,Sony,5546,8684
P8156,Likely Product,Appliances,Lenovo,42843,50261
P8157,Official Product,Furniture,Sony,41950,50140
P8158,They Product,Electronics,Dell,32336,33745
P8159,Budget Product,Appliances,Boat,32632,45284
P8160,Religious Product,Furniture,Sony,31958,34047
P8161,Week Product,Office,Boat,37560,49749
P8162,Clear Product,Office,IKEA,43361,54800
P8163,Professional Product,Office,HP,28542,33124
P8164,Traditional Product,Furniture,Sony,2464,6431
P8165,Unit Product,Furniture,Lenovo,26272,40200
P8166,Sport Product,Appliances,Lenovo,24497,27548
P8167,More Product,Accessories,Lenovo,5629,13124
P8168,Always Product,Accessories,HP,45485,48391
P8169,Player Product,Accessories,Sony,29795,41181
P8170,Visit Product,Appliances,Dell,20481,34152
P8171,Add Product,Furniture,Sony,3681,11074
P8172,Three Product,Furniture,Boat,35561,46752
P8173,Picture Product,Office,Lenovo,30659,44282
P8174,Thank Product,Appliances,Boat,45982,60685
P8175,Star Product,Accessories,IKEA,18930,32033
P8176,House Product,Furniture,Lenovo,18306,31404
P8177,Everyone Product,Office,Sony,33727,48576
P8178,Become Product,Furniture,Dell,20892,35863
P8179,Adult Product,Accessories,Boat,3055,13054
P8180,Summer Product,Office,Boat,49776,52652
P8181,At Product,Electronics,Boat,45923,51148
P8182,Hold Product,Appliances,IKEA,22502,30547
P8183,Education Product,Accessories,Samsung,30929,42842
P8184,Husband Product,Accessories,Lenovo,47005,57271
P8185,Education Product,Furniture,Boat,49932,56907
P8186,Ago Product,Electronics,IKEA,605,3447
P8187,Coach Product,Electronics,Sony,43356,53892
P8188,Perform Product,Electronics,Boat,28663,37861
P8189,Involve Product,Office,HP,22038,31833
P8190,He Product,Electronics,Samsung,2032,16371
P8191,Country Product,Furniture,HP,4579,5596
P8192,Job Product,Electronics,Boat,22143,28526
P8193,Brother Product,Accessories,Sony,32277,41927
P8194,Party Product,Electronics,Sony,42404,55925
P8195,The Product,Office,IKEA,30890,32689
P8196,Explain Product,Appliances,Samsung,49931,54683
P8197,Figure Product,Accessories,HP,18349,26425
P8198,Provide Product,Accessories,Sony,45324,45840
P8199,Could Product,Accessories,Sony,1973,11369
P8200,By Product,Appliances,Boat,4811,10785
P8201,Bar Product,Appliances,Samsung,34506,40899
P8202,Special Product,Appliances,Samsung,5454,8962
P8203,Able Product,Furniture,Dell,4066,9517
P8204,Consider Product,Electronics,Sony,28136,31286
P8205,Main Product,Electronics,Sony,15530,26667
P8206,Example Product,Office,Samsung,49667,51403
P8207,Throughout Product,Furniture,Dell,45215,52708
P8208,Hear Product,Office,Boat,37658,46180
P8209,Team Product,Accessories,Lenovo,30671,41896
P8210,Yeah Product,Furniture,Sony,28140,30601
P8211,Crime Product,Furniture,Sony,30729,40147
P8212,Drop Product,Appliances,Boat,49673,59361
P8213,Begin Product,Accessories,HP,46884,53539
P8214,Yeah Product,Office,Dell,3081,17921
P8215,Represent Product,Appliances,IKEA,1424,10811
P8216,Four Product,Office,Sony,32632,45578
P8217,Number Product,Office,IKEA,32159,33229
P8218,Whom Product,Accessories,Sony,3525,15308
P8219,Mouth Product,Appliances,HP,19076,21197
P8220,Past Product,Office,Lenovo,40240,44819
P8221,Kind Product,Furniture,IKEA,24674,38393
P8222,Consider Product,Furniture,Dell,23202,29361
P8223,Practice Product,Electronics,Sony,31371,39709
P8224,Congress Product,Accessories,Boat,13892,20942
P8225,Her Product,Furniture,IKEA,47186,59476
P8226,Organization Product,Appliances,Boat,38274,51921
P8227,Human Product,Appliances,Lenovo,21220,32538
P8228,Our Product,Accessories,Samsung,32927,33678
P8229,Court Product,Office,Boat,10994,22781
P8230,Nothing Product,Accessories,Lenovo,9071,9615
P8231,Threat Product,Appliances,Lenovo,10631,24423
P8232,Job Product,Furniture,Samsung,42708,48313
P8233,Than Product,Appliances,Sony,33920,46561
P8234,Candidate Product,Accessories,IKEA,31405,40789
P8235,Sea Product,Electronics,Sony,17808,19457
P8236,Laugh Product,Electronics,IKEA,21715,35703
P8237,Plan Product,Office,HP,19214,31112
P8238,On Product,Accessories,HP,24782,28147
P8239,Most Product,Office,Sony,49647,61352
P8240,Maintain Product,Electronics,Dell,39839,52948
P8241,Up Product,Office,HP,44748,55704
P8242,Mr Product,Electronics,HP,8176,11954
P8243,Where Product,Accessories,Samsung,12785,18863
P8244,Firm Product,Furniture,Samsung,21893,23130
P8245,Sport Product,Accessories,Samsung,26821,33008
P8246,Free Product,Furniture,IKEA,10033,22486
P8247,Business Product,Accessories,Boat,49594,64354
P8248,Class Product,Furniture,HP,1717,3469
P8249,New Product,Appliances,Lenovo,44723,49394
P8250,Southern Product,Electronics,IKEA,41372,46372
P8251,Own Product,Office,HP,2109,13287
P8252,Sort Product,Furniture,Boat,44846,53939
P8253,Sell Product,Office,Dell,16464,17388
P8254,Individual Product,Office,HP,4231,9157
P8255,Group Product,Office,Samsung,34737,49678
P8256,Thousand Product,Appliances,Dell,47465,53221
P8257,Agency Product,Appliances,HP,26634,28184
P8258,Cultural Product,Appliances,Samsung,1047,14151
P8259,Land Product,Office,Boat,11856,12749
P8260,Likely Product,Accessories,Dell,47953,52921
P8261,Able Product,Furniture,Samsung,40674,54648
P8262,Area Product,Office,HP,2853,5914
P8263,And Product,Appliances,Boat,20814,30371
P8264,Miss Product,Furniture,Boat,32313,35817
P8265,Majority Product,Accessories,Dell,38996,41573
P8266,Most Product,Electronics,Sony,35339,43923
P8267,Buy Product,Electronics,IKEA,23536,32256
P8268,Recognize Product,Furniture,HP,7053,7947
P8269,Girl Product,Accessories,Sony,37398,42050
P8270,Color Product,Furniture,Boat,7045,19643
P8271,Fight Product,Electronics,Samsung,30524,42141
P8272,Daughter Product,Office,Samsung,19576,26578
P8273,Three Product,Electronics,Lenovo,3655,13940
P8274,Challenge Product,Furniture,Boat,15758,26514
P8275,Kitchen Product,Appliances,IKEA,27211,36996
P8276,Father Product,Office,HP,39730,49029
P8277,Result Product,Electronics,Boat,43206,47074
P8278,Sell Product,Furniture,Samsung,26040,35729
P8279,Name Product,Furniture,Lenovo,48480,55445
P8280,Compare Product,Furniture,Lenovo,40832,47246
P8281,Along Product,Accessories,Sony,36182,39968
P8282,City Product,Electronics,Samsung,1730,9852
P8283,Detail Product,Electronics,IKEA,7743,11437
P8284,Imagine Product,Electronics,HP,41702,52293
P8285,Model Product,Electronics,Boat,16669,24862
P8286,Manager Product,Furniture,Lenovo,45588,49959
P8287,Industry Product,Office,HP,47106,54478
P8288,Ready Product,Appliances,Dell,47241,59882
P8289,Gas Product,Electronics,Sony,34631,46391
P8290,Lawyer Product,Furniture,Sony,24780,25796
P8291,Choose Product,Appliances,Boat,18011,32588
P8292,Billion Product,Electronics,Dell,44864,53340
P8293,Anyone Product,Electronics,Boat,30753,33364
P8294,Heart Product,Furniture,Samsung,48606,56469
P8295,Remain Product,Appliances,Lenovo,13551,27460
P8296,Teach Product,Office,Dell,31237,31823
P8297,Memory Product,Appliances,Samsung,9151,15825
P8298,We Product,Furniture,HP,29375,30447
P8299,Close Product,Electronics,Boat,46730,57957
P8300,Candidate Product,Accessories,Samsung,5513,8188
P8301,In Product,Appliances,Boat,32517,46373
P8302,Suddenly Product,Electronics,Dell,25776,36871
P8303,Alone Product,Accessories,Sony,28603,31073
P8304,Just Product,Furniture,IKEA,6515,8441
P8305,Blue Product,Office,Samsung,5514,7467
P8306,Point Product,Furniture,Boat,42083,55059
P8307,List Product,Accessories,Boat,26670,31435
P8308,Forget Product,Accessories,Sony,34190,47108
P8309,Generation Product,Accessories,Dell,20270,28797
P8310,Green Product,Furniture,Lenovo,19200,19944
P8311,Per Product,Electronics,HP,38810,48944
P8312,Participant Product,Electronics,Lenovo,46357,47294
P8313,Fear Product,Accessories,Boat,31141,32171
P8314,Notice Product,Furniture,Lenovo,30766,43888
P8315,Model Product,Office,Boat,44512,52148
P8316,Time Product,Accessories,HP,7767,11106
P8317,Reveal Product,Appliances,Lenovo,11474,25045
P8318,Near Product,Accessories,HP,20923,28637
P8319,Magazine Product,Electronics,Samsung,33023,33745
P8320,Receive Product,Appliances,Dell,30875,35511
P8321,Argue Product,Appliances,IKEA,919,8565
P8322,Everything Product,Electronics,HP,27374,37814
P8323,Respond Product,Furniture,Samsung,25004,32454
P8324,Republican Product,Furniture,HP,44906,59573
P8325,Letter Product,Electronics,Boat,40842,49970
P8326,Certainly Product,Office,Samsung,33114,43902
P8327,Hair Product,Appliances,Sony,37744,43278
P8328,Art Product,Office,IKEA,15793,21136
P8329,Instead Product,Accessories,Lenovo,4938,10333
P8330,They Product,Office,HP,43241,44886
P8331,Attention Product,Furniture,Lenovo,48693,58911
P8332,Visit Product,Office,IKEA,16079,25421
P8333,Stage Product,Office,Dell,12144,19938
P8334,Form Product,Office,Dell,23569,32254
P8335,Class Product,Accessories,Samsung,5945,15168
P8336,Meet Product,Office,Boat,41690,42597
P8337,Rate Product,Electronics,IKEA,11004,25685
P8338,Charge Product,Accessories,Lenovo,35358,44300
P8339,Our Product,Furniture,HP,39619,41151
P8340,Far Product,Accessories,Boat,20076,26380
P8341,Finish Product,Accessories,Dell,5663,18232
P8342,My Product,Accessories,Samsung,7113,14082
P8343,Artist Product,Office,Lenovo,2750,9917
P8344,Thank Product,Office,Sony,24186,29868
P8345,Range Product,Electronics,Dell,41065,42002
P8346,Compare Product,Office,Lenovo,28212,33062
P8347,Computer Product,Furniture,Sony,40671,47158
P8348,Pattern Product,Accessories,Sony,8232,8994
P8349,Leave Product,Office,Sony,1972,14496
P8350,Look Product,Accessories,IKEA,41030,47845
P8351,But Product,Office,Sony,28897,31167
P8352,Return Product,Office,Boat,2972,11896
P8353,Recognize Product,Electronics,HP,16772,22633
P8354,Quite Product,Furniture,Boat,17510,18749
P8355,Still Product,Furniture,Sony,3234,17290
P8356,Investment Product,Appliances,HP,31707,35184
P8357,Address Product,Appliances,HP,47910,49642
P8358,Production Product,Electronics,HP,18246,26193
P8359,Recent Product,Electronics,Sony,8923,18900
P8360,Energy Product,Office,IKEA,36304,43082
P8361,Brother Product,Accessories,Samsung,35629,44733
P8362,Foreign Product,Electronics,Boat,47169,61576
P8363,Quite Product,Office,IKEA,9825,17406
P8364,Mother Product,Appliances,Boat,27046,36228
P8365,Laugh Product,Office,Dell,2820,17088
P8366,Challenge Product,Appliances,Lenovo,9478,17298
P8367,Add Product,Electronics,IKEA,22166,34469
P8368,Range Product,Electronics,Dell,18997,24920
P8369,Impact Product,Office,Lenovo,20742,31599
P8370,Scene Product,Accessories,Sony,36116,42466
P8371,Approach Product,Appliances,IKEA,35355,40453
P8372,Shoulder Product,Electronics,IKEA,24609,33730
P8373,Loss Product,Furniture,Boat,33000,38286
P8374,Surface Product,Furniture,Sony,49149,51413
P8375,Human Product,Appliances,Boat,20640,29912
P8376,Explain Product,Office,Lenovo,18101,27009
P8377,Democratic Product,Electronics,Boat,18043,30171
P8378,Possible Product,Appliances,IKEA,48079,49813
P8379,Executive Product,Accessories,IKEA,44942,58422
P8380,Upon Product,Office,Dell,15034,16219
P8381,Grow Product,Furniture,Dell,7287,15506
P8382,Traditional Product,Electronics,HP,43648,51252
P8383,Particularly Product,Accessories,HP,23453,24603
P8384,Guy Product,Electronics,Dell,46868,56768
P8385,Eye Product,Accessories,Samsung,10848,19214
P8386,Strong Product,Office,IKEA,28885,31803
P8387,Decade Product,Electronics,Lenovo,34027,45321
P8388,Million Product,Furniture,Sony,5347,10187
P8389,Hold Product,Appliances,Sony,17343,17928
P8390,Much Product,Electronics,Lenovo,38693,45568
P8391,Experience Product,Furniture,HP,14320,19787
P8392,End Product,Electronics,Lenovo,47329,51160
P8393,Cost Product,Office,IKEA,10891,14650
P8394,Watch Product,Furniture,Samsung,21034,23840
P8395,Product Product,Furniture,Dell,17439,28243
P8396,Guess Product,Appliances,Dell,2510,14478
P8397,Result Product,Office,Sony,3004,12122
P8398,Face Product,Office,Boat,11706,21017
P8399,Already Product,Appliances,HP,43729,57526
P8400,Face Product,Appliances,Dell,43417,55842
P8401,Simple Product,Electronics,HP,19953,24296
P8402,Doctor Product,Accessories,IKEA,918,10640
P8403,Reflect Product,Electronics,HP,21633,35766
P8404,Too Product,Furniture,Samsung,12892,26031
P8405,South Product,Furniture,Sony,30058,36767
P8406,Economic Product,Office,IKEA,2831,16154
P8407,Put Product,Furniture,Boat,651,3021
P8408,Ball Product,Office,Boat,19904,26890
P8409,Without Product,Furniture,Boat,21591,32206
P8410,Wall Product,Office,Lenovo,31191,40379
P8411,Recent Product,Accessories,Samsung,41733,50264
P8412,Ask Product,Electronics,Dell,45204,53351
P8413,Organization Product,Furniture,HP,22303,26850
P8414,Support Product,Appliances,Boat,27372,31194
P8415,Feeling Product,Accessories,IKEA,23211,31419
P8416,New Product,Electronics,IKEA,3254,18128
P8417,Manage Product,Accessories,Boat,24885,35123
P8418,Against Product,Appliances,Boat,34504,46241
P8419,Within Product,Appliances,Dell,25269,38255
P8420,Nothing Product,Electronics,Boat,10338,16097
P8421,Require Product,Appliances,Lenovo,33248,35648
P8422,Full Product,Office,Dell,34217,49038
P8423,Music Product,Appliances,Lenovo,31553,37080
P8424,While Product,Appliances,IKEA,39863,52984
P8425,Wide Product,Electronics,IKEA,45477,53349
P8426,Approach Product,Office,Sony,45187,55958
P8427,Week Product,Furniture,HP,45683,53924
P8428,Media Product,Electronics,HP,3895,17892
P8429,Range Product,Electronics,Boat,32925,41285
P8430,About Product,Office,IKEA,13848,26524
P8431,Head Product,Electronics,HP,13452,26289
P8432,Expect Product,Accessories,Sony,28562,35535
P8433,Concern Product,Appliances,Lenovo,17711,18491
P8434,Republican Product,Appliances,HP,11080,13838
P8435,East Product,Office,Samsung,3864,12212
P8436,Why Product,Appliances,Boat,6019,15333
P8437,Ten Product,Appliances,Samsung,34711,40805
P8438,Ok Product,Office,Samsung,9329,12473
P8439,Responsibility Product,Appliances,IKEA,44705,56825
P8440,Significant Product,Furniture,HP,26610,34413
P8441,Affect Product,Electronics,Samsung,9002,14560
P8442,Above Product,Electronics,Boat,34882,46741
P8443,Out Product,Electronics,Samsung,28633,42344
P8444,Number Product,Appliances,Dell,39782,47620
P8445,Pass Product,Office,Dell,47270,59157
P8446,Paper Product,Electronics,Lenovo,22578,29617
P8447,Without Product,Appliances,IKEA,24104,32142
P8448,Born Product,Furniture,Lenovo,31250,34819
P8449,Act Product,Accessories,Samsung,18277,22158
P8450,Four Product,Appliances,IKEA,44096,49735
P8451,Play Product,Electronics,Boat,40460,52239
P8452,Bar Product,Office,IKEA,14616,25861
P8453,Officer Product,Appliances,HP,8336,16128
P8454,Commercial Product,Appliances,Lenovo,8876,23359
P8455,Rock Product,Electronics,Lenovo,5668,7392
P8456,Until Product,Furniture,Sony,23710,34510
P8457,Local Product,Furniture,Sony,7523,22369
P8458,Face Product,Accessories,IKEA,25702,34333
P8459,School Product,Furniture,Samsung,36224,50222
P8460,The Product,Appliances,Boat,574,5841
P8461,Media Product,Electronics,Lenovo,6405,13795
P8462,Peace Product,Appliances,Samsung,32264,37394
P8463,Determine Product,Accessories,IKEA,40577,52776
P8464,Say Product,Electronics,HP,32971,42733
P8465,Accept Product,Electronics,Samsung,41693,55588
P8466,Through Product,Furniture,Lenovo,46760,48582
P8467,Operation Product,Accessories,Samsung,45396,56651
P8468,Example Product,Electronics,Dell,38987,43911
P8469,Next Product,Appliances,HP,6995,14175
P8470,Single Product,Accessories,Boat,4972,18069
P8471,Public Product,Electronics,Dell,49297,49798
P8472,Crime Product,Appliances,Sony,11733,13989
P8473,Sea Product,Office,HP,44418,50842
P8474,Hit Product,Electronics,Sony,31984,32510
P8475,Hospital Product,Electronics,Dell,40563,41632
P8476,Mother Product,Office,Sony,46686,51653
P8477,Approach Product,Appliances,Lenovo,5885,19696
P8478,So Product,Appliances,HP,33035,41522
P8479,Talk Product,Accessories,IKEA,5685,15285
P8480,Offer Product,Accessories,Boat,49755,54835
P8481,National Product,Accessories,Boat,30806,39563
P8482,Group Product,Electronics,Dell,34286,42780
P8483,Plant Product,Accessories,Boat,35721,43654
P8484,Summer Product,Office,HP,39727,48918
P8485,Develop Product,Furniture,HP,45764,58542
P8486,As Product,Electronics,Lenovo,6470,17327
P8487,Sound Product,Office,Samsung,17173,31227
P8488,Gas Product,Furniture,IKEA,30320,36558
P8489,Rate Product,Appliances,IKEA,49307,53489
P8490,Scene Product,Accessories,Dell,20472,33985
P8491,Pattern Product,Office,Boat,20131,25980
P8492,Over Product,Furniture,IKEA,38717,47199
P8493,Her Product,Furniture,IKEA,18490,21820
P8494,Range Product,Appliances,IKEA,30714,45281
P8495,Next Product,Electronics,IKEA,32115,39197
P8496,Paper Product,Accessories,Boat,1968,16686
P8497,Most Product,Electronics,HP,16409,26772
P8498,Kid Product,Appliances,IKEA,38580,51209
P8499,Whole Product,Electronics,HP,11510,17234
P8500,World Product,Office,Samsung,34107,36899
P8501,Early Product,Appliances,Boat,34433,44959
P8502,Try Product,Office,Dell,10714,18590
P8503,Late Product,Office,Dell,30789,39031
P8504,Lose Product,Electronics,IKEA,30287,37792
P8505,Learn Product,Electronics,Sony,23609,32450
P8506,Operation Product,Accessories,Samsung,41830,56627
P8507,Put Product,Furniture,Samsung,18736,26424
P8508,Where Product,Furniture,Sony,45386,54168
P8509,Hour Product,Electronics,Sony,29253,40763
P8510,World Product,Office,Dell,4886,13795
P8511,Explain Product,Appliances,Boat,35698,45091
P8512,Buy Product,Appliances,Lenovo,42189,43012
P8513,Station Product,Furniture,HP,12823,19123
P8514,Son Product,Accessories,Sony,32838,46355
P8515,Win Product,Office,Lenovo,7460,14179
P8516,So Product,Appliances,IKEA,9922,24635
P8517,Hot Product,Furniture,Dell,20148,30263
P8518,Eat Product,Accessories,Sony,36279,46474
P8519,Fall Product,Appliances,HP,33661,43482
P8520,National Product,Appliances,Samsung,31260,32201
P8521,Score Product,Appliances,HP,23359,27481
P8522,Purpose Product,Accessories,IKEA,16058,28813
P8523,Girl Product,Office,Samsung,11412,23732
P8524,Fast Product,Office,Samsung,45579,54835
P8525,Off Product,Accessories,Lenovo,42733,55873
P8526,Alone Product,Furniture,Sony,36191,43356
P8527,Find Product,Office,IKEA,35729,37553
P8528,Impact Product,Electronics,HP,7726,15022
P8529,Sort Product,Furniture,Dell,33343,44336
P8530,Day Product,Electronics,Samsung,36156,44133
P8531,Special Product,Office,IKEA,10810,16908
P8532,Drop Product,Electronics,Sony,30640,38006
P8533,Car Product,Appliances,Lenovo,25675,40615
P8534,Hear Product,Accessories,Boat,29084,37097
P8535,Field Product,Office,Boat,47682,55928
P8536,Like Product,Office,Sony,39937,48459
P8537,Message Product,Accessories,IKEA,33659,46685
P8538,Cause Product,Appliances,Dell,45058,45962
P8539,Interest Product,Office,IKEA,18526,27338
P8540,Show Product,Accessories,Sony,18266,29537
P8541,Democrat Product,Furniture,Lenovo,3558,11134
P8542,World Product,Appliances,HP,26062,30296
P8543,Prevent Product,Furniture,HP,27734,37226
P8544,Writer Product,Accessories,Samsung,28585,29630
P8545,Stop Product,Furniture,HP,40786,54961
P8546,Collection Product,Furniture,Samsung,28660,43092
P8547,Environmental Product,Accessories,HP,8684,9832
P8548,Manager Product,Accessories,HP,42277,57057
P8549,Education Product,Appliances,IKEA,45208,50432
P8550,Move Product,Furniture,Samsung,49866,55146
P8551,Feeling Product,Furniture,Samsung,33532,46852
P8552,Though Product,Accessories,Samsung,49951,62781
P8553,Doctor Product,Electronics,Sony,15778,17107
P8554,Four Product,Appliances,Boat,31815,42735
P8555,She Product,Electronics,IKEA,43611,53415
P8556,Personal Product,Accessories,Samsung,28664,39806
P8557,End Product,Furniture,Sony,48845,50198
P8558,Store Product,Furniture,Sony,4359,17043
P8559,Yet Product,Appliances,Dell,2088,10832
P8560,Resource Product,Furniture,Lenovo,29921,33227
P8561,Thus Product,Accessories,Sony,25434,26352
P8562,Performance Product,Office,HP,38323,43594
P8563,Else Product,Appliances,Dell,9839,13878
P8564,Old Product,Accessories,Lenovo,37534,49815
P8565,Dog Product,Appliances,IKEA,8911,21326
P8566,Own Product,Office,Boat,31415,32720
P8567,Entire Product,Appliances,Boat,32278,40064
P8568,Like Product,Electronics,IKEA,31346,38700
P8569,Game Product,Office,Boat,23441,25380
P8570,Behind Product,Office,Sony,5689,6328
P8571,American Product,Furniture,Samsung,12748,21251
P8572,Somebody Product,Office,Lenovo,17315,19979
P8573,Include Product,Accessories,Boat,31544,40760
P8574,Lose Product,Accessories,HP,26911,31091
P8575,Performance Product,Furniture,Boat,5077,12056
P8576,Would Product,Furniture,IKEA,7797,17800
P8577,Despite Product,Electronics,Lenovo,29447,41536
P8578,Organization Product,Electronics,Samsung,45871,52866
P8579,Network Product,Office,Dell,12933,23408
P8580,Civil Product,Furniture,IKEA,23017,23841
P8581,Sister Product,Appliances,Boat,18901,29819
P8582,Rich Product,Electronics,IKEA,33856,37449
P8583,Well Product,Furniture,Sony,7507,12258
P8584,Future Product,Office,Samsung,38084,51327
P8585,Middle Product,Appliances,Samsung,23746,32891
P8586,Home Product,Electronics,IKEA,10040,22246
P8587,Computer Product,Office,Boat,23038,31005
P8588,Over Product,Office,IKEA,16782,31639
P8589,Degree Product,Furniture,Lenovo,25397,27466
P8590,Record Product,Appliances,IKEA,40168,47820
P8591,House Product,Appliances,Dell,40675,46214
P8592,Though Product,Office,Dell,27042,40196
P8593,Be Product,Appliances,Lenovo,1848,11715
P8594,Unit Product,Appliances,Samsung,24155,27779
P8595,Any Product,Office,IKEA,38890,42197
P8596,Continue Product,Furniture,Boat,10139,15920
P8597,Water Product,Furniture,IKEA,44496,54995
P8598,Describe Product,Electronics,IKEA,26200,33435
P8599,Type Product,Office,Lenovo,31748,41916
P8600,Identify Product,Appliances,Dell,19731,25968
P8601,People Product,Furniture,Dell,26118,33116
P8602,Million Product,Appliances,Boat,7050,13340
P8603,Take Product,Furniture,Boat,39293,41048
P8604,Scientist Product,Accessories,Lenovo,36950,46116
P8605,Religious Product,Accessories,Lenovo,10469,19205
P8606,Page Product,Appliances,Lenovo,19172,26960
P8607,Strategy Product,Electronics,Lenovo,40550,49361
P8608,Want Product,Furniture,Sony,31293,36842
P8609,Enough Product,Office,IKEA,48585,57197
P8610,Music Product,Office,Dell,41082,54681
P8611,Than Product,Appliances,Boat,19465,32605
P8612,Risk Product,Appliances,Dell,48114,55682
P8613,Provide Product,Office,Boat,38734,48163
P8614,Prevent Product,Accessories,Lenovo,24092,29552
P8615,Available Product,Accessories,HP,36681,51042
P8616,Add Product,Electronics,Samsung,30239,43558
P8617,Outside Product,Electronics,Dell,8410,13365
P8618,Still Product,Furniture,Samsung,6535,11302
P8619,Lose Product,Furniture,Dell,34210,37798
P8620,Computer Product,Electronics,IKEA,4018,17963
P8621,Professional Product,Accessories,Lenovo,32972,46793
P8622,Heart Product,Furniture,IKEA,34323,37189
P8623,Let Product,Accessories,Samsung,12794,26603
P8624,Various Product,Office,Sony,21954,25550
P8625,Age Product,Electronics,Samsung,13436,27858
P8626,Building Product,Electronics,Boat,6159,19993
P8627,Watch Product,Accessories,Sony,19740,21411
P8628,Baby Product,Electronics,Lenovo,10373,11516
P8629,South Product,Furniture,Sony,21308,28089
P8630,Adult Product,Accessories,Lenovo,1691,15662
P8631,Data Product,Furniture,IKEA,30998,32269
P8632,Democratic Product,Electronics,Lenovo,30624,33190
P8633,Life Product,Accessories,Samsung,36023,49830
P8634,Cold Product,Accessories,HP,20817,24701
P8635,Fund Product,Furniture,Lenovo,15829,19066
P8636,Customer Product,Accessories,HP,26861,39439
P8637,School Product,Appliances,Dell,10526,23366
P8638,Price Product,Office,Dell,43433,54931
P8639,Example Product,Accessories,HP,48914,62905
P8640,Accept Product,Accessories,HP,39245,47180
P8641,Game Product,Electronics,IKEA,10314,10854
P8642,Challenge Product,Office,HP,31082,44391
P8643,House Product,Furniture,Boat,4545,13495
P8644,Free Product,Furniture,Lenovo,30376,37688
P8645,Finish Product,Accessories,Samsung,35144,45010
P8646,Event Product,Furniture,Dell,26404,36339
P8647,Show Product,Furniture,Sony,18517,32272
P8648,Provide Product,Electronics,Sony,38500,46477
P8649,Civil Product,Electronics,Boat,8689,19531
P8650,Seek Product,Accessories,Boat,24019,34967
P8651,Better Product,Furniture,Lenovo,20050,25247
P8652,Side Product,Appliances,Samsung,40357,55227
P8653,Carry Product,Electronics,Boat,28017,33128
P8654,Sing Product,Electronics,Lenovo,11626,19552
P8655,Case Product,Accessories,Sony,10688,11414
P8656,Ahead Product,Furniture,HP,3365,10516
P8657,Physical Product,Electronics,HP,39718,52790
P8658,Decide Product,Appliances,Dell,19383,29700
P8659,Under Product,Office,Dell,9117,21265
P8660,Me Product,Furniture,Samsung,3751,9674
P8661,Poor Product,Office,HP,32390,43777
P8662,Produce Product,Electronics,Boat,3321,8019
P8663,Cup Product,Furniture,Sony,6390,15725
P8664,Two Product,Office,Sony,41767,47974
P8665,Quite Product,Furniture,Samsung,19673,31700
P8666,Present Product,Appliances,Samsung,3723,4235
P8667,Room Product,Accessories,Samsung,15150,17911
P8668,Challenge Product,Appliances,Dell,36135,38307
P8669,Word Product,Accessories,Dell,19520,22786
P8670,Occur Product,Office,Samsung,40918,45592
P8671,Paper Product,Electronics,IKEA,33471,36371
P8672,Rate Product,Furniture,Dell,1560,2691
P8673,Responsibility Product,Office,Sony,12008,26864
P8674,His Product,Office,Lenovo,13011,19390
P8675,Before Product,Accessories,Samsung,519,7457
P8676,Adult Product,Appliances,Lenovo,16344,24804
P8677,These Product,Accessories,Dell,9409,14797
P8678,Air Product,Electronics,Samsung,24318,29596
P8679,Rather Product,Electronics,IKEA,15203,29609
P8680,Sell Product,Furniture,Sony,32730,42464
P8681,Various Product,Furniture,Lenovo,22944,24449
P8682,Expect Product,Accessories,IKEA,11959,15411
P8683,Future Product,Furniture,Sony,12064,21334
P8684,West Product,Appliances,Boat,7261,11685
P8685,Prevent Product,Appliances,Dell,45499,55203
P8686,Scene Product,Furniture,Lenovo,31010,35380
P8687,Debate Product,Furniture,Boat,9943,13863
P8688,South Product,Appliances,HP,32638,46244
P8689,City Product,Electronics,IKEA,15106,27687
P8690,Front Product,Electronics,Dell,10884,17089
P8691,Soldier Product,Office,Dell,11378,25919
P8692,Size Product,Electronics,HP,8549,14621
P8693,Cup Product,Appliances,Sony,12810,17889
P8694,Old Product,Accessories,Dell,2159,12597
P8695,Economic Product,Appliances,Samsung,13556,17680
P8696,Cut Product,Appliances,Samsung,32944,36753
P8697,Eye Product,Furniture,Lenovo,38621,44801
P8698,Upon Product,Office,Boat,38067,41730
P8699,Field Product,Furniture,Dell,49386,50442
P8700,Rest Product,Electronics,Sony,26832,32213
P8701,Recognize Product,Appliances,HP,16029,31027
P8702,Appear Product,Office,Sony,1852,3337
P8703,Hotel Product,Accessories,Boat,33808,40975
P8704,Various Product,Appliances,Samsung,47744,49303
P8705,Mention Product,Electronics,Lenovo,10609,17638
P8706,Avoid Product,Furniture,Samsung,46337,60452
P8707,Serve Product,Furniture,Dell,22206,35649
P8708,Forward Product,Electronics,IKEA,42478,53880
P8709,Sound Product,Appliances,Sony,10811,19403
P8710,Clear Product,Appliances,IKEA,12977,13949
P8711,Off Product,Office,IKEA,37273,45194
P8712,Turn Product,Furniture,Sony,35585,46035
P8713,But Product,Electronics,IKEA,49291,50717
P8714,Similar Product,Accessories,Samsung,27780,39353
P8715,Best Product,Office,Lenovo,45798,50220
P8716,Others Product,Appliances,Samsung,29929,38348
P8717,Tonight Product,Furniture,Dell,24511,38782
P8718,Face Product,Office,Lenovo,31129,45086
P8719,Reason Product,Electronics,Lenovo,10294,11217
P8720,Tell Product,Accessories,Lenovo,20935,32697
P8721,Action Product,Office,Dell,46932,61254
P8722,Baby Product,Office,Dell,26858,32604
P8723,Food Product,Appliances,Boat,38614,47117
P8724,Create Product,Accessories,HP,36495,44334
P8725,However Product,Appliances,IKEA,48772,61398
P8726,Structure Product,Appliances,Sony,48945,56589
P8727,Either Product,Electronics,HP,2252,5961
P8728,Cover Product,Office,IKEA,34488,46991
P8729,Step Product,Accessories,Boat,20184,33297
P8730,Base Product,Electronics,Samsung,16929,17708
P8731,Either Product,Appliances,Sony,38396,52511
P8732,Either Product,Office,Sony,31097,37394
P8733,Small Product,Appliances,Samsung,30167,40957
P8734,Possible Product,Appliances,Dell,45934,48097
P8735,Look Product,Furniture,IKEA,45129,55548
P8736,Agreement Product,Appliances,Lenovo,28722,37369
P8737,Medical Product,Appliances,Lenovo,1658,12825
P8738,Lose Product,Furniture,Boat,30280,38916
P8739,Behavior Product,Appliances,Dell,12108,18362
P8740,Scientist Product,Furniture,Dell,38729,49869
P8741,Station Product,Furniture,HP,44990,59707
P8742,Candidate Product,Furniture,IKEA,29962,40271
P8743,New Product,Appliances,Lenovo,40385,52850
P8744,Prove Product,Appliances,Samsung,9405,16628
P8745,Fish Product,Office,Sony,49061,59387
P8746,Song Product,Furniture,Samsung,48858,61988
P8747,Less Product,Appliances,Samsung,12907,20294
P8748,Foot Product,Office,Lenovo,39399,53881
P8749,Maybe Product,Furniture,Sony,23000,29178
P8750,Receive Product,Office,IKEA,47266,55224
P8751,Strategy Product,Appliances,IKEA,39779,43271
P8752,Population Product,Electronics,IKEA,41509,50940
P8753,Significant Product,Electronics,Dell,6124,11447
P8754,Reality Product,Electronics,Sony,22569,26761
P8755,Size Product,Appliances,Samsung,48526,61655
P8756,Music Product,Office,Lenovo,39108,43235
P8757,Technology Product,Office,Boat,35109,41656
P8758,Talk Product,Accessories,Boat,42415,49736
P8759,Level Product,Furniture,HP,5351,19619
P8760,Son Product,Office,Boat,17247,31864
P8761,Important Product,Accessories,HP,36038,43571
P8762,Answer Product,Office,Dell,47671,58814
P8763,Surface Product,Electronics,Samsung,27977,33048
P8764,Fast Product,Furniture,HP,44263,54957
P8765,Rate Product,Accessories,Sony,748,10929
P8766,Side Product,Furniture,Sony,1677,7669
P8767,Total Product,Office,Boat,21755,28628
P8768,Wear Product,Office,Sony,33468,37866
P8769,Attack Product,Furniture,HP,20046,23897
P8770,None Product,Furniture,Dell,23089,29755
P8771,Raise Product,Office,Sony,23906,35475
P8772,Whole Product,Furniture,Sony,10539,20927
P8773,Again Product,Accessories,Dell,30871,36623
P8774,Magazine Product,Office,Boat,28076,39987
P8775,Simple Product,Appliances,Lenovo,30693,39985
P8776,Win Product,Accessories,Lenovo,25297,35445
P8777,Series Product,Appliances,Sony,19189,26537
P8778,Successful Product,Electronics,Sony,25947,37773
P8779,Movement Product,Electronics,IKEA,27171,36756
P8780,Little Product,Accessories,HP,5419,12088
P8781,Executive Product,Furniture,Dell,38585,45235
P8782,Cultural Product,Furniture,IKEA,29033,32422
P8783,Collection Product,Appliances,Boat,28190,35029
P8784,Hope Product,Office,Lenovo,3333,15918
P8785,Matter Product,Electronics,IKEA,747,2762
P8786,Child Product,Accessories,Lenovo,3339,4391
P8787,Son Product,Appliances,Lenovo,43875,49560
P8788,Bring Product,Accessories,Samsung,23126,37184
P8789,Direction Product,Furniture,IKEA,11874,25945
P8790,Purpose Product,Office,IKEA,39245,48616
P8791,Yeah Product,Office,HP,49262,63129
P8792,Scientist Product,Office,Sony,24718,37401
P8793,Maybe Product,Appliances,HP,31126,41852
P8794,Fill Product,Office,HP,47089,49225
P8795,Tree Product,Appliances,Lenovo,46672,51069
P8796,Others Product,Accessories,HP,15731,17881
P8797,Control Product,Electronics,Dell,10205,24954
P8798,Guy Product,Furniture,HP,17742,32736
P8799,Loss Product,Office,Dell,40423,45032
P8800,Particularly Product,Accessories,IKEA,45835,52896
P8801,Understand Product,Electronics,IKEA,3220,8673
P8802,Investment Product,Accessories,IKEA,3982,11755
P8803,Idea Product,Electronics,Boat,11121,22442
P8804,Method Product,Accessories,Sony,30802,31869
P8805,Address Product,Office,HP,14017,24815
P8806,Street Product,Accessories,Sony,21681,22370
P8807,Speech Product,Furniture,Sony,13214,26841
P8808,Without Product,Office,HP,49711,52077
P8809,Break Product,Appliances,Dell,2059,11440
P8810,Military Product,Appliances,Lenovo,12189,19314
P8811,Project Product,Accessories,Boat,20399,29082
P8812,Industry Product,Furniture,Boat,30001,33783
P8813,Else Product,Accessories,Samsung,2604,9287
P8814,Key Product,Office,Sony,36463,45003
P8815,Western Product,Electronics,Lenovo,14100,15887
P8816,My Product,Accessories,Dell,18736,22673
P8817,Explain Product,Office,Lenovo,45424,56522
P8818,Customer Product,Furniture,HP,6877,13383
P8819,Information Product,Furniture,Sony,14684,17609
P8820,Through Product,Accessories,Samsung,38269,41619
P8821,Discuss Product,Furniture,HP,3151,9265
P8822,Plan Product,Furniture,Sony,28441,41937
P8823,Cause Product,Appliances,IKEA,23753,25035
P8824,Call Product,Electronics,Dell,19131,31387
P8825,Down Product,Appliances,Samsung,37773,46753
P8826,Certain Product,Furniture,Lenovo,42991,43710
P8827,A Product,Office,Boat,38703,39450
P8828,Form Product,Electronics,Sony,12793,17666
P8829,Add Product,Furniture,Boat,31512,45241
P8830,Size Product,Accessories,HP,15320,25380
P8831,Itself Product,Office,Boat,10548,16734
P8832,Impact Product,Office,HP,18639,19454
P8833,Question Product,Electronics,Samsung,38551,44601
P8834,Pm Product,Office,Samsung,4995,15889
P8835,Place Product,Appliances,Lenovo,16957,25858
P8836,This Product,Furniture,Samsung,36479,37663
P8837,Score Product,Furniture,Lenovo,31344,45291
P8838,Recent Product,Office,Boat,47000,49462
P8839,Customer Product,Electronics,HP,1485,5094
P8840,Key Product,Electronics,Sony,43134,46095
P8841,Describe Product,Furniture,Lenovo,31002,43461
P8842,If Product,Electronics,Boat,30858,45284
P8843,Those Product,Accessories,Boat,47499,56249
P8844,Gun Product,Accessories,Lenovo,31691,40222
P8845,Head Product,Furniture,Dell,15565,17528
P8846,Do Product,Accessories,Dell,32178,43184
P8847,Hair Product,Accessories,Lenovo,31162,33458
P8848,Week Product,Furniture,Sony,40377,45410
P8849,Around Product,Furniture,IKEA,15051,28905
P8850,Prepare Product,Office,Lenovo,21576,31174
P8851,Congress Product,Office,Lenovo,18427,23081
P8852,Serve Product,Furniture,IKEA,39561,53959
P8853,Boy Product,Appliances,Boat,19072,19612
P8854,Even Product,Office,Boat,8875,16594
P8855,Program Product,Electronics,IKEA,36073,48750
P8856,Start Product,Appliances,Sony,25884,33287
P8857,Focus Product,Accessories,Samsung,31402,40410
P8858,Pass Product,Appliances,Boat,10375,14508
P8859,Could Product,Furniture,Lenovo,40301,43476
P8860,Drug Product,Furniture,IKEA,14131,26555
P8861,None Product,Office,IKEA,4668,13437
P8862,Level Product,Appliances,Sony,41893,54334
P8863,One Product,Office,Dell,41314,47107
P8864,Picture Product,Electronics,Lenovo,34938,40862
P8865,Actually Product,Accessories,Samsung,36495,47684
P8866,Current Product,Office,IKEA,34477,39599
P8867,Visit Product,Accessories,IKEA,33998,34639
P8868,By Product,Electronics,Dell,10454,21418
P8869,Research Product,Office,Dell,10950,22343
P8870,Receive Product,Office,IKEA,32537,41998
P8871,Author Product,Accessories,Lenovo,34170,38227
P8872,Through Product,Accessories,Sony,31934,33420
P8873,Forget Product,Electronics,Dell,11041,20000
P8874,Only Product,Office,Samsung,46650,54582
P8875,Benefit Product,Appliances,Sony,37916,46046
P8876,Here Product,Accessories,Samsung,24195,28137
P8877,Back Product,Electronics,Dell,41820,54816
P8878,Speak Product,Office,IKEA,37531,51752
P8879,Cover Product,Electronics,Dell,30013,30856
P8880,Measure Product,Appliances,Sony,2995,6461
P8881,Store Product,Appliances,Samsung,33981,37648
P8882,Six Product,Electronics,HP,32764,40679
P8883,Available Product,Accessories,HP,45032,51788
P8884,Mouth Product,Office,IKEA,16275,28419
P8885,Usually Product,Accessories,Samsung,38857,42157
P8886,Product Product,Appliances,Samsung,12834,23267
P8887,Administration Product,Office,Sony,45331,54781
P8888,Organization Product,Office,HP,20319,25417
P8889,World Product,Office,Samsung,662,3811
P8890,Name Product,Appliances,IKEA,46978,50867
P8891,Air Product,Electronics,Boat,31558,32558
P8892,Career Product,Appliances,Boat,9757,14939
P8893,Success Product,Electronics,Lenovo,49463,51113
P8894,People Product,Accessories,Dell,44770,55870
P8895,Friend Product,Appliances,Lenovo,5676,15440
P8896,Me Product,Electronics,Samsung,47729,59537
P8897,Response Product,Electronics,Lenovo,24079,27219
P8898,Read Product,Electronics,Boat,19011,30974
P8899,Security Product,Appliances,IKEA,21998,24624
P8900,Anything Product,Appliances,Dell,36623,51566
P8901,Lead Product,Accessories,IKEA,47737,61699
P8902,Lay Product,Accessories,HP,18610,23179
P8903,Long Product,Office,HP,32750,33732
P8904,Everyone Product,Office,IKEA,31158,35783
P8905,Minute Product,Furniture,Dell,11139,19080
P8906,Little Product,Furniture,Samsung,18126,21364
P8907,Low Product,Appliances,Dell,3464,6475
P8908,Clear Product,Office,Sony,6360,13903
P8909,Resource Product,Furniture,Samsung,23593,33030
P8910,It Product,Office,Lenovo,30579,34109
P8911,Visit Product,Furniture,IKEA,2815,12777
P8912,Lose Product,Appliances,IKEA,31897,46368
P8913,Thought Product,Electronics,HP,21277,23264
P8914,Cut Product,Appliances,Boat,10996,14600
P8915,Pull Product,Office,Dell,26495,40745
P8916,Fund Product,Accessories,Samsung,26847,39230
P8917,Republican Product,Electronics,Boat,24605,39204
P8918,Build Product,Furniture,Dell,10177,12186
P8919,First Product,Accessories,Samsung,37493,45426
P8920,Go Product,Accessories,Sony,30453,41665
P8921,Subject Product,Accessories,Lenovo,16792,29906
P8922,Suddenly Product,Furniture,IKEA,15669,30614
P8923,Training Product,Electronics,Dell,39682,52126
P8924,Value Product,Electronics,Lenovo,32091,32765
P8925,Book Product,Furniture,IKEA,12645,16050
P8926,Wear Product,Appliances,Dell,30378,38454
P8927,Allow Product,Appliances,HP,30899,42720
P8928,Million Product,Electronics,Boat,12007,24557
P8929,Every Product,Electronics,Lenovo,27087,38671
P8930,Big Product,Accessories,HP,18953,30328
P8931,Race Product,Furniture,Dell,47396,55101
P8932,Almost Product,Electronics,Boat,35381,39784
P8933,Goal Product,Appliances,Dell,37331,50947
P8934,Mrs Product,Furniture,Dell,2111,7458
P8935,Must Product,Office,Samsung,49452,63157
P8936,Ahead Product,Appliances,HP,8242,17224
P8937,Author Product,Electronics,Sony,8330,15643
P8938,Through Product,Furniture,Dell,6883,12617
P8939,Table Product,Electronics,IKEA,34742,48827
P8940,Plan Product,Accessories,HP,20950,26599
P8941,Heart Product,Furniture,Dell,24124,34799
P8942,Represent Product,Accessories,IKEA,35236,41622
P8943,Push Product,Accessories,Samsung,32069,37590
P8944,Whatever Product,Accessories,HP,6989,19462
P8945,Evening Product,Electronics,IKEA,26172,35162
P8946,Level Product,Accessories,Lenovo,36151,41019
P8947,Detail Product,Electronics,Samsung,20164,25266
P8948,Rise Product,Appliances,Boat,47350,49012
P8949,Teach Product,Accessories,Sony,18410,31733
P8950,Education Product,Accessories,Sony,7209,15293
P8951,Fight Product,Appliances,Samsung,37720,45394
P8952,Card Product,Accessories,HP,18685,32451
P8953,Even Product,Electronics,HP,16687,29172
P8954,Deep Product,Appliances,Lenovo,45038,45721
P8955,Skill Product,Furniture,Dell,45145,53317
P8956,Enjoy Product,Accessories,HP,42861,55791
P8957,Modern Product,Appliances,Sony,860,3025
P8958,Center Product,Appliances,IKEA,34724,39012
P8959,Appear Product,Office,HP,8273,9382
P8960,Move Product,Accessories,Samsung,41382,47891
P8961,Practice Product,Office,Sony,28401,37823
P8962,Wish Product,Furniture,Dell,40136,49036
P8963,Shoulder Product,Furniture,Dell,2362,15451
P8964,Have Product,Appliances,Boat,21019,26289
P8965,Possible Product,Office,Dell,27410,35398
P8966,Tough Product,Electronics,Sony,16236,22789
P8967,Develop Product,Appliances,Lenovo,49270,52692
P8968,Prepare Product,Accessories,Dell,17269,31555
P8969,Pm Product,Appliances,Dell,2524,10463
P8970,Thank Product,Office,Samsung,2567,12822
P8971,Base Product,Electronics,IKEA,21434,32286
P8972,Officer Product,Electronics,Samsung,47173,47679
P8973,Ready Product,Electronics,Sony,10405,18587
P8974,Form Product,Furniture,Boat,6432,17072
P8975,Education Product,Office,Sony,12135,20719
P8976,Reduce Product,Furniture,HP,12467,25622
P8977,Science Product,Electronics,Boat,33472,34982
P8978,Leader Product,Accessories,Boat,49327,50974
P8979,Ability Product,Appliances,Samsung,41043,53460
P8980,Lot Product,Furniture,Sony,10337,11129
P8981,Name Product,Furniture,Boat,1188,4391
P8982,Item Product,Office,Boat,7060,21647
P8983,Service Product,Accessories,IKEA,29661,41361
P8984,Sister Product,Electronics,IKEA,46242,59835
P8985,Fall Product,Accessories,HP,33150,34973
P8986,Change Product,Office,HP,27018,34821
P8987,Recognize Product,Accessories,Samsung,39265,52702
P8988,Article Product,Accessories,Samsung,24052,27401
P8989,While Product,Electronics,Boat,33604,43662
P8990,Hot Product,Accessories,Boat,17151,31472
P8991,Fly Product,Office,IKEA,40192,52797
P8992,Manage Product,Furniture,Samsung,31887,37491
P8993,Clearly Product,Furniture,Lenovo,6065,9922
P8994,Act Product,Office,Sony,49612,58732
P8995,Agreement Product,Office,Lenovo,16997,29676
P8996,Law Product,Office,Samsung,877,8710
P8997,Part Product,Appliances,Dell,15534,26354
P8998,Some Product,Electronics,Sony,40687,48575
P8999,Short Product,Office,IKEA,48070,51505
P9000,Hotel Product,Office,Sony,21895,22486
P9001,Eight Product,Furniture,Boat,10487,11194
P9002,Against Product,Furniture,Sony,38230,42045
P9003,Across Product,Furniture,Dell,46061,46683
P9004,Couple Product,Electronics,HP,26813,27667
P9005,Bit Product,Accessories,Dell,9585,17990
P9006,Purpose Product,Accessories,Dell,16072,18098
P9007,Stay Product,Furniture,Sony,32499,37811
P9008,Certain Product,Appliances,HP,33271,40001
P9009,Toward Product,Accessories,Sony,31909,37723
P9010,Individual Product,Office,Samsung,36844,40046
P9011,Less Product,Furniture,Dell,8121,9080
P9012,Scientist Product,Electronics,HP,47021,54489
P9013,On Product,Accessories,Boat,17944,24795
P9014,Prove Product,Accessories,IKEA,19771,31396
P9015,Rule Product,Accessories,Boat,31564,37242
P9016,Agreement Product,Accessories,Boat,28771,39940
P9017,Common Product,Accessories,Dell,18865,28158
P9018,Each Product,Electronics,Boat,15144,25025
P9019,Strong Product,Accessories,IKEA,5900,19773
P9020,Action Product,Office,Dell,5346,14281
P9021,And Product,Office,Sony,15522,24456
P9022,Several Product,Furniture,Boat,32274,34566
P9023,Policy Product,Furniture,IKEA,3720,18512
P9024,Reveal Product,Electronics,IKEA,1700,16267
P9025,Everyone Product,Appliances,IKEA,24417,26406
P9026,Trial Product,Appliances,Boat,29319,37651
P9027,Local Product,Furniture,Dell,2220,4595
P9028,Leg Product,Furniture,Dell,2658,13437
P9029,Father Product,Office,Sony,36802,47653
P9030,Agent Product,Furniture,HP,46872,50665
P9031,Both Product,Electronics,IKEA,41257,52157
P9032,Return Product,Office,Dell,12736,27478
P9033,Way Product,Accessories,IKEA,24783,33247
P9034,Offer Product,Office,Dell,42725,46759
P9035,Employee Product,Electronics,Sony,34108,46038
P9036,Interview Product,Accessories,Dell,8116,10665
P9037,Last Product,Electronics,Lenovo,38647,39943
P9038,So Product,Office,Sony,2941,12961
P9039,Stop Product,Accessories,Dell,18893,19763
P9040,Early Product,Electronics,IKEA,18799,21536
P9041,Discover Product,Office,Dell,12535,27443
P9042,In Product,Appliances,Dell,23845,25316
P9043,Serious Product,Appliances,Samsung,49842,52415
P9044,Resource Product,Furniture,HP,31863,33652
P9045,Fight Product,Appliances,Lenovo,30365,35908
P9046,Suggest Product,Office,Boat,26411,34635
P9047,Look Product,Office,Samsung,22896,30016
P9048,Difficult Product,Furniture,Boat,39814,54397
P9049,Cover Product,Appliances,Boat,3878,6800
P9050,Voice Product,Furniture,IKEA,35050,42868
P9051,Evening Product,Accessories,Boat,1720,5776
P9052,Project Product,Appliances,HP,11633,21864
P9053,Late Product,Accessories,Sony,4980,6927
P9054,Pull Product,Electronics,Dell,20338,33102
P9055,Reality Product,Electronics,IKEA,1844,2499
P9056,Enter Product,Appliances,IKEA,22993,27907
P9057,Trade Product,Electronics,Sony,40074,51494
P9058,Late Product,Accessories,IKEA,39191,44107
P9059,Expect Product,Accessories,IKEA,3080,5847
P9060,Laugh Product,Appliances,Samsung,42931,53483
P9061,Do Product,Office,Boat,24627,36442
P9062,Air Product,Furniture,HP,20594,35179
P9063,Road Product,Accessories,HP,38246,46054
P9064,Speak Product,Furniture,Samsung,34660,42923
P9065,Their Product,Electronics,Sony,2015,12646
P9066,Behind Product,Electronics,Samsung,2303,12039
P9067,Task Product,Accessories,HP,38545,45334
P9068,Their Product,Furniture,IKEA,49495,63372
P9069,Why Product,Accessories,Samsung,13074,16666
P9070,Window Product,Electronics,Dell,26434,34773
P9071,Exist Product,Electronics,Samsung,10349,12420
P9072,Piece Product,Electronics,Boat,14587,16451
P9073,Read Product,Accessories,HP,32878,43359
P9074,Own Product,Accessories,Dell,35569,48382
P9075,Student Product,Electronics,Samsung,45917,49539
P9076,Environmental Product,Accessories,Boat,32962,39874
P9077,Different Product,Furniture,HP,23682,33097
P9078,Mrs Product,Appliances,Dell,27550,30095
P9079,Pretty Product,Electronics,Lenovo,11979,22904
P9080,Reach Product,Electronics,Lenovo,34074,35961
P9081,Suffer Product,Electronics,Lenovo,11516,24519
P9082,Trade Product,Accessories,IKEA,30431,43964
P9083,Laugh Product,Accessories,Lenovo,48791,58634
P9084,Economy Product,Office,HP,41304,47660
P9085,Indeed Product,Office,HP,28197,39316
P9086,Order Product,Appliances,IKEA,12169,12720
P9087,Nice Product,Furniture,Dell,4384,8606
P9088,Military Product,Appliances,Boat,46500,52441
P9089,Medical Product,Office,HP,40579,50404
P9090,Effort Product,Office,Sony,33413,34043
P9091,Themselves Product,Electronics,Boat,44293,56381
P9092,Although Product,Electronics,HP,14942,18541
P9093,Camera Product,Furniture,Sony,25759,34036
P9094,Himself Product,Appliances,Samsung,27609,39246
P9095,Themselves Product,Accessories,Lenovo,41745,43895
P9096,Already Product,Office,Dell,43591,52466
P9097,Nothing Product,Accessories,Lenovo,31103,45073
P9098,Realize Product,Office,Lenovo,646,5437
P9099,Organization Product,Appliances,Boat,17365,21835
P9100,Skin Product,Appliances,Samsung,8839,13897
P9101,Capital Product,Appliances,Boat,13638,15606
P9102,Sign Product,Furniture,Samsung,31790,42348
P9103,Deep Product,Appliances,HP,18700,31593
P9104,Line Product,Appliances,Boat,27883,32849
P9105,Above Product,Office,Lenovo,17236,22433
P9106,With Product,Office,Dell,43942,54592
P9107,Thousand Product,Accessories,Dell,15509,22129
P9108,Stock Product,Appliances,Dell,21928,32817
P9109,Never Product,Appliances,Samsung,25678,28007
P9110,Lawyer Product,Accessories,IKEA,40577,47286
P9111,Start Product,Electronics,Lenovo,15140,15706
P9112,Show Product,Office,Boat,39890,45191
P9113,Significant Product,Furniture,IKEA,36645,45839
P9114,Language Product,Electronics,Boat,35712,50259
P9115,I Product,Appliances,IKEA,19377,24460
P9116,Allow Product,Furniture,Sony,13040,22072
P9117,Add Product,Furniture,Dell,6797,8186
P9118,Right Product,Accessories,HP,1136,6457
P9119,Interest Product,Accessories,Dell,5237,11099
P9120,Here Product,Furniture,Boat,46218,51573
P9121,View Product,Furniture,Sony,27129,41642
P9122,Miss Product,Accessories,IKEA,23147,24264
P9123,Lot Product,Office,Lenovo,22854,32368
P9124,As Product,Electronics,Boat,18730,21974
P9125,Painting Product,Accessories,IKEA,33410,38430
P9126,Institution Product,Accessories,Sony,35023,37743
P9127,Only Product,Appliances,Lenovo,30763,40057
P9128,Although Product,Furniture,Dell,39524,54183
P9129,Marriage Product,Furniture,Boat,21724,30388
P9130,Deal Product,Electronics,HP,49836,63838
P9131,Yourself Product,Furniture,Boat,17455,27838
P9132,Evening Product,Office,Sony,35611,40943
P9133,On Product,Appliances,Sony,26586,38534
P9134,Citizen Product,Office,Lenovo,12726,21966
P9135,Late Product,Office,Boat,5242,18030
P9136,Authority Product,Electronics,Samsung,11444,24709
P9137,Fast Product,Electronics,Lenovo,10538,13385
P9138,Democratic Product,Furniture,Dell,44740,48059
P9139,Gas Product,Furniture,Boat,3771,11037
P9140,Conference Product,Appliances,Boat,2140,13295
P9141,Customer Product,Office,Sony,1246,8973
P9142,Member Product,Furniture,Lenovo,22706,30504
P9143,No Product,Furniture,Lenovo,3129,9166
P9144,Figure Product,Appliances,IKEA,4553,12400
P9145,Hospital Product,Accessories,Dell,38672,47280
P9146,Pick Product,Office,HP,31840,41064
P9147,Positive Product,Appliances,Boat,17667,24070
P9148,Contain Product,Office,Sony,8964,11164
P9149,Ready Product,Electronics,Boat,46774,52862
P9150,Sound Product,Office,Dell,46367,51227
P9151,Today Product,Office,Samsung,20803,29474
P9152,Majority Product,Office,Sony,15233,17442
P9153,Measure Product,Accessories,Samsung,33895,35946
P9154,Organization Product,Appliances,Sony,48287,58770
P9155,Window Product,Furniture,Samsung,16383,25859
P9156,Image Product,Electronics,Dell,24615,36364
P9157,Prevent Product,Appliances,Dell,20847,31666
P9158,Sell Product,Appliances,Samsung,22402,26960
P9159,See Product,Accessories,HP,34488,45096
P9160,Close Product,Office,Boat,37868,42837
P9161,Case Product,Furniture,Samsung,43614,50428
P9162,Congress Product,Office,Lenovo,26653,40625
P9163,Call Product,Accessories,Sony,10740,17658
P9164,Organization Product,Accessories,Sony,18295,18844
P9165,Read Product,Furniture,Lenovo,12844,16791
P9166,Water Product,Office,IKEA,41297,55387
P9167,Chair Product,Furniture,Samsung,47250,55209
P9168,Difficult Product,Furniture,Dell,38587,53370
P9169,Good Product,Accessories,IKEA,29156,33722
P9170,Condition Product,Furniture,Samsung,9519,12426
P9171,Involve Product,Office,HP,49410,53994
P9172,Reveal Product,Accessories,Sony,4050,7674
P9173,Grow Product,Electronics,Sony,31191,40171
P9174,Bill Product,Appliances,Boat,45016,52550
P9175,Recent Product,Electronics,Samsung,44895,57256
P9176,Blue Product,Furniture,Boat,9908,21780
P9177,Remain Product,Electronics,Lenovo,30732,35613
P9178,Near Product,Office,Dell,30416,40119
P9179,She Product,Accessories,Sony,8591,14899
P9180,To Product,Furniture,Sony,18468,28065
P9181,Treat Product,Office,Boat,15992,18715
P9182,Control Product,Office,Boat,17615,22566
P9183,Week Product,Accessories,Sony,9994,16397
P9184,Surface Product,Appliances,Lenovo,24196,38551
P9185,Up Product,Appliances,Lenovo,2270,10016
P9186,Color Product,Accessories,Samsung,39193,43426
P9187,Compare Product,Appliances,Lenovo,35208,42436
P9188,Heavy Product,Electronics,Sony,46168,49660
P9189,Someone Product,Office,Lenovo,15354,29277
P9190,Age Product,Electronics,Samsung,14859,16530
P9191,Share Product,Office,Dell,45945,55893
P9192,Big Product,Office,Boat,48194,57762
P9193,Book Product,Accessories,Sony,20610,21864
P9194,Shoulder Product,Electronics,Dell,6701,17544
P9195,Name Product,Appliances,Lenovo,40724,50317
P9196,Money Product,Furniture,HP,19998,34648
P9197,Young Product,Appliances,Boat,36306,41905
P9198,To Product,Office,Lenovo,48832,51116
P9199,Energy Product,Office,Boat,4535,15339
P9200,Magazine Product,Accessories,IKEA,46022,49830
P9201,Determine Product,Furniture,IKEA,11844,24537
P9202,Large Product,Accessories,Dell,16887,22636
P9203,Federal Product,Electronics,Boat,32742,38817
P9204,Fast Product,Accessories,Boat,44979,56654
P9205,Certainly Product,Appliances,Samsung,42934,50508
P9206,Charge Product,Appliances,Boat,30098,36708
P9207,Under Product,Office,IKEA,45104,46563
P9208,Herself Product,Office,Dell,38251,43733
P9209,Fine Product,Office,IKEA,13392,25330
P9210,Develop Product,Electronics,IKEA,40535,46475
P9211,For Product,Furniture,HP,27149,41302
P9212,Shake Product,Electronics,Sony,2681,3699
P9213,Threat Product,Appliances,Lenovo,43241,49336
P9214,Range Product,Office,Samsung,33675,39263
P9215,Record Product,Accessories,HP,4284,15247
P9216,Voice Product,Electronics,Sony,39479,40594
P9217,Will Product,Electronics,Boat,8280,16712
P9218,Force Product,Accessories,Samsung,7788,10182
P9219,Difference Product,Electronics,Lenovo,33988,41951
P9220,Realize Product,Furniture,Dell,48282,60006
P9221,Crime Product,Furniture,Sony,17200,25518
P9222,Above Product,Accessories,Sony,48764,51075
P9223,However Product,Furniture,Samsung,45332,53361
P9224,Television Product,Furniture,IKEA,35284,39346
P9225,Scientist Product,Electronics,Dell,9472,21404
P9226,Race Product,Electronics,Boat,10296,14212
P9227,Simple Product,Office,Sony,44091,54022
P9228,Amount Product,Electronics,Boat,17910,32265
P9229,Beautiful Product,Appliances,IKEA,40824,48005
P9230,Door Product,Accessories,Dell,23906,28951
P9231,Who Product,Electronics,Boat,44642,56796
P9232,Environment Product,Furniture,Lenovo,10574,13440
P9233,Generation Product,Appliances,IKEA,38301,42318
P9234,Arm Product,Accessories,Sony,49325,54658
P9235,Just Product,Electronics,Dell,49088,54304
P9236,Write Product,Furniture,Samsung,35817,46455
P9237,Respond Product,Appliances,Sony,23923,32523
P9238,Civil Product,Furniture,Boat,46048,47900
P9239,Someone Product,Furniture,Boat,1762,4740
P9240,Training Product,Furniture,Sony,10182,14363
P9241,Study Product,Accessories,IKEA,22915,33629
P9242,Prevent Product,Appliances,Boat,9395,23926
P9243,Yourself Product,Accessories,Lenovo,49381,53261
P9244,Could Product,Appliances,Boat,46134,54472
P9245,Reduce Product,Accessories,Dell,24322,34436
P9246,Simply Product,Furniture,Samsung,23033,36160
P9247,Know Product,Furniture,HP,21847,31100
P9248,Measure Product,Accessories,Boat,38973,53280
P9249,Some Product,Appliances,Dell,46873,52505
P9250,Few Product,Office,Lenovo,20325,27271
P9251,Future Product,Furniture,Sony,48582,58265
P9252,Central Product,Accessories,Samsung,32811,38836
P9253,Data Product,Office,Lenovo,767,2659
P9254,Perform Product,Furniture,Lenovo,31502,44010
P9255,Join Product,Office,Samsung,38609,51525
P9256,Another Product,Appliances,Dell,38298,41024
P9257,Change Product,Electronics,Sony,2928,8333
P9258,Possible Product,Appliances,Sony,35263,47207
P9259,Democrat Product,Furniture,Lenovo,13570,24457
P9260,Likely Product,Furniture,IKEA,3554,11655
P9261,Ahead Product,Appliances,Boat,35267,47269
P9262,Still Product,Electronics,HP,16292,30871
P9263,Current Product,Furniture,Dell,3136,13685
P9264,Approach Product,Electronics,Samsung,19653,27093
P9265,Body Product,Electronics,IKEA,45900,49226
P9266,Before Product,Office,Dell,49975,52690
P9267,Home Product,Appliances,HP,9861,18628
P9268,Program Product,Office,Sony,40780,52077
P9269,Age Product,Appliances,Dell,48647,53982
P9270,Occur Product,Appliances,IKEA,7186,19628
P9271,From Product,Office,Boat,6414,8995
P9272,Might Product,Furniture,IKEA,20409,25185
P9273,Argue Product,Electronics,HP,16379,25785
P9274,Teacher Product,Furniture,HP,27953,31764
P9275,Ok Product,Electronics,HP,12088,24579
P9276,Government Product,Office,Lenovo,6807,9613
P9277,Space Product,Appliances,HP,8322,22412
P9278,Need Product,Office,Dell,33072,36432
P9279,International Product,Appliances,Lenovo,28708,32294
P9280,Movement Product,Appliances,Sony,16968,25651
P9281,Woman Product,Appliances,Sony,18200,30104
P9282,Air Product,Electronics,Dell,28434,32890
P9283,Tax Product,Appliances,Dell,46725,56729
P9284,With Product,Electronics,Samsung,47499,48981
P9285,Treat Product,Accessories,Sony,46753,60519
P9286,Turn Product,Furniture,Boat,35514,45572
P9287,Condition Product,Appliances,Samsung,16511,26296
P9288,Hospital Product,Furniture,Samsung,19311,23558
P9289,Resource Product,Electronics,Sony,30340,45237
P9290,Large Product,Office,Sony,953,7310
P9291,Hit Product,Furniture,Lenovo,21849,27134
P9292,Analysis Product,Office,Samsung,39851,46984
P9293,Key Product,Accessories,Lenovo,12047,12827
P9294,End Product,Electronics,Boat,13412,24955
P9295,Arrive Product,Accessories,HP,24029,26900
P9296,Stand Product,Electronics,Lenovo,22323,30912
P9297,Newspaper Product,Appliances,Boat,25742,39258
P9298,Leader Product,Accessories,Samsung,48165,50763
P9299,Total Product,Accessories,Dell,29300,32962
P9300,Allow Product,Appliances,IKEA,37857,38833
P9301,War Product,Furniture,Dell,4423,14051
P9302,Organization Product,Accessories,Lenovo,24145,38555
P9303,Want Product,Office,Samsung,17432,31027
P9304,First Product,Office,IKEA,36614,37372
P9305,Wife Product,Furniture,Boat,24952,36118
P9306,Look Product,Electronics,IKEA,35116,37077
P9307,Ask Product,Electronics,IKEA,19965,29958
P9308,Treat Product,Electronics,IKEA,7342,14877
P9309,Wonder Product,Appliances,HP,7266,11283
P9310,Loss Product,Furniture,Samsung,24810,26001
P9311,Time Product,Furniture,Boat,29845,41412
P9312,Lose Product,Appliances,Sony,37419,49013
P9313,West Product,Appliances,IKEA,22073,27088
P9314,Behind Product,Electronics,Dell,20688,28859
P9315,His Product,Appliances,Boat,18625,20194
P9316,City Product,Appliances,HP,41773,52832
P9317,Hold Product,Electronics,Samsung,17684,22616
P9318,Maintain Product,Office,Dell,38144,48927
P9319,Bit Product,Accessories,Lenovo,22338,34567
P9320,Eye Product,Office,Lenovo,36600,42183
P9321,Expect Product,Office,Samsung,14972,19812
P9322,Include Product,Office,Lenovo,23219,34324
P9323,Gun Product,Electronics,Sony,20046,22177
P9324,Citizen Product,Office,Samsung,14195,16371
P9325,Mean Product,Accessories,Dell,41774,46475
P9326,Before Product,Office,Lenovo,28563,40050
P9327,Budget Product,Office,IKEA,40713,46287
P9328,About Product,Office,HP,36307,39088
P9329,Owner Product,Furniture,Sony,47629,58236
P9330,Yourself Product,Accessories,Boat,8811,15260
P9331,Less Product,Office,Samsung,14772,15991
P9332,Teach Product,Furniture,Sony,33687,44924
P9333,Dog Product,Accessories,Sony,40320,53625
P9334,Board Product,Accessories,Sony,4993,8519
P9335,Admit Product,Appliances,Sony,6972,20777
P9336,Method Product,Accessories,Samsung,3484,8399
P9337,Kitchen Product,Appliances,HP,14441,25473
P9338,Admit Product,Furniture,Dell,26721,30875
P9339,Whom Product,Furniture,IKEA,42181,53722
P9340,Wrong Product,Appliances,Lenovo,32602,38392
P9341,Happy Product,Accessories,IKEA,741,9639
P9342,Choice Product,Electronics,IKEA,34592,44484
P9343,Difference Product,Office,HP,21263,35107
P9344,Attorney Product,Accessories,Dell,31393,37526
P9345,State Product,Office,Sony,24666,26219
P9346,Next Product,Office,Boat,49369,55430
P9347,Near Product,Electronics,Dell,11111,18324
P9348,Important Product,Appliances,Dell,42166,44196
P9349,Staff Product,Accessories,HP,18524,22582
P9350,Benefit Product,Accessories,Boat,39041,44792
P9351,Stop Product,Electronics,IKEA,11172,23261
P9352,Its Product,Office,Boat,7302,14019
P9353,Anything Product,Office,Sony,33786,35046
P9354,Computer Product,Furniture,Lenovo,40605,49150
P9355,Bank Product,Appliances,Samsung,38531,47677
P9356,Physical Product,Electronics,Boat,3859,10765
P9357,Century Product,Appliances,Boat,14379,16273
P9358,Consider Product,Office,Samsung,30074,39305
P9359,Talk Product,Furniture,Dell,44106,54914
P9360,Room Product,Office,Lenovo,35226,41124
P9361,Cover Product,Electronics,Sony,8675,23450
P9362,You Product,Appliances,Dell,34374,39006
P9363,Sister Product,Appliances,Dell,23937,34294
P9364,News Product,Accessories,Boat,44626,54509
P9365,Us Product,Office,Sony,7368,8195
P9366,Teach Product,Electronics,Dell,34416,42288
P9367,Future Product,Furniture,IKEA,13518,15792
P9368,Field Product,Furniture,Samsung,39677,49451
P9369,Nor Product,Furniture,Boat,27326,33467
P9370,Happen Product,Office,Samsung,34212,48403
P9371,International Product,Furniture,HP,2870,9695
P9372,Wear Product,Furniture,IKEA,5033,15638
P9373,Hundred Product,Appliances,Boat,12882,25596
P9374,Information Product,Office,Dell,6073,7048
P9375,Since Product,Furniture,IKEA,5786,14063
P9376,Key Product,Electronics,Boat,9425,14125
P9377,Detail Product,Electronics,Boat,37002,43163
P9378,Fire Product,Furniture,HP,44472,48630
P9379,Car Product,Accessories,Sony,18907,32770
P9380,Set Product,Office,Dell,22279,36637
P9381,Even Product,Electronics,HP,19046,20812
P9382,Success Product,Appliances,Sony,10890,12452
P9383,Father Product,Furniture,IKEA,45920,47390
P9384,Like Product,Furniture,Dell,25824,33133
P9385,Minute Product,Accessories,Dell,15585,21102
P9386,Tv Product,Office,Samsung,34810,44539
P9387,Ok Product,Accessories,Boat,34997,47222
P9388,Arrive Product,Office,Dell,16747,24452
P9389,Tonight Product,Accessories,Sony,7229,19633
P9390,Challenge Product,Electronics,IKEA,33338,45999
P9391,Very Product,Appliances,Boat,33860,35065
P9392,Leave Product,Electronics,HP,11723,25650
P9393,Standard Product,Accessories,Boat,29434,33927
P9394,His Product,Appliances,HP,25890,32894
P9395,Design Product,Furniture,Sony,1149,12563
P9396,Red Product,Office,Dell,14553,21093
P9397,Until Product,Accessories,Sony,7879,22695
P9398,Three Product,Furniture,Lenovo,33075,47873
P9399,Star Product,Appliances,Samsung,33597,45698
P9400,Camera Product,Appliances,Boat,26765,30356
P9401,Upon Product,Electronics,IKEA,2565,8147
P9402,Situation Product,Office,Samsung,46268,57676
P9403,Set Product,Accessories,Dell,19078,21859
P9404,Person Product,Electronics,IKEA,11352,19785
P9405,Idea Product,Office,Boat,19879,34150
P9406,Race Product,Office,Lenovo,2787,8808
P9407,With Product,Office,Lenovo,43615,50576
P9408,Ten Product,Appliances,IKEA,9900,11773
P9409,Evening Product,Electronics,Lenovo,41442,47814
P9410,Experience Product,Accessories,Lenovo,20635,34338
P9411,Including Product,Appliances,HP,47436,61418
P9412,Poor Product,Appliances,Lenovo,13664,19912
P9413,Operation Product,Furniture,IKEA,27877,36941
P9414,Boy Product,Furniture,IKEA,3136,7130
P9415,Always Product,Office,HP,17377,22776
P9416,Whatever Product,Electronics,Sony,28603,32263
P9417,Whom Product,Electronics,IKEA,45326,56134
P9418,Data Product,Appliances,Dell,28097,42876
P9419,Instead Product,Appliances,Lenovo,13578,18853
P9420,Central Product,Accessories,Lenovo,11757,23145
P9421,Talk Product,Appliances,Samsung,23964,24590
P9422,Chance Product,Furniture,Dell,14417,19834
P9423,Mean Product,Electronics,Sony,14045,28960
P9424,Increase Product,Office,Boat,11942,18113
P9425,Them Product,Accessories,HP,49688,52943
P9426,Throw Product,Appliances,Lenovo,23002,25391
P9427,Note Product,Furniture,IKEA,37641,47420
P9428,Method Product,Appliances,HP,8159,19911
P9429,Modern Product,Accessories,Dell,10106,15289
P9430,Thing Product,Electronics,Samsung,7673,11719
P9431,Remember Product,Furniture,IKEA,43989,45234
P9432,Author Product,Electronics,Lenovo,17889,20164
P9433,Same Product,Furniture,Boat,18933,31919
P9434,With Product,Accessories,IKEA,43984,56977
P9435,Whatever Product,Appliances,Dell,18248,33210
P9436,Visit Product,Furniture,IKEA,1394,10297
P9437,Specific Product,Accessories,IKEA,39532,44477
P9438,Rather Product,Appliances,Samsung,1625,13407
P9439,Gun Product,Office,Sony,1000,12146
P9440,Eye Product,Accessories,HP,21027,31852
P9441,Nothing Product,Electronics,Sony,35850,40033
P9442,Shake Product,Electronics,Boat,7689,21371
P9443,Unit Product,Appliances,IKEA,22843,31535
P9444,Evening Product,Furniture,Sony,8655,21835
P9445,Build Product,Office,Lenovo,536,5185
P9446,Card Product,Appliances,Lenovo,27345,28632
P9447,Threat Product,Furniture,Samsung,13055,25658
P9448,Staff Product,Appliances,IKEA,5551,7398
P9449,Move Product,Accessories,Sony,3149,3786
P9450,Forward Product,Electronics,Lenovo,26417,36581
P9451,Radio Product,Electronics,IKEA,49814,52337
P9452,Big Product,Electronics,Sony,12384,19924
P9453,Change Product,Furniture,Sony,42166,53607
P9454,Doctor Product,Office,HP,48573,50108
P9455,Look Product,Electronics,IKEA,25103,39712
P9456,Send Product,Appliances,Boat,19004,26042
P9457,Clearly Product,Accessories,Samsung,32708,46314
P9458,Maybe Product,Office,IKEA,26000,39164
P9459,Where Product,Appliances,Dell,18154,22092
P9460,Them Product,Electronics,IKEA,45840,50025
P9461,Her Product,Furniture,Boat,35173,41450
P9462,Subject Product,Appliances,Samsung,9665,14832
P9463,Others Product,Furniture,Lenovo,19270,30531
P9464,Natural Product,Electronics,Sony,9665,19459
P9465,Trip Product,Furniture,Dell,19601,32978
P9466,Cost Product,Accessories,Dell,12074,21564
P9467,Civil Product,Office,Boat,6774,15897
P9468,Suddenly Product,Office,IKEA,48415,56271
P9469,Expert Product,Accessories,IKEA,25663,29286
P9470,Weight Product,Appliances,Dell,38145,52498
P9471,Painting Product,Office,Lenovo,47809,55337
P9472,Great Product,Office,Samsung,28054,37480
P9473,Once Product,Appliances,Sony,45886,57042
P9474,Kid Product,Accessories,Samsung,7697,18794
P9475,Market Product,Office,Boat,3116,16022
P9476,Need Product,Appliances,HP,13022,24373
P9477,Yourself Product,Furniture,HP,11045,21232
P9478,Use Product,Accessories,Boat,10932,16497
P9479,Loss Product,Furniture,HP,46100,58484
P9480,Indicate Product,Appliances,Sony,47004,53056
P9481,Beautiful Product,Furniture,Boat,38295,42917
P9482,Have Product,Office,Samsung,30302,44156
P9483,Care Product,Electronics,Boat,12917,26360
P9484,Development Product,Accessories,Lenovo,19148,30910
P9485,Me Product,Electronics,Sony,39156,50737
P9486,While Product,Electronics,Dell,13871,27451
P9487,Now Product,Accessories,IKEA,19734,23368
P9488,Show Product,Electronics,IKEA,35495,44548
P9489,Example Product,Appliances,Samsung,22874,32679
P9490,Face Product,Electronics,HP,22667,35346
P9491,Professional Product,Office,Sony,506,11471
P9492,Throw Product,Accessories,Lenovo,44645,50067
P9493,By Product,Furniture,IKEA,7982,10813
P9494,Music Product,Appliances,Dell,43384,55444
P9495,True Product,Accessories,HP,37347,42265
P9496,Factor Product,Accessories,HP,43964,45015
P9497,Fight Product,Accessories,HP,36197,45688
P9498,Animal Product,Appliances,Samsung,35809,38840
P9499,Full Product,Office,Samsung,23501,25346
P9500,Well Product,Office,Dell,35291,45812
P9501,Cause Product,Furniture,Samsung,29330,33005
P9502,Statement Product,Appliances,Lenovo,26349,40071
P9503,Off Product,Accessories,Lenovo,21212,25255
P9504,Experience Product,Furniture,HP,8957,16233
P9505,Loss Product,Office,Boat,43675,55825
P9506,He Product,Office,Lenovo,20866,26383
P9507,Student Product,Electronics,HP,41014,48814
P9508,Wall Product,Office,IKEA,22994,37520
P9509,Senior Product,Office,HP,45245,47711
P9510,Others Product,Office,IKEA,39246,53045
P9511,The Product,Accessories,Lenovo,43371,49252
P9512,Music Product,Electronics,HP,8965,23559
P9513,Energy Product,Appliances,Lenovo,40097,42194
P9514,Security Product,Office,Sony,39668,48043
P9515,Tax Product,Electronics,Sony,30845,36731
P9516,Forward Product,Furniture,Boat,32440,41857
P9517,He Product,Office,Boat,28627,31774
P9518,Defense Product,Appliances,Dell,18936,20821
P9519,Tree Product,Furniture,Lenovo,15054,18671
P9520,Along Product,Accessories,Sony,18992,20079
P9521,Over Product,Appliances,IKEA,18344,21662
P9522,Door Product,Office,HP,12104,19168
P9523,Interview Product,Accessories,Samsung,44127,53431
P9524,Sound Product,Electronics,Sony,24009,32607
P9525,Expect Product,Furniture,Dell,35857,46603
P9526,Risk Product,Office,IKEA,48549,61604
P9527,Decision Product,Furniture,Lenovo,13561,24846
P9528,Sister Product,Electronics,Sony,23857,28631
P9529,Care Product,Furniture,Samsung,12530,15217
P9530,Especially Product,Electronics,Dell,39558,47870
P9531,Position Product,Furniture,Samsung,36056,39268
P9532,Feeling Product,Electronics,Sony,46160,56360
P9533,Send Product,Accessories,IKEA,20682,26143
P9534,Power Product,Office,HP,10526,25436
P9535,Second Product,Electronics,IKEA,42823,48369
P9536,Fill Product,Appliances,Dell,24488,29492
P9537,Yeah Product,Furniture,Lenovo,3941,18927
P9538,Blue Product,Appliances,Boat,47785,62625
P9539,However Product,Furniture,IKEA,14613,24976
P9540,Economic Product,Office,IKEA,38079,39071
P9541,Politics Product,Electronics,Dell,49352,59198
P9542,Relationship Product,Accessories,Sony,49056,58921
P9543,Side Product,Accessories,Dell,26101,36916
P9544,Out Product,Office,HP,7127,20193
P9545,Officer Product,Office,Samsung,32522,34221
P9546,Until Product,Office,Dell,3253,17343
P9547,Democratic Product,Office,Sony,7032,8871
P9548,Meet Product,Electronics,Sony,13792,25962
P9549,Concern Product,Electronics,Lenovo,26042,27221
P9550,Campaign Product,Furniture,Sony,32458,39575
P9551,Image Product,Electronics,Boat,22335,28485
P9552,Huge Product,Furniture,Sony,41737,53105
P9553,Wide Product,Accessories,Samsung,24022,37146
P9554,Not Product,Appliances,Lenovo,32424,36458
P9555,Into Product,Furniture,HP,35601,48995
P9556,Positive Product,Office,Lenovo,1762,12406
P9557,Mr Product,Electronics,Dell,16582,25358
P9558,Budget Product,Appliances,IKEA,10966,22400
P9559,Conference Product,Electronics,IKEA,43720,50314
P9560,The Product,Accessories,HP,48924,60131
P9561,Down Product,Accessories,Lenovo,46430,58307
P9562,Perform Product,Electronics,IKEA,38494,41336
P9563,History Product,Office,Lenovo,26689,37403
P9564,Big Product,Office,Samsung,25758,38275
P9565,If Product,Furniture,Boat,12942,27625
P9566,Explain Product,Appliances,HP,41147,43340
P9567,Together Product,Electronics,Lenovo,8346,9520
P9568,Whole Product,Appliances,Boat,43540,56538
P9569,Society Product,Appliances,Dell,2587,11344
P9570,You Product,Office,Dell,930,10013
P9571,System Product,Accessories,Boat,39271,50819
P9572,Role Product,Furniture,Dell,45506,54557
P9573,Major Product,Electronics,Lenovo,9165,16620
P9574,Cover Product,Office,Lenovo,48717,53701
P9575,Simple Product,Furniture,Samsung,42102,56417
P9576,Study Product,Furniture,Lenovo,25840,27188
P9577,Explain Product,Office,Sony,17995,19736
P9578,Still Product,Accessories,Lenovo,4427,10026
P9579,Kind Product,Electronics,Dell,6751,13214
P9580,Sister Product,Office,Samsung,38742,44310
P9581,Himself Product,Office,Samsung,24861,31104
P9582,Wind Product,Electronics,HP,13975,22557
P9583,Less Product,Furniture,Dell,14419,16655
P9584,Special Product,Office,Dell,37125,44905
P9585,Military Product,Furniture,HP,37226,43237
P9586,Important Product,Accessories,Samsung,26278,30593
P9587,Show Product,Office,Dell,47599,58612
P9588,Speech Product,Office,Boat,17480,26043
P9589,Summer Product,Appliances,Dell,30977,31982
P9590,Develop Product,Electronics,Dell,49722,59485
P9591,My Product,Furniture,HP,24907,32609
P9592,Right Product,Accessories,Boat,37349,50599
P9593,Ready Product,Appliances,Samsung,20213,23607
P9594,Place Product,Office,IKEA,5844,13749
P9595,Information Product,Accessories,Dell,20897,26930
P9596,Class Product,Furniture,HP,5742,8802
P9597,The Product,Electronics,HP,799,6461
P9598,Heavy Product,Furniture,Lenovo,1318,3411
P9599,Performance Product,Accessories,Boat,28999,39247
P9600,Window Product,Furniture,Sony,8137,16355
P9601,Can Product,Appliances,Samsung,19570,22895
P9602,Large Product,Appliances,Sony,44712,47761
P9603,Low Product,Appliances,Sony,47603,50162
P9604,Room Product,Electronics,Samsung,13933,14819
P9605,Change Product,Electronics,Samsung,38286,39982
P9606,Rule Product,Accessories,Samsung,13503,22949
P9607,Low Product,Office,Sony,19056,19791
P9608,Painting Product,Accessories,Sony,48106,62868
P9609,Eat Product,Electronics,Samsung,37038,46341
P9610,Simple Product,Furniture,Lenovo,25717,34495
P9611,Everything Product,Electronics,Boat,2855,13830
P9612,Through Product,Appliances,Lenovo,32977,36748
P9613,Trial Product,Office,Dell,42774,56500
P9614,Represent Product,Office,Samsung,7521,16617
P9615,Politics Product,Furniture,Boat,7733,11909
P9616,Near Product,Accessories,Samsung,41437,50780
P9617,Measure Product,Accessories,HP,3469,8663
P9618,Father Product,Furniture,Lenovo,21106,28527
P9619,Article Product,Office,Lenovo,24642,30835
P9620,Expert Product,Furniture,Sony,40509,50317
P9621,Front Product,Office,Dell,8799,14327
P9622,Hair Product,Appliances,IKEA,16655,24347
P9623,Consider Product,Accessories,Dell,16990,31931
P9624,Shake Product,Furniture,Samsung,23079,33602
P9625,Cut Product,Office,HP,22817,23369
P9626,Body Product,Appliances,Lenovo,18274,28754
P9627,Too Product,Appliances,Dell,28618,38257
P9628,Beautiful Product,Accessories,Dell,26225,37895
P9629,Source Product,Appliances,Lenovo,35900,39954
P9630,Cold Product,Accessories,Samsung,10671,21744
P9631,Born Product,Accessories,Samsung,26962,35218
P9632,Yeah Product,Accessories,Dell,20640,23866
P9633,Authority Product,Appliances,HP,39506,48539
P9634,Less Product,Office,Sony,27396,30028
P9635,Fear Product,Office,Sony,16024,18795
P9636,Summer Product,Accessories,Sony,20011,32012
P9637,Hand Product,Accessories,Lenovo,24889,35378
P9638,Toward Product,Electronics,HP,11330,24296
P9639,Power Product,Furniture,Dell,30653,38713
P9640,Hot Product,Appliances,Sony,47623,55374
P9641,Operation Product,Office,IKEA,45694,56878
P9642,Evening Product,Appliances,HP,34483,49446
P9643,Coach Product,Electronics,Dell,43755,51171
P9644,Campaign Product,Electronics,HP,7262,10139
P9645,Focus Product,Appliances,Boat,19599,33132
P9646,Baby Product,Furniture,IKEA,49929,50934
P9647,Name Product,Furniture,Boat,36759,38643
P9648,Within Product,Appliances,Boat,29001,43914
P9649,Glass Product,Appliances,Dell,7063,13317
P9650,Customer Product,Office,Lenovo,12302,23564
P9651,Several Product,Appliances,Boat,6312,8782
P9652,Republican Product,Electronics,Lenovo,3211,11189
P9653,Like Product,Electronics,Sony,37793,38659
P9654,That Product,Accessories,Lenovo,20658,25752
P9655,Drug Product,Accessories,Samsung,9858,17818
P9656,Name Product,Office,Boat,2795,14605
P9657,Better Product,Electronics,Sony,29063,36726
P9658,Single Product,Electronics,IKEA,6084,14374
P9659,Sure Product,Office,Lenovo,43741,46041
P9660,I Product,Appliances,HP,18261,25651
P9661,Become Product,Electronics,Boat,28618,41035
P9662,Marriage Product,Office,IKEA,27980,34305
P9663,Later Product,Furniture,HP,44539,49531
P9664,Nature Product,Office,Lenovo,27766,30952
P9665,Program Product,Furniture,Dell,14204,23113
P9666,House Product,Electronics,IKEA,31570,42650
P9667,Crime Product,Furniture,HP,24825,30241
P9668,Project Product,Office,Dell,21011,25984
P9669,Modern Product,Electronics,HP,34123,48718
P9670,South Product,Appliances,Dell,6560,7070
P9671,Real Product,Electronics,IKEA,34989,48496
P9672,Can Product,Office,Sony,46589,56758
P9673,Discover Product,Office,Sony,43268,51954
P9674,Soon Product,Accessories,Sony,22641,24923
P9675,Speech Product,Appliances,Dell,24328,36817
P9676,Area Product,Accessories,IKEA,30378,36445
P9677,Mind Product,Furniture,IKEA,9823,21798
P9678,Data Product,Electronics,Boat,48212,60560
P9679,Should Product,Office,Lenovo,8770,13205
P9680,Free Product,Appliances,Lenovo,10199,23507
P9681,Current Product,Appliances,Dell,16118,21711
P9682,Mother Product,Accessories,HP,29419,41851
P9683,Need Product,Accessories,Dell,2635,16088
P9684,Character Product,Furniture,Dell,9798,17785
P9685,Bit Product,Electronics,HP,23911,28678
P9686,Charge Product,Accessories,Lenovo,18314,32046
P9687,Often Product,Electronics,Dell,40167,45554
P9688,Traditional Product,Accessories,Lenovo,35370,38040
P9689,Congress Product,Furniture,HP,5428,15085
P9690,My Product,Accessories,Boat,27167,39372
P9691,Government Product,Electronics,Sony,38710,46964
P9692,Protect Product,Electronics,HP,2442,12381
P9693,Young Product,Office,HP,40057,44456
P9694,Result Product,Office,Samsung,23736,37503
P9695,Case Product,Accessories,Samsung,22724,23519
P9696,Budget Product,Appliances,HP,5749,18021
P9697,Town Product,Furniture,HP,45552,49197
P9698,Star Product,Furniture,Samsung,5806,8193
P9699,Environmental Product,Accessories,HP,22522,36790
P9700,Worry Product,Furniture,Samsung,46520,54610
P9701,Safe Product,Furniture,Dell,27868,31048
P9702,Star Product,Appliances,Sony,32622,39870
P9703,Cover Product,Furniture,Boat,45962,57225
P9704,Theory Product,Furniture,Samsung,25676,28555
P9705,Range Product,Accessories,Lenovo,23686,26819
P9706,Concern Product,Appliances,Boat,1798,4115
P9707,Even Product,Furniture,Samsung,29158,43403
P9708,Meeting Product,Furniture,Dell,37709,52373
P9709,Public Product,Furniture,Boat,46334,49308
P9710,Entire Product,Office,Samsung,11015,12452
P9711,Available Product,Appliances,Boat,14153,17705
P9712,Build Product,Electronics,Boat,26605,29965
P9713,Money Product,Furniture,HP,8287,14692
P9714,Woman Product,Electronics,Lenovo,34942,37688
P9715,Change Product,Accessories,HP,27314,39872
P9716,South Product,Appliances,Samsung,43179,52469
P9717,Their Product,Appliances,Lenovo,11613,22919
P9718,Follow Product,Office,Lenovo,41159,43804
P9719,List Product,Office,HP,46398,61058
P9720,Turn Product,Accessories,Samsung,6548,12039
P9721,Scientist Product,Appliances,Sony,26001,29128
P9722,Energy Product,Furniture,Boat,28927,33536
P9723,Arm Product,Electronics,Samsung,17075,22073
P9724,When Product,Furniture,Lenovo,21908,36804
P9725,Leave Product,Office,HP,39180,53447
P9726,By Product,Electronics,HP,12493,13021
P9727,Home Product,Office,Sony,14232,25819
P9728,Box Product,Accessories,Boat,45819,59134
P9729,Financial Product,Accessories,Boat,34304,46560
P9730,Compare Product,Electronics,IKEA,17407,26218
P9731,Would Product,Electronics,Samsung,35669,45497
P9732,Across Product,Furniture,Dell,14413,26957
P9733,But Product,Accessories,Dell,29723,38402
P9734,Size Product,Furniture,Lenovo,14954,27521
P9735,Interview Product,Furniture,Sony,29485,42679
P9736,Process Product,Appliances,Samsung,30871,44367
P9737,Tree Product,Accessories,Sony,28579,38274
P9738,Wall Product,Accessories,Samsung,35671,45790
P9739,Write Product,Office,Sony,14084,26699
P9740,Fight Product,Furniture,Dell,35085,44315
P9741,Whose Product,Electronics,IKEA,34407,47113
P9742,Control Product,Appliances,Samsung,16175,17689
P9743,Tend Product,Office,Boat,18563,30481
P9744,Seem Product,Electronics,Dell,14748,21823
P9745,Weight Product,Electronics,Boat,25236,36277
P9746,Have Product,Appliances,Lenovo,30280,39754
P9747,From Product,Electronics,Boat,14640,20353
P9748,Player Product,Office,Lenovo,47360,52318
P9749,Speak Product,Electronics,Samsung,30549,36973
P9750,Field Product,Office,Sony,34958,43234
P9751,Wife Product,Office,Sony,942,3104
P9752,Not Product,Office,Samsung,16360,25433
P9753,Wait Product,Office,Samsung,47613,56031
P9754,Talk Product,Office,Sony,29057,42115
P9755,Leave Product,Electronics,Dell,25887,34275
P9756,Pressure Product,Electronics,IKEA,24259,29695
P9757,Debate Product,Office,Boat,26774,30237
P9758,Course Product,Office,HP,10017,11238
P9759,Too Product,Furniture,Dell,23360,29051
P9760,Third Product,Appliances,Lenovo,1838,15898
P9761,Manager Product,Electronics,IKEA,804,2259
P9762,Coach Product,Appliances,IKEA,46912,56965
P9763,Recently Product,Accessories,Boat,21051,30187
P9764,Her Product,Office,Samsung,17840,19198
P9765,Detail Product,Accessories,Sony,49637,63895
P9766,Network Product,Furniture,Boat,32431,39526
P9767,System Product,Furniture,Boat,33272,42163
P9768,Reach Product,Accessories,Samsung,24079,33418
P9769,Themselves Product,Appliances,Lenovo,48269,60449
P9770,Mrs Product,Electronics,Boat,25956,27104
P9771,Action Product,Appliances,IKEA,13691,23835
P9772,Dog Product,Electronics,IKEA,40410,41546
P9773,Assume Product,Appliances,Dell,47009,53418
P9774,National Product,Office,Boat,25891,27527
P9775,Memory Product,Office,HP,37304,42081
P9776,Training Product,Appliances,Sony,12119,14640
P9777,Career Product,Appliances,Boat,27815,40782
P9778,Describe Product,Electronics,Lenovo,4873,11964
P9779,Watch Product,Furniture,Dell,36323,49525
P9780,Guy Product,Office,HP,25106,30849
P9781,Cold Product,Electronics,Sony,41980,48122
P9782,For Product,Accessories,Sony,2162,13097
P9783,List Product,Office,Dell,34330,34926
P9784,Face Product,Electronics,Dell,44946,57656
P9785,Sea Product,Accessories,Boat,34712,41337
P9786,Dark Product,Office,Samsung,12488,18389
P9787,Truth Product,Appliances,IKEA,8646,16565
P9788,Of Product,Furniture,IKEA,34416,45531
P9789,Certainly Product,Accessories,IKEA,8376,17326
P9790,Situation Product,Furniture,Boat,19189,26456
P9791,Probably Product,Accessories,Samsung,8292,22194
P9792,Benefit Product,Appliances,IKEA,45124,58992
P9793,Role Product,Accessories,Sony,32581,34153
P9794,Local Product,Accessories,Lenovo,1369,15279
P9795,Practice Product,Furniture,Lenovo,17402,29165
P9796,Fill Product,Electronics,IKEA,20246,23183
P9797,Leave Product,Office,Boat,31270,42012
P9798,Myself Product,Appliances,Samsung,16330,24795
P9799,Money Product,Electronics,Boat,16087,25453
P9800,Personal Product,Electronics,Lenovo,6443,13056
P9801,Event Product,Office,Boat,22164,34634
P9802,Through Product,Electronics,Dell,38359,53228
P9803,Commercial Product,Furniture,Dell,15250,23751
P9804,Education Product,Accessories,Lenovo,21172,25283
P9805,Professor Product,Accessories,Sony,34317,34896
P9806,Think Product,Office,Lenovo,45635,53851
P9807,Late Product,Accessories,Dell,37618,46100
P9808,Game Product,Office,Lenovo,33787,37834
P9809,Race Product,Accessories,IKEA,12957,23287
P9810,There Product,Electronics,IKEA,31260,44616
P9811,Child Product,Office,Lenovo,40788,43096
P9812,Fast Product,Accessories,Lenovo,30058,31857
P9813,Look Product,Furniture,Dell,19292,22262
P9814,Country Product,Office,IKEA,37693,48395
P9815,Face Product,Office,Samsung,5671,19424
P9816,Sometimes Product,Accessories,IKEA,6965,12535
P9817,Dinner Product,Electronics,Samsung,22354,30544
P9818,Cell Product,Office,HP,9303,22812
P9819,Training Product,Furniture,IKEA,13108,13614
P9820,Audience Product,Office,IKEA,39506,54112
P9821,Use Product,Office,Sony,42599,48571
P9822,Up Product,Furniture,Boat,7763,12727
P9823,Than Product,Furniture,IKEA,32287,43389
P9824,Visit Product,Accessories,Sony,1606,9210
P9825,Report Product,Furniture,HP,39745,54480
P9826,Teach Product,Office,HP,40246,45156
P9827,Computer Product,Office,IKEA,47167,58864
P9828,Pm Product,Appliances,Lenovo,21300,33849
P9829,Wind Product,Electronics,Dell,25477,27241
P9830,Father Product,Electronics,Sony,42209,48381
P9831,Stay Product,Appliances,HP,33428,40704
P9832,Manager Product,Accessories,Lenovo,25581,30902
P9833,Weight Product,Furniture,Dell,37918,48971
P9834,Really Product,Appliances,Samsung,40032,42665
P9835,Station Product,Furniture,Boat,22785,34932
P9836,Example Product,Accessories,Boat,11126,21483
P9837,Evening Product,Office,Lenovo,22800,23456
P9838,See Product,Furniture,Dell,13553,18608
P9839,Somebody Product,Electronics,Lenovo,15640,21009
P9840,Economic Product,Accessories,Samsung,20557,23216
P9841,Reach Product,Accessories,Lenovo,34261,40609
P9842,Difference Product,Accessories,Lenovo,24245,33106
P9843,Interest Product,Electronics,Lenovo,2794,5802
P9844,Goal Product,Office,HP,29110,29727
P9845,Current Product,Office,Samsung,24927,36756
P9846,Think Product,Office,Samsung,39970,54848
P9847,Fill Product,Electronics,Boat,9878,12031
P9848,See Product,Accessories,Sony,27649,31838
P9849,Discover Product,Electronics,Lenovo,20392,27099
P9850,They Product,Electronics,Samsung,3521,8369
P9851,Forget Product,Office,Samsung,48470,49043
P9852,Prevent Product,Accessories,HP,28164,39995
P9853,Action Product,Appliances,Dell,34481,46919
P9854,National Product,Accessories,IKEA,27751,29665
P9855,Physical Product,Appliances,Lenovo,7832,10587
P9856,Although Product,Appliances,Sony,35767,39308
P9857,Even Product,Accessories,Sony,35588,49798
P9858,Baby Product,Furniture,Samsung,19756,22642
P9859,Bed Product,Accessories,HP,23342,24504
P9860,Door Product,Office,Sony,47623,55706
P9861,Only Product,Office,Samsung,12010,23168
P9862,White Product,Furniture,IKEA,29246,43221
P9863,Coach Product,Furniture,Dell,35562,37523
P9864,Else Product,Accessories,Samsung,3322,17363
P9865,Wonder Product,Office,Samsung,5620,16246
P9866,Family Product,Electronics,HP,45286,54538
P9867,Outside Product,Accessories,Samsung,35657,50482
P9868,Special Product,Office,Dell,48051,62204
P9869,Just Product,Appliances,Boat,10521,23338
P9870,Serious Product,Appliances,HP,27778,37265
P9871,Late Product,Accessories,IKEA,16352,24326
P9872,Address Product,Furniture,Lenovo,4504,11070
P9873,Surface Product,Furniture,Dell,26990,40636
P9874,Win Product,Furniture,Lenovo,33598,42824
P9875,Discuss Product,Appliances,IKEA,38921,49642
P9876,Activity Product,Accessories,IKEA,26613,32848
P9877,Seven Product,Electronics,Boat,38507,49508
P9878,Than Product,Office,Sony,33867,41929
P9879,Draw Product,Electronics,Lenovo,44715,47075
P9880,Population Product,Accessories,Dell,38602,40751
P9881,Player Product,Furniture,HP,31061,44140
P9882,Your Product,Accessories,IKEA,14488,26801
P9883,Story Product,Furniture,HP,1072,10316
P9884,Own Product,Office,Dell,49702,51962
P9885,Official Product,Office,Lenovo,21703,22940
P9886,Risk Product,Appliances,Samsung,28865,39613
P9887,Phone Product,Electronics,HP,45470,48385
P9888,Become Product,Accessories,HP,11959,20421
P9889,Believe Product,Office,Boat,13301,14891
P9890,Career Product,Appliances,IKEA,41511,48529
P9891,His Product,Accessories,Samsung,47715,58782
P9892,Lawyer Product,Furniture,Samsung,3670,16644
P9893,Together Product,Furniture,IKEA,5867,13538
P9894,Design Product,Electronics,Samsung,46421,52764
P9895,Else Product,Electronics,Lenovo,42636,46163
P9896,Father Product,Appliances,Sony,24673,38689
P9897,Model Product,Office,Dell,23169,28580
P9898,Western Product,Appliances,Dell,41279,50737
P9899,Spend Product,Appliances,Lenovo,12827,26910
P9900,Top Product,Electronics,IKEA,38084,48053
P9901,Thought Product,Accessories,Samsung,38611,41157
P9902,Affect Product,Furniture,Dell,37494,40347
P9903,Human Product,Appliances,Sony,7674,17898
P9904,Better Product,Furniture,Boat,42821,50346
P9905,Wife Product,Accessories,IKEA,30913,31416
P9906,Look Product,Office,IKEA,27580,36697
P9907,Sea Product,Office,Sony,41527,54021
P9908,Push Product,Electronics,Dell,9595,21290
P9909,Person Product,Office,Lenovo,22835,31837
P9910,Gun Product,Accessories,Dell,19361,28340
P9911,Property Product,Office,Boat,5370,20220
P9912,Area Product,Furniture,Sony,46774,59252
P9913,Friend Product,Office,Boat,12733,16252
P9914,Team Product,Electronics,Boat,5730,19284
P9915,Whole Product,Appliances,Sony,7387,13581
P9916,Economic Product,Electronics,IKEA,31585,35084
P9917,Study Product,Electronics,Dell,14589,26418
P9918,Become Product,Electronics,HP,41176,54889
P9919,Bit Product,Electronics,Samsung,2233,9652
P9920,Television Product,Electronics,HP,19457,26764
P9921,Choose Product,Office,Samsung,30001,44206
P9922,Her Product,Accessories,HP,44766,58020
P9923,Note Product,Appliances,HP,9284,22101
P9924,Clearly Product,Appliances,Samsung,34270,45782
P9925,College Product,Office,Dell,39452,50381
P9926,Build Product,Furniture,Samsung,40921,44192
P9927,Government Product,Accessories,IKEA,13516,14665
P9928,Until Product,Accessories,Dell,31811,36603
P9929,Interest Product,Furniture,Sony,1724,3289
P9930,Fast Product,Electronics,Sony,28022,41364
P9931,Show Product,Office,Samsung,41423,54915
P9932,Voice Product,Electronics,Lenovo,39459,50962
P9933,Summer Product,Office,IKEA,20576,25081
P9934,Sense Product,Electronics,Boat,15240,26094
P9935,Than Product,Electronics,Samsung,27554,37009
P9936,When Product,Furniture,Sony,15640,27702
P9937,Production Product,Accessories,Samsung,9463,14238
P9938,But Product,Office,IKEA,31510,43181
P9939,Particular Product,Appliances,Sony,31999,37032
P9940,College Product,Accessories,Sony,32688,47339
P9941,Drive Product,Furniture,Dell,40392,47377
P9942,Crime Product,Accessories,Lenovo,8869,21711
P9943,Sign Product,Furniture,Lenovo,19815,31614
P9944,Community Product,Furniture,Samsung,42329,50687
P9945,Stage Product,Appliances,Dell,1177,14775
P9946,Future Product,Office,HP,47290,60890
P9947,Impact Product,Electronics,Dell,25447,28468
P9948,Herself Product,Office,HP,28778,35089
P9949,Visit Product,Appliances,Samsung,35894,47557
P9950,Similar Product,Furniture,HP,29415,40562
P9951,Dinner Product,Electronics,Lenovo,38722,43866
P9952,Consumer Product,Accessories,Samsung,45401,48230
P9953,Worker Product,Accessories,Samsung,20788,26825
P9954,Challenge Product,Accessories,Lenovo,48853,50439
P9955,Cup Product,Furniture,Dell,26159,34621
P9956,Director Product,Appliances,Dell,5174,8354
P9957,Seek Product,Appliances,Lenovo,42202,46303
P9958,Play Product,Appliances,Dell,18661,30102
P9959,Baby Product,Office,Lenovo,14069,21156
P9960,News Product,Accessories,IKEA,30570,43669
P9961,Minute Product,Furniture,Samsung,9888,22490
P9962,Data Product,Office,Samsung,2628,4673
P9963,Notice Product,Electronics,Boat,27674,28393
P9964,Doctor Product,Electronics,Boat,36792,45623
P9965,Series Product,Appliances,Lenovo,26938,36164
P9966,Help Product,Accessories,Dell,35957,46261
P9967,Time Product,Furniture,Samsung,17683,28813
P9968,Design Product,Accessories,IKEA,23764,32609
P9969,While Product,Electronics,Lenovo,24219,28753
P9970,Focus Product,Furniture,Boat,12375,27012
P9971,Along Product,Furniture,Lenovo,6528,20586
P9972,Sit Product,Furniture,Lenovo,4515,15682
P9973,Charge Product,Electronics,Lenovo,9075,22899
P9974,Loss Product,Appliances,Dell,19199,33124
P9975,Understand Product,Furniture,Dell,37636,48693
P9976,Kind Product,Accessories,Samsung,38800,47913
P9977,Soon Product,Accessories,IKEA,17231,30587
P9978,Film Product,Appliances,HP,35306,46192
P9979,Near Product,Electronics,Dell,16721,23070
P9980,Way Product,Electronics,Sony,17183,31096
P9981,Sure Product,Furniture,IKEA,5933,19795
P9982,Draw Product,Appliances,Samsung,46617,52210
P9983,During Product,Appliances,Dell,5850,7299
P9984,Which Product,Electronics,Sony,9924,11304
P9985,Everything Product,Accessories,Lenovo,44679,55123
P9986,Main Product,Accessories,IKEA,6336,14852
P9987,Population Product,Furniture,HP,29407,31280
P9988,Individual Product,Accessories,Samsung,44777,48644
P9989,Son Product,Electronics,Sony,12770,21666
P9990,Structure Product,Appliances,Sony,16145,19313
P9991,Within Product,Accessories,Samsung,43898,46492
P9992,Husband Product,Office,Sony,14937,21627
P9993,Soldier Product,Appliances,IKEA,40852,53680
P9994,Value Product,Furniture,Sony,45319,52118
P9995,Vote Product,Appliances,Samsung,25389,26533
P9996,Something Product,Accessories,HP,11764,17256
P9997,Nor Product,Office,IKEA,47104,49189
P9998,Blue Product,Office,HP,47721,56941
P9999,Quickly Product,Furniture,IKEA,13286,24996
P10000,Wait Product,Accessories,IKEA,23974,33017
