sale_id,product_id,customer_id,quantity_sold,sale_date,revenue,discount,region
S1,P157,C3284,16,2025-10-23,767968,5,Bangalore
S2,P1377,C3001,13,2024-12-11,641862,0,Mumbai
S3,P6510,C1668,4,2025-06-26,186416,15,Jaipur
S4,P9777,C6711,5,2025-07-01,216990,5,Pune
S5,P3429,C1077,13,2024-06-21,311896,10,Bangalore
S6,P4046,C1335,5,2026-01-18,157160,15,Chandigarh
S7,P7219,C3198,6,2024-10-09,139698,0,Delhi
S8,P4608,C373,19,2025-08-09,712728,0,Jaipur
S9,P747,C3232,14,2024-08-05,448854,10,Mumbai
S10,P219,C6439,14,2025-01-19,504182,5,Jaipur
S11,P4341,C1136,17,2024-10-19,722262,5,Delhi
S12,P6073,C9308,20,2026-02-28,66180,5,Bangalore
S13,P9371,C2961,1,2024-07-06,44949,0,Bangalore
S14,P757,C8424,6,2025-01-30,137532,15,Mumbai
S15,P3735,C5429,5,2025-07-28,245640,5,Bangalore
S16,P7741,C3063,12,2025-02-24,292044,10,Bangalore
S17,P7096,C2215,1,2025-09-12,47387,15,Jaipur
S18,P9356,C6641,8,2025-10-16,273616,5,Chandigarh
S19,P2614,C3249,1,2026-02-28,3490,5,Pune
S20,P397,C4870,3,2025-01-29,129525,15,Mumbai
S21,P2308,C7773,8,2025-08-26,362200,5,Pune
S22,P8309,C8973,3,2026-03-02,100506,0,Delhi
S23,P4696,C547,4,2025-02-01,153056,10,Delhi
S24,P5137,C7651,13,2025-05-29,520676,5,Mumbai
S25,P4917,C3781,14,2024-09-18,205198,10,Pune
S26,P366,C9306,12,2025-05-21,308592,0,Mumbai
S27,P6653,C5077,6,2026-02-18,247818,10,Jaipur
S28,P2772,C9748,17,2024-07-12,682057,0,Jaipur
S29,P1403,C2097,15,2024-10-23,229500,0,Jaipur
S30,P7655,C8624,8,2026-02-15,31208,5,Chandigarh
S31,P2823,C7805,8,2024-10-26,395288,15,Jaipur
S32,P7489,C6776,4,2025-11-03,164492,5,Mumbai
S33,P1754,C9251,4,2026-02-15,105172,5,Bangalore
S34,P8056,C2703,18,2026-04-23,720036,0,Chandigarh
S35,P9119,C6219,12,2025-12-10,577812,15,Delhi
S36,P9148,C8685,1,2026-02-04,1748,5,Jaipur
S37,P3100,C5192,2,2026-03-30,64338,0,Jaipur
S38,P5686,C9122,6,2026-01-16,170394,15,Pune
S39,P4405,C8452,16,2025-05-25,430080,10,Jaipur
S40,P5427,C3744,9,2025-02-17,362691,10,Delhi
S41,P4952,C6389,14,2025-01-11,448000,15,Chandigarh
S42,P7570,C1675,8,2026-03-14,324160,0,Delhi
S43,P1753,C9290,12,2024-06-20,250104,0,Bangalore
S44,P4509,C2817,8,2025-11-20,281848,10,Delhi
S45,P6896,C218,12,2026-01-05,267744,5,Chandigarh
S46,P1046,C9032,20,2025-11-10,254440,0,Pune
S47,P4721,C7313,4,2025-11-03,78532,10,Jaipur
S48,P4771,C990,19,2024-08-23,439394,10,Mumbai
S49,P3116,C3018,6,2024-12-13,134748,10,Mumbai
S50,P8062,C6614,19,2026-01-07,389500,5,Mumbai
S51,P8046,C4945,1,2024-08-21,41906,10,Delhi
S52,P6991,C8464,10,2024-09-22,194230,0,Pune
S53,P61,C1003,17,2025-04-15,352342,5,Bangalore
S54,P3140,C7570,5,2026-05-25,131765,10,Chandigarh
S55,P8836,C1688,14,2025-10-02,620872,15,Chandigarh
S56,P4796,C607,8,2026-04-22,166296,5,Jaipur
S57,P6122,C1671,3,2026-02-20,37551,15,Pune
S58,P3308,C4000,18,2025-11-17,155592,0,Mumbai
S59,P612,C854,9,2024-09-11,327483,15,Pune
S60,P3698,C9803,15,2024-12-18,615285,0,Chandigarh
S61,P2000,C280,1,2025-04-24,33837,15,Chandigarh
S62,P203,C80,10,2026-05-15,189900,5,Bangalore
S63,P3290,C1840,2,2025-01-31,83528,0,Bangalore
S64,P755,C752,19,2025-11-10,500023,10,Jaipur
S65,P7171,C5298,8,2024-12-03,372672,0,Jaipur
S66,P6903,C5305,17,2026-02-12,438005,0,Mumbai
S67,P4903,C6565,4,2024-09-06,14832,0,Chandigarh
S68,P8256,C7582,3,2024-09-28,91929,5,Mumbai
S69,P410,C9702,16,2024-07-01,719936,0,Mumbai
S70,P2561,C8121,12,2026-01-07,365280,0,Bangalore
S71,P1371,C8647,10,2025-04-28,34060,5,Delhi
S72,P4274,C7832,20,2024-11-18,257500,10,Chandigarh
S73,P3701,C3584,14,2026-02-21,422184,15,Jaipur
S74,P6621,C1052,15,2026-03-22,269820,10,Delhi
S75,P2697,C9371,5,2025-10-31,143265,10,Chandigarh
S76,P7494,C6398,3,2024-07-13,140148,0,Mumbai
S77,P1674,C3414,2,2024-12-03,5328,10,Mumbai
S78,P1384,C8408,6,2025-07-22,181410,5,Mumbai
S79,P6104,C1369,9,2026-04-23,260649,15,Delhi
S80,P8659,C2282,10,2025-05-30,338780,10,Mumbai
S81,P5762,C4307,9,2025-07-08,179451,15,Mumbai
S82,P5357,C7363,10,2025-03-14,114620,0,Chandigarh
S83,P5725,C149,4,2025-07-19,86684,0,Bangalore
S84,P638,C3251,18,2025-02-25,886896,10,Bangalore
S85,P9890,C8139,12,2026-01-18,66780,0,Pune
S86,P9575,C4529,8,2024-11-28,106112,10,Jaipur
S87,P4067,C9683,16,2026-05-28,680048,15,Bangalore
S88,P8199,C3930,15,2024-07-30,438270,10,Delhi
S89,P4658,C4436,16,2025-10-22,205168,0,Delhi
S90,P8842,C6866,12,2024-08-22,585948,10,Mumbai
S91,P7049,C9670,8,2024-11-27,112768,15,Jaipur
S92,P4299,C5514,9,2026-05-11,330327,10,Mumbai
S93,P1508,C1647,7,2024-12-07,61992,10,Bangalore
S94,P6484,C2084,17,2024-08-17,648635,10,Mumbai
S95,P96,C8544,11,2024-08-15,221496,15,Jaipur
S96,P9790,C8247,3,2025-04-15,95994,5,Bangalore
S97,P4364,C6833,3,2026-02-20,45966,5,Jaipur
S98,P6435,C4375,15,2025-11-06,162405,0,Chandigarh
S99,P5010,C160,10,2025-08-21,443930,10,Delhi
S100,P5375,C36,15,2025-05-29,223965,10,Delhi
S101,P9558,C7372,3,2025-07-06,122211,5,Mumbai
S102,P2504,C4757,8,2024-12-12,251432,15,Mumbai
S103,P416,C2171,12,2025-08-27,434196,0,Delhi
S104,P250,C5174,17,2026-04-09,185470,5,Bangalore
S105,P6925,C985,15,2025-11-13,35310,0,Mumbai
S106,P4328,C1734,1,2025-08-16,12090,0,Chandigarh
S107,P9345,C4867,17,2026-03-19,626620,10,Mumbai
S108,P2123,C9461,4,2024-10-14,183492,15,Mumbai
S109,P4163,C3747,13,2026-02-25,584038,5,Delhi
S110,P1712,C6498,17,2024-12-26,195126,5,Pune
S111,P8624,C5231,17,2025-09-20,75718,10,Pune
S112,P4085,C3181,16,2024-06-30,247520,5,Chandigarh
S113,P2988,C409,2,2025-03-11,3730,0,Jaipur
S114,P668,C8257,20,2025-10-31,415120,0,Bangalore
S115,P7241,C4852,9,2025-04-08,278037,15,Jaipur
S116,P9056,C8232,11,2024-06-22,198286,5,Pune
S117,P3522,C6790,20,2026-01-28,454520,10,Delhi
S118,P4219,C2653,16,2026-03-23,252848,5,Chandigarh
S119,P92,C3972,18,2025-07-22,655164,15,Chandigarh
S120,P4228,C2058,1,2025-01-25,40399,10,Delhi
S121,P1658,C8347,1,2025-09-07,20113,10,Mumbai
S122,P4602,C6781,11,2024-10-14,333289,0,Pune
S123,P1636,C459,6,2025-08-03,140628,5,Bangalore
S124,P8014,C6799,17,2025-05-07,726546,0,Chandigarh
S125,P978,C8005,15,2025-04-01,557295,15,Mumbai
S126,P3896,C1909,14,2025-03-04,52164,10,Pune
S127,P927,C6210,13,2025-07-04,584870,5,Jaipur
S128,P9431,C1762,7,2025-05-21,192220,10,Chandigarh
S129,P3195,C6944,6,2026-01-16,120774,0,Chandigarh
S130,P3555,C232,3,2025-11-08,40653,0,Pune
S131,P4552,C5629,3,2024-12-10,112161,0,Bangalore
S132,P839,C2231,12,2024-06-02,20436,10,Mumbai
S133,P5879,C2344,16,2025-05-21,591776,15,Jaipur
S134,P1445,C8525,17,2024-10-28,535602,10,Bangalore
S135,P2846,C1848,10,2024-09-01,118910,0,Jaipur
S136,P8594,C755,1,2025-01-29,13292,0,Delhi
S137,P1895,C9993,4,2026-01-18,80992,5,Mumbai
S138,P6882,C8457,16,2026-05-23,574064,5,Delhi
S139,P285,C7941,12,2024-09-10,314832,0,Jaipur
S140,P2741,C7522,14,2025-02-21,474754,15,Mumbai
S141,P3683,C4253,14,2025-04-26,365988,15,Pune
S142,P108,C3728,11,2025-09-02,260953,5,Bangalore
S143,P1152,C9735,16,2024-06-12,256128,0,Mumbai
S144,P9018,C5342,11,2025-10-15,381161,0,Chandigarh
S145,P6956,C7222,18,2025-11-15,128574,15,Chandigarh
S146,P1916,C4961,9,2025-11-01,163323,10,Bangalore
S147,P9257,C4049,2,2025-04-18,69562,10,Mumbai
S148,P9881,C9857,5,2024-10-09,13300,0,Bangalore
S149,P3260,C1483,9,2025-08-04,201501,0,Chandigarh
S150,P1740,C603,15,2025-08-30,146655,0,Jaipur
S151,P3484,C3121,6,2026-01-27,297762,5,Delhi
S152,P2547,C9583,4,2026-01-29,193136,15,Bangalore
S153,P2130,C6382,15,2025-10-16,409560,10,Mumbai
S154,P2231,C1708,16,2025-12-25,79632,10,Delhi
S155,P9798,C7539,3,2025-05-18,140868,5,Mumbai
S156,P8775,C2810,1,2024-08-29,22474,10,Chandigarh
S157,P8857,C1256,12,2025-02-08,557040,0,Bangalore
S158,P1819,C564,10,2025-09-27,95500,15,Mumbai
S159,P6018,C2158,7,2024-07-06,242662,5,Jaipur
S160,P8123,C8740,16,2025-09-25,424000,15,Jaipur
S161,P3820,C3306,14,2025-10-13,360248,15,Mumbai
S162,P6105,C1072,17,2025-02-20,791571,10,Jaipur
S163,P8730,C8683,16,2025-10-21,384464,5,Pune
S164,P3712,C1218,7,2025-04-13,54586,15,Jaipur
S165,P8220,C8004,20,2025-12-04,219880,15,Mumbai
S166,P4653,C3608,4,2024-11-08,56236,15,Bangalore
S167,P2881,C8445,18,2024-12-09,552798,10,Bangalore
S168,P6911,C3034,5,2025-02-18,58660,15,Jaipur
S169,P4279,C9319,16,2025-07-13,528624,15,Pune
S170,P9353,C121,14,2024-06-27,268170,10,Delhi
S171,P4870,C6351,12,2024-09-17,289284,15,Jaipur
S172,P2475,C8117,13,2025-12-05,214058,0,Chandigarh
S173,P4116,C5820,11,2026-04-11,181863,10,Jaipur
S174,P7436,C3794,8,2025-05-30,123400,15,Jaipur
S175,P8124,C2123,11,2024-11-30,463210,5,Delhi
S176,P7538,C4893,20,2025-08-08,324180,5,Delhi
S177,P8588,C1702,11,2026-02-01,212509,10,Bangalore
S178,P5856,C4245,11,2026-02-05,23551,10,Bangalore
S179,P5039,C148,6,2025-10-20,244236,15,Mumbai
S180,P7221,C8390,11,2025-03-12,140019,5,Pune
S181,P9477,C426,18,2024-11-06,41274,0,Chandigarh
S182,P6404,C4658,8,2024-10-25,359304,10,Mumbai
S183,P5125,C2178,9,2025-11-05,96579,5,Pune
S184,P5600,C3362,12,2025-01-05,549012,5,Bangalore
S185,P1893,C8438,10,2025-02-08,355210,15,Mumbai
S186,P3769,C7113,2,2026-04-08,94616,5,Delhi
S187,P5879,C7129,1,2025-10-14,26875,15,Jaipur
S188,P3320,C6357,11,2024-12-06,238029,10,Chandigarh
S189,P7857,C7216,6,2025-07-17,141408,5,Pune
S190,P152,C3300,14,2026-01-21,301084,15,Bangalore
S191,P2717,C4500,18,2025-07-02,739764,15,Mumbai
S192,P3078,C9970,11,2025-08-21,65901,0,Delhi
S193,P5933,C3257,10,2026-01-05,319800,0,Bangalore
S194,P2644,C8614,1,2026-04-07,14687,0,Chandigarh
S195,P819,C5976,10,2024-07-24,156190,0,Mumbai
S196,P7100,C1924,6,2026-05-18,81972,10,Bangalore
S197,P9997,C9464,16,2025-05-03,56000,10,Pune
S198,P1387,C6759,13,2024-12-22,110747,5,Delhi
S199,P2718,C4209,17,2025-10-11,42721,5,Pune
S200,P8691,C8093,17,2024-06-06,553945,5,Delhi
S201,P2776,C8480,6,2026-01-08,282240,10,Delhi
S202,P6854,C1539,11,2025-10-16,409244,0,Delhi
S203,P324,C3504,11,2026-04-23,400961,5,Bangalore
S204,P7615,C3568,3,2025-10-22,90018,10,Jaipur
S205,P2415,C5010,4,2026-03-24,35004,5,Chandigarh
S206,P1200,C7521,17,2025-10-21,471835,15,Pune
S207,P5958,C7340,8,2025-12-04,54440,15,Bangalore
S208,P4230,C7818,20,2026-01-27,865820,0,Mumbai
S209,P5367,C6364,11,2025-10-30,235609,0,Jaipur
S210,P3369,C9669,8,2024-12-04,128128,15,Pune
S211,P5382,C8372,7,2024-07-15,52710,15,Bangalore
S212,P2245,C376,8,2024-06-08,81872,10,Mumbai
S213,P7301,C7995,12,2024-08-26,395652,15,Mumbai
S214,P5386,C3772,10,2025-01-07,71190,5,Delhi
S215,P9154,C7047,6,2025-09-21,134796,10,Jaipur
S216,P7943,C4965,13,2024-06-08,496509,10,Pune
S217,P1744,C6947,10,2025-10-23,325620,10,Pune
S218,P2838,C5554,6,2024-11-29,65364,5,Delhi
S219,P1647,C1539,11,2025-06-02,218339,5,Jaipur
S220,P401,C2896,12,2025-02-15,147588,15,Pune
S221,P6250,C5467,13,2024-09-02,169013,5,Mumbai
S222,P681,C3044,15,2024-08-07,613095,15,Pune
S223,P5849,C5500,13,2026-04-02,324753,0,Jaipur
S224,P8998,C7208,8,2025-12-08,339376,5,Pune
S225,P3803,C7532,6,2026-02-14,205242,5,Chandigarh
S226,P8887,C7690,1,2025-08-22,31655,10,Bangalore
S227,P4661,C186,9,2026-02-15,68868,5,Pune
S228,P403,C401,1,2025-12-18,17953,5,Jaipur
S229,P3610,C7484,12,2024-11-02,64644,5,Bangalore
S230,P4714,C4184,14,2024-06-16,496426,15,Mumbai
S231,P6275,C7472,10,2026-01-26,244500,5,Chandigarh
S232,P3101,C8340,9,2025-05-09,246879,10,Delhi
S233,P7423,C2890,3,2025-03-20,144123,0,Chandigarh
S234,P6238,C9363,10,2025-04-21,209280,5,Mumbai
S235,P658,C3834,7,2025-09-18,99638,10,Jaipur
S236,P507,C9896,20,2024-10-07,138480,5,Delhi
S237,P5794,C9897,12,2025-04-12,145152,10,Delhi
S238,P5805,C7692,7,2025-04-26,118573,5,Chandigarh
S239,P8433,C7533,11,2026-04-28,406252,5,Delhi
S240,P446,C1625,16,2024-09-14,549840,10,Pune
S241,P2827,C5022,20,2024-11-09,948100,0,Pune
S242,P7919,C3533,6,2026-04-18,56754,15,Pune
S243,P242,C8602,8,2025-09-07,27128,15,Bangalore
S244,P6533,C8775,7,2025-04-10,140854,0,Bangalore
S245,P7355,C9258,4,2024-12-13,136512,15,Delhi
S246,P171,C9047,19,2025-03-01,602680,10,Jaipur
S247,P2078,C2687,13,2025-09-19,335244,10,Mumbai
S248,P4085,C6662,1,2025-12-31,30928,10,Pune
S249,P9715,C1311,7,2025-08-20,68215,5,Jaipur
S250,P1353,C7802,16,2025-06-15,325088,10,Delhi
S251,P1846,C3528,11,2025-12-10,122375,0,Pune
S252,P5592,C4572,10,2025-02-23,95480,5,Bangalore
S253,P7834,C1042,18,2026-04-01,810018,5,Jaipur
S254,P5442,C4497,19,2025-02-21,210273,5,Pune
S255,P2816,C1839,19,2025-09-17,784130,10,Chandigarh
S256,P3747,C7834,10,2025-11-08,128840,0,Delhi
S257,P3235,C4125,6,2026-02-23,199998,5,Pune
S258,P6752,C7040,3,2025-09-21,55275,10,Chandigarh
S259,P3894,C2922,15,2024-10-17,582075,5,Bangalore
S260,P5284,C1311,5,2025-06-25,86075,0,Bangalore
S261,P1591,C6223,18,2026-05-27,258390,15,Chandigarh
S262,P6282,C3357,13,2024-06-20,235833,0,Delhi
S263,P733,C8008,4,2024-12-10,53572,0,Delhi
S264,P3478,C5134,1,2025-07-01,20577,0,Mumbai
S265,P7135,C3763,5,2025-03-15,133350,10,Delhi
S266,P5834,C7993,3,2025-11-27,58416,5,Chandigarh
S267,P7626,C4204,18,2024-09-06,419940,0,Delhi
S268,P4941,C75,8,2025-01-21,186720,5,Delhi
S269,P6379,C3239,9,2024-10-04,66807,0,Bangalore
S270,P7401,C3550,5,2025-11-14,6460,10,Jaipur
S271,P7285,C4397,6,2024-10-20,71454,10,Bangalore
S272,P6117,C9919,10,2024-08-07,231200,5,Bangalore
S273,P2331,C5809,12,2025-02-17,282780,10,Mumbai
S274,P1832,C9538,3,2025-01-30,93564,15,Jaipur
S275,P7605,C5396,19,2025-11-26,365769,0,Chandigarh
S276,P4057,C6991,2,2024-11-11,87338,10,Mumbai
S277,P5079,C9003,18,2026-03-01,886554,15,Bangalore
S278,P3327,C2776,19,2026-03-05,736155,0,Delhi
S279,P5781,C9129,19,2026-03-26,923153,10,Bangalore
S280,P540,C6396,18,2025-01-16,115326,10,Jaipur
S281,P7938,C4875,12,2024-08-23,376896,5,Mumbai
S282,P4945,C4720,3,2024-09-11,46122,15,Mumbai
S283,P9294,C8781,13,2025-09-12,285402,0,Pune
S284,P8754,C3485,3,2025-11-18,118626,5,Mumbai
S285,P7506,C7469,16,2024-06-26,19472,5,Pune
S286,P9804,C4169,7,2026-05-12,25837,5,Chandigarh
S287,P439,C285,4,2026-03-14,86140,5,Mumbai
S288,P4202,C3374,17,2026-04-17,566695,10,Jaipur
S289,P4934,C9739,4,2025-02-14,139992,15,Bangalore
S290,P376,C6799,7,2025-01-01,140889,0,Pune
S291,P8943,C4062,19,2024-12-27,65056,5,Bangalore
S292,P4227,C241,13,2026-03-24,639171,0,Pune
S293,P9254,C451,5,2025-02-09,66880,15,Jaipur
S294,P2273,C5270,14,2025-02-24,80570,15,Bangalore
S295,P1711,C5573,6,2024-07-23,95718,10,Jaipur
S296,P3114,C98,17,2025-04-09,756177,5,Chandigarh
S297,P8423,C8691,16,2026-01-24,402976,15,Chandigarh
S298,P6807,C9712,2,2024-09-02,42898,0,Delhi
S299,P4409,C9758,3,2025-03-31,58155,10,Delhi
S300,P5740,C2875,6,2024-06-14,59700,5,Chandigarh
S301,P8580,C5235,6,2024-07-26,209532,0,Pune
S302,P4595,C4301,16,2024-11-30,146272,0,Mumbai
S303,P5122,C9184,18,2024-08-17,609534,15,Jaipur
S304,P5077,C5596,12,2025-06-30,496032,5,Bangalore
S305,P4483,C455,7,2025-05-23,269906,0,Jaipur
S306,P1441,C669,15,2026-03-14,409890,5,Pune
S307,P9140,C7812,17,2025-04-07,388637,0,Pune
S308,P5161,C1467,13,2024-09-18,190294,15,Jaipur
S309,P9994,C2790,1,2024-06-28,7732,0,Jaipur
S310,P3940,C9043,3,2025-05-26,5457,5,Jaipur
S311,P8944,C1812,16,2025-01-26,133376,15,Bangalore
S312,P8504,C1838,12,2025-11-15,569688,5,Delhi
S313,P6549,C2316,20,2025-08-09,472780,5,Pune
S314,P5588,C2049,14,2024-10-01,265538,10,Bangalore
S315,P6673,C3796,6,2026-01-30,99462,15,Pune
S316,P1116,C6365,2,2025-12-09,20200,5,Mumbai
S317,P282,C1328,13,2026-01-06,363506,10,Jaipur
S318,P659,C6545,5,2024-12-20,192070,15,Mumbai
S319,P2340,C9268,2,2024-10-12,52766,10,Bangalore
S320,P8976,C2299,7,2025-09-25,78204,15,Chandigarh
S321,P9074,C2491,19,2026-05-26,93556,15,Mumbai
S322,P7721,C9117,13,2024-08-29,472693,0,Mumbai
S323,P7484,C2125,19,2026-04-15,257203,5,Jaipur
S324,P1761,C1027,15,2025-08-29,680835,5,Mumbai
S325,P4176,C5396,17,2025-03-14,688160,10,Pune
S326,P861,C1260,8,2026-01-09,154760,15,Mumbai
S327,P7391,C1463,11,2025-10-07,386969,5,Chandigarh
S328,P2040,C679,2,2025-03-25,96118,10,Chandigarh
S329,P8061,C416,12,2024-12-01,424476,15,Delhi
S330,P2264,C1166,20,2025-09-27,286440,10,Jaipur
S331,P6295,C7805,8,2025-08-24,367368,5,Chandigarh
S332,P8320,C3247,10,2025-03-11,145830,15,Mumbai
S333,P4586,C755,1,2025-07-28,29671,5,Delhi
S334,P1074,C6112,19,2024-12-14,861726,0,Delhi
S335,P8772,C7971,3,2024-11-21,105633,15,Jaipur
S336,P8348,C5579,3,2025-09-13,115998,0,Pune
S337,P9732,C5808,7,2025-02-12,187880,10,Chandigarh
S338,P3523,C1314,16,2024-07-22,667104,5,Jaipur
S339,P1112,C6743,9,2026-04-12,228240,15,Mumbai
S340,P4235,C2170,12,2026-04-15,239064,15,Pune
S341,P3227,C6254,12,2024-08-10,568140,15,Pune
S342,P6742,C8979,20,2025-02-16,604060,15,Pune
S343,P2231,C871,10,2025-10-23,145220,15,Delhi
S344,P7197,C859,20,2025-04-23,176460,0,Bangalore
S345,P4806,C5515,13,2026-04-28,139542,15,Pune
S346,P6236,C8569,16,2026-05-03,472400,0,Chandigarh
S347,P8908,C566,14,2026-01-20,97062,10,Bangalore
S348,P1062,C8450,19,2025-07-28,571957,15,Chandigarh
S349,P5590,C1591,5,2025-02-20,49905,0,Delhi
S350,P2056,C2532,10,2025-12-18,371330,10,Mumbai
S351,P3007,C7218,16,2024-08-07,212752,15,Delhi
S352,P3843,C9533,11,2024-07-22,104225,15,Pune
S353,P5263,C9016,4,2025-12-07,115368,15,Bangalore
S354,P642,C7661,19,2025-10-28,816240,0,Chandigarh
S355,P9238,C4959,7,2024-11-13,54768,15,Chandigarh
S356,P2067,C5742,12,2025-04-14,285828,15,Bangalore
S357,P2909,C5908,11,2025-01-30,395879,5,Pune
S358,P9479,C2695,14,2025-10-06,659456,5,Delhi
S359,P4233,C9798,6,2025-09-09,109344,5,Jaipur
S360,P726,C9297,2,2024-10-12,2672,5,Chandigarh
S361,P3644,C4888,8,2026-01-05,357136,10,Pune
S362,P4405,C8444,5,2025-03-19,19895,15,Jaipur
S363,P8324,C2410,8,2025-12-25,386320,10,Delhi
S364,P1721,C5332,3,2025-02-11,127845,15,Mumbai
S365,P7327,C8667,19,2025-02-15,498408,10,Bangalore
S366,P7505,C1719,20,2025-10-03,394800,5,Pune
S367,P3206,C8378,5,2025-02-21,88975,15,Jaipur
S368,P5529,C210,11,2025-04-18,26037,5,Jaipur
S369,P9705,C4718,12,2026-03-21,70752,15,Chandigarh
S370,P3455,C8675,15,2025-03-25,47145,0,Bangalore
S371,P3788,C2840,16,2026-05-07,554544,0,Delhi
S372,P401,C2368,10,2026-01-15,282010,15,Chandigarh
S373,P1908,C3971,10,2024-08-03,183220,10,Bangalore
S374,P850,C1923,12,2025-04-04,217740,0,Delhi
S375,P8886,C7233,9,2025-03-12,448740,0,Pune
S376,P3692,C6719,7,2024-06-30,254079,10,Bangalore
S377,P3307,C829,3,2025-02-05,24747,10,Chandigarh
S378,P2181,C6090,9,2024-07-25,344241,10,Jaipur
S379,P3483,C2299,17,2025-12-27,192015,15,Jaipur
S380,P8231,C6567,5,2025-10-20,234105,10,Jaipur
S381,P4532,C367,6,2025-01-12,146154,5,Mumbai
S382,P3497,C6632,3,2026-01-29,139455,5,Bangalore
S383,P415,C967,17,2026-03-08,673319,15,Chandigarh
S384,P3314,C172,4,2026-04-29,166696,15,Bangalore
S385,P5441,C6887,17,2025-09-01,703749,5,Mumbai
S386,P3634,C4695,4,2026-02-27,57964,15,Pune
S387,P7872,C2684,20,2025-05-19,537960,10,Jaipur
S388,P6257,C5818,8,2025-02-22,372008,0,Chandigarh
S389,P4754,C6061,11,2025-11-24,365343,0,Pune
S390,P8074,C3117,11,2024-07-15,318989,10,Jaipur
S391,P6244,C1407,18,2025-04-14,448650,5,Pune
S392,P8444,C3855,20,2025-05-08,924980,15,Mumbai
S393,P6688,C1362,6,2026-05-04,213612,10,Delhi
S394,P3023,C8089,6,2024-05-29,26736,15,Bangalore
S395,P8747,C6476,20,2025-05-07,272320,15,Bangalore
S396,P8299,C4489,9,2026-04-21,210393,10,Jaipur
S397,P3624,C2368,14,2025-10-25,639394,5,Mumbai
S398,P5392,C137,14,2024-12-13,132048,15,Chandigarh
S399,P3289,C8640,2,2026-05-16,82626,15,Pune
S400,P8929,C6431,16,2025-07-28,707664,0,Delhi
S401,P1006,C4971,8,2024-09-26,18856,10,Jaipur
S402,P693,C4389,19,2025-08-29,215954,5,Bangalore
S403,P1002,C6578,16,2026-01-04,120912,0,Jaipur
S404,P5691,C818,18,2025-03-31,679770,0,Delhi
S405,P7805,C1229,7,2025-06-10,325920,5,Chandigarh
S406,P718,C9313,15,2025-07-05,508065,10,Pune
S407,P7812,C3804,10,2025-12-22,165670,0,Jaipur
S408,P1417,C7731,19,2026-05-26,526794,10,Jaipur
S409,P1363,C6465,5,2025-11-09,81695,0,Delhi
S410,P6190,C8026,17,2026-01-21,524467,0,Mumbai
S411,P4278,C5316,19,2024-10-01,941640,10,Delhi
S412,P135,C3225,12,2024-09-04,283968,0,Pune
S413,P594,C5253,9,2026-01-22,310140,5,Bangalore
S414,P3872,C4023,9,2025-10-11,63468,0,Jaipur
S415,P2303,C3976,7,2026-04-05,265356,0,Mumbai
S416,P5327,C3978,3,2024-09-04,11133,0,Jaipur
S417,P3350,C4515,19,2025-09-06,712633,5,Bangalore
S418,P6518,C1159,18,2024-12-20,73530,15,Chandigarh
S419,P7798,C4693,4,2025-05-17,128884,10,Bangalore
S420,P3908,C818,4,2025-05-17,102444,0,Pune
S421,P5137,C5657,2,2025-10-01,75166,15,Mumbai
S422,P7065,C5535,2,2025-03-08,33026,0,Jaipur
S423,P870,C691,1,2024-09-14,36739,5,Bangalore
S424,P7925,C724,8,2024-08-13,161544,10,Bangalore
S425,P2572,C4496,7,2025-07-27,343231,5,Mumbai
S426,P5086,C2856,6,2024-10-10,78666,5,Chandigarh
S427,P9361,C8732,9,2025-05-24,43623,15,Chandigarh
S428,P1410,C5463,16,2024-07-15,342432,5,Chandigarh
S429,P9457,C1662,8,2025-08-16,378432,5,Pune
S430,P910,C9965,17,2024-12-26,222173,5,Mumbai
S431,P4285,C3214,3,2025-05-09,63525,15,Mumbai
S432,P854,C6309,11,2026-02-02,306757,0,Pune
S433,P2358,C9685,18,2026-02-07,622512,10,Delhi
S434,P5613,C3526,6,2024-12-20,231552,15,Pune
S435,P5687,C6800,19,2026-03-09,243637,15,Mumbai
S436,P4452,C8638,12,2024-06-10,186852,0,Bangalore
S437,P2835,C7683,19,2026-01-22,162393,10,Pune
S438,P8914,C184,4,2026-01-12,80092,15,Delhi
S439,P5323,C8210,20,2026-04-18,60760,10,Mumbai
S440,P4555,C3164,9,2026-03-16,67284,15,Jaipur
S441,P8868,C5223,14,2025-05-05,545818,0,Pune
S442,P9126,C3250,20,2024-09-22,223720,0,Delhi
S443,P5026,C5460,13,2025-03-31,119847,5,Mumbai
S444,P4463,C4383,18,2025-04-20,564912,15,Pune
S445,P9050,C4668,9,2026-03-20,117909,15,Bangalore
S446,P9024,C8053,10,2025-03-26,168410,15,Jaipur
S447,P3603,C8693,3,2024-05-30,132219,5,Mumbai
S448,P2724,C5416,7,2025-06-11,341859,5,Pune
S449,P3377,C4757,7,2026-01-05,173705,5,Mumbai
S450,P3803,C4161,17,2024-09-05,480641,0,Delhi
S451,P174,C8836,9,2026-01-22,271296,10,Chandigarh
S452,P8387,C4414,1,2024-10-24,12224,0,Jaipur
S453,P2787,C4638,10,2025-12-14,424360,5,Pune
S454,P8112,C303,3,2025-05-01,146067,0,Jaipur
S455,P216,C9343,12,2025-03-26,395196,10,Delhi
S456,P5670,C7300,20,2024-09-16,233460,5,Bangalore
S457,P4920,C8103,1,2026-01-29,47831,15,Chandigarh
S458,P6188,C9355,8,2025-06-24,40664,15,Chandigarh
S459,P2205,C9345,1,2024-06-10,32984,15,Delhi
S460,P3818,C1776,4,2024-05-30,168072,10,Delhi
S461,P6524,C2954,17,2025-10-14,249033,5,Jaipur
S462,P7879,C2280,20,2025-11-23,331440,0,Bangalore
S463,P9216,C1853,9,2024-12-29,235422,15,Delhi
S464,P9606,C978,5,2024-07-21,106820,0,Jaipur
S465,P6276,C9040,19,2024-08-11,253441,0,Delhi
S466,P121,C8507,16,2025-06-08,628288,15,Bangalore
S467,P8899,C5014,8,2024-06-02,220192,15,Jaipur
S468,P2882,C5982,16,2026-05-11,304112,10,Mumbai
S469,P100,C8610,20,2025-06-15,579700,5,Pune
S470,P134,C9497,10,2025-09-28,473620,10,Chandigarh
S471,P6567,C8512,14,2025-02-07,152222,0,Jaipur
S472,P8698,C5502,20,2026-05-24,106900,15,Chandigarh
S473,P2451,C4965,20,2025-09-04,949140,0,Pune
S474,P1608,C3838,2,2025-12-24,83172,10,Pune
S475,P8961,C9072,13,2026-02-04,128570,0,Chandigarh
S476,P2318,C9107,16,2025-05-13,276000,15,Chandigarh
S477,P1793,C3438,2,2025-03-10,67260,5,Mumbai
S478,P4005,C5006,6,2025-01-13,183960,10,Pune
S479,P2198,C8630,15,2025-10-28,501600,10,Pune
S480,P8318,C7255,9,2025-12-07,215577,5,Delhi
S481,P4766,C5420,5,2026-03-02,42130,0,Bangalore
S482,P9606,C7693,3,2025-07-07,46158,10,Chandigarh
S483,P6855,C827,1,2025-06-10,45929,15,Bangalore
S484,P9328,C4463,11,2024-07-27,314512,0,Mumbai
S485,P8487,C2886,10,2025-05-01,304990,0,Jaipur
S486,P8807,C8770,2,2025-03-25,36098,15,Pune
S487,P3252,C6749,9,2025-02-25,102654,15,Delhi
S488,P2762,C8305,7,2026-02-01,20209,5,Pune
S489,P7663,C4327,1,2025-07-17,19282,5,Pune
S490,P6746,C3670,12,2025-09-17,554112,5,Jaipur
S491,P9903,C7485,10,2024-07-17,473560,5,Delhi
S492,P8324,C590,14,2024-08-24,694344,5,Delhi
S493,P3067,C7387,6,2024-07-25,212814,0,Bangalore
S494,P1235,C9443,10,2024-09-08,286630,10,Jaipur
S495,P811,C5133,4,2025-07-31,46276,15,Bangalore
S496,P2057,C4027,4,2024-12-04,195708,15,Jaipur
S497,P6875,C2942,5,2025-02-21,22440,10,Bangalore
S498,P9502,C1984,18,2025-07-16,163566,5,Jaipur
S499,P9396,C8868,18,2024-11-20,700740,0,Mumbai
S500,P8374,C4284,5,2024-06-07,192480,10,Chandigarh
S501,P2929,C9935,4,2024-08-22,38124,10,Bangalore
S502,P3218,C7380,18,2025-08-22,186912,10,Jaipur
S503,P9175,C8244,5,2024-08-02,143220,15,Bangalore
S504,P765,C6673,3,2025-08-18,68910,10,Chandigarh
S505,P9889,C4841,4,2026-01-11,49944,0,Delhi
S506,P1385,C5828,3,2025-12-29,17589,15,Mumbai
S507,P8171,C2686,13,2024-08-08,354575,15,Delhi
S508,P8581,C9652,15,2026-04-11,587460,15,Jaipur
S509,P3390,C7068,13,2024-09-17,177333,15,Mumbai
S510,P3654,C4484,11,2025-09-09,377960,15,Pune
S511,P7089,C4933,11,2026-04-27,296758,0,Pune
S512,P2439,C7183,14,2025-02-28,541968,5,Chandigarh
S513,P3576,C7316,12,2026-01-02,157584,10,Bangalore
S514,P6851,C7615,4,2025-10-21,175752,5,Bangalore
S515,P332,C9419,14,2024-12-27,661402,15,Chandigarh
S516,P4632,C9566,18,2026-04-27,440550,5,Chandigarh
S517,P6090,C7129,12,2025-02-03,511404,10,Mumbai
S518,P5154,C5053,9,2025-02-25,149598,5,Jaipur
S519,P2152,C9701,10,2025-07-25,182830,0,Pune
S520,P7071,C4431,10,2026-05-18,69890,10,Chandigarh
S521,P2366,C8061,12,2025-08-11,153744,15,Pune
S522,P7173,C3823,5,2024-10-14,31815,5,Delhi
S523,P5283,C4469,7,2025-03-24,83643,15,Bangalore
S524,P5975,C5232,2,2025-11-22,74976,15,Jaipur
S525,P8843,C4818,11,2026-03-23,517242,5,Pune
S526,P7111,C8295,15,2025-03-19,280950,0,Chandigarh
S527,P3160,C4950,3,2024-09-07,58977,0,Jaipur
S528,P9340,C3710,18,2025-03-21,228636,5,Pune
S529,P2375,C6897,19,2025-04-23,830604,5,Delhi
S530,P1280,C671,13,2025-02-15,485407,0,Mumbai
S531,P1291,C7590,18,2025-12-21,562482,5,Pune
S532,P9776,C8987,17,2025-08-15,200804,15,Delhi
S533,P5193,C3323,17,2026-02-26,607495,15,Mumbai
S534,P3369,C7719,7,2025-03-04,302659,15,Pune
S535,P5634,C6895,15,2024-10-07,554040,10,Mumbai
S536,P3602,C2971,5,2025-07-25,115170,0,Chandigarh
S537,P7795,C7640,20,2024-08-19,336280,15,Delhi
S538,P6845,C2884,14,2024-10-29,98336,0,Jaipur
S539,P5868,C2566,9,2025-09-02,299268,5,Bangalore
S540,P2484,C6095,5,2025-11-03,234075,10,Delhi
S541,P6588,C3206,16,2025-07-24,455568,15,Mumbai
S542,P7144,C631,16,2025-11-26,195360,5,Chandigarh
S543,P7529,C7895,4,2025-03-19,135248,15,Pune
S544,P8879,C6403,8,2026-04-20,232472,10,Bangalore
S545,P9032,C2843,2,2025-01-10,16492,0,Delhi
S546,P190,C8714,18,2025-09-04,275256,5,Bangalore
S547,P815,C9390,10,2024-06-28,457980,15,Mumbai
S548,P3457,C6980,16,2024-08-30,313968,5,Bangalore
S549,P2981,C518,1,2024-06-08,12180,10,Delhi
S550,P9010,C7959,6,2024-06-02,214860,0,Jaipur
S551,P76,C2735,11,2026-01-26,155793,15,Delhi
S552,P590,C9020,12,2026-01-05,214656,0,Delhi
S553,P7391,C2403,17,2025-08-07,520438,15,Chandigarh
S554,P9103,C5658,5,2025-04-03,229725,10,Bangalore
S555,P2523,C942,19,2025-12-04,749702,5,Mumbai
S556,P6988,C4871,2,2024-09-11,71314,10,Mumbai
S557,P1899,C7429,20,2024-12-10,155140,0,Chandigarh
S558,P5493,C3668,11,2024-05-31,436370,5,Bangalore
S559,P3897,C7988,13,2024-10-07,499941,5,Pune
S560,P375,C8443,6,2024-07-09,159690,5,Delhi
S561,P8245,C8996,7,2024-11-07,321566,10,Delhi
S562,P3017,C9184,3,2026-03-14,104070,0,Jaipur
S563,P2872,C2895,11,2026-04-19,123156,15,Mumbai
S564,P6700,C3563,13,2025-02-08,261820,15,Pune
S565,P1973,C1983,10,2024-05-30,239030,5,Chandigarh
S566,P1548,C2702,18,2025-05-16,27126,0,Bangalore
S567,P7157,C516,7,2025-10-03,337414,5,Pune
S568,P9119,C2963,3,2025-03-27,97716,15,Bangalore
S569,P1968,C7877,15,2026-04-02,438465,5,Jaipur
S570,P4678,C1490,7,2025-06-20,139013,0,Chandigarh
S571,P495,C6726,3,2025-01-24,108195,5,Pune
S572,P4775,C1357,13,2025-10-14,69459,0,Jaipur
S573,P5045,C1164,3,2024-07-02,142614,0,Mumbai
S574,P7159,C4239,5,2026-03-08,40105,0,Jaipur
S575,P3020,C7712,2,2025-11-18,27638,5,Pune
S576,P5375,C5377,9,2024-07-29,351765,5,Bangalore
S577,P1676,C524,10,2026-01-23,363500,5,Pune
S578,P2793,C5,15,2024-12-30,161115,5,Bangalore
S579,P3235,C8263,1,2025-05-30,17223,10,Mumbai
S580,P8021,C1734,10,2025-08-28,90360,15,Chandigarh
S581,P32,C244,5,2024-12-05,92730,15,Mumbai
S582,P4558,C424,18,2026-04-17,357120,0,Jaipur
S583,P4836,C2212,19,2026-02-09,384788,15,Pune
S584,P4213,C735,16,2024-09-30,417984,10,Delhi
S585,P2986,C3179,11,2025-02-06,32208,5,Pune
S586,P1581,C9539,14,2025-10-18,551222,15,Delhi
S587,P8179,C782,9,2025-05-11,291033,15,Bangalore
S588,P7900,C5013,3,2025-09-29,37422,15,Bangalore
S589,P594,C9708,16,2026-01-14,431520,5,Delhi
S590,P6577,C3803,14,2025-02-26,139776,10,Pune
S591,P1014,C2955,12,2025-06-15,585084,10,Pune
S592,P8577,C8107,14,2024-11-22,548002,15,Mumbai
S593,P301,C5207,15,2024-06-01,565425,15,Delhi
S594,P7108,C895,6,2025-03-26,95298,0,Delhi
S595,P3696,C5303,20,2025-07-14,184340,15,Mumbai
S596,P1990,C6575,14,2025-01-12,598374,0,Delhi
S597,P5334,C5161,13,2025-06-19,293319,5,Jaipur
S598,P6009,C6254,17,2025-04-23,548080,5,Mumbai
S599,P2200,C7528,18,2026-01-24,30528,0,Mumbai
S600,P7661,C3766,15,2024-06-22,456255,10,Mumbai
S601,P7738,C1189,20,2024-11-28,775120,0,Delhi
S602,P5640,C2667,9,2025-04-08,414072,5,Pune
S603,P184,C4035,12,2025-11-06,466224,5,Mumbai
S604,P5867,C9746,7,2025-01-10,207326,0,Mumbai
S605,P24,C1005,15,2024-11-08,514380,15,Chandigarh
S606,P1876,C4812,6,2024-09-19,143298,15,Mumbai
S607,P8017,C1016,13,2026-05-14,621478,15,Delhi
S608,P8975,C1143,3,2024-10-01,83871,0,Pune
S609,P6664,C1201,20,2025-06-02,758120,10,Chandigarh
S610,P3145,C7455,10,2025-02-23,247670,15,Bangalore
S611,P7310,C6652,8,2025-04-30,371536,5,Chandigarh
S612,P236,C2534,1,2025-04-18,29244,0,Delhi
S613,P2480,C4521,8,2026-05-11,139048,0,Mumbai
S614,P3990,C8208,8,2026-01-24,303904,10,Mumbai
S615,P1562,C8823,7,2026-01-30,285313,0,Chandigarh
S616,P8082,C5759,17,2024-06-21,692563,0,Mumbai
S617,P1738,C5473,13,2024-11-25,89076,0,Chandigarh
S618,P5657,C4048,5,2024-09-27,165315,10,Bangalore
S619,P2848,C5348,14,2026-01-16,633570,0,Mumbai
S620,P5180,C4118,13,2025-07-15,313794,10,Chandigarh
S621,P352,C5317,12,2025-04-26,580848,10,Bangalore
S622,P7209,C5505,13,2025-09-08,152217,10,Delhi
S623,P7454,C8347,19,2025-07-12,614669,15,Pune
S624,P5511,C4445,18,2026-03-01,357552,5,Jaipur
S625,P3079,C365,6,2025-05-26,33570,5,Delhi
S626,P7172,C439,5,2024-06-30,101725,10,Pune
S627,P2408,C7805,10,2025-01-26,370520,10,Delhi
S628,P5626,C4241,18,2025-11-22,174564,10,Delhi
S629,P7540,C4879,19,2025-06-22,384712,10,Delhi
S630,P3840,C1811,20,2025-11-02,250560,10,Delhi
S631,P2047,C211,3,2026-05-27,67479,0,Chandigarh
S632,P6455,C393,16,2026-05-07,562144,10,Pune
S633,P7983,C6304,18,2025-01-24,651834,0,Delhi
S634,P1235,C6429,10,2025-09-16,380810,15,Pune
S635,P1206,C9443,15,2025-10-15,157755,0,Bangalore
S636,P4493,C846,16,2025-01-10,64720,5,Bangalore
S637,P8927,C8567,20,2026-01-11,698400,5,Bangalore
S638,P7213,C9265,8,2024-09-07,295792,15,Pune
S639,P6219,C8908,2,2025-11-08,93926,5,Chandigarh
S640,P4146,C8036,20,2025-12-14,606580,15,Pune
S641,P6201,C2982,3,2024-10-17,125154,0,Mumbai
S642,P4908,C3983,11,2026-01-12,308671,0,Bangalore
S643,P5917,C2462,12,2025-05-25,300816,0,Delhi
S644,P2258,C3343,12,2024-06-10,180420,10,Bangalore
S645,P5598,C7674,11,2024-10-01,409464,10,Mumbai
S646,P6473,C5180,1,2026-02-22,15263,15,Mumbai
S647,P754,C5402,12,2024-09-07,310776,5,Pune
S648,P9455,C3163,20,2025-03-18,994800,10,Delhi
S649,P5692,C967,4,2025-05-07,41612,0,Chandigarh
S650,P5108,C1054,4,2025-02-20,31120,10,Delhi
S651,P5964,C4045,16,2025-12-01,776960,15,Pune
S652,P5975,C1468,11,2024-07-24,99891,10,Chandigarh
S653,P6426,C6938,9,2025-02-27,144972,10,Jaipur
S654,P9783,C9561,16,2026-03-30,378992,10,Delhi
S655,P2876,C1780,19,2025-11-09,939474,10,Bangalore
S656,P7629,C3460,8,2026-01-01,285176,0,Bangalore
S657,P2104,C4797,15,2024-07-02,575640,0,Jaipur
S658,P962,C9222,12,2026-04-13,176748,0,Pune
S659,P1731,C2991,17,2024-08-26,577966,0,Jaipur
S660,P4042,C8592,14,2026-03-12,343868,0,Mumbai
S661,P8531,C3495,15,2024-06-14,377580,5,Bangalore
S662,P2521,C2969,20,2025-08-09,119900,15,Delhi
S663,P5803,C9220,5,2026-03-24,194905,5,Delhi
S664,P7818,C2237,16,2024-10-18,176416,5,Bangalore
S665,P2888,C8190,20,2025-11-12,398480,5,Chandigarh
S666,P4082,C6287,11,2025-12-24,126159,0,Jaipur
S667,P6560,C8437,19,2025-01-03,930069,10,Pune
S668,P4158,C7895,13,2026-01-20,31850,15,Chandigarh
S669,P6786,C1755,7,2024-06-29,291928,5,Mumbai
S670,P22,C4423,11,2026-03-01,529221,0,Bangalore
S671,P1520,C996,5,2024-12-23,7955,10,Jaipur
S672,P5383,C24,18,2025-03-28,896346,0,Jaipur
S673,P4176,C8642,14,2024-08-01,644882,0,Mumbai
S674,P2096,C4261,4,2025-03-05,193540,10,Jaipur
S675,P3865,C4402,13,2026-02-15,277654,0,Delhi
S676,P2568,C6602,17,2025-01-05,405501,15,Mumbai
S677,P3810,C4745,11,2024-09-20,307142,15,Mumbai
S678,P1087,C6167,20,2025-12-06,789400,10,Jaipur
S679,P4156,C1206,4,2025-10-25,130440,15,Jaipur
S680,P6911,C2634,7,2024-09-28,316134,15,Pune
S681,P8501,C1457,20,2024-08-22,250380,5,Chandigarh
S682,P758,C2808,7,2026-01-04,13545,5,Delhi
S683,P8805,C5093,12,2024-11-05,473100,0,Pune
S684,P5110,C1266,19,2025-09-19,312265,15,Mumbai
S685,P5017,C9464,7,2025-03-06,154217,10,Jaipur
S686,P4439,C196,1,2024-09-18,32085,10,Delhi
S687,P1657,C6581,10,2025-05-03,63230,15,Mumbai
S688,P1448,C6663,6,2026-01-19,115902,0,Jaipur
S689,P9875,C7440,14,2024-12-22,185934,10,Pune
S690,P8262,C6983,5,2026-05-17,108420,0,Jaipur
S691,P965,C2327,11,2025-05-03,57277,15,Jaipur
S692,P8445,C3145,7,2025-11-27,59045,10,Delhi
S693,P3037,C3797,5,2026-04-11,57965,5,Pune
S694,P5256,C2374,16,2026-05-09,192240,10,Mumbai
S695,P4067,C7515,5,2025-06-24,154700,5,Jaipur
S696,P3713,C6803,9,2024-07-17,75231,10,Bangalore
S697,P4038,C2803,2,2025-07-20,88268,0,Bangalore
S698,P4797,C5162,8,2025-11-21,19448,10,Mumbai
S699,P4821,C6827,19,2025-02-07,793478,0,Pune
S700,P3201,C7085,17,2025-02-07,408697,10,Jaipur
S701,P1147,C1458,19,2024-07-25,100054,15,Chandigarh
S702,P5712,C7275,1,2025-02-04,46856,15,Pune
S703,P6144,C370,2,2025-04-02,24940,0,Bangalore
S704,P4620,C1468,7,2026-05-11,10542,5,Pune
S705,P8909,C3103,8,2024-08-31,297336,15,Jaipur
S706,P2953,C5345,16,2025-07-17,526704,10,Chandigarh
S707,P888,C9555,5,2026-01-05,46475,10,Mumbai
S708,P8359,C4010,1,2026-03-01,10667,10,Pune
S709,P3718,C447,11,2025-02-24,101596,15,Bangalore
S710,P4554,C4981,1,2024-06-23,35691,15,Bangalore
S711,P79,C8760,5,2025-03-09,137355,0,Delhi
S712,P9160,C9764,20,2024-09-28,977660,5,Chandigarh
S713,P3151,C8455,17,2025-05-24,131291,10,Delhi
S714,P4277,C3877,10,2026-01-10,328450,10,Chandigarh
S715,P7188,C4908,5,2024-11-04,41340,5,Mumbai
S716,P1598,C5712,7,2026-04-17,270200,10,Jaipur
S717,P7470,C1475,7,2025-08-04,167629,10,Delhi
S718,P2021,C3130,13,2026-04-22,624026,5,Chandigarh
S719,P3120,C206,10,2026-01-10,344880,15,Delhi
S720,P6710,C7160,13,2025-04-17,370357,0,Jaipur
S721,P4413,C7837,12,2025-03-31,99384,0,Chandigarh
S722,P7909,C976,1,2025-11-10,36414,5,Pune
S723,P8671,C2267,20,2025-09-25,680700,10,Bangalore
S724,P3008,C2195,13,2024-11-24,613223,0,Jaipur
S725,P5793,C9135,13,2025-09-01,498095,10,Mumbai
S726,P4563,C3487,13,2025-09-04,487084,5,Chandigarh
S727,P64,C7382,16,2025-07-04,467824,0,Pune
S728,P4971,C2107,8,2025-08-11,125920,10,Pune
S729,P9928,C1197,6,2024-07-05,200160,10,Mumbai
S730,P5908,C2981,10,2024-07-30,329790,15,Delhi
S731,P5458,C9221,13,2025-03-28,441402,10,Pune
S732,P1447,C7127,17,2024-07-20,628949,5,Delhi
S733,P981,C6951,8,2025-09-02,206880,5,Delhi
S734,P5560,C6730,11,2025-09-19,469656,0,Pune
S735,P810,C1100,6,2025-05-22,82062,10,Delhi
S736,P2640,C9264,4,2025-02-22,114260,0,Mumbai
S737,P6816,C9861,12,2026-05-06,408756,5,Jaipur
S738,P8635,C8655,8,2025-01-06,397584,10,Mumbai
S739,P8329,C5014,6,2025-10-30,204348,0,Jaipur
S740,P1238,C417,20,2024-07-27,439820,10,Jaipur
S741,P9319,C1952,1,2025-02-22,33552,5,Jaipur
S742,P2093,C3983,8,2024-06-15,226344,5,Pune
S743,P672,C4205,5,2024-07-18,85100,5,Bangalore
S744,P6552,C2994,9,2026-03-16,233685,0,Delhi
S745,P2409,C1808,2,2025-12-07,48894,5,Jaipur
S746,P358,C9640,4,2025-08-30,44392,10,Pune
S747,P5171,C4801,8,2024-07-04,92328,10,Jaipur
S748,P7998,C8507,9,2024-07-12,299790,10,Pune
S749,P6427,C4712,3,2025-11-04,35487,10,Jaipur
S750,P9837,C4957,4,2024-10-10,20528,5,Chandigarh
S751,P1409,C2131,18,2026-01-28,846576,0,Chandigarh
S752,P2699,C8588,15,2025-06-18,320985,5,Delhi
S753,P2295,C8163,10,2024-07-26,406770,15,Jaipur
S754,P2472,C9886,19,2026-01-22,613643,5,Mumbai
S755,P2245,C476,3,2024-07-30,12597,10,Delhi
S756,P3007,C854,6,2025-10-14,212688,5,Pune
S757,P9383,C4509,11,2025-10-23,190102,10,Mumbai
S758,P2063,C8706,1,2025-05-17,18289,10,Bangalore
S759,P645,C6194,1,2025-01-24,46026,0,Mumbai
S760,P5737,C7853,17,2024-10-10,834751,5,Mumbai
S761,P1879,C3224,4,2024-12-17,49560,10,Delhi
S762,P3898,C3042,2,2025-07-27,16928,5,Mumbai
S763,P1458,C4504,9,2025-03-30,401724,10,Mumbai
S764,P6181,C160,18,2024-08-04,537552,15,Jaipur
S765,P461,C4389,8,2025-12-18,323576,5,Chandigarh
S766,P4917,C112,12,2025-07-26,539088,15,Delhi
S767,P1507,C2710,18,2026-04-06,551844,0,Bangalore
S768,P6997,C7334,2,2026-01-21,12574,15,Delhi
S769,P9274,C9563,5,2024-12-01,113205,15,Mumbai
S770,P4506,C7040,9,2024-09-17,131049,5,Chandigarh
S771,P9984,C9291,18,2024-12-05,462006,15,Jaipur
S772,P3008,C9654,13,2024-08-10,355420,10,Pune
S773,P3565,C3407,6,2026-01-29,194454,5,Chandigarh
S774,P2030,C3458,15,2024-11-06,647490,0,Pune
S775,P5236,C3018,4,2024-07-19,61756,5,Pune
S776,P972,C8414,2,2026-04-05,24400,15,Pune
S777,P3660,C449,8,2025-03-30,201728,10,Mumbai
S778,P5460,C653,2,2026-02-12,88644,5,Mumbai
S779,P1328,C7567,9,2025-05-11,54063,5,Pune
S780,P837,C7863,9,2025-08-19,154791,0,Bangalore
S781,P5387,C1955,13,2025-01-13,173875,10,Bangalore
S782,P8092,C6932,6,2025-07-09,94338,5,Jaipur
S783,P804,C7771,15,2024-07-18,278145,5,Bangalore
S784,P5199,C9719,13,2024-06-09,131794,10,Delhi
S785,P7095,C8438,17,2025-06-08,108732,10,Jaipur
S786,P1910,C7027,17,2024-06-12,788834,15,Mumbai
S787,P4122,C8795,2,2025-11-07,54482,5,Jaipur
S788,P1723,C475,20,2025-12-19,129820,10,Chandigarh
S789,P8080,C1879,6,2025-01-28,110808,0,Delhi
S790,P2458,C6907,5,2026-05-11,40885,15,Jaipur
S791,P6479,C820,16,2026-04-19,50944,10,Pune
S792,P7964,C8623,16,2025-03-17,336656,15,Pune
S793,P5826,C344,18,2025-08-02,515790,15,Jaipur
S794,P2043,C2522,13,2026-03-03,491218,0,Bangalore
S795,P7649,C4500,20,2026-02-01,389780,5,Chandigarh
S796,P6153,C3817,3,2024-07-25,37533,10,Pune
S797,P7514,C3502,4,2025-05-23,181728,10,Jaipur
S798,P2264,C8438,8,2024-09-02,119224,5,Pune
S799,P4703,C5314,4,2024-07-24,178348,10,Pune
S800,P519,C895,10,2026-04-21,480860,15,Mumbai
S801,P7042,C2180,14,2025-06-07,378504,10,Jaipur
S802,P2719,C5744,6,2026-01-02,297252,15,Pune
S803,P9765,C2874,2,2024-09-22,14928,15,Pune
S804,P8394,C1158,8,2026-01-16,214208,0,Delhi
S805,P3331,C55,12,2025-04-21,542148,5,Jaipur
S806,P7216,C5161,2,2025-06-17,53336,0,Jaipur
S807,P4622,C6659,7,2026-02-11,201915,5,Pune
S808,P6677,C7963,13,2024-11-18,67535,0,Chandigarh
S809,P3326,C1990,16,2024-07-28,85136,0,Mumbai
S810,P8680,C5172,12,2025-05-28,387240,15,Chandigarh
S811,P930,C917,2,2025-05-18,95994,5,Jaipur
S812,P5581,C2616,12,2026-04-23,273864,15,Mumbai
S813,P3086,C5734,8,2025-05-28,317976,15,Jaipur
S814,P5279,C1563,4,2025-05-30,129528,5,Mumbai
S815,P604,C6207,15,2024-11-06,139950,0,Bangalore
S816,P31,C8586,8,2026-01-17,347856,0,Jaipur
S817,P6613,C9658,9,2026-01-22,36954,15,Jaipur
S818,P1625,C3584,6,2025-08-28,208308,0,Mumbai
S819,P4138,C2308,7,2025-09-25,54481,0,Pune
S820,P1859,C6755,4,2024-09-27,26952,15,Pune
S821,P5356,C1093,10,2024-06-30,165220,5,Delhi
S822,P9134,C2604,13,2024-06-04,603850,5,Chandigarh
S823,P5276,C7995,17,2025-01-12,69547,5,Delhi
S824,P6484,C2604,19,2024-08-16,267159,5,Mumbai
S825,P6112,C958,13,2026-04-13,635232,10,Chandigarh
S826,P463,C9040,1,2024-07-15,10624,10,Jaipur
S827,P6011,C5432,11,2025-12-18,510895,10,Jaipur
S828,P4835,C3011,10,2025-01-04,138320,0,Bangalore
S829,P7287,C770,5,2024-08-10,164735,15,Mumbai
S830,P5882,C9709,12,2025-12-13,455472,15,Pune
S831,P8276,C3196,14,2024-10-20,532336,0,Chandigarh
S832,P1414,C8042,16,2025-10-12,217056,10,Delhi
S833,P4571,C8260,17,2026-01-20,217957,0,Pune
S834,P9212,C5408,15,2026-03-13,572310,10,Bangalore
S835,P3815,C2418,16,2025-08-08,661136,0,Chandigarh
S836,P8611,C3951,11,2025-04-15,547954,10,Chandigarh
S837,P3866,C9966,12,2025-07-05,478272,0,Chandigarh
S838,P7779,C1442,12,2025-07-10,86856,5,Bangalore
S839,P5438,C3161,17,2025-01-06,91783,5,Jaipur
S840,P6086,C6039,7,2024-06-07,280686,10,Jaipur
S841,P3984,C4242,9,2024-11-25,375021,10,Chandigarh
S842,P8473,C8976,7,2026-01-04,24962,0,Mumbai
S843,P1801,C716,16,2025-09-13,35440,0,Bangalore
S844,P2155,C9358,4,2024-07-27,162888,10,Chandigarh
S845,P6478,C805,9,2024-11-13,67239,5,Delhi
S846,P7342,C6566,20,2026-03-05,123500,0,Bangalore
S847,P3236,C617,15,2024-11-17,174285,0,Pune
S848,P7977,C9638,12,2026-05-13,125952,10,Delhi
S849,P2726,C8107,11,2024-07-03,221320,10,Jaipur
S850,P6820,C4043,14,2025-10-13,649614,15,Bangalore
S851,P3602,C5051,15,2025-05-13,599610,0,Delhi
S852,P6347,C3031,10,2024-08-16,499970,5,Pune
S853,P6619,C2085,13,2025-01-21,187551,0,Mumbai
S854,P5149,C7241,12,2026-04-23,221700,0,Chandigarh
S855,P758,C5339,16,2024-08-08,239248,5,Bangalore
S856,P4494,C8362,12,2025-11-26,193752,15,Jaipur
S857,P8516,C1171,3,2025-11-19,64131,0,Mumbai
S858,P2729,C6305,12,2025-05-11,296364,15,Chandigarh
S859,P9144,C5536,12,2025-05-28,342840,5,Chandigarh
S860,P8773,C7089,3,2024-08-08,68493,15,Jaipur
S861,P785,C3659,2,2025-11-12,36198,15,Delhi
S862,P532,C2241,10,2024-08-24,24430,0,Pune
S863,P5611,C9475,5,2025-04-23,197485,10,Jaipur
S864,P8508,C9417,10,2025-03-15,47810,15,Chandigarh
S865,P3646,C3005,17,2024-09-13,424847,5,Jaipur
S866,P3281,C7702,20,2024-10-28,681980,0,Chandigarh
S867,P8997,C5845,16,2024-09-10,529088,15,Pune
S868,P8940,C2634,8,2024-10-21,343120,10,Mumbai
S869,P6513,C2063,8,2025-10-30,27104,10,Jaipur
S870,P4856,C7514,2,2025-01-28,92668,5,Mumbai
S871,P6480,C651,17,2025-11-21,568548,10,Mumbai
S872,P9804,C6852,6,2024-09-12,287592,5,Bangalore
S873,P1376,C77,8,2026-01-15,317648,5,Jaipur
S874,P1724,C2117,19,2026-04-26,935199,0,Jaipur
S875,P5749,C552,5,2026-01-15,109225,0,Mumbai
S876,P9041,C5803,12,2026-05-03,364524,0,Mumbai
S877,P8343,C6398,6,2025-07-31,19596,10,Jaipur
S878,P5060,C8699,10,2025-12-12,29050,0,Delhi
S879,P6079,C5073,15,2025-03-13,615705,0,Delhi
S880,P6836,C7925,3,2025-01-05,9030,15,Chandigarh
S881,P7374,C3458,14,2025-08-21,382438,5,Mumbai
S882,P661,C5311,13,2024-08-04,67496,10,Mumbai
S883,P4251,C5856,2,2025-07-16,24536,15,Chandigarh
S884,P8057,C3927,13,2024-11-24,570635,0,Bangalore
S885,P3053,C8994,5,2024-08-03,103450,0,Chandigarh
S886,P8405,C7494,2,2026-02-05,84722,10,Mumbai
S887,P3653,C5723,5,2025-06-12,166565,10,Delhi
S888,P2047,C147,13,2025-06-08,489619,15,Bangalore
S889,P7200,C9646,18,2025-10-02,186876,5,Jaipur
S890,P5471,C5214,4,2025-02-04,23200,15,Delhi
S891,P616,C3260,11,2025-11-23,126687,15,Delhi
S892,P2208,C3753,13,2025-04-19,552214,5,Pune
S893,P5659,C3139,12,2024-07-21,550464,0,Chandigarh
S894,P7868,C6443,9,2024-07-03,281457,15,Mumbai
S895,P8982,C6797,7,2024-05-28,235515,10,Mumbai
S896,P7664,C9801,19,2025-01-11,377986,5,Delhi
S897,P3836,C3680,6,2026-03-10,180120,15,Pune
S898,P1445,C3921,3,2025-06-30,85812,5,Jaipur
S899,P7235,C1004,2,2025-02-15,10886,5,Jaipur
S900,P2379,C3736,17,2024-09-11,126038,15,Bangalore
S901,P6958,C6955,13,2026-02-01,262496,10,Delhi
S902,P4852,C6187,18,2025-02-09,560448,15,Pune
S903,P8433,C3499,19,2026-04-13,622459,0,Pune
S904,P774,C1203,6,2025-02-21,250824,10,Pune
S905,P9871,C2293,5,2025-02-11,122700,5,Bangalore
S906,P7572,C8638,19,2025-04-07,934800,5,Jaipur
S907,P3896,C1138,6,2024-12-03,186114,5,Delhi
S908,P9396,C6096,17,2026-02-05,262820,15,Jaipur
S909,P6247,C1034,11,2025-08-30,352363,10,Mumbai
S910,P4710,C7686,11,2025-11-15,479094,5,Chandigarh
S911,P649,C5770,20,2026-03-18,531000,15,Bangalore
S912,P9392,C7158,10,2024-10-30,20060,5,Mumbai
S913,P9371,C1883,6,2025-04-08,43572,5,Bangalore
S914,P2930,C8976,16,2026-04-06,713840,15,Mumbai
S915,P2691,C7387,4,2026-01-13,119116,10,Pune
S916,P5817,C3087,15,2024-11-11,531330,0,Delhi
S917,P814,C7960,19,2026-04-16,617367,10,Jaipur
S918,P292,C6853,3,2025-02-20,59673,10,Delhi
S919,P6102,C8743,1,2025-10-21,9044,15,Bangalore
S920,P2059,C7625,16,2024-07-27,610000,10,Jaipur
S921,P6112,C5551,17,2025-06-13,425187,5,Chandigarh
S922,P4270,C3059,14,2025-09-04,27790,5,Jaipur
S923,P4314,C3562,6,2025-08-28,216642,0,Chandigarh
S924,P5448,C2334,8,2025-05-06,153704,10,Jaipur
S925,P841,C8202,1,2024-10-14,46943,10,Bangalore
S926,P6100,C52,12,2024-12-08,321768,5,Chandigarh
S927,P1828,C1994,4,2024-12-11,184336,5,Delhi
S928,P1048,C2694,7,2025-10-10,249935,0,Jaipur
S929,P9014,C3812,18,2024-07-05,239454,0,Delhi
S930,P3093,C9176,4,2026-01-05,19112,5,Jaipur
S931,P4775,C842,11,2025-06-16,500951,0,Delhi
S932,P7374,C3017,2,2025-06-07,73410,10,Jaipur
S933,P2673,C348,13,2025-10-17,308113,0,Pune
S934,P8720,C3382,4,2026-01-22,173880,5,Delhi
S935,P3194,C7054,5,2024-08-27,152255,15,Mumbai
S936,P2063,C2882,14,2025-05-05,155890,10,Mumbai
S937,P9155,C6268,5,2026-03-28,158160,0,Jaipur
S938,P6157,C2402,15,2025-06-05,492045,5,Bangalore
S939,P2865,C2518,14,2025-03-30,422842,15,Mumbai
S940,P8372,C9573,9,2026-02-26,373077,15,Pune
S941,P4185,C4221,20,2025-01-20,427700,0,Bangalore
S942,P4835,C9853,6,2025-04-04,260946,10,Mumbai
S943,P1871,C3719,20,2024-06-12,342680,5,Chandigarh
S944,P1489,C7234,8,2026-03-12,36336,10,Mumbai
S945,P2166,C9793,13,2025-11-01,230152,15,Jaipur
S946,P6498,C5664,19,2026-05-24,43909,10,Jaipur
S947,P1669,C957,16,2024-07-04,55248,0,Bangalore
S948,P915,C4008,15,2025-05-22,599085,10,Delhi
S949,P149,C8931,15,2024-07-30,59430,10,Chandigarh
S950,P2102,C8648,12,2024-11-19,431400,5,Bangalore
S951,P4578,C1306,19,2025-10-15,199386,15,Chandigarh
S952,P7436,C9906,6,2026-03-26,18420,0,Mumbai
S953,P9282,C1343,15,2025-09-29,469875,5,Bangalore
S954,P3408,C8388,3,2024-11-12,76599,10,Delhi
S955,P6705,C4885,19,2025-04-09,337003,5,Pune
S956,P6888,C7965,7,2026-02-14,241339,10,Mumbai
S957,P6191,C1636,17,2024-09-09,404770,5,Chandigarh
S958,P8227,C8916,9,2025-06-24,423297,5,Jaipur
S959,P9694,C9460,12,2026-04-19,346296,10,Pune
S960,P2407,C5127,7,2026-02-21,196119,0,Pune
S961,P5856,C10000,17,2026-02-05,768145,15,Bangalore
S962,P6404,C4255,1,2025-02-13,41209,5,Jaipur
S963,P3367,C7,9,2026-03-21,284436,5,Mumbai
S964,P6798,C4446,6,2024-06-03,247350,10,Bangalore
S965,P8378,C4093,16,2024-08-11,175392,5,Delhi
S966,P4660,C9593,6,2024-09-07,155394,15,Bangalore
S967,P357,C534,17,2024-12-25,320824,10,Pune
S968,P9237,C7851,4,2025-09-17,30924,10,Jaipur
S969,P2733,C6229,14,2024-08-14,419818,10,Mumbai
S970,P9446,C7618,17,2025-06-26,203966,10,Bangalore
S971,P2387,C2668,16,2025-12-21,39664,10,Delhi
S972,P3490,C6534,17,2026-03-21,752080,15,Bangalore
S973,P3611,C5790,2,2025-02-17,37638,15,Jaipur
S974,P6897,C2664,5,2025-05-16,207260,5,Pune
S975,P1385,C1476,15,2025-04-03,606975,10,Jaipur
S976,P5313,C4441,18,2026-05-01,67878,0,Bangalore
S977,P5840,C4413,19,2025-05-19,858306,5,Bangalore
S978,P309,C5103,8,2026-01-13,283928,15,Jaipur
S979,P1202,C7830,19,2025-08-13,684038,15,Chandigarh
S980,P1809,C3941,15,2025-10-30,405015,15,Pune
S981,P5126,C4689,19,2024-06-17,660858,5,Bangalore
S982,P1728,C728,12,2024-12-03,458832,5,Delhi
S983,P3801,C9988,4,2024-10-29,99116,10,Pune
S984,P3558,C1039,19,2025-04-25,765795,5,Bangalore
S985,P9941,C6776,9,2026-01-26,161739,5,Pune
S986,P8993,C6536,5,2024-09-06,8395,10,Mumbai
S987,P5913,C2092,13,2025-04-21,140322,5,Bangalore
S988,P8517,C8558,11,2025-01-14,245377,5,Chandigarh
S989,P9839,C8553,20,2024-12-24,292500,10,Delhi
S990,P1929,C3208,14,2025-11-27,114156,15,Delhi
S991,P3364,C111,4,2025-09-01,179908,0,Pune
S992,P8645,C6577,3,2025-04-21,72195,0,Chandigarh
S993,P4053,C2694,13,2024-07-01,245830,10,Mumbai
S994,P2579,C1378,9,2025-03-02,447282,0,Bangalore
S995,P8526,C8339,18,2025-08-10,298134,0,Delhi
S996,P1786,C630,18,2026-01-11,874224,15,Mumbai
S997,P1700,C8058,6,2026-03-05,52680,10,Delhi
S998,P6074,C3081,3,2025-10-06,62490,0,Delhi
S999,P2609,C8265,4,2024-08-01,95384,5,Pune
S1000,P1526,C2682,4,2024-08-26,42164,0,Chandigarh
S1001,P5201,C35,16,2025-09-29,296816,0,Delhi
S1002,P9925,C2111,11,2025-04-19,451605,5,Jaipur
S1003,P1884,C4023,5,2025-11-19,13840,15,Chandigarh
S1004,P3112,C8555,12,2024-07-11,32772,15,Delhi
S1005,P5102,C2694,8,2025-08-30,88432,10,Pune
S1006,P5235,C419,7,2025-01-27,176071,10,Bangalore
S1007,P6580,C6914,11,2025-08-20,168542,10,Delhi
S1008,P861,C3619,12,2025-09-07,146292,0,Mumbai
S1009,P3707,C1724,19,2025-03-25,743318,15,Delhi
S1010,P3096,C6004,7,2026-01-10,103943,5,Chandigarh
S1011,P1393,C6937,3,2024-07-05,68286,15,Chandigarh
S1012,P434,C2766,11,2025-09-30,330561,5,Delhi
S1013,P3625,C2187,20,2024-06-05,797920,10,Bangalore
S1014,P7476,C8872,4,2024-08-02,197240,15,Bangalore
S1015,P7822,C8641,17,2025-09-07,344760,0,Mumbai
S1016,P554,C3010,10,2026-03-12,143580,5,Jaipur
S1017,P3331,C7307,1,2025-08-19,27656,15,Delhi
S1018,P7043,C7590,1,2024-12-26,33791,0,Pune
S1019,P1597,C6853,6,2024-06-12,228006,5,Bangalore
S1020,P9595,C7500,8,2025-08-19,147080,0,Jaipur
S1021,P1882,C3972,4,2024-09-26,195196,5,Bangalore
S1022,P893,C854,17,2024-06-30,321861,15,Bangalore
S1023,P6058,C8991,3,2024-07-29,20718,10,Chandigarh
S1024,P3311,C5289,5,2025-11-29,150295,0,Bangalore
S1025,P4557,C6068,11,2024-09-26,469876,10,Bangalore
S1026,P5449,C3219,18,2025-07-21,58626,15,Jaipur
S1027,P3272,C727,19,2025-05-14,717649,15,Pune
S1028,P2874,C8330,6,2025-04-04,186828,15,Delhi
S1029,P7722,C6379,7,2024-07-10,64260,5,Mumbai
S1030,P8912,C378,14,2024-12-07,628222,5,Jaipur
S1031,P6030,C8528,8,2025-09-05,110616,5,Chandigarh
S1032,P4851,C7006,12,2025-03-23,249600,10,Pune
S1033,P1476,C2422,16,2026-01-06,214256,0,Mumbai
S1034,P254,C544,11,2025-12-31,393250,15,Mumbai
S1035,P1787,C7749,3,2025-04-28,129540,5,Chandigarh
S1036,P247,C7860,2,2024-12-25,75496,10,Chandigarh
S1037,P5346,C1073,9,2025-05-18,97542,15,Mumbai
S1038,P5133,C2930,17,2024-12-29,617185,10,Delhi
S1039,P4579,C6473,3,2025-05-28,8049,5,Jaipur
S1040,P2388,C4332,20,2025-05-03,880040,5,Mumbai
S1041,P4647,C8674,12,2025-10-17,85524,0,Mumbai
S1042,P6221,C6571,14,2024-06-20,449470,10,Pune
S1043,P6821,C7189,18,2025-11-23,755748,10,Mumbai
S1044,P1821,C97,5,2024-06-21,139500,5,Chandigarh
S1045,P7270,C1367,9,2024-06-25,437679,5,Pune
S1046,P4266,C6146,20,2024-07-08,893500,10,Jaipur
S1047,P6208,C2175,2,2024-06-07,48444,0,Jaipur
S1048,P7829,C505,17,2026-02-07,489940,15,Delhi
S1049,P3797,C66,1,2026-01-29,27221,0,Jaipur
S1050,P8365,C7146,3,2025-12-26,29445,10,Chandigarh
S1051,P8460,C6111,17,2025-07-06,828937,5,Mumbai
S1052,P1452,C7882,3,2024-07-01,72459,15,Jaipur
S1053,P1610,C8789,14,2025-05-04,192444,15,Chandigarh
S1054,P5536,C575,16,2026-03-09,74448,15,Bangalore
S1055,P5534,C2661,9,2025-02-28,416655,5,Chandigarh
S1056,P1387,C8334,17,2024-09-23,688143,0,Chandigarh
S1057,P7854,C8916,11,2026-03-24,433840,15,Mumbai
S1058,P4332,C8587,20,2025-11-20,545540,15,Delhi
S1059,P2661,C7886,12,2025-07-27,593484,5,Mumbai
S1060,P5760,C2103,6,2025-11-09,254472,10,Delhi
S1061,P6510,C316,8,2025-08-04,282304,5,Mumbai
S1062,P3281,C1188,11,2026-05-17,391567,0,Delhi
S1063,P9884,C2890,1,2025-05-28,45076,10,Chandigarh
S1064,P8089,C5081,8,2024-09-04,165512,5,Delhi
S1065,P8355,C6512,7,2025-12-03,207998,10,Chandigarh
S1066,P8745,C3590,9,2025-02-24,188217,15,Jaipur
S1067,P5207,C4888,11,2024-10-09,114972,0,Pune
S1068,P3641,C5510,8,2024-09-20,164944,0,Chandigarh
S1069,P6329,C3382,14,2024-09-06,69650,15,Delhi
S1070,P9503,C7922,18,2025-07-31,811422,10,Pune
S1071,P2619,C4779,19,2026-05-14,777309,5,Delhi
S1072,P8560,C6776,6,2025-10-15,266460,10,Bangalore
S1073,P2058,C5246,16,2026-01-10,668672,10,Delhi
S1074,P1985,C7280,13,2025-10-09,349180,10,Mumbai
S1075,P3656,C3689,9,2024-08-27,76527,10,Bangalore
S1076,P7429,C7976,4,2024-08-29,157016,10,Bangalore
S1077,P6487,C7469,18,2025-07-21,354924,0,Pune
S1078,P9834,C4562,5,2024-06-08,120580,0,Pune
S1079,P5627,C2060,20,2024-09-23,90380,15,Jaipur
S1080,P287,C8507,6,2025-11-20,62562,15,Delhi
S1081,P1106,C7755,3,2025-12-07,92058,0,Pune
S1082,P4003,C4330,6,2025-06-17,92118,15,Mumbai
S1083,P5504,C5544,12,2025-09-12,240156,0,Chandigarh
S1084,P3257,C4179,8,2024-09-21,144216,10,Delhi
S1085,P11,C5951,19,2025-05-02,27797,15,Bangalore
S1086,P4577,C8979,5,2025-04-13,146480,15,Bangalore
S1087,P3970,C5447,9,2025-08-29,433287,10,Mumbai
S1088,P5895,C7753,11,2024-06-02,120582,15,Jaipur
S1089,P8374,C8743,7,2024-11-24,327453,5,Pune
S1090,P4253,C9817,14,2024-12-20,217924,15,Jaipur
S1091,P5871,C4527,12,2024-06-07,443640,0,Bangalore
S1092,P7635,C2405,17,2025-09-18,330089,15,Jaipur
S1093,P8498,C2579,4,2025-06-30,39416,15,Mumbai
S1094,P8142,C9254,3,2024-07-06,112887,0,Delhi
S1095,P5018,C1930,12,2025-03-29,291300,0,Delhi
S1096,P4703,C1328,17,2024-10-07,20196,10,Jaipur
S1097,P1106,C3324,4,2024-12-17,150612,10,Mumbai
S1098,P1653,C6503,1,2026-05-09,19842,5,Delhi
S1099,P5488,C9939,16,2026-04-29,532400,5,Pune
S1100,P6458,C2901,16,2025-04-09,751600,5,Mumbai
S1101,P5831,C3608,3,2024-07-12,74622,10,Pune
S1102,P1429,C653,17,2025-10-19,422637,5,Jaipur
S1103,P595,C3481,17,2025-09-13,40970,10,Pune
S1104,P563,C2250,15,2025-06-10,239760,10,Pune
S1105,P9301,C1297,18,2025-06-30,428490,10,Delhi
S1106,P5595,C3574,19,2025-12-22,138700,5,Bangalore
S1107,P9663,C8356,11,2025-12-22,263912,5,Bangalore
S1108,P1101,C9764,17,2025-08-05,442918,15,Delhi
S1109,P2103,C3139,20,2024-07-09,498020,10,Chandigarh
S1110,P6052,C3674,16,2024-12-11,213712,5,Delhi
S1111,P307,C4880,2,2024-11-21,71596,10,Chandigarh
S1112,P6560,C3062,18,2024-11-01,814842,15,Bangalore
S1113,P7014,C7308,16,2025-05-07,160912,10,Chandigarh
S1114,P1965,C1872,19,2025-06-20,394003,15,Mumbai
S1115,P6173,C4136,1,2025-12-26,8899,5,Jaipur
S1116,P6635,C1893,3,2026-03-11,115050,0,Delhi
S1117,P8983,C1573,5,2025-07-29,133505,10,Delhi
S1118,P1584,C3243,13,2026-03-21,50817,10,Delhi
S1119,P5079,C9970,7,2024-10-22,72688,0,Mumbai
S1120,P1509,C6559,19,2025-11-25,493544,5,Bangalore
S1121,P6948,C7738,1,2025-04-06,14957,15,Chandigarh
S1122,P6067,C6895,1,2026-03-28,12668,5,Mumbai
S1123,P4879,C6394,2,2025-02-22,8024,10,Delhi
S1124,P961,C6882,5,2024-07-08,212330,0,Pune
S1125,P198,C9335,12,2025-03-04,308904,10,Mumbai
S1126,P3168,C6902,13,2024-12-07,494221,5,Delhi
S1127,P7099,C5109,9,2025-12-14,60516,0,Bangalore
S1128,P77,C9407,6,2024-07-06,191736,15,Bangalore
S1129,P2728,C9969,16,2024-12-18,477328,5,Mumbai
S1130,P4940,C8854,13,2024-10-23,278512,0,Pune
S1131,P7218,C5948,10,2024-07-02,246730,10,Bangalore
S1132,P3255,C320,3,2024-09-13,38601,15,Delhi
S1133,P6461,C1295,18,2025-10-24,540792,5,Jaipur
S1134,P6042,C9614,2,2024-12-12,8132,0,Delhi
S1135,P1048,C2134,8,2024-09-21,52640,5,Chandigarh
S1136,P5523,C5525,18,2026-02-06,726732,0,Bangalore
S1137,P9339,C3762,6,2025-05-18,152124,5,Bangalore
S1138,P6221,C6565,7,2025-08-07,321377,10,Delhi
S1139,P4499,C730,14,2024-06-30,275254,5,Delhi
S1140,P5820,C3508,7,2024-06-03,280462,15,Mumbai
S1141,P8467,C8425,13,2024-10-26,462137,10,Pune
S1142,P2705,C7496,3,2024-06-11,119271,0,Mumbai
S1143,P745,C5563,12,2025-08-26,297912,15,Chandigarh
S1144,P3457,C5147,1,2026-03-05,39904,10,Bangalore
S1145,P5394,C3155,8,2025-08-18,45312,5,Chandigarh
S1146,P3649,C1437,6,2025-03-07,63720,0,Bangalore
S1147,P3280,C8073,6,2025-03-22,152490,0,Bangalore
S1148,P3294,C1079,14,2025-10-02,645204,0,Delhi
S1149,P2340,C7308,11,2025-05-15,278872,5,Delhi
S1150,P9234,C4138,16,2026-05-23,573360,0,Jaipur
S1151,P9741,C5049,19,2024-10-30,678528,10,Delhi
S1152,P7306,C6119,5,2025-01-22,49820,10,Jaipur
S1153,P827,C7180,11,2026-04-22,171017,0,Mumbai
S1154,P6118,C9566,8,2025-07-10,20352,10,Bangalore
S1155,P7822,C6851,14,2025-02-28,558572,15,Jaipur
S1156,P4251,C7692,3,2025-11-21,35415,0,Pune
S1157,P9130,C8220,17,2025-05-30,741098,5,Mumbai
S1158,P7672,C6718,10,2025-02-26,372540,10,Pune
S1159,P2705,C6491,2,2024-09-26,76166,5,Jaipur
S1160,P7545,C8023,20,2025-05-14,57480,0,Chandigarh
S1161,P7845,C58,13,2026-05-09,204724,15,Mumbai
S1162,P7058,C9330,16,2024-08-01,233728,15,Delhi
S1163,P7907,C7344,18,2024-12-23,308376,10,Jaipur
S1164,P8483,C6746,14,2025-08-31,376992,5,Mumbai
S1165,P7074,C7880,10,2025-09-19,142410,0,Chandigarh
S1166,P9695,C3880,19,2025-06-07,815157,5,Delhi
S1167,P7475,C4432,18,2024-06-18,515700,10,Pune
S1168,P5070,C9085,3,2026-05-07,141102,10,Jaipur
S1169,P490,C8195,8,2025-10-15,97968,0,Bangalore
S1170,P9734,C2637,1,2026-05-24,4778,10,Jaipur
S1171,P5343,C4615,10,2025-08-31,144400,10,Jaipur
S1172,P3878,C926,3,2025-09-20,12696,5,Chandigarh
S1173,P1905,C5701,4,2025-10-25,47236,0,Pune
S1174,P4684,C1274,5,2024-11-02,108745,5,Mumbai
S1175,P3637,C4440,19,2025-01-05,658217,5,Mumbai
S1176,P7922,C6564,13,2025-08-22,569725,15,Pune
S1177,P2152,C332,19,2025-12-09,44099,5,Delhi
S1178,P2573,C5676,4,2024-06-19,69412,0,Mumbai
S1179,P6216,C5875,18,2025-09-02,29592,5,Mumbai
S1180,P3844,C8269,6,2026-02-07,129222,0,Jaipur
S1181,P9826,C9674,18,2026-02-27,812070,0,Pune
S1182,P1405,C2188,16,2024-06-29,135328,0,Chandigarh
S1183,P6205,C6880,17,2025-05-22,154377,10,Mumbai
S1184,P5197,C7332,13,2024-06-10,513201,5,Pune
S1185,P4290,C9959,14,2024-12-30,644308,0,Chandigarh
S1186,P1892,C3293,2,2026-05-04,28028,5,Chandigarh
S1187,P7141,C4743,7,2024-12-18,148477,5,Mumbai
S1188,P9753,C8907,19,2025-09-07,295583,15,Pune
S1189,P1456,C6727,20,2025-03-07,219260,5,Bangalore
S1190,P3950,C2135,8,2025-02-10,289792,0,Chandigarh
S1191,P5970,C4811,8,2024-12-19,73552,0,Pune
S1192,P5754,C2810,9,2025-04-13,141534,10,Jaipur
S1193,P8936,C876,4,2025-08-15,23288,0,Delhi
S1194,P6720,C9919,5,2024-09-23,143325,15,Chandigarh
S1195,P1171,C7864,17,2024-10-07,345899,10,Mumbai
S1196,P7115,C1652,9,2025-08-20,9297,0,Jaipur
S1197,P5396,C6234,8,2025-04-04,339352,15,Mumbai
S1198,P7246,C4468,16,2025-04-05,166368,10,Bangalore
S1199,P3322,C2774,13,2024-11-26,110396,10,Mumbai
S1200,P457,C7816,8,2026-01-28,267424,10,Chandigarh
S1201,P8022,C3324,19,2024-12-26,125286,0,Chandigarh
S1202,P1180,C9044,16,2026-02-10,332928,10,Pune
S1203,P4280,C6027,12,2026-03-30,343008,0,Bangalore
S1204,P6776,C290,5,2025-10-26,119595,5,Chandigarh
S1205,P6378,C1399,9,2024-07-24,105030,0,Pune
S1206,P8714,C8627,13,2025-03-14,340678,15,Mumbai
S1207,P1877,C4115,19,2025-10-04,752248,5,Chandigarh
S1208,P968,C5504,13,2025-10-11,622765,5,Pune
S1209,P6874,C5274,9,2024-06-22,380034,10,Jaipur
S1210,P4831,C1768,16,2025-08-31,321616,0,Pune
S1211,P5626,C4418,13,2025-09-18,311844,5,Delhi
S1212,P7922,C6114,1,2025-06-02,27853,15,Chandigarh
S1213,P4709,C2369,19,2025-08-14,867768,5,Mumbai
S1214,P5969,C5335,6,2024-07-12,231372,0,Jaipur
S1215,P4333,C4721,8,2026-05-12,291520,10,Pune
S1216,P264,C6469,13,2024-11-28,463619,5,Mumbai
S1217,P6320,C5799,20,2025-05-10,545760,10,Mumbai
S1218,P6738,C7055,20,2025-10-19,890060,10,Delhi
S1219,P1213,C306,10,2025-05-06,157440,0,Mumbai
S1220,P474,C8731,10,2024-09-14,315910,0,Chandigarh
S1221,P2001,C6152,6,2024-08-23,190608,15,Chandigarh
S1222,P3119,C8072,4,2024-11-18,33456,5,Delhi
S1223,P9406,C9755,6,2025-10-15,19956,10,Jaipur
S1224,P3962,C6834,1,2025-05-07,33994,10,Pune
S1225,P7199,C9981,15,2024-07-06,331260,5,Mumbai
S1226,P600,C4260,11,2025-10-29,390874,15,Jaipur
S1227,P5573,C7343,10,2025-06-15,386280,10,Mumbai
S1228,P1870,C466,1,2025-07-19,16389,5,Bangalore
S1229,P757,C1928,9,2024-12-05,195489,15,Jaipur
S1230,P9269,C4480,6,2025-04-27,31308,5,Jaipur
S1231,P6219,C6987,9,2025-05-26,193653,0,Delhi
S1232,P7589,C5399,2,2024-12-24,11298,15,Jaipur
S1233,P3917,C1978,18,2026-04-23,785232,0,Bangalore
S1234,P8771,C2060,8,2026-05-28,182608,10,Mumbai
S1235,P6179,C1967,19,2024-11-17,741323,0,Mumbai
S1236,P2037,C8828,16,2026-03-25,422656,15,Chandigarh
S1237,P6293,C6953,6,2026-05-17,171180,5,Bangalore
S1238,P7141,C6845,10,2026-02-10,146470,5,Bangalore
S1239,P6459,C4021,5,2025-02-15,122435,5,Jaipur
S1240,P688,C8108,4,2026-02-14,162712,10,Bangalore
S1241,P4516,C2661,9,2025-11-09,348120,10,Pune
S1242,P2853,C7934,14,2026-02-14,604576,0,Mumbai
S1243,P3833,C7158,19,2024-07-04,866248,10,Bangalore
S1244,P9375,C6380,17,2025-08-30,233835,10,Mumbai
S1245,P8818,C1300,7,2024-12-11,37191,5,Pune
S1246,P6145,C2085,7,2026-03-07,246729,0,Pune
S1247,P6358,C6352,4,2025-01-06,163864,15,Jaipur
S1248,P1042,C6528,15,2025-11-25,628800,0,Pune
S1249,P155,C9574,17,2025-10-09,532559,0,Bangalore
S1250,P8949,C7186,9,2025-02-17,273519,10,Mumbai
S1251,P8920,C5334,3,2025-04-29,145749,10,Delhi
S1252,P6739,C1466,1,2025-08-26,13371,5,Mumbai
S1253,P116,C7964,19,2026-02-07,357485,5,Chandigarh
S1254,P8951,C2112,5,2025-07-01,27070,5,Delhi
S1255,P3563,C4093,4,2025-11-24,83972,0,Bangalore
S1256,P3385,C8435,11,2026-04-09,366597,5,Pune
S1257,P703,C4102,4,2025-04-29,50108,10,Bangalore
S1258,P1286,C2879,4,2025-09-30,119028,15,Bangalore
S1259,P2930,C1708,4,2026-02-12,26896,0,Pune
S1260,P782,C7069,5,2026-01-09,133010,0,Pune
S1261,P1945,C3712,19,2024-07-02,925946,5,Mumbai
S1262,P5292,C8080,4,2025-01-27,51712,0,Bangalore
S1263,P8150,C7815,5,2025-12-07,172050,5,Jaipur
S1264,P8289,C8815,4,2024-06-29,32448,10,Pune
S1265,P482,C9662,15,2024-11-17,720165,0,Pune
S1266,P5314,C1768,18,2024-07-01,444222,15,Delhi
S1267,P6007,C1564,14,2025-03-25,608300,0,Delhi
S1268,P1921,C8700,16,2024-12-10,386352,15,Bangalore
S1269,P6290,C9630,2,2024-06-08,84154,5,Bangalore
S1270,P5549,C5312,4,2025-03-20,173396,15,Jaipur
S1271,P8780,C2301,12,2026-01-23,44064,5,Bangalore
S1272,P3675,C5322,3,2024-10-13,50820,10,Pune
S1273,P8331,C1177,20,2025-04-29,542080,10,Bangalore
S1274,P6029,C1523,5,2025-12-06,73785,5,Jaipur
S1275,P4456,C6085,9,2025-02-19,291267,10,Bangalore
S1276,P2653,C4102,6,2026-04-14,286452,5,Bangalore
S1277,P3111,C8236,18,2025-12-06,130140,15,Chandigarh
S1278,P1712,C9339,9,2024-09-13,232614,15,Jaipur
S1279,P753,C808,17,2025-08-24,365908,15,Delhi
S1280,P7235,C8742,18,2025-12-14,573210,15,Jaipur
S1281,P3917,C3549,3,2025-01-31,16794,10,Chandigarh
S1282,P1733,C7932,13,2025-03-14,40794,5,Bangalore
S1283,P6210,C181,14,2024-12-26,662354,5,Chandigarh
S1284,P4238,C3407,13,2025-04-23,256360,0,Bangalore
S1285,P9610,C6278,9,2025-02-19,50220,10,Chandigarh
S1286,P9607,C9779,8,2024-07-17,351504,5,Bangalore
S1287,P6285,C3574,9,2025-08-22,436635,5,Delhi
S1288,P4310,C2725,10,2025-10-28,260130,10,Jaipur
S1289,P5479,C1964,20,2025-03-25,803600,10,Pune
S1290,P5318,C903,7,2025-06-06,74445,5,Pune
S1291,P6781,C2449,16,2025-08-26,581088,0,Jaipur
S1292,P5316,C2331,6,2024-12-03,101016,15,Chandigarh
S1293,P3736,C8732,18,2025-11-29,647028,10,Mumbai
S1294,P1658,C1934,9,2026-02-19,105669,10,Chandigarh
S1295,P5236,C3395,19,2026-05-20,461510,0,Jaipur
S1296,P9716,C6777,2,2026-01-21,72230,10,Delhi
S1297,P2442,C9258,10,2025-04-12,226530,5,Chandigarh
S1298,P9427,C7143,5,2024-11-27,150505,10,Pune
S1299,P6654,C1995,14,2026-01-02,200844,15,Chandigarh
S1300,P1842,C2440,17,2024-06-14,231965,10,Bangalore
S1301,P6093,C739,20,2024-12-28,369820,0,Bangalore
S1302,P2865,C4103,2,2025-11-26,8108,0,Jaipur
S1303,P5106,C5147,12,2024-09-24,76872,10,Chandigarh
S1304,P866,C8276,12,2024-09-16,526416,5,Jaipur
S1305,P3975,C4779,13,2024-09-06,536588,10,Mumbai
S1306,P3505,C1833,10,2024-08-20,30730,10,Chandigarh
S1307,P8227,C8634,6,2025-04-15,130362,10,Bangalore
S1308,P4148,C5669,15,2026-02-02,665145,15,Mumbai
S1309,P4851,C2780,13,2026-02-07,113945,5,Delhi
S1310,P9896,C2410,2,2025-03-21,11088,0,Pune
S1311,P5588,C692,12,2025-06-19,117288,10,Jaipur
S1312,P8147,C9692,17,2025-01-11,578170,15,Mumbai
S1313,P3279,C303,9,2024-10-02,432936,0,Chandigarh
S1314,P7703,C1376,3,2024-06-06,103890,0,Jaipur
S1315,P2469,C4761,20,2024-12-01,577240,15,Pune
S1316,P8025,C5536,8,2024-10-31,228696,0,Delhi
S1317,P8424,C7839,6,2024-08-15,213336,5,Jaipur
S1318,P4726,C542,16,2026-05-21,658688,10,Delhi
S1319,P8862,C8421,16,2024-09-24,414272,5,Chandigarh
S1320,P9371,C293,20,2025-05-19,949140,15,Delhi
S1321,P496,C9025,2,2026-03-08,39716,10,Chandigarh
S1322,P8025,C48,10,2026-01-18,89240,5,Mumbai
S1323,P881,C4692,11,2024-07-26,161381,10,Bangalore
S1324,P4120,C3179,12,2026-05-03,344760,5,Chandigarh
S1325,P4000,C448,11,2025-06-28,312719,10,Pune
S1326,P1360,C6075,2,2025-07-17,2586,5,Pune
S1327,P6599,C5476,8,2025-04-03,89352,15,Delhi
S1328,P9496,C267,19,2025-08-16,74195,5,Bangalore
S1329,P8994,C113,8,2025-04-21,231512,10,Chandigarh
S1330,P5820,C1009,18,2024-07-06,786420,15,Jaipur
S1331,P8857,C7454,6,2024-12-28,294882,10,Jaipur
S1332,P8744,C8766,4,2025-03-03,17848,15,Delhi
S1333,P1735,C2287,18,2024-09-30,698454,15,Mumbai
S1334,P5714,C7599,6,2025-03-01,91968,0,Delhi
S1335,P6146,C1536,12,2025-09-11,271620,10,Delhi
S1336,P7627,C217,10,2024-05-30,412810,0,Delhi
S1337,P9435,C9681,9,2024-08-13,368397,15,Pune
S1338,P3460,C3032,11,2025-10-12,151184,10,Bangalore
S1339,P6171,C3405,5,2025-06-21,40525,10,Mumbai
S1340,P8182,C4729,3,2025-07-17,127011,0,Jaipur
S1341,P5100,C6293,5,2025-02-09,38705,0,Jaipur
S1342,P3684,C1485,18,2025-04-28,435816,10,Jaipur
S1343,P3735,C8666,13,2025-06-21,438984,10,Chandigarh
S1344,P2082,C327,15,2025-03-20,703155,10,Jaipur
S1345,P2696,C558,4,2024-09-01,33408,10,Pune
S1346,P6146,C5279,19,2024-06-25,733989,5,Mumbai
S1347,P755,C6634,17,2026-04-25,499069,5,Delhi
S1348,P9864,C2997,15,2024-11-23,521640,15,Bangalore
S1349,P3883,C4261,4,2024-12-31,71904,0,Mumbai
S1350,P7125,C2365,11,2025-09-26,146102,5,Mumbai
S1351,P3156,C8589,5,2026-05-01,97535,15,Delhi
S1352,P2568,C1294,10,2026-03-25,42250,0,Mumbai
S1353,P8395,C156,17,2024-12-01,678300,0,Pune
S1354,P3509,C8816,12,2024-10-19,554832,15,Bangalore
S1355,P1644,C9822,18,2024-07-29,49248,5,Delhi
S1356,P3744,C2487,15,2025-03-08,677865,5,Jaipur
S1357,P1322,C1756,18,2024-08-15,542412,10,Bangalore
S1358,P4781,C4784,13,2025-05-16,619801,5,Delhi
S1359,P5882,C5349,1,2024-08-15,25933,15,Mumbai
S1360,P8408,C2687,18,2024-08-28,245718,10,Jaipur
S1361,P906,C8101,17,2025-10-26,529703,0,Mumbai
S1362,P7698,C8277,12,2026-05-25,120048,5,Mumbai
S1363,P5868,C6673,8,2024-09-13,397768,5,Pune
S1364,P9588,C6531,14,2025-03-26,88186,15,Chandigarh
S1365,P4191,C5362,12,2026-01-29,266688,10,Delhi
S1366,P6513,C2697,7,2024-12-13,327824,0,Bangalore
S1367,P9494,C1874,14,2024-11-27,487718,10,Chandigarh
S1368,P2954,C3484,3,2025-09-24,111936,10,Pune
S1369,P6956,C5930,17,2024-11-29,140590,10,Jaipur
S1370,P1317,C124,1,2026-02-20,28143,5,Mumbai
S1371,P4318,C5468,9,2025-01-30,404181,0,Delhi
S1372,P5933,C4014,20,2024-08-15,96420,15,Mumbai
S1373,P1082,C6773,18,2026-03-20,199332,5,Bangalore
S1374,P7216,C6989,5,2024-10-02,182410,5,Bangalore
S1375,P2942,C904,9,2025-05-13,221850,5,Mumbai
S1376,P7810,C3270,10,2026-02-04,379920,0,Chandigarh
S1377,P3941,C9713,2,2024-09-21,4510,0,Mumbai
S1378,P4343,C7964,9,2025-08-03,388953,10,Bangalore
S1379,P1213,C9718,5,2025-11-11,100900,10,Mumbai
S1380,P9964,C3920,10,2024-06-15,390560,10,Mumbai
S1381,P1444,C977,4,2026-05-11,14528,15,Pune
S1382,P2316,C3372,6,2025-10-20,173526,10,Bangalore
S1383,P4291,C9486,19,2025-04-14,323779,5,Pune
S1384,P9982,C8606,19,2024-10-26,737371,5,Jaipur
S1385,P9919,C2151,2,2024-12-01,42558,15,Chandigarh
S1386,P5313,C2476,13,2026-05-03,156819,5,Chandigarh
S1387,P4060,C7118,14,2024-08-02,578564,15,Delhi
S1388,P2360,C8458,5,2025-11-06,28690,0,Chandigarh
S1389,P7018,C3181,20,2025-04-02,447200,10,Pune
S1390,P3532,C332,7,2025-04-12,231896,15,Mumbai
S1391,P2202,C2362,11,2025-05-28,252076,5,Mumbai
S1392,P746,C481,3,2024-11-23,149907,5,Mumbai
S1393,P9561,C2824,14,2026-03-20,502586,10,Delhi
S1394,P6791,C3946,11,2026-05-14,463760,10,Mumbai
S1395,P514,C5408,11,2025-10-29,50501,10,Delhi
S1396,P6474,C1447,14,2025-08-23,234010,5,Mumbai
S1397,P2917,C8787,10,2025-05-06,498100,0,Pune
S1398,P1804,C8556,12,2026-04-28,280044,10,Pune
S1399,P2062,C7740,14,2026-01-24,262948,10,Bangalore
S1400,P1270,C5174,2,2026-03-28,52926,5,Chandigarh
S1401,P8980,C917,1,2025-06-25,36737,0,Jaipur
S1402,P425,C5442,1,2024-07-21,5349,0,Delhi
S1403,P7290,C6918,15,2025-07-09,571410,15,Delhi
S1404,P5275,C2470,4,2025-12-16,96072,5,Jaipur
S1405,P6007,C4788,4,2026-05-04,79660,10,Pune
S1406,P5614,C6640,9,2025-04-10,106722,10,Mumbai
S1407,P4897,C6821,18,2026-05-09,654318,0,Chandigarh
S1408,P1683,C4860,16,2026-02-26,390128,10,Jaipur
S1409,P3265,C6081,19,2026-02-04,341582,0,Bangalore
S1410,P3895,C3001,9,2026-01-19,185652,0,Chandigarh
S1411,P1170,C1442,17,2024-08-28,208301,15,Bangalore
S1412,P1189,C3221,1,2026-02-05,45049,0,Pune
S1413,P3142,C8542,2,2024-06-14,67636,15,Pune
S1414,P9728,C8788,4,2024-06-23,92352,0,Mumbai
S1415,P175,C8926,11,2026-03-30,476729,5,Chandigarh
S1416,P7771,C2745,2,2024-11-25,35614,5,Jaipur
S1417,P5160,C6357,1,2024-12-24,39354,15,Mumbai
S1418,P1469,C4718,20,2025-03-16,474820,0,Jaipur
S1419,P1632,C8943,8,2024-10-21,34816,10,Mumbai
S1420,P5206,C5936,20,2025-04-08,79000,0,Jaipur
S1421,P6386,C5048,16,2025-12-11,99440,5,Jaipur
S1422,P3754,C5634,4,2025-04-20,187128,10,Jaipur
S1423,P4294,C8434,2,2024-06-09,57806,15,Mumbai
S1424,P1448,C6677,17,2025-05-04,646170,15,Pune
S1425,P8648,C2720,3,2024-06-28,33312,0,Jaipur
S1426,P4936,C5764,14,2026-04-29,684628,5,Jaipur
S1427,P3490,C9488,17,2025-01-08,786760,15,Delhi
S1428,P4948,C5870,6,2026-03-20,264432,0,Jaipur
S1429,P1369,C7009,12,2026-05-14,256104,15,Jaipur
S1430,P6991,C7050,9,2026-01-11,370773,5,Jaipur
S1431,P3342,C3337,18,2024-12-17,316008,0,Mumbai
S1432,P6808,C6774,9,2024-11-14,311535,0,Chandigarh
S1433,P4365,C6364,7,2025-04-29,234213,0,Jaipur
S1434,P7345,C3119,4,2025-12-30,51972,10,Delhi
S1435,P9429,C1213,3,2026-03-05,101937,10,Pune
S1436,P4508,C2794,1,2026-03-30,32188,5,Delhi
S1437,P8332,C4742,7,2024-06-23,231084,0,Mumbai
S1438,P6757,C2779,1,2025-01-21,48126,10,Delhi
S1439,P7347,C9827,6,2025-07-02,30222,0,Pune
S1440,P1755,C2770,2,2025-07-01,47912,15,Bangalore
S1441,P8333,C3717,14,2025-01-04,74956,0,Mumbai
S1442,P1740,C8256,3,2025-08-18,62571,10,Mumbai
S1443,P4723,C8987,16,2025-11-23,753840,5,Chandigarh
S1444,P7547,C5069,2,2025-08-02,86576,15,Mumbai
S1445,P3717,C2798,4,2025-02-14,67900,15,Jaipur
S1446,P8414,C1440,14,2025-12-17,378910,5,Chandigarh
S1447,P1540,C2819,13,2025-02-12,222547,15,Chandigarh
S1448,P7556,C4078,7,2026-01-12,243138,5,Jaipur
S1449,P6582,C7640,6,2025-06-11,109986,5,Pune
S1450,P660,C4547,10,2024-07-15,448120,15,Chandigarh
S1451,P1360,C1331,16,2024-09-05,286640,10,Pune
S1452,P4717,C2310,1,2026-01-03,25454,10,Mumbai
S1453,P1076,C1312,5,2025-07-26,200275,0,Chandigarh
S1454,P3352,C6424,16,2025-02-12,692016,0,Pune
S1455,P8979,C711,14,2025-08-07,339458,0,Pune
S1456,P4645,C8658,4,2025-03-04,149896,15,Jaipur
S1457,P5464,C4098,16,2024-06-29,275856,0,Jaipur
S1458,P4133,C789,19,2025-05-27,110960,15,Pune
S1459,P8050,C9937,14,2025-10-08,333592,0,Jaipur
S1460,P4029,C6355,3,2025-09-12,144153,5,Jaipur
S1461,P7328,C271,6,2024-12-31,215292,15,Chandigarh
S1462,P3149,C862,18,2024-09-17,691956,15,Jaipur
S1463,P6054,C7450,7,2026-01-27,92463,10,Mumbai
S1464,P4605,C248,6,2024-11-01,66060,15,Bangalore
S1465,P2774,C844,7,2024-09-25,144998,10,Mumbai
S1466,P2765,C7436,13,2025-03-11,436592,10,Mumbai
S1467,P1523,C4385,10,2025-05-22,137080,15,Jaipur
S1468,P8299,C1576,15,2025-06-03,292830,0,Chandigarh
S1469,P6638,C9408,1,2025-04-03,15694,0,Delhi
S1470,P1956,C1821,18,2025-08-23,91854,0,Chandigarh
S1471,P1278,C9278,4,2025-06-28,16268,0,Jaipur
S1472,P5548,C7689,9,2025-09-08,294120,5,Delhi
S1473,P8699,C979,13,2024-10-03,238901,10,Bangalore
S1474,P4939,C3541,13,2024-11-08,471432,10,Mumbai
S1475,P2821,C2339,7,2024-08-12,344778,5,Chandigarh
S1476,P1896,C3955,10,2024-10-09,459900,5,Jaipur
S1477,P7724,C364,10,2025-09-18,386090,10,Chandigarh
S1478,P9435,C1261,13,2024-07-12,394927,10,Bangalore
S1479,P6310,C2228,8,2025-03-03,159808,0,Mumbai
S1480,P5316,C6160,8,2026-02-15,221736,15,Pune
S1481,P5046,C3627,7,2025-04-14,310331,10,Mumbai
S1482,P2722,C5526,15,2026-05-22,39510,10,Bangalore
S1483,P8641,C3603,15,2024-12-03,527010,5,Pune
S1484,P228,C1728,6,2024-08-25,97434,5,Pune
S1485,P6479,C2559,18,2025-12-10,490086,15,Jaipur
S1486,P7757,C9573,6,2026-03-31,274992,0,Jaipur
S1487,P764,C9412,17,2025-08-09,492116,0,Bangalore
S1488,P9117,C9112,3,2025-05-27,148185,0,Mumbai
S1489,P4106,C736,13,2026-03-26,234767,10,Pune
S1490,P8605,C2708,15,2026-05-07,464310,5,Chandigarh
S1491,P3003,C2469,20,2026-05-18,916060,10,Mumbai
S1492,P5400,C6760,12,2025-02-25,241968,15,Pune
S1493,P2205,C3431,5,2026-04-19,158555,15,Chandigarh
S1494,P4460,C1833,16,2025-10-23,433984,5,Delhi
S1495,P665,C3917,12,2025-03-23,423648,10,Mumbai
S1496,P7676,C918,18,2025-09-08,267138,10,Jaipur
S1497,P8144,C8372,10,2024-07-01,382640,15,Chandigarh
S1498,P2489,C2750,11,2026-04-27,175076,10,Pune
S1499,P1731,C4038,17,2024-08-21,761328,15,Chandigarh
S1500,P7576,C7995,7,2026-04-10,337974,5,Pune
S1501,P9394,C6040,13,2026-04-01,566046,5,Mumbai
S1502,P4648,C8654,7,2025-10-24,259161,5,Bangalore
S1503,P9573,C5352,16,2025-12-01,196560,5,Bangalore
S1504,P7089,C8058,4,2024-07-22,94996,5,Chandigarh
S1505,P1239,C803,6,2025-02-13,174726,5,Delhi
S1506,P9033,C8874,17,2024-10-24,71162,5,Bangalore
S1507,P963,C9725,1,2026-01-06,38937,15,Pune
S1508,P8482,C5614,11,2024-11-23,193897,10,Jaipur
S1509,P1534,C3233,8,2025-06-24,151592,15,Pune
S1510,P9319,C6757,17,2024-10-15,160769,0,Bangalore
S1511,P8804,C9392,13,2025-08-10,56303,10,Bangalore
S1512,P5166,C3412,16,2026-04-03,577776,5,Bangalore
S1513,P1579,C138,5,2025-11-28,160220,15,Bangalore
S1514,P7755,C3310,13,2025-06-13,92521,0,Chandigarh
S1515,P3284,C4848,3,2025-02-17,16563,15,Pune
S1516,P9588,C8361,12,2025-03-20,73572,10,Delhi
S1517,P6136,C9881,11,2026-01-20,380655,15,Mumbai
S1518,P6836,C5074,1,2025-12-03,44517,15,Jaipur
S1519,P3039,C5363,3,2026-03-14,74541,15,Mumbai
S1520,P8274,C2643,17,2024-07-27,592688,0,Chandigarh
S1521,P380,C6912,11,2025-11-30,139106,15,Mumbai
S1522,P2988,C7282,7,2024-10-29,307874,0,Bangalore
S1523,P5751,C587,18,2024-07-08,881496,15,Delhi
S1524,P3501,C3965,17,2025-06-24,772786,15,Delhi
S1525,P9236,C6547,4,2025-08-23,199956,15,Mumbai
S1526,P4039,C8465,20,2026-02-16,311240,0,Bangalore
S1527,P4737,C5630,17,2026-04-04,691118,10,Bangalore
S1528,P8957,C9168,19,2024-10-13,83087,0,Chandigarh
S1529,P5234,C1491,6,2026-02-08,159972,15,Jaipur
S1530,P335,C9759,12,2026-02-22,295452,5,Bangalore
S1531,P246,C1056,5,2025-01-12,173760,0,Jaipur
S1532,P7287,C4355,2,2026-03-10,73166,15,Pune
S1533,P9799,C429,4,2025-06-30,12268,10,Bangalore
S1534,P7250,C965,13,2025-08-06,364676,10,Pune
S1535,P7418,C7955,4,2025-05-17,103296,5,Pune
S1536,P4550,C5607,2,2026-01-24,79002,10,Chandigarh
S1537,P687,C6683,16,2025-10-13,577728,15,Chandigarh
S1538,P9679,C1919,13,2024-07-12,400374,5,Delhi
S1539,P5640,C9043,8,2026-03-27,348624,0,Delhi
S1540,P3483,C1343,6,2025-12-19,265806,5,Jaipur
S1541,P8517,C421,6,2025-03-04,281682,10,Chandigarh
S1542,P2674,C126,2,2026-04-06,8802,5,Delhi
S1543,P1674,C4533,13,2026-04-15,96616,0,Pune
S1544,P9595,C6132,7,2024-12-23,120120,10,Delhi
S1545,P490,C930,1,2025-04-10,33599,0,Bangalore
S1546,P7873,C102,12,2024-08-20,442572,0,Delhi
S1547,P8585,C2216,14,2025-06-17,111804,0,Delhi
S1548,P3255,C1826,5,2025-07-25,236465,0,Delhi
S1549,P8824,C4693,19,2025-06-19,377207,15,Bangalore
S1550,P8784,C7002,17,2024-11-19,225182,10,Chandigarh
S1551,P6786,C9458,3,2025-02-10,68850,10,Delhi
S1552,P8986,C453,12,2025-06-11,400836,15,Chandigarh
S1553,P9228,C1500,5,2025-07-10,184880,5,Pune
S1554,P3184,C4728,12,2025-11-13,112488,5,Pune
S1555,P6746,C7635,9,2025-11-21,66456,5,Mumbai
S1556,P4468,C5817,19,2025-09-27,896591,0,Jaipur
S1557,P3480,C913,19,2024-10-25,138947,10,Chandigarh
S1558,P6877,C5654,8,2026-04-17,243384,0,Pune
S1559,P1339,C1887,11,2026-03-21,334961,10,Pune
S1560,P3823,C2103,16,2025-04-16,370688,0,Bangalore
S1561,P2085,C5819,16,2026-02-04,264688,5,Mumbai
S1562,P691,C5808,6,2025-08-08,108576,10,Chandigarh
S1563,P5678,C2403,17,2025-06-26,794648,5,Mumbai
S1564,P2117,C9645,19,2026-01-04,928188,10,Mumbai
S1565,P7584,C8279,10,2025-09-05,464680,5,Bangalore
S1566,P163,C5907,19,2025-10-12,857185,10,Mumbai
S1567,P2997,C8046,3,2025-05-14,56253,15,Delhi
S1568,P7901,C5326,3,2025-05-01,32574,0,Bangalore
S1569,P7299,C4182,8,2026-03-14,103896,15,Jaipur
S1570,P1557,C3065,13,2025-01-16,520533,10,Pune
S1571,P8454,C8402,7,2025-03-02,120449,10,Jaipur
S1572,P8687,C3822,9,2024-07-31,146115,5,Delhi
S1573,P2670,C6018,10,2025-01-01,135830,10,Bangalore
S1574,P1778,C8375,1,2025-11-16,46549,10,Chandigarh
S1575,P2456,C3046,6,2025-12-02,240798,10,Chandigarh
S1576,P9557,C6434,9,2025-09-21,41013,5,Pune
S1577,P8029,C5156,12,2026-02-07,122952,5,Chandigarh
S1578,P7963,C1195,20,2024-07-09,612420,0,Jaipur
S1579,P7984,C871,5,2024-09-01,177805,5,Delhi
S1580,P5071,C5672,2,2024-08-30,26574,0,Mumbai
S1581,P9187,C4647,20,2025-02-24,715960,10,Chandigarh
S1582,P8834,C3738,1,2025-05-05,11512,15,Jaipur
S1583,P278,C1803,14,2025-08-21,689234,0,Jaipur
S1584,P9767,C6849,3,2024-09-19,119118,5,Delhi
S1585,P384,C8452,1,2026-05-02,43162,15,Chandigarh
S1586,P2761,C4643,3,2025-10-02,130677,15,Chandigarh
S1587,P4484,C4091,3,2025-02-28,43476,0,Jaipur
S1588,P3144,C2854,9,2024-11-18,269982,5,Mumbai
S1589,P1272,C71,18,2026-01-29,788292,5,Jaipur
S1590,P4006,C2015,17,2025-03-07,130475,15,Delhi
S1591,P9462,C8501,13,2025-12-10,338065,10,Jaipur
S1592,P512,C9441,1,2026-01-01,34714,0,Mumbai
S1593,P3170,C3889,19,2024-11-25,386878,5,Bangalore
S1594,P340,C5429,11,2026-05-02,81554,0,Chandigarh
S1595,P5290,C3719,16,2026-03-19,124320,10,Bangalore
S1596,P1398,C1765,16,2025-04-08,127536,5,Pune
S1597,P741,C249,18,2026-03-15,254880,15,Pune
S1598,P1752,C6300,19,2026-01-16,107122,15,Pune
S1599,P8850,C5539,1,2024-07-11,29606,0,Jaipur
S1600,P8605,C482,7,2024-11-21,233429,15,Pune
S1601,P5609,C4627,7,2026-04-30,265503,0,Bangalore
S1602,P2156,C2472,2,2025-03-06,49372,0,Chandigarh
S1603,P5275,C8867,15,2025-09-05,139050,5,Pune
S1604,P4670,C7251,11,2025-06-11,441177,15,Jaipur
S1605,P6153,C9209,6,2025-05-14,109140,5,Bangalore
S1606,P2567,C5927,5,2025-05-04,177670,5,Mumbai
S1607,P4375,C7731,12,2025-03-29,443688,10,Pune
S1608,P9479,C9701,4,2025-04-01,174772,10,Chandigarh
S1609,P6242,C5205,16,2024-11-12,593152,5,Jaipur
S1610,P226,C9190,7,2025-08-08,349986,10,Chandigarh
S1611,P5266,C7540,2,2025-10-31,22180,0,Delhi
S1612,P5520,C7843,10,2025-07-10,156360,5,Jaipur
S1613,P3252,C9456,8,2025-12-24,298576,0,Delhi
S1614,P6258,C59,12,2025-01-09,342180,10,Chandigarh
S1615,P428,C3657,18,2025-09-23,271494,10,Bangalore
S1616,P4945,C3110,18,2026-01-01,200034,0,Pune
S1617,P9825,C1611,11,2026-02-24,263802,10,Chandigarh
S1618,P821,C4183,7,2025-02-07,50169,15,Mumbai
S1619,P8088,C2875,10,2025-01-23,124150,0,Chandigarh
S1620,P6943,C3143,7,2025-02-27,53816,10,Chandigarh
S1621,P863,C1196,20,2024-08-01,995180,15,Mumbai
S1622,P5079,C892,6,2025-04-10,271656,10,Pune
S1623,P3241,C958,11,2024-06-25,194150,0,Jaipur
S1624,P7091,C7878,7,2025-02-28,253190,5,Mumbai
S1625,P8276,C9444,17,2024-06-29,153136,15,Mumbai
S1626,P8786,C9904,1,2025-03-01,25261,15,Jaipur
S1627,P6654,C7639,19,2024-11-21,276070,15,Pune
S1628,P5700,C5675,3,2024-07-20,107061,5,Delhi
S1629,P3295,C720,16,2024-09-21,72592,10,Pune
S1630,P3712,C2583,15,2025-07-09,551970,10,Pune
S1631,P2645,C1773,2,2026-02-20,66224,0,Bangalore
S1632,P3081,C109,11,2025-05-06,320232,0,Delhi
S1633,P7421,C8046,5,2024-11-12,243135,10,Chandigarh
S1634,P1673,C6355,16,2026-02-21,292800,10,Bangalore
S1635,P9345,C7419,18,2025-12-22,202392,0,Chandigarh
S1636,P3731,C5417,15,2026-02-10,489795,10,Jaipur
S1637,P8239,C9913,15,2026-03-04,325365,15,Jaipur
S1638,P4190,C4241,5,2025-08-13,63595,10,Chandigarh
S1639,P200,C5123,12,2025-06-29,320364,5,Pune
S1640,P9713,C4472,3,2026-03-23,103422,10,Jaipur
S1641,P5213,C5092,20,2025-10-07,78860,5,Chandigarh
S1642,P3349,C505,16,2025-12-17,698176,15,Chandigarh
S1643,P1856,C9074,1,2026-04-08,40539,10,Mumbai
S1644,P7990,C6906,9,2025-11-08,319590,15,Pune
S1645,P8665,C9639,18,2025-02-16,735354,0,Jaipur
S1646,P9154,C2491,20,2024-11-26,478060,10,Jaipur
S1647,P3817,C4421,7,2025-03-25,179830,10,Jaipur
S1648,P7517,C2751,4,2025-06-01,48728,10,Jaipur
S1649,P986,C401,14,2024-06-27,588560,15,Chandigarh
S1650,P1158,C7350,11,2026-04-30,164802,10,Bangalore
S1651,P8861,C2835,9,2024-08-31,118152,15,Pune
S1652,P8387,C9068,15,2026-01-12,216270,15,Mumbai
S1653,P1265,C6916,14,2024-09-08,435372,0,Jaipur
S1654,P5399,C7360,10,2026-03-15,245400,5,Pune
S1655,P6065,C5419,4,2026-02-07,65164,0,Delhi
S1656,P348,C3340,2,2024-10-26,43628,5,Chandigarh
S1657,P1861,C8525,10,2025-01-07,376900,0,Chandigarh
S1658,P3951,C7718,4,2026-04-19,50600,0,Pune
S1659,P7382,C5372,11,2024-07-21,226204,0,Chandigarh
S1660,P2432,C5443,12,2025-07-15,39948,10,Chandigarh
S1661,P9701,C6486,18,2025-04-23,25110,5,Pune
S1662,P6411,C3810,3,2024-10-01,62931,0,Bangalore
S1663,P8985,C1535,1,2025-03-25,20927,0,Jaipur
S1664,P443,C9298,14,2026-03-02,656096,0,Delhi
S1665,P2433,C2790,15,2025-10-21,78855,10,Mumbai
S1666,P3277,C3947,12,2025-08-12,486768,10,Mumbai
S1667,P3885,C3477,12,2025-10-02,225144,0,Pune
S1668,P1124,C5114,1,2026-03-05,23797,10,Jaipur
S1669,P5669,C9328,5,2026-01-13,164300,0,Bangalore
S1670,P4044,C6765,14,2025-10-09,606228,10,Chandigarh
S1671,P1189,C865,7,2025-02-07,76692,10,Chandigarh
S1672,P3588,C8117,10,2024-10-11,161650,10,Chandigarh
S1673,P9198,C1197,1,2026-05-15,8670,0,Bangalore
S1674,P3472,C7685,1,2024-09-07,7630,15,Delhi
S1675,P6069,C2967,9,2025-05-06,230112,5,Delhi
S1676,P3231,C5778,6,2025-01-04,110322,0,Delhi
S1677,P4153,C6768,16,2024-06-25,93776,5,Jaipur
S1678,P8735,C122,4,2025-04-03,25644,0,Pune
S1679,P5514,C3751,14,2025-05-31,687918,5,Bangalore
S1680,P754,C3935,17,2025-08-08,112472,5,Jaipur
S1681,P5839,C1369,7,2025-05-05,32319,0,Chandigarh
S1682,P3859,C7310,13,2026-05-14,224601,10,Jaipur
S1683,P4218,C8701,12,2024-06-21,225684,15,Chandigarh
S1684,P4339,C1262,4,2025-05-17,58028,10,Pune
S1685,P9028,C2639,12,2024-08-07,411468,5,Chandigarh
S1686,P2235,C2351,8,2024-09-26,145560,10,Pune
S1687,P8963,C5618,6,2026-01-17,46212,5,Chandigarh
S1688,P4193,C7336,14,2026-02-15,627522,0,Chandigarh
S1689,P2266,C7933,3,2026-02-26,122166,15,Mumbai
S1690,P7024,C6907,11,2024-09-16,529540,15,Jaipur
S1691,P3124,C13,2,2025-10-03,30298,10,Bangalore
S1692,P6541,C2457,10,2026-05-25,184990,5,Jaipur
S1693,P9684,C2351,18,2024-06-11,163260,10,Mumbai
S1694,P7306,C1664,20,2025-08-02,991920,5,Jaipur
S1695,P1553,C2752,8,2026-03-27,128808,15,Bangalore
S1696,P7886,C7262,13,2026-02-04,246103,10,Pune
S1697,P4006,C573,6,2024-06-23,48240,5,Mumbai
S1698,P9545,C2975,19,2024-09-12,173451,15,Delhi
S1699,P6216,C8689,18,2025-02-28,796518,5,Bangalore
S1700,P1978,C895,9,2025-03-27,94032,0,Bangalore
S1701,P4674,C3108,19,2026-05-05,163210,0,Pune
S1702,P2150,C4140,7,2024-12-29,122185,15,Chandigarh
S1703,P1874,C1127,4,2026-04-15,41504,5,Bangalore
S1704,P1842,C3903,18,2026-04-05,852660,5,Delhi
S1705,P6672,C1718,7,2024-11-30,133077,10,Mumbai
S1706,P6017,C6813,11,2025-05-06,12507,15,Mumbai
S1707,P8506,C8275,5,2025-08-18,21895,5,Pune
S1708,P1900,C6488,10,2025-10-04,20380,15,Pune
S1709,P8968,C7620,17,2026-04-20,208301,15,Jaipur
S1710,P8561,C7948,11,2025-02-21,395461,10,Mumbai
S1711,P2261,C8366,2,2024-07-12,13900,0,Bangalore
S1712,P1765,C649,8,2024-06-29,28944,10,Mumbai
S1713,P9323,C534,14,2024-12-16,565180,5,Bangalore
S1714,P4595,C3541,5,2024-12-07,88505,15,Chandigarh
S1715,P7500,C7459,20,2025-01-14,146480,0,Mumbai
S1716,P5173,C1388,18,2025-02-26,354042,10,Chandigarh
S1717,P5153,C7429,9,2025-01-24,54009,10,Pune
S1718,P29,C8292,12,2026-04-30,480276,0,Bangalore
S1719,P6186,C1560,2,2026-02-12,91874,0,Bangalore
S1720,P8725,C3583,18,2026-04-05,223110,0,Jaipur
S1721,P6546,C4775,18,2025-11-23,869868,15,Mumbai
S1722,P1816,C7454,7,2026-02-23,309729,15,Mumbai
S1723,P1521,C9284,3,2024-09-05,15165,5,Pune
S1724,P1117,C7537,13,2026-04-01,434434,10,Mumbai
S1725,P58,C9616,7,2026-05-08,95522,10,Mumbai
S1726,P4718,C5118,8,2026-04-15,115288,15,Chandigarh
S1727,P5716,C4002,18,2024-07-27,192384,0,Pune
S1728,P698,C1476,17,2025-07-23,576147,5,Mumbai
S1729,P4157,C8423,14,2025-04-18,80332,0,Bangalore
S1730,P5623,C7587,20,2025-06-14,909300,5,Delhi
S1731,P2865,C6089,14,2025-09-22,405860,10,Mumbai
S1732,P4029,C1026,16,2026-05-20,668992,0,Bangalore
S1733,P8822,C8992,15,2026-05-02,87450,5,Chandigarh
S1734,P7859,C1171,2,2026-04-10,71482,10,Pune
S1735,P9801,C1951,15,2025-08-26,413130,15,Mumbai
S1736,P1119,C6620,7,2026-05-15,170380,15,Delhi
S1737,P545,C8434,11,2024-12-10,441815,0,Jaipur
S1738,P1294,C235,5,2025-09-10,227595,0,Delhi
S1739,P7234,C8027,4,2026-04-02,19280,15,Mumbai
S1740,P2873,C9064,16,2025-12-14,166880,0,Delhi
S1741,P894,C9155,16,2026-02-10,276368,15,Pune
S1742,P9349,C7438,14,2024-06-29,334530,0,Pune
S1743,P1824,C2711,12,2025-04-19,431052,15,Delhi
S1744,P3348,C9307,1,2025-11-18,44149,5,Jaipur
S1745,P9753,C7459,7,2024-07-20,23716,0,Pune
S1746,P6525,C3564,2,2026-02-17,41706,15,Mumbai
S1747,P4727,C4254,9,2024-11-15,106101,15,Pune
S1748,P8464,C6894,7,2025-12-12,214214,10,Chandigarh
S1749,P5201,C7407,5,2025-08-03,162160,5,Mumbai
S1750,P6822,C4942,17,2025-10-10,100895,10,Chandigarh
S1751,P8908,C7891,7,2025-05-08,138250,15,Delhi
S1752,P8721,C5440,20,2025-07-25,273740,10,Bangalore
S1753,P2428,C8387,17,2025-06-26,389538,15,Chandigarh
S1754,P714,C9566,16,2025-10-24,81616,15,Mumbai
S1755,P2561,C7752,1,2024-10-07,10257,15,Mumbai
S1756,P2772,C9270,7,2024-08-10,9492,15,Chandigarh
S1757,P1688,C571,7,2025-04-06,332906,5,Delhi
S1758,P8142,C433,4,2026-05-27,111080,15,Jaipur
S1759,P32,C7980,15,2025-10-16,30795,15,Pune
S1760,P6333,C3082,9,2024-12-01,82035,15,Pune
S1761,P9740,C2764,7,2025-05-28,26523,15,Jaipur
S1762,P6219,C2958,19,2024-07-01,912266,5,Bangalore
S1763,P7613,C6453,6,2025-05-15,52554,10,Delhi
S1764,P6813,C4626,8,2025-10-16,8232,10,Delhi
S1765,P1973,C6114,6,2025-08-02,26406,5,Jaipur
S1766,P3076,C3612,18,2026-02-21,134442,0,Bangalore
S1767,P4744,C8573,19,2025-12-29,846222,0,Delhi
S1768,P7226,C4898,3,2025-03-15,20328,10,Bangalore
S1769,P60,C937,4,2024-08-05,74176,10,Mumbai
S1770,P3095,C1084,5,2025-06-13,48200,0,Bangalore
S1771,P2318,C1983,1,2025-05-08,4486,10,Pune
S1772,P3045,C5124,2,2024-12-07,62170,5,Delhi
S1773,P6583,C8429,12,2025-07-12,583560,10,Mumbai
S1774,P2997,C6697,17,2024-07-01,168844,5,Chandigarh
S1775,P3151,C6951,3,2025-06-07,31392,5,Pune
S1776,P3341,C6637,14,2025-06-16,378336,10,Delhi
S1777,P8954,C8308,1,2025-08-23,38511,15,Jaipur
S1778,P1432,C5751,13,2026-03-23,493987,5,Chandigarh
S1779,P7418,C7783,11,2025-10-26,254452,0,Pune
S1780,P8428,C5364,19,2025-06-17,825322,0,Delhi
S1781,P5527,C4604,5,2025-11-07,45430,5,Pune
S1782,P2,C7075,12,2025-02-27,201660,5,Bangalore
S1783,P2996,C4315,12,2024-11-03,541584,5,Pune
S1784,P5235,C3081,9,2025-01-16,306243,15,Mumbai
S1785,P9244,C2382,4,2025-08-17,132284,15,Delhi
S1786,P2519,C2356,5,2024-07-29,244970,0,Chandigarh
S1787,P7374,C294,13,2025-05-23,302796,15,Bangalore
S1788,P3375,C734,12,2025-01-28,500652,0,Bangalore
S1789,P7197,C3780,5,2026-02-13,91240,5,Mumbai
S1790,P9341,C8980,6,2024-12-12,139686,15,Pune
S1791,P1809,C2460,16,2026-03-22,465616,5,Mumbai
S1792,P5268,C7821,11,2026-02-21,521840,10,Chandigarh
S1793,P4763,C8776,2,2025-02-11,78490,10,Jaipur
S1794,P6926,C3196,5,2026-02-22,86605,15,Mumbai
S1795,P4173,C9567,10,2026-05-06,377390,15,Bangalore
S1796,P6936,C3840,1,2024-07-15,37704,15,Delhi
S1797,P7399,C9719,5,2024-08-22,143035,0,Delhi
S1798,P5394,C4039,12,2025-06-02,476304,0,Delhi
S1799,P6068,C8372,1,2024-07-11,5152,15,Chandigarh
S1800,P9370,C9864,9,2024-06-27,140724,15,Jaipur
S1801,P4575,C4939,6,2025-06-22,50370,0,Pune
S1802,P8845,C3911,7,2025-02-09,262374,0,Bangalore
S1803,P440,C8202,5,2024-11-26,176260,5,Mumbai
S1804,P9854,C7131,3,2025-04-13,14619,10,Delhi
S1805,P2116,C9954,7,2024-08-21,99946,15,Pune
S1806,P8056,C706,9,2026-03-01,19206,15,Delhi
S1807,P4958,C3641,20,2025-10-01,348660,5,Bangalore
S1808,P4577,C5684,9,2025-05-11,179955,5,Delhi
S1809,P660,C5105,1,2024-06-09,13546,10,Jaipur
S1810,P2738,C8681,5,2024-07-01,213665,10,Bangalore
S1811,P8644,C5565,1,2025-03-24,7568,5,Bangalore
S1812,P6783,C2081,6,2025-08-17,294714,5,Chandigarh
S1813,P7485,C5574,2,2026-03-03,70868,10,Chandigarh
S1814,P5801,C1935,13,2025-03-28,609011,0,Chandigarh
S1815,P9304,C7953,18,2026-05-09,547164,10,Bangalore
S1816,P4983,C1220,3,2025-07-14,25173,5,Jaipur
S1817,P1032,C2428,7,2025-04-26,292810,10,Mumbai
S1818,P1154,C6748,17,2025-10-21,225794,10,Bangalore
S1819,P8538,C2213,8,2025-02-23,297184,5,Jaipur
S1820,P572,C1430,7,2024-12-02,173985,0,Bangalore
S1821,P2272,C457,6,2024-10-06,23526,10,Mumbai
S1822,P2304,C7650,10,2025-01-06,379440,10,Bangalore
S1823,P7601,C7535,18,2025-05-29,790218,0,Bangalore
S1824,P1653,C3105,18,2024-09-03,89856,10,Delhi
S1825,P2244,C3544,2,2025-11-16,41106,15,Bangalore
S1826,P7526,C2985,12,2025-02-27,280560,10,Delhi
S1827,P6683,C6252,16,2024-07-27,272784,0,Pune
S1828,P7364,C2342,4,2025-04-05,109868,15,Delhi
S1829,P6801,C6372,3,2024-06-09,125418,10,Delhi
S1830,P8478,C9814,18,2024-12-16,412794,5,Chandigarh
S1831,P7016,C8480,5,2026-05-08,116570,10,Bangalore
S1832,P7126,C2273,16,2025-04-30,462096,15,Chandigarh
S1833,P4116,C2886,19,2025-11-21,534109,10,Pune
S1834,P8359,C7282,16,2025-11-14,151120,5,Chandigarh
S1835,P1624,C6661,2,2025-06-17,3588,15,Mumbai
S1836,P8301,C5296,20,2024-11-08,254120,15,Mumbai
S1837,P3969,C2866,9,2025-11-24,394749,15,Jaipur
S1838,P9831,C1828,3,2026-04-01,17610,10,Bangalore
S1839,P2698,C5449,1,2024-11-11,31004,10,Delhi
S1840,P5444,C9685,9,2024-11-26,212463,10,Chandigarh
S1841,P4119,C3096,16,2024-12-01,697760,15,Mumbai
S1842,P4773,C9678,17,2024-06-07,538016,10,Mumbai
S1843,P1955,C6068,18,2026-02-25,145350,5,Delhi
S1844,P5497,C3050,13,2025-07-07,147563,10,Delhi
S1845,P4369,C6451,13,2024-07-08,397202,10,Bangalore
S1846,P7352,C5458,19,2026-04-09,402876,15,Jaipur
S1847,P7424,C4390,11,2024-06-20,467929,15,Chandigarh
S1848,P501,C2823,7,2026-02-08,273399,10,Jaipur
S1849,P7800,C9967,19,2024-11-12,80598,10,Mumbai
S1850,P1219,C4173,2,2025-03-13,90718,10,Pune
S1851,P1211,C1226,14,2025-02-12,623462,10,Delhi
S1852,P4617,C3907,16,2025-07-20,83776,0,Jaipur
S1853,P4221,C7945,3,2026-01-31,27405,0,Chandigarh
S1854,P970,C8347,13,2025-09-22,486174,0,Jaipur
S1855,P555,C8115,14,2024-09-19,526638,0,Bangalore
S1856,P3883,C413,5,2025-01-10,65090,10,Chandigarh
S1857,P4669,C661,6,2024-10-10,236220,10,Mumbai
S1858,P8670,C3398,2,2025-08-07,64900,15,Pune
S1859,P9582,C1,7,2024-07-05,288841,10,Pune
S1860,P5277,C663,19,2025-06-10,508288,0,Delhi
S1861,P9049,C8497,17,2025-11-09,74154,0,Mumbai
S1862,P4564,C7475,1,2025-04-16,7260,5,Chandigarh
S1863,P9852,C502,2,2026-02-14,13484,5,Pune
S1864,P8247,C9507,10,2024-06-24,200700,0,Jaipur
S1865,P7729,C8176,14,2025-04-24,687932,10,Chandigarh
S1866,P8611,C7408,5,2026-04-16,18730,0,Bangalore
S1867,P5641,C8429,4,2024-08-15,91168,0,Chandigarh
S1868,P99,C4323,4,2024-12-04,90764,0,Pune
S1869,P5919,C4436,4,2026-03-04,29424,10,Bangalore
S1870,P1450,C8936,20,2025-09-02,604480,15,Delhi
S1871,P9654,C6079,10,2024-11-15,197420,15,Mumbai
S1872,P5249,C5658,17,2025-05-07,703494,10,Mumbai
S1873,P7757,C5362,9,2026-04-22,395271,0,Jaipur
S1874,P4082,C5391,5,2025-09-25,151310,0,Delhi
S1875,P6193,C8924,1,2026-01-27,47701,10,Pune
S1876,P2612,C3770,20,2026-01-20,583240,0,Pune
S1877,P2769,C5467,15,2025-03-26,556155,15,Chandigarh
S1878,P7915,C3472,12,2025-07-30,75876,5,Mumbai
S1879,P1634,C8972,6,2025-07-05,230376,0,Pune
S1880,P7558,C5157,15,2026-05-15,125760,15,Jaipur
S1881,P131,C653,8,2025-11-12,150088,5,Bangalore
S1882,P5237,C8567,3,2025-07-25,129711,0,Pune
S1883,P2553,C2794,15,2026-05-17,322920,0,Chandigarh
S1884,P5914,C7480,9,2024-10-19,134172,0,Jaipur
S1885,P828,C6431,3,2024-09-10,13605,0,Pune
S1886,P4368,C8910,13,2024-12-16,406536,0,Delhi
S1887,P8848,C6157,9,2025-09-18,343476,10,Delhi
S1888,P9326,C735,1,2025-05-14,33010,0,Pune
S1889,P4859,C5163,11,2024-11-11,76340,15,Delhi
S1890,P9373,C849,6,2025-11-02,55740,5,Pune
S1891,P3043,C5262,8,2025-03-29,40848,15,Pune
S1892,P4409,C7997,11,2026-04-28,403260,15,Pune
S1893,P7068,C5179,6,2025-12-08,297930,5,Chandigarh
S1894,P7475,C2797,11,2026-04-21,174966,15,Delhi
S1895,P9358,C1195,17,2026-04-05,669035,0,Mumbai
S1896,P3226,C919,19,2024-09-20,529283,10,Pune
S1897,P3824,C2321,18,2024-08-07,62748,15,Pune
S1898,P6626,C441,18,2026-03-12,485874,10,Bangalore
S1899,P77,C4079,15,2026-01-06,534345,10,Jaipur
S1900,P1105,C2087,1,2024-06-29,22090,0,Delhi
S1901,P6789,C4979,6,2026-03-14,86232,0,Chandigarh
S1902,P3763,C7957,18,2025-10-08,494604,0,Chandigarh
S1903,P8848,C7970,11,2025-08-07,403986,0,Bangalore
S1904,P9787,C8603,16,2025-02-10,351632,15,Delhi
S1905,P5828,C6399,5,2026-05-05,38760,5,Jaipur
S1906,P2296,C8562,8,2025-07-03,124216,0,Jaipur
S1907,P1998,C8787,14,2024-12-24,375326,15,Pune
S1908,P5095,C3453,7,2024-08-17,200830,0,Pune
S1909,P6401,C9791,12,2026-05-28,519684,10,Chandigarh
S1910,P9759,C7827,3,2026-05-27,91920,0,Jaipur
S1911,P5800,C6053,6,2026-01-18,109428,5,Mumbai
S1912,P8389,C8778,16,2026-04-22,239312,15,Delhi
S1913,P8207,C9255,6,2024-12-16,55656,15,Chandigarh
S1914,P5586,C5789,3,2026-03-23,139488,0,Pune
S1915,P9412,C8884,9,2026-02-19,239031,10,Delhi
S1916,P466,C9070,4,2024-07-05,182624,0,Bangalore
S1917,P8978,C8438,6,2024-06-09,116526,10,Chandigarh
S1918,P6754,C1646,1,2025-06-06,4619,10,Pune
S1919,P1793,C5045,18,2025-08-12,468558,5,Jaipur
S1920,P3815,C3176,15,2026-04-15,734910,15,Mumbai
S1921,P1007,C7433,20,2024-06-28,379080,5,Delhi
S1922,P5849,C7950,20,2025-04-17,891520,10,Delhi
S1923,P3834,C8802,8,2025-02-08,137520,15,Bangalore
S1924,P6544,C3816,8,2026-01-27,9904,10,Mumbai
S1925,P1434,C8710,15,2026-05-22,490515,5,Jaipur
S1926,P9987,C742,12,2025-06-03,242052,5,Mumbai
S1927,P9029,C4665,3,2026-03-20,125508,15,Mumbai
S1928,P7237,C8806,11,2025-07-23,418550,10,Delhi
S1929,P6061,C2148,15,2025-09-21,430185,10,Mumbai
S1930,P9255,C4425,10,2026-04-11,34490,0,Chandigarh
S1931,P4260,C6087,15,2026-03-30,585570,15,Bangalore
S1932,P2756,C2777,18,2024-12-24,814194,5,Chandigarh
S1933,P5700,C5548,7,2026-01-03,115703,0,Pune
S1934,P626,C6337,1,2026-02-14,44997,5,Bangalore
S1935,P4800,C8687,15,2024-12-22,38070,0,Mumbai
S1936,P8700,C446,18,2026-01-17,505854,15,Pune
S1937,P4779,C8330,18,2025-08-27,415926,15,Delhi
S1938,P3614,C4081,15,2025-10-31,458385,5,Chandigarh
S1939,P878,C6773,14,2026-03-05,305956,0,Mumbai
S1940,P8677,C9428,5,2025-09-03,74170,0,Pune
S1941,P6121,C5084,15,2025-10-10,463425,15,Chandigarh
S1942,P6288,C8749,15,2024-12-08,397875,0,Bangalore
S1943,P4912,C2319,14,2025-07-16,547988,0,Bangalore
S1944,P7194,C2914,16,2025-10-10,170512,5,Bangalore
S1945,P7155,C1230,16,2025-08-04,198240,5,Pune
S1946,P7447,C3136,16,2025-07-12,536016,15,Pune
S1947,P791,C2344,11,2024-11-25,194634,15,Bangalore
S1948,P7046,C8119,1,2024-11-08,2756,15,Chandigarh
S1949,P7073,C151,5,2025-09-23,175250,10,Pune
S1950,P6668,C9461,10,2026-03-03,475320,10,Mumbai
S1951,P1437,C2573,15,2025-10-29,443070,0,Chandigarh
S1952,P260,C9996,10,2026-02-05,74860,15,Jaipur
S1953,P2873,C6407,10,2024-12-26,143880,10,Bangalore
S1954,P7176,C2880,3,2025-01-18,76386,10,Chandigarh
S1955,P5518,C9729,1,2025-01-10,40340,10,Bangalore
S1956,P9878,C1590,3,2025-11-05,4236,15,Pune
S1957,P477,C5889,12,2024-08-24,137448,5,Bangalore
S1958,P5719,C9950,18,2026-03-05,162990,10,Delhi
S1959,P4113,C3237,13,2025-12-25,377156,0,Delhi
S1960,P8234,C362,19,2025-05-15,331778,5,Jaipur
S1961,P3959,C1236,12,2025-02-11,27372,0,Chandigarh
S1962,P8139,C2667,10,2025-11-07,271320,15,Jaipur
S1963,P2730,C4612,12,2026-04-11,327756,10,Delhi
S1964,P6321,C8619,18,2025-09-09,834264,0,Chandigarh
S1965,P7872,C2048,11,2024-11-05,293326,10,Delhi
S1966,P2093,C5883,16,2025-07-28,517104,10,Mumbai
S1967,P4325,C3028,15,2024-12-13,510330,0,Pune
S1968,P9078,C4269,17,2024-11-30,82807,15,Bangalore
S1969,P1955,C5407,12,2025-09-16,237960,0,Delhi
S1970,P2987,C1666,10,2024-11-05,466870,15,Chandigarh
S1971,P1215,C8863,6,2024-11-22,184488,10,Pune
S1972,P5890,C4762,18,2025-05-21,769482,5,Jaipur
S1973,P6194,C397,19,2025-12-19,352564,5,Bangalore
S1974,P6787,C6773,10,2025-08-04,147200,10,Pune
S1975,P6259,C9276,17,2024-06-03,197591,15,Mumbai
S1976,P9538,C7983,4,2024-07-24,65828,15,Jaipur
S1977,P5340,C980,11,2024-09-29,389983,0,Bangalore
S1978,P9936,C2785,10,2025-06-24,444270,15,Chandigarh
S1979,P2474,C9492,9,2026-01-25,415845,15,Delhi
S1980,P7408,C9723,7,2026-03-04,26670,5,Bangalore
S1981,P1552,C4737,16,2024-06-20,445056,0,Mumbai
S1982,P2418,C6974,3,2025-12-26,130884,5,Mumbai
S1983,P9264,C8378,18,2024-06-23,477738,5,Delhi
S1984,P9384,C6759,13,2024-07-03,375206,0,Mumbai
S1985,P2884,C7003,13,2025-12-14,482508,15,Delhi
S1986,P7393,C1703,6,2025-03-06,243468,5,Mumbai
S1987,P6754,C7882,3,2026-04-21,98043,15,Jaipur
S1988,P6820,C3555,3,2025-08-21,7707,0,Bangalore
S1989,P4700,C419,1,2026-04-05,15659,10,Bangalore
S1990,P3389,C8247,15,2026-03-12,465915,5,Bangalore
S1991,P7070,C9712,9,2025-08-11,156798,5,Chandigarh
S1992,P2803,C3253,6,2026-02-23,214218,5,Pune
S1993,P3653,C6165,11,2026-01-03,417472,0,Bangalore
S1994,P5952,C502,14,2024-08-16,62888,15,Jaipur
S1995,P9112,C5653,20,2025-02-06,585700,15,Delhi
S1996,P3475,C2964,7,2025-11-10,19852,15,Pune
S1997,P874,C4626,13,2025-10-14,588068,15,Mumbai
S1998,P7402,C5032,18,2025-09-30,609984,15,Bangalore
S1999,P6367,C8767,16,2024-09-14,229648,10,Mumbai
S2000,P3222,C1259,1,2026-05-14,16222,0,Chandigarh
S2001,P9351,C2227,3,2026-03-22,38487,0,Bangalore
S2002,P3560,C1926,20,2024-12-22,123140,5,Jaipur
S2003,P1018,C4474,12,2024-09-27,421848,15,Pune
S2004,P3612,C9229,18,2024-09-05,494496,15,Pune
S2005,P8331,C8994,9,2026-03-19,443331,15,Delhi
S2006,P7650,C5610,18,2025-11-03,103680,0,Jaipur
S2007,P5640,C6161,14,2025-12-22,77322,0,Jaipur
S2008,P9332,C7806,9,2025-06-21,181989,0,Chandigarh
S2009,P4748,C4888,18,2026-05-18,812106,15,Chandigarh
S2010,P1490,C7168,14,2025-07-13,313026,10,Mumbai
S2011,P6711,C2979,9,2026-03-06,239850,0,Bangalore
S2012,P2541,C1874,13,2025-11-13,171080,15,Chandigarh
S2013,P2539,C5460,7,2024-09-12,340956,10,Pune
S2014,P8582,C3576,16,2024-12-04,666288,5,Pune
S2015,P9181,C6673,6,2024-07-20,275010,10,Pune
S2016,P1543,C7975,16,2024-12-30,622720,10,Bangalore
S2017,P6027,C5491,20,2025-06-28,795300,15,Jaipur
S2018,P6308,C6938,3,2025-01-21,100485,10,Mumbai
S2019,P55,C5579,20,2026-04-15,820900,15,Jaipur
S2020,P5033,C5415,2,2026-04-08,79762,0,Jaipur
S2021,P8134,C7470,15,2025-12-02,47760,10,Jaipur
S2022,P6406,C4059,4,2026-03-15,72572,5,Pune
S2023,P7871,C8505,2,2024-09-15,53708,0,Bangalore
S2024,P8699,C2588,9,2024-11-30,415269,15,Delhi
S2025,P3303,C1966,7,2026-05-23,335979,10,Mumbai
S2026,P7463,C7654,11,2025-02-14,88143,10,Delhi
S2027,P4321,C9355,11,2024-07-01,147400,10,Bangalore
S2028,P2841,C391,15,2025-09-29,91890,5,Jaipur
S2029,P235,C1768,16,2026-01-24,493696,10,Delhi
S2030,P1583,C541,19,2025-08-15,573382,5,Delhi
S2031,P3230,C9076,11,2026-03-31,173129,0,Bangalore
S2032,P6802,C1969,11,2025-03-27,56892,15,Pune
S2033,P9978,C8564,6,2025-08-11,251562,5,Mumbai
S2034,P8080,C7470,15,2025-08-24,684285,10,Chandigarh
S2035,P1946,C3801,1,2026-02-14,34644,10,Mumbai
S2036,P5833,C4544,10,2025-07-25,337640,15,Bangalore
S2037,P4378,C8368,6,2025-01-05,13254,0,Chandigarh
S2038,P5366,C6823,18,2024-06-15,740142,0,Jaipur
S2039,P4554,C6549,14,2025-12-03,44324,15,Delhi
S2040,P5587,C3763,11,2024-07-21,185977,15,Delhi
S2041,P924,C8615,18,2024-07-26,879156,0,Chandigarh
S2042,P637,C7198,8,2025-03-25,51704,5,Mumbai
S2043,P3394,C3343,4,2025-03-19,117504,15,Pune
S2044,P2942,C1232,20,2024-05-28,989320,10,Chandigarh
S2045,P3233,C7974,15,2024-09-15,91365,0,Chandigarh
S2046,P5566,C9598,11,2024-12-02,321200,10,Delhi
S2047,P2053,C2503,18,2025-07-29,464418,0,Bangalore
S2048,P8189,C5206,12,2024-09-19,256968,5,Mumbai
S2049,P4248,C2890,13,2024-06-07,176826,10,Delhi
S2050,P6569,C920,10,2025-06-14,300450,5,Pune
S2051,P2733,C7040,20,2025-10-03,554120,15,Jaipur
S2052,P1549,C634,3,2026-04-19,135792,15,Delhi
S2053,P7808,C3093,18,2026-03-13,301590,10,Pune
S2054,P5605,C8162,5,2025-01-17,136590,0,Delhi
S2055,P1179,C4486,12,2024-07-10,288456,10,Chandigarh
S2056,P4526,C2539,9,2026-03-16,104148,5,Pune
S2057,P6751,C1279,10,2026-03-22,74240,15,Mumbai
S2058,P5299,C839,18,2025-02-28,485964,10,Delhi
S2059,P5116,C7647,12,2024-09-29,424356,15,Bangalore
S2060,P5713,C544,13,2025-03-21,51948,15,Bangalore
S2061,P521,C789,17,2025-11-29,548386,15,Jaipur
S2062,P392,C6837,2,2025-02-19,33502,5,Bangalore
S2063,P8780,C2616,13,2024-08-23,635219,15,Delhi
S2064,P6600,C2270,7,2024-06-21,289737,5,Mumbai
S2065,P2276,C6542,1,2025-10-07,7638,10,Mumbai
S2066,P1932,C5633,2,2025-07-07,96396,10,Pune
S2067,P6497,C4432,16,2025-02-23,203040,0,Pune
S2068,P4390,C3496,6,2025-11-22,159726,5,Chandigarh
S2069,P9540,C6408,6,2025-05-08,180468,5,Chandigarh
S2070,P7071,C8796,17,2024-11-06,285005,0,Chandigarh
S2071,P5083,C2398,7,2024-12-30,78939,10,Pune
S2072,P3041,C62,18,2025-05-01,279270,10,Mumbai
S2073,P8971,C6735,14,2025-07-27,22414,15,Jaipur
S2074,P9087,C3959,5,2024-08-02,78725,10,Mumbai
S2075,P6894,C4687,16,2025-03-08,144288,10,Chandigarh
S2076,P938,C1893,14,2024-07-03,381668,0,Jaipur
S2077,P1616,C926,16,2025-07-09,179792,15,Delhi
S2078,P8479,C69,15,2025-09-29,530355,0,Delhi
S2079,P7317,C6533,14,2026-01-03,233394,15,Jaipur
S2080,P3566,C1772,7,2025-11-07,173208,5,Delhi
S2081,P673,C2073,1,2025-07-26,43240,10,Bangalore
S2082,P4867,C8938,2,2024-09-12,73238,5,Pune
S2083,P4834,C6414,17,2025-09-26,170986,10,Mumbai
S2084,P1139,C1569,17,2026-03-08,347480,15,Chandigarh
S2085,P7550,C1313,9,2024-12-29,133812,15,Jaipur
S2086,P3231,C3228,12,2024-08-23,413124,5,Delhi
S2087,P8912,C5765,7,2025-10-05,162337,0,Mumbai
S2088,P3756,C4615,11,2024-08-05,107723,10,Chandigarh
S2089,P1511,C4510,4,2026-02-14,114224,10,Delhi
S2090,P4835,C8168,11,2025-08-25,204996,5,Pune
S2091,P3243,C3342,4,2026-01-03,166824,10,Jaipur
S2092,P905,C9882,10,2024-07-29,92770,10,Pune
S2093,P8628,C6634,12,2025-02-21,174060,15,Bangalore
S2094,P1351,C946,16,2026-04-05,80944,10,Pune
S2095,P8031,C145,5,2024-07-27,182270,0,Mumbai
S2096,P1349,C112,11,2026-03-26,144463,0,Pune
S2097,P5653,C7956,19,2025-06-06,524647,5,Jaipur
S2098,P7476,C6351,10,2026-03-11,358830,15,Chandigarh
S2099,P400,C9930,12,2026-02-22,379008,0,Jaipur
S2100,P4829,C3328,12,2024-07-30,246240,10,Bangalore
S2101,P4929,C3429,12,2025-08-18,449664,15,Jaipur
S2102,P8726,C5776,7,2025-12-18,169260,10,Chandigarh
S2103,P2312,C7259,11,2025-08-26,490094,5,Bangalore
S2104,P8533,C2070,2,2024-09-22,48432,0,Pune
S2105,P8157,C7223,13,2024-08-25,330278,15,Pune
S2106,P6401,C3976,16,2025-02-11,71872,15,Mumbai
S2107,P7677,C7657,7,2024-09-29,127008,5,Delhi
S2108,P7679,C3808,10,2026-05-23,451150,10,Mumbai
S2109,P6264,C6185,6,2025-03-03,120942,0,Mumbai
S2110,P3591,C328,12,2025-11-22,567072,10,Bangalore
S2111,P2071,C9438,12,2024-09-29,444468,0,Chandigarh
S2112,P5568,C103,15,2026-02-06,440400,15,Chandigarh
S2113,P3405,C4955,7,2025-06-30,330211,5,Bangalore
S2114,P2071,C724,16,2025-05-15,305440,0,Chandigarh
S2115,P1487,C5711,2,2024-08-23,62544,5,Delhi
S2116,P9192,C978,10,2025-04-26,16420,5,Jaipur
S2117,P2799,C8007,14,2024-06-04,403214,15,Delhi
S2118,P2442,C517,14,2024-10-13,15484,15,Pune
S2119,P1623,C7545,9,2025-11-12,75222,5,Pune
S2120,P6437,C3723,2,2025-10-06,34270,0,Bangalore
S2121,P745,C513,15,2026-02-07,378000,5,Bangalore
S2122,P4973,C8383,5,2026-02-27,211170,15,Pune
S2123,P4447,C7595,16,2024-07-27,98304,0,Chandigarh
S2124,P9226,C101,10,2024-07-10,278450,10,Pune
S2125,P2440,C9048,6,2025-06-27,247038,15,Pune
S2126,P7082,C9710,17,2026-02-24,83351,15,Jaipur
S2127,P1670,C2720,5,2025-07-19,40455,0,Bangalore
S2128,P5460,C9424,13,2025-12-25,79625,5,Pune
S2129,P6011,C7983,7,2025-05-16,149499,0,Delhi
S2130,P7300,C117,8,2024-11-14,80968,0,Chandigarh
S2131,P9904,C8422,14,2025-12-21,675430,0,Pune
S2132,P107,C9734,16,2025-02-24,368048,10,Bangalore
S2133,P175,C4713,2,2024-09-17,16060,15,Jaipur
S2134,P1300,C8379,3,2025-10-30,53472,15,Chandigarh
S2135,P2594,C3832,16,2026-01-15,382688,0,Mumbai
S2136,P6308,C9966,15,2024-11-22,454320,15,Bangalore
S2137,P2732,C1468,4,2025-11-12,97684,0,Mumbai
S2138,P6558,C7799,17,2025-08-03,62050,15,Jaipur
S2139,P803,C7922,14,2024-06-17,423528,5,Bangalore
S2140,P613,C8648,4,2024-12-20,16648,15,Pune
S2141,P4056,C9264,13,2026-01-10,117546,0,Delhi
S2142,P614,C8331,19,2024-06-01,341411,15,Mumbai
S2143,P3431,C5960,17,2025-04-07,388569,15,Chandigarh
S2144,P2660,C6885,6,2025-08-24,161004,0,Delhi
S2145,P3782,C8397,18,2025-01-20,140454,0,Pune
S2146,P5174,C7395,20,2026-02-13,37300,0,Bangalore
S2147,P9076,C4861,9,2024-09-08,189018,10,Mumbai
S2148,P3465,C6585,8,2026-01-05,198344,10,Pune
S2149,P1447,C1342,16,2025-07-26,657120,15,Delhi
S2150,P7252,C2025,6,2025-01-30,228294,5,Mumbai
S2151,P111,C491,4,2025-04-12,72780,5,Jaipur
S2152,P8159,C4158,9,2025-01-21,345717,10,Mumbai
S2153,P5045,C1138,8,2024-10-24,211776,15,Jaipur
S2154,P2331,C3395,19,2025-11-11,57893,10,Mumbai
S2155,P1642,C9201,17,2025-01-28,478176,10,Bangalore
S2156,P8295,C7826,2,2026-05-24,6750,0,Bangalore
S2157,P267,C8974,14,2026-05-05,210098,10,Delhi
S2158,P5975,C4344,8,2025-08-15,158776,0,Bangalore
S2159,P1504,C8297,17,2025-09-26,835754,5,Jaipur
S2160,P7875,C3991,8,2025-08-16,384776,5,Delhi
S2161,P9221,C7212,6,2024-08-22,67902,10,Delhi
S2162,P387,C3705,1,2024-10-19,44040,10,Chandigarh
S2163,P251,C7034,13,2025-12-18,248235,15,Delhi
S2164,P4706,C8564,11,2024-10-11,319869,0,Jaipur
S2165,P4603,C9077,16,2025-11-20,302736,0,Mumbai
S2166,P1515,C1452,20,2025-04-23,227060,5,Delhi
S2167,P4468,C9528,18,2025-11-22,613098,5,Delhi
S2168,P796,C2599,9,2024-06-05,398664,0,Delhi
S2169,P2603,C1444,1,2025-08-18,15598,15,Chandigarh
S2170,P9571,C5975,16,2025-12-12,342976,15,Chandigarh
S2171,P1345,C8170,4,2025-09-26,140984,10,Mumbai
S2172,P8124,C8049,16,2025-10-11,721264,15,Pune
S2173,P9540,C1877,7,2026-02-02,299586,10,Bangalore
S2174,P2021,C5886,3,2026-02-04,135981,0,Bangalore
S2175,P735,C3232,2,2024-08-27,85876,10,Mumbai
S2176,P4079,C2184,12,2025-12-22,510552,5,Jaipur
S2177,P8064,C5295,1,2024-08-11,23449,15,Pune
S2178,P7464,C456,10,2025-07-20,498660,15,Jaipur
S2179,P6850,C9257,4,2025-03-14,80948,5,Jaipur
S2180,P111,C9628,1,2025-09-28,37642,0,Delhi
S2181,P6295,C6310,8,2024-07-04,129664,0,Pune
S2182,P232,C2069,10,2024-07-18,418600,0,Mumbai
S2183,P4031,C9009,2,2025-08-05,99434,5,Jaipur
S2184,P3411,C3901,10,2026-03-08,154670,0,Pune
S2185,P2272,C26,16,2026-01-19,501744,0,Mumbai
S2186,P9383,C4747,18,2025-02-25,19224,10,Mumbai
S2187,P3209,C9743,8,2025-06-22,45384,15,Jaipur
S2188,P6150,C2826,13,2025-02-17,222521,10,Chandigarh
S2189,P3120,C2361,2,2024-08-30,33972,10,Chandigarh
S2190,P5410,C3951,7,2026-05-01,296107,10,Jaipur
S2191,P5337,C5397,9,2024-11-16,262278,0,Bangalore
S2192,P2893,C2386,10,2024-08-11,212930,10,Pune
S2193,P8848,C9891,16,2026-01-29,704352,5,Jaipur
S2194,P6202,C5102,15,2024-12-22,196425,10,Jaipur
S2195,P9503,C7643,9,2025-01-13,51156,10,Pune
S2196,P5702,C680,12,2025-10-08,561216,0,Bangalore
S2197,P9314,C958,10,2024-06-21,307340,5,Delhi
S2198,P7871,C5611,6,2026-04-07,264594,5,Bangalore
S2199,P7976,C199,5,2025-05-29,88325,0,Chandigarh
S2200,P6236,C6505,15,2024-12-01,370530,10,Bangalore
S2201,P5899,C9008,4,2025-01-06,157760,5,Jaipur
S2202,P713,C2764,20,2024-06-15,760520,15,Jaipur
S2203,P2372,C3272,1,2025-09-19,2705,10,Bangalore
S2204,P4595,C104,5,2024-12-20,238310,15,Jaipur
S2205,P4546,C1277,5,2026-02-22,226965,0,Delhi
S2206,P3870,C3359,20,2024-09-04,543520,10,Mumbai
S2207,P3671,C130,12,2024-07-16,296496,15,Pune
S2208,P3567,C5745,10,2026-03-19,142690,15,Delhi
S2209,P5095,C2184,1,2025-05-15,15046,10,Mumbai
S2210,P2629,C4024,17,2025-05-21,236232,5,Chandigarh
S2211,P5518,C1048,11,2025-02-23,536195,15,Delhi
S2212,P3184,C7235,13,2024-07-08,163319,0,Jaipur
S2213,P2550,C4722,5,2025-07-25,73235,5,Mumbai
S2214,P1024,C5107,19,2024-06-23,592173,5,Jaipur
S2215,P4363,C5111,12,2025-06-30,287280,10,Jaipur
S2216,P7999,C2331,12,2025-11-06,295116,10,Chandigarh
S2217,P5250,C4439,4,2025-04-08,70936,0,Delhi
S2218,P7812,C723,16,2025-07-19,415936,15,Delhi
S2219,P6679,C2720,14,2024-10-18,456148,5,Pune
S2220,P1699,C367,9,2025-06-06,185283,5,Bangalore
S2221,P6296,C3666,6,2025-01-14,230166,0,Mumbai
S2222,P9967,C4612,1,2025-05-15,41157,15,Jaipur
S2223,P4563,C1042,6,2026-05-18,208068,0,Bangalore
S2224,P8012,C5916,11,2025-09-17,111881,5,Delhi
S2225,P2076,C2551,5,2026-04-24,124990,10,Pune
S2226,P7520,C3145,13,2026-01-25,417378,5,Chandigarh
S2227,P6822,C8985,19,2026-04-08,277647,5,Jaipur
S2228,P276,C3288,12,2026-02-26,505008,10,Jaipur
S2229,P8630,C3555,9,2024-08-29,169479,0,Chandigarh
S2230,P8991,C612,18,2024-08-21,212472,5,Bangalore
S2231,P6444,C9507,12,2025-01-24,218148,10,Jaipur
S2232,P8979,C3774,20,2026-02-01,20640,10,Jaipur
S2233,P1833,C9953,8,2024-08-12,209224,0,Pune
S2234,P3754,C5195,4,2024-11-13,128196,5,Bangalore
S2235,P3043,C1456,10,2026-02-15,497300,15,Bangalore
S2236,P7914,C7198,15,2025-12-24,673635,5,Delhi
S2237,P5112,C4135,6,2024-10-21,40260,15,Chandigarh
S2238,P8762,C8006,5,2025-04-19,96250,5,Pune
S2239,P64,C7138,16,2025-05-24,425344,0,Pune
S2240,P8638,C2195,19,2026-05-10,506331,0,Delhi
S2241,P4810,C4697,17,2026-02-26,42007,0,Jaipur
S2242,P9108,C5416,9,2025-05-01,305802,5,Delhi
S2243,P5076,C1929,10,2024-06-09,497420,0,Chandigarh
S2244,P5240,C3643,6,2025-07-11,274764,15,Chandigarh
S2245,P44,C7445,19,2025-06-09,778278,0,Bangalore
S2246,P7780,C9762,19,2025-02-25,861004,10,Mumbai
S2247,P5987,C9642,13,2026-02-04,321490,10,Chandigarh
S2248,P354,C320,5,2025-06-25,185775,10,Bangalore
S2249,P6482,C5221,17,2024-07-09,766309,0,Jaipur
S2250,P5179,C5590,5,2024-08-03,165215,15,Pune
S2251,P8757,C2173,18,2026-04-10,828720,15,Chandigarh
S2252,P2307,C4502,9,2025-10-09,251775,5,Jaipur
S2253,P1952,C3354,5,2026-02-10,7685,15,Chandigarh
S2254,P1899,C8226,4,2024-11-24,6356,0,Pune
S2255,P2361,C9079,15,2024-09-11,718215,10,Delhi
S2256,P21,C5066,17,2025-07-11,122519,5,Mumbai
S2257,P3266,C1151,8,2024-09-24,297152,5,Mumbai
S2258,P5224,C6204,5,2024-08-12,65255,10,Delhi
S2259,P3650,C8970,1,2025-12-10,41913,0,Pune
S2260,P4205,C9957,16,2025-05-01,721472,5,Pune
S2261,P6137,C799,11,2025-05-18,178552,5,Delhi
S2262,P9482,C816,20,2025-04-20,505440,0,Chandigarh
S2263,P61,C3118,7,2026-03-24,78491,15,Jaipur
S2264,P3225,C3102,3,2024-10-09,104079,15,Jaipur
S2265,P9415,C755,19,2025-08-15,608133,0,Mumbai
S2266,P4868,C6525,3,2026-01-04,141744,15,Pune
S2267,P6248,C5701,5,2025-07-15,41485,15,Pune
S2268,P511,C166,17,2024-07-05,710957,10,Chandigarh
S2269,P6459,C4454,3,2025-03-16,73878,15,Delhi
S2270,P6427,C9848,19,2025-08-03,940633,0,Delhi
S2271,P6678,C8740,5,2026-03-02,205505,5,Pune
S2272,P1028,C3400,12,2025-11-16,546636,10,Delhi
S2273,P6118,C7824,7,2025-08-10,10626,5,Mumbai
S2274,P4703,C6250,10,2025-05-03,158520,10,Mumbai
S2275,P2171,C3243,15,2024-10-02,130665,0,Jaipur
S2276,P7518,C5720,10,2026-05-06,247110,5,Delhi
S2277,P7566,C4947,6,2024-12-24,73518,0,Mumbai
S2278,P4694,C8019,8,2025-03-05,210456,0,Chandigarh
S2279,P7644,C3916,13,2025-04-18,253890,15,Pune
S2280,P5922,C5986,5,2025-03-05,148490,5,Delhi
S2281,P7357,C5648,12,2025-02-28,248244,15,Bangalore
S2282,P4247,C3407,8,2025-06-25,80520,10,Delhi
S2283,P7827,C5009,18,2025-08-28,566010,0,Pune
S2284,P7099,C2059,6,2025-09-24,66000,0,Delhi
S2285,P8327,C4897,15,2026-03-03,153360,10,Mumbai
S2286,P7349,C2383,3,2025-12-01,56001,10,Pune
S2287,P9500,C5979,6,2025-11-17,169074,0,Mumbai
S2288,P482,C5113,14,2025-09-12,526162,0,Delhi
S2289,P9540,C8336,10,2025-03-26,491320,15,Pune
S2290,P2730,C6537,18,2025-05-25,222084,5,Bangalore
S2291,P1645,C8635,18,2025-06-20,478962,10,Jaipur
S2292,P851,C4483,5,2024-08-26,87575,15,Chandigarh
S2293,P9353,C3034,13,2025-11-07,207168,5,Bangalore
S2294,P4171,C1666,13,2024-06-13,54353,15,Pune
S2295,P2924,C4922,7,2025-10-29,285005,0,Bangalore
S2296,P5336,C1983,2,2024-11-02,85490,15,Pune
S2297,P1099,C2959,6,2025-06-04,127422,5,Pune
S2298,P845,C1122,16,2026-02-19,711968,0,Mumbai
S2299,P5879,C971,17,2024-12-13,746980,10,Bangalore
S2300,P1975,C4359,3,2024-08-10,45027,15,Bangalore
S2301,P4153,C6577,10,2026-03-29,316030,10,Delhi
S2302,P8517,C8742,17,2025-01-17,489447,10,Bangalore
S2303,P3561,C1701,3,2024-10-12,27609,0,Chandigarh
S2304,P3100,C7182,12,2025-09-17,364536,10,Bangalore
S2305,P6300,C2139,1,2026-03-08,33563,5,Pune
S2306,P3931,C4596,4,2026-01-24,186108,10,Delhi
S2307,P3874,C3512,15,2025-09-25,735075,5,Bangalore
S2308,P2893,C2684,4,2024-08-12,121512,0,Chandigarh
S2309,P1735,C736,10,2025-11-08,311730,5,Bangalore
S2310,P4113,C5137,15,2024-12-05,632685,5,Delhi
S2311,P9894,C8775,7,2024-09-14,51716,10,Jaipur
S2312,P5067,C7044,19,2024-08-12,214206,5,Chandigarh
S2313,P3649,C5722,14,2024-11-22,361970,5,Pune
S2314,P5478,C4214,17,2025-07-04,360094,10,Bangalore
S2315,P5310,C7721,12,2025-04-12,260076,15,Bangalore
S2316,P6978,C7903,3,2024-05-28,112695,0,Delhi
S2317,P2626,C9734,18,2025-08-18,310392,5,Delhi
S2318,P6307,C221,5,2026-03-22,91345,10,Delhi
S2319,P2786,C2501,20,2024-09-19,995240,0,Pune
S2320,P1776,C688,15,2025-06-30,702705,0,Mumbai
S2321,P9330,C6645,1,2026-05-01,2122,10,Pune
S2322,P1592,C3535,5,2025-10-05,80245,0,Delhi
S2323,P7053,C556,6,2025-10-20,202644,10,Delhi
S2324,P6911,C3072,14,2025-12-14,397166,0,Delhi
S2325,P4455,C6881,19,2025-01-03,154546,15,Chandigarh
S2326,P3811,C9632,7,2024-09-25,341999,5,Chandigarh
S2327,P8118,C7170,1,2025-10-14,40395,10,Chandigarh
S2328,P9920,C9645,4,2025-10-03,48576,5,Pune
S2329,P6778,C4654,4,2025-02-19,190780,5,Chandigarh
S2330,P4338,C6284,14,2025-11-01,46872,5,Pune
S2331,P5258,C4372,17,2026-01-28,651814,0,Mumbai
S2332,P6746,C371,19,2024-09-16,284316,10,Pune
S2333,P8230,C2672,8,2025-11-28,390728,15,Delhi
S2334,P8805,C6299,4,2026-03-15,195664,15,Bangalore
S2335,P5900,C5815,17,2025-10-10,451945,5,Jaipur
S2336,P1460,C7032,12,2025-06-19,464868,10,Bangalore
S2337,P7691,C1879,5,2025-10-24,175830,0,Mumbai
S2338,P7655,C953,8,2026-04-04,333576,10,Mumbai
S2339,P7588,C9748,4,2024-07-18,119532,0,Pune
S2340,P120,C8620,10,2025-09-23,398970,0,Jaipur
S2341,P7473,C5647,4,2025-04-01,154060,10,Mumbai
S2342,P2637,C7222,19,2026-03-27,79306,15,Delhi
S2343,P5773,C6614,4,2025-07-03,103268,0,Pune
S2344,P2242,C9921,13,2025-06-23,505258,5,Bangalore
S2345,P7591,C6845,9,2026-01-14,188946,15,Chandigarh
S2346,P1342,C3296,19,2026-05-24,573819,0,Bangalore
S2347,P5725,C8772,16,2024-06-14,322800,10,Bangalore
S2348,P4444,C5118,6,2026-04-17,17424,15,Bangalore
S2349,P6980,C3674,5,2024-07-18,247885,5,Chandigarh
S2350,P9542,C9343,13,2025-10-10,601679,0,Delhi
S2351,P235,C59,15,2025-01-14,105030,0,Jaipur
S2352,P7680,C8389,2,2026-02-11,33306,10,Pune
S2353,P813,C2612,17,2025-11-24,832847,10,Pune
S2354,P2903,C4551,10,2025-12-03,432600,15,Delhi
S2355,P1502,C9368,16,2024-10-13,592400,0,Bangalore
S2356,P4027,C367,19,2025-03-18,403294,10,Mumbai
S2357,P9878,C4655,9,2026-04-02,183294,15,Jaipur
S2358,P8389,C9253,10,2026-02-03,472660,10,Pune
S2359,P6398,C7657,19,2024-12-27,52744,15,Chandigarh
S2360,P3276,C2540,12,2025-02-18,445176,15,Mumbai
S2361,P6089,C8058,10,2024-09-22,11990,5,Chandigarh
S2362,P9713,C1366,19,2025-02-06,700967,10,Bangalore
S2363,P1419,C5022,1,2024-06-07,24041,10,Bangalore
S2364,P8963,C1764,1,2025-05-18,16369,0,Mumbai
S2365,P4930,C7199,13,2025-10-31,613990,10,Bangalore
S2366,P8998,C4982,8,2024-11-13,295584,15,Mumbai
S2367,P7929,C3678,9,2025-10-04,403812,15,Mumbai
S2368,P2782,C8961,18,2025-06-03,358038,0,Delhi
S2369,P4889,C1101,14,2024-07-01,475104,10,Bangalore
S2370,P662,C3013,10,2026-03-26,261220,5,Chandigarh
S2371,P2846,C8443,17,2025-05-05,484993,10,Bangalore
S2372,P3633,C6749,6,2024-06-17,10536,15,Bangalore
S2373,P760,C2514,15,2024-06-23,719910,0,Mumbai
S2374,P1435,C19,13,2025-06-25,408551,15,Chandigarh
S2375,P6217,C5235,2,2025-03-03,49010,10,Mumbai
S2376,P6582,C9802,10,2024-07-22,319790,0,Jaipur
S2377,P9738,C6531,13,2024-10-25,395603,5,Jaipur
S2378,P5452,C4879,14,2026-03-10,614012,5,Bangalore
S2379,P2669,C6565,13,2024-11-04,53924,0,Mumbai
S2380,P4510,C3306,11,2026-02-24,419419,5,Delhi
S2381,P3253,C651,12,2024-08-29,535140,0,Mumbai
S2382,P1491,C4523,11,2024-10-11,240416,15,Delhi
S2383,P1529,C3141,15,2025-06-05,528390,15,Chandigarh
S2384,P5921,C6014,16,2026-05-04,209664,5,Pune
S2385,P721,C8485,16,2026-05-27,71728,10,Delhi
S2386,P2212,C7787,15,2025-02-21,512505,10,Bangalore
S2387,P6671,C2779,16,2025-06-24,467792,15,Bangalore
S2388,P7822,C9919,4,2025-03-12,49912,15,Delhi
S2389,P5540,C79,12,2026-02-08,587268,15,Mumbai
S2390,P2043,C9460,16,2025-05-11,508368,15,Jaipur
S2391,P3968,C5322,15,2024-09-27,215025,10,Delhi
S2392,P2736,C2412,16,2024-11-22,715456,0,Pune
S2393,P1321,C4606,18,2025-10-22,287262,15,Mumbai
S2394,P5659,C9793,3,2025-03-31,27609,0,Mumbai
S2395,P3503,C6290,5,2025-02-18,127580,15,Bangalore
S2396,P5177,C373,12,2026-01-03,537672,10,Chandigarh
S2397,P278,C3746,3,2025-03-20,111429,0,Chandigarh
S2398,P8112,C7349,7,2026-05-22,78904,0,Chandigarh
S2399,P7443,C5274,19,2026-02-02,288800,15,Delhi
S2400,P705,C8819,10,2024-06-05,70500,5,Mumbai
S2401,P2734,C3446,10,2024-08-19,180970,5,Jaipur
S2402,P6062,C1566,14,2025-08-11,639282,10,Mumbai
S2403,P4596,C2563,18,2025-09-24,655722,10,Chandigarh
S2404,P2834,C8085,14,2024-11-09,244776,5,Jaipur
S2405,P6798,C6317,13,2026-05-25,614653,0,Chandigarh
S2406,P5799,C2273,14,2025-09-10,526708,5,Chandigarh
S2407,P646,C6941,2,2024-11-20,65152,5,Bangalore
S2408,P8363,C5600,1,2025-12-11,32403,15,Bangalore
S2409,P9630,C3792,19,2024-11-09,855627,5,Jaipur
S2410,P3443,C3876,1,2025-03-24,17292,0,Mumbai
S2411,P5466,C6694,7,2025-01-12,297045,0,Mumbai
S2412,P4680,C3279,8,2025-06-06,266184,0,Bangalore
S2413,P2133,C732,10,2025-02-20,488640,0,Chandigarh
S2414,P6863,C3678,14,2026-02-04,614992,0,Bangalore
S2415,P3945,C7726,13,2024-09-08,626041,0,Jaipur
S2416,P16,C6901,12,2025-01-10,169908,10,Mumbai
S2417,P859,C9234,3,2024-07-19,127365,5,Bangalore
S2418,P5957,C6001,13,2025-02-27,222131,0,Jaipur
S2419,P2076,C6867,12,2025-02-14,370548,15,Pune
S2420,P3164,C516,12,2024-08-03,30552,10,Mumbai
S2421,P2363,C4816,1,2025-01-16,11687,10,Delhi
S2422,P3310,C5942,1,2026-03-28,14381,0,Bangalore
S2423,P7048,C1286,1,2026-02-15,45402,5,Pune
S2424,P1132,C9588,8,2024-10-31,125480,15,Pune
S2425,P7461,C3013,17,2025-07-30,175610,10,Mumbai
S2426,P4485,C9174,18,2025-09-01,479160,0,Pune
S2427,P876,C9865,3,2026-01-16,135858,5,Mumbai
S2428,P6757,C4539,16,2024-06-18,249200,10,Bangalore
S2429,P8236,C5698,16,2024-06-20,66336,15,Delhi
S2430,P8237,C8994,9,2024-11-19,69615,0,Mumbai
S2431,P7627,C1386,19,2025-11-09,429305,15,Mumbai
S2432,P2426,C350,9,2025-09-01,174906,15,Jaipur
S2433,P1381,C1633,13,2025-10-25,567229,10,Delhi
S2434,P2279,C1946,1,2024-06-14,41118,10,Delhi
S2435,P7848,C9881,10,2024-10-22,258280,0,Pune
S2436,P6710,C615,12,2026-05-13,268932,15,Jaipur
S2437,P3700,C9250,14,2024-09-03,214928,5,Pune
S2438,P9340,C504,15,2024-11-06,409110,10,Jaipur
S2439,P4102,C1644,3,2025-09-10,107367,15,Bangalore
S2440,P9434,C6540,9,2025-12-22,191529,0,Jaipur
S2441,P8907,C9754,15,2025-08-14,728475,10,Delhi
S2442,P837,C2576,9,2024-12-14,333342,0,Chandigarh
S2443,P1602,C8974,14,2025-03-07,139468,0,Pune
S2444,P9424,C5971,9,2025-10-07,295650,15,Bangalore
S2445,P9768,C9942,18,2025-03-05,501840,0,Jaipur
S2446,P4333,C2132,16,2025-07-26,213440,5,Mumbai
S2447,P8838,C6784,4,2025-07-15,7092,15,Jaipur
S2448,P2658,C8963,13,2025-01-13,332605,0,Chandigarh
S2449,P3669,C8809,8,2025-03-10,140920,15,Bangalore
S2450,P3401,C4648,7,2024-10-20,51681,15,Delhi
S2451,P8298,C6364,16,2025-05-24,238336,10,Chandigarh
S2452,P3617,C5759,12,2025-04-23,138792,0,Bangalore
S2453,P3354,C35,6,2025-11-08,106890,10,Pune
S2454,P9592,C1875,7,2025-04-05,173810,5,Jaipur
S2455,P5443,C8696,13,2025-11-16,353951,10,Delhi
S2456,P4495,C2972,10,2024-09-08,382350,15,Jaipur
S2457,P3891,C5551,10,2024-07-22,154260,15,Pune
S2458,P7674,C8328,7,2025-10-02,328531,0,Mumbai
S2459,P9564,C4593,20,2026-02-27,806400,15,Pune
S2460,P5360,C159,2,2025-01-24,63098,10,Delhi
S2461,P7767,C6091,2,2025-07-21,9696,5,Bangalore
S2462,P1985,C2202,12,2025-01-29,12744,5,Chandigarh
S2463,P5436,C2528,6,2025-06-08,180204,15,Jaipur
S2464,P9489,C1113,20,2025-09-30,594980,10,Jaipur
S2465,P8306,C5774,16,2025-01-16,421936,5,Pune
S2466,P4763,C4729,7,2025-10-18,86317,15,Jaipur
S2467,P8019,C408,15,2025-06-30,704400,0,Delhi
S2468,P3505,C3460,17,2025-05-14,706265,10,Jaipur
S2469,P6225,C672,15,2025-01-01,390120,5,Jaipur
S2470,P4505,C6778,20,2024-09-27,983540,10,Delhi
S2471,P5876,C4257,7,2026-02-18,332563,10,Mumbai
S2472,P6775,C1437,4,2025-05-23,164968,10,Mumbai
S2473,P6204,C1716,8,2024-07-18,235168,10,Mumbai
S2474,P2808,C1497,12,2024-11-04,553320,5,Mumbai
S2475,P5097,C4793,4,2025-07-16,51232,15,Jaipur
S2476,P2452,C3090,8,2026-05-13,100120,10,Jaipur
S2477,P655,C4302,5,2024-11-25,184090,15,Delhi
S2478,P6407,C2936,16,2024-12-04,761040,15,Pune
S2479,P657,C7856,15,2026-01-19,79410,5,Bangalore
S2480,P1373,C6916,17,2026-02-20,183379,0,Bangalore
S2481,P6531,C9341,18,2025-05-03,565866,15,Delhi
S2482,P273,C2975,7,2025-02-23,110334,5,Bangalore
S2483,P7863,C8786,8,2025-12-23,131912,5,Bangalore
S2484,P1775,C1819,8,2024-10-30,247368,15,Jaipur
S2485,P1810,C9986,8,2025-04-20,186944,5,Bangalore
S2486,P876,C460,13,2026-04-21,26650,10,Delhi
S2487,P8546,C9676,15,2025-09-28,422325,0,Mumbai
S2488,P2788,C2670,1,2024-12-23,15899,0,Pune
S2489,P3076,C6097,14,2025-05-26,149072,5,Bangalore
S2490,P6409,C1806,12,2024-07-13,410076,5,Chandigarh
S2491,P7774,C7209,10,2024-09-13,466250,15,Bangalore
S2492,P9597,C7766,15,2024-09-01,724500,10,Delhi
S2493,P6675,C5509,7,2025-09-05,68103,10,Delhi
S2494,P7121,C110,10,2025-10-02,313190,10,Chandigarh
S2495,P2537,C4681,16,2025-06-02,745856,10,Chandigarh
S2496,P1155,C6824,8,2026-02-06,54472,15,Delhi
S2497,P4367,C436,7,2025-02-09,14042,0,Chandigarh
S2498,P6052,C7572,15,2024-10-08,261450,0,Pune
S2499,P9730,C332,3,2024-06-09,118665,15,Chandigarh
S2500,P697,C5427,9,2024-12-03,40311,0,Pune
S2501,P8737,C4384,15,2026-03-13,213540,15,Delhi
S2502,P7570,C3619,9,2024-11-11,15165,5,Pune
S2503,P2659,C5939,7,2025-08-27,110481,10,Pune
S2504,P844,C6646,13,2025-11-14,108823,5,Bangalore
S2505,P3686,C3544,1,2025-03-13,24054,5,Delhi
S2506,P2141,C7502,14,2025-06-29,534422,10,Mumbai
S2507,P8920,C3983,1,2024-06-22,35792,0,Bangalore
S2508,P9819,C3588,14,2025-12-28,486528,10,Chandigarh
S2509,P554,C5,20,2025-10-16,953680,10,Jaipur
S2510,P3353,C4719,5,2025-01-07,56380,15,Chandigarh
S2511,P3978,C2658,18,2024-09-09,364608,15,Jaipur
S2512,P4044,C357,15,2024-09-20,653385,15,Chandigarh
S2513,P3104,C9955,7,2025-01-15,257915,0,Pune
S2514,P8457,C2601,4,2025-07-18,100332,15,Jaipur
S2515,P2606,C6899,4,2025-04-13,124460,0,Chandigarh
S2516,P815,C1749,20,2026-03-18,123900,15,Bangalore
S2517,P6618,C4801,8,2025-03-03,127200,5,Delhi
S2518,P9899,C2824,15,2024-12-13,536520,10,Pune
S2519,P5975,C3282,18,2024-12-25,489132,0,Jaipur
S2520,P2661,C1967,8,2026-04-21,153144,10,Chandigarh
S2521,P3090,C4606,10,2024-09-14,110270,0,Delhi
S2522,P3484,C7790,17,2026-01-07,109548,15,Pune
S2523,P5384,C8714,15,2026-02-07,113760,10,Bangalore
S2524,P6664,C4840,14,2025-12-23,191604,15,Pune
S2525,P6096,C3375,19,2024-08-12,931760,5,Bangalore
S2526,P9179,C9886,5,2026-01-09,88365,0,Bangalore
S2527,P9666,C4886,9,2026-01-20,270171,5,Mumbai
S2528,P6106,C6969,18,2025-10-03,49428,0,Delhi
S2529,P3609,C7323,19,2024-12-07,355262,15,Mumbai
S2530,P482,C7469,18,2025-02-25,660528,0,Chandigarh
S2531,P9066,C6384,10,2026-04-23,220280,5,Delhi
S2532,P8032,C5509,8,2025-01-20,217280,0,Mumbai
S2533,P5512,C8436,9,2024-12-06,387603,0,Mumbai
S2534,P7313,C5618,6,2025-01-13,80754,0,Pune
S2535,P5654,C9057,11,2025-11-21,245465,5,Delhi
S2536,P8560,C4159,12,2025-07-13,486876,10,Chandigarh
S2537,P4299,C2570,12,2026-01-20,354048,10,Delhi
S2538,P7490,C9740,17,2026-03-18,629238,5,Bangalore
S2539,P2464,C6196,11,2025-02-20,533885,0,Bangalore
S2540,P8104,C9722,3,2026-05-04,68697,0,Chandigarh
S2541,P4979,C3605,18,2026-03-03,744696,10,Delhi
S2542,P8428,C6906,8,2025-07-29,353624,10,Pune
S2543,P8263,C4396,2,2026-02-25,30594,10,Jaipur
S2544,P6255,C5344,18,2025-03-05,570798,5,Delhi
S2545,P3684,C8066,7,2025-11-30,42700,15,Mumbai
S2546,P6357,C1769,4,2025-03-10,132524,15,Chandigarh
S2547,P1759,C6020,5,2024-07-03,183240,5,Jaipur
S2548,P6978,C3654,17,2024-09-05,807653,0,Delhi
S2549,P7783,C3431,14,2025-05-05,335496,15,Jaipur
S2550,P5319,C5276,18,2025-09-08,324450,10,Pune
S2551,P4914,C1032,12,2025-10-10,67368,15,Pune
S2552,P2140,C5251,10,2026-05-09,49800,15,Jaipur
S2553,P8554,C5097,1,2024-06-08,8199,15,Bangalore
S2554,P2015,C2820,12,2024-12-19,311964,15,Mumbai
S2555,P8062,C670,14,2026-03-25,622818,15,Bangalore
S2556,P9009,C3782,15,2026-05-22,160500,5,Delhi
S2557,P7190,C687,9,2024-07-07,113661,0,Jaipur
S2558,P487,C9983,18,2025-08-15,512676,0,Bangalore
S2559,P3953,C4832,10,2025-10-15,223520,15,Pune
S2560,P3939,C6085,9,2025-10-17,445410,0,Jaipur
S2561,P8364,C9535,1,2024-11-29,49312,5,Pune
S2562,P2603,C2788,2,2025-11-11,99574,15,Delhi
S2563,P908,C1620,4,2026-05-10,134284,10,Chandigarh
S2564,P2282,C1536,4,2025-08-02,193164,0,Pune
S2565,P3081,C3317,2,2026-04-22,17324,10,Pune
S2566,P9150,C7879,5,2025-01-30,56500,5,Jaipur
S2567,P4524,C5643,7,2024-11-08,18102,10,Chandigarh
S2568,P608,C3190,7,2026-01-01,110964,15,Chandigarh
S2569,P5518,C1530,6,2025-11-25,257376,10,Pune
S2570,P8380,C1617,1,2025-05-16,38655,15,Jaipur
S2571,P624,C2166,12,2025-03-15,220200,10,Chandigarh
S2572,P7398,C7257,9,2026-05-18,422550,10,Delhi
S2573,P4166,C2060,8,2024-11-18,357696,5,Chandigarh
S2574,P9381,C6523,13,2025-07-18,358436,15,Delhi
S2575,P8248,C8670,8,2025-10-24,178792,15,Delhi
S2576,P3988,C4530,2,2025-08-05,61914,5,Chandigarh
S2577,P7403,C3567,3,2026-04-16,59982,5,Chandigarh
S2578,P7870,C7826,11,2024-11-10,410861,0,Pune
S2579,P3068,C6881,13,2025-02-20,484276,10,Jaipur
S2580,P561,C4321,1,2026-02-14,46959,15,Mumbai
S2581,P7297,C3154,5,2026-03-10,239685,0,Pune
S2582,P5679,C1416,2,2026-02-16,69464,15,Jaipur
S2583,P1830,C3672,11,2025-09-30,438438,15,Mumbai
S2584,P4489,C7262,3,2024-07-30,38982,15,Jaipur
S2585,P9251,C7482,3,2026-05-20,38367,5,Delhi
S2586,P6438,C1838,2,2025-04-02,75920,5,Delhi
S2587,P5069,C9634,3,2026-02-27,137553,5,Delhi
S2588,P1095,C6972,4,2025-12-03,130776,0,Jaipur
S2589,P5646,C1819,5,2024-08-03,108210,0,Chandigarh
S2590,P7248,C9081,18,2025-06-13,255852,10,Bangalore
S2591,P3552,C5220,3,2026-01-31,32703,10,Pune
S2592,P9549,C1586,6,2024-10-07,201936,15,Bangalore
S2593,P1101,C3550,20,2025-09-11,723220,10,Mumbai
S2594,P5431,C6633,5,2025-03-23,155500,10,Pune
S2595,P4343,C9225,18,2024-09-10,404388,10,Chandigarh
S2596,P8839,C4621,17,2026-01-07,530808,0,Jaipur
S2597,P3421,C4955,7,2024-07-11,264236,15,Delhi
S2598,P5414,C4909,12,2025-03-19,466560,0,Bangalore
S2599,P5035,C434,11,2025-01-15,159742,5,Chandigarh
S2600,P2964,C4844,18,2024-09-04,120654,10,Bangalore
S2601,P5170,C3712,1,2024-10-14,30171,0,Jaipur
S2602,P827,C7116,5,2025-01-12,184910,0,Delhi
S2603,P9605,C5647,19,2024-10-25,474848,15,Chandigarh
S2604,P961,C8843,13,2026-02-16,286949,5,Chandigarh
S2605,P928,C2322,11,2025-06-07,42174,15,Bangalore
S2606,P6153,C6680,4,2025-12-31,51848,15,Bangalore
S2607,P3631,C1519,11,2025-05-06,535843,10,Pune
S2608,P4613,C7694,11,2025-08-20,94369,5,Delhi
S2609,P795,C4631,16,2026-02-05,212912,5,Delhi
S2610,P1977,C2286,13,2026-02-01,137241,15,Chandigarh
S2611,P8094,C6503,19,2026-04-23,729809,0,Pune
S2612,P7325,C62,20,2025-05-28,605060,5,Mumbai
S2613,P3654,C2191,12,2026-04-15,388596,15,Jaipur
S2614,P4978,C317,14,2025-06-17,55818,10,Chandigarh
S2615,P4192,C2094,12,2025-05-30,131484,0,Delhi
S2616,P9952,C2918,13,2025-12-17,321256,10,Mumbai
S2617,P8566,C1420,2,2024-06-14,30200,15,Mumbai
S2618,P6170,C6249,12,2024-08-18,577848,0,Chandigarh
S2619,P83,C8857,11,2024-09-23,544247,10,Pune
S2620,P5097,C7179,3,2024-06-25,53409,0,Pune
S2621,P8160,C3813,11,2024-09-16,174328,0,Delhi
S2622,P6068,C7720,13,2024-06-20,358111,10,Delhi
S2623,P7925,C4528,13,2026-04-24,427882,15,Pune
S2624,P3053,C7924,20,2024-09-12,760500,5,Pune
S2625,P4885,C6156,15,2025-05-04,257235,10,Bangalore
S2626,P1955,C2224,4,2026-02-27,114704,10,Pune
S2627,P1899,C1187,13,2024-11-05,569569,5,Chandigarh
S2628,P3639,C2021,14,2025-12-26,601790,5,Delhi
S2629,P8621,C7258,5,2025-12-29,176440,5,Bangalore
S2630,P8167,C7959,17,2025-11-19,595425,5,Mumbai
S2631,P5230,C3760,18,2025-10-07,677772,15,Delhi
S2632,P5507,C4792,4,2026-04-12,78480,0,Delhi
S2633,P9000,C4473,7,2026-03-27,326375,5,Delhi
S2634,P5084,C3577,12,2026-05-25,286296,10,Pune
S2635,P235,C7342,20,2024-10-23,776040,10,Chandigarh
S2636,P8367,C2690,15,2025-04-06,629370,10,Bangalore
S2637,P4075,C9965,7,2025-01-27,37317,5,Mumbai
S2638,P7558,C7985,4,2025-09-16,99100,10,Chandigarh
S2639,P517,C9044,7,2024-11-08,169491,0,Pune
S2640,P2226,C7413,15,2025-12-06,701880,15,Pune
S2641,P5535,C213,9,2025-12-22,252000,15,Pune
S2642,P569,C2688,20,2025-01-10,849100,5,Mumbai
S2643,P5517,C3982,20,2026-05-01,314860,15,Bangalore
S2644,P4624,C6633,12,2026-03-14,29424,15,Jaipur
S2645,P6692,C9341,13,2025-01-23,119054,0,Bangalore
S2646,P8400,C7827,20,2025-12-05,490200,10,Chandigarh
S2647,P9930,C6841,8,2024-10-23,245152,0,Mumbai
S2648,P6468,C5279,4,2024-08-29,199576,5,Mumbai
S2649,P4838,C4608,7,2024-10-14,31269,15,Mumbai
S2650,P214,C5895,11,2025-09-20,40370,5,Pune
S2651,P9912,C4451,5,2026-02-27,140995,15,Mumbai
S2652,P6444,C1721,2,2025-12-15,7842,5,Delhi
S2653,P1205,C6028,3,2025-05-10,148284,0,Delhi
S2654,P3610,C4620,8,2025-03-25,21984,15,Pune
S2655,P7884,C843,5,2025-12-07,53770,15,Bangalore
S2656,P2683,C2158,16,2024-12-16,97984,15,Delhi
S2657,P142,C3761,17,2025-05-26,151725,10,Delhi
S2658,P4882,C586,20,2025-06-03,213780,10,Mumbai
S2659,P6384,C6638,5,2025-10-23,157180,0,Mumbai
S2660,P4800,C7098,11,2025-10-05,453871,0,Chandigarh
S2661,P842,C7795,20,2025-03-07,313200,15,Bangalore
S2662,P8987,C8092,3,2025-05-22,4623,5,Pune
S2663,P9632,C9755,20,2024-11-25,451860,15,Bangalore
S2664,P3103,C6489,4,2025-10-13,6536,0,Chandigarh
S2665,P9226,C8949,13,2025-11-24,254488,5,Mumbai
S2666,P8331,C2734,18,2025-06-14,461808,0,Pune
S2667,P3041,C70,2,2025-04-28,64748,0,Chandigarh
S2668,P4975,C3761,10,2024-10-11,173260,0,Pune
S2669,P5139,C1053,15,2024-08-03,378600,15,Delhi
S2670,P4471,C1030,8,2025-09-23,260608,15,Jaipur
S2671,P8076,C9108,14,2025-06-07,604800,15,Pune
S2672,P1633,C9698,15,2026-05-01,100050,5,Chandigarh
S2673,P2305,C8825,10,2025-10-15,138670,10,Chandigarh
S2674,P3043,C8854,11,2024-08-15,440099,10,Chandigarh
S2675,P7092,C7225,12,2025-02-16,308988,10,Delhi
S2676,P9694,C4444,5,2024-06-24,146730,5,Chandigarh
S2677,P3201,C3862,11,2024-09-25,537075,5,Mumbai
S2678,P1524,C3107,2,2025-12-30,74362,0,Bangalore
S2679,P4134,C9296,7,2024-10-10,218778,0,Pune
S2680,P2975,C2896,11,2025-10-25,97823,10,Bangalore
S2681,P6620,C5590,11,2026-04-18,227458,15,Chandigarh
S2682,P8136,C6590,12,2026-04-20,351072,15,Bangalore
S2683,P2082,C69,8,2026-02-02,155560,5,Delhi
S2684,P7518,C2974,6,2025-01-19,169290,10,Bangalore
S2685,P7238,C1504,17,2025-03-06,203949,10,Delhi
S2686,P7227,C9112,2,2024-06-01,46826,10,Pune
S2687,P4870,C9506,2,2024-10-24,34828,15,Chandigarh
S2688,P9324,C2664,17,2025-04-28,682652,10,Delhi
S2689,P868,C353,1,2025-10-18,21746,5,Jaipur
S2690,P5455,C2232,5,2026-05-25,85115,10,Bangalore
S2691,P2304,C3540,15,2025-05-31,525720,5,Mumbai
S2692,P3700,C1550,3,2026-03-13,147702,5,Chandigarh
S2693,P9431,C5344,14,2025-04-29,273336,5,Delhi
S2694,P214,C9678,4,2026-04-09,128492,15,Bangalore
S2695,P1884,C9200,20,2026-02-26,731700,15,Mumbai
S2696,P9933,C9492,10,2025-01-21,275780,15,Jaipur
S2697,P8650,C740,17,2026-02-14,197659,10,Chandigarh
S2698,P6565,C4872,8,2024-12-07,311792,0,Delhi
S2699,P3774,C113,19,2025-12-31,172311,15,Jaipur
S2700,P4430,C1124,5,2025-07-28,108780,0,Pune
S2701,P5527,C2844,17,2026-02-07,466038,5,Pune
S2702,P7665,C5946,14,2024-09-14,261548,15,Pune
S2703,P7928,C3487,18,2026-03-25,318348,10,Jaipur
S2704,P1683,C3288,12,2025-02-09,283668,5,Jaipur
S2705,P8086,C1069,14,2025-04-30,692538,0,Mumbai
S2706,P3684,C416,11,2024-06-20,444048,0,Chandigarh
S2707,P9471,C4096,5,2025-12-12,182505,0,Pune
S2708,P5051,C6206,3,2024-06-26,73389,10,Bangalore
S2709,P2058,C1359,1,2024-11-14,32938,5,Mumbai
S2710,P117,C3490,19,2025-12-06,307572,10,Chandigarh
S2711,P537,C1548,19,2026-02-07,415017,5,Jaipur
S2712,P4720,C6455,12,2025-06-27,162852,15,Chandigarh
S2713,P9300,C1011,10,2025-12-06,378220,10,Delhi
S2714,P5329,C2577,3,2024-11-12,128460,15,Delhi
S2715,P7720,C7055,2,2024-07-27,63822,5,Chandigarh
S2716,P7794,C7028,11,2025-09-16,341462,15,Bangalore
S2717,P9212,C2874,11,2025-06-01,388487,10,Chandigarh
S2718,P3222,C9106,13,2025-12-16,484211,15,Jaipur
S2719,P1527,C6572,3,2024-06-24,57456,15,Mumbai
S2720,P8419,C2218,6,2025-04-07,32436,5,Delhi
S2721,P8738,C3745,9,2025-07-25,398880,15,Chandigarh
S2722,P5782,C5559,11,2024-12-06,405427,5,Bangalore
S2723,P7776,C5161,6,2024-09-01,217266,15,Chandigarh
S2724,P3272,C7069,8,2024-09-03,328768,0,Chandigarh
S2725,P7845,C9057,12,2026-02-08,467400,15,Pune
S2726,P2842,C9421,9,2025-12-30,282069,10,Delhi
S2727,P76,C1839,17,2024-09-14,552602,5,Pune
S2728,P1161,C3754,19,2026-03-31,72941,15,Pune
S2729,P3862,C8779,13,2024-07-22,625898,15,Delhi
S2730,P4633,C7564,6,2026-05-26,220434,5,Delhi
S2731,P2858,C1976,9,2026-01-05,171414,5,Delhi
S2732,P4246,C6536,11,2024-10-13,494087,10,Bangalore
S2733,P3545,C9640,1,2025-05-29,6286,5,Delhi
S2734,P8220,C9525,9,2024-06-18,269334,10,Pune
S2735,P723,C2974,19,2025-09-22,87039,0,Pune
S2736,P4625,C1011,16,2026-01-09,696672,15,Jaipur
S2737,P8881,C9706,2,2026-01-22,28892,5,Mumbai
S2738,P3201,C8031,17,2026-05-05,81294,15,Mumbai
S2739,P5495,C8039,5,2026-03-10,57595,0,Mumbai
S2740,P855,C2185,19,2024-12-10,169765,0,Pune
S2741,P3848,C4138,20,2026-02-21,528360,0,Jaipur
S2742,P4380,C412,15,2024-11-24,573705,15,Chandigarh
S2743,P5283,C10000,1,2025-06-14,15423,0,Bangalore
S2744,P1653,C6941,4,2024-07-22,115628,5,Mumbai
S2745,P7724,C8227,11,2025-01-27,398673,15,Chandigarh
S2746,P731,C2554,18,2025-11-09,597402,5,Bangalore
S2747,P8006,C5589,8,2025-06-24,290848,5,Chandigarh
S2748,P642,C5810,11,2024-10-29,365035,0,Delhi
S2749,P3039,C3387,6,2025-04-25,12882,5,Jaipur
S2750,P7978,C7132,11,2024-09-09,441078,0,Chandigarh
S2751,P7767,C5998,9,2026-01-07,204651,15,Delhi
S2752,P8536,C391,2,2025-06-27,6374,5,Jaipur
S2753,P18,C7887,16,2024-08-08,771216,10,Jaipur
S2754,P708,C4869,20,2026-02-28,781440,0,Pune
S2755,P5666,C8035,10,2026-03-11,43030,0,Delhi
S2756,P7563,C3800,2,2025-06-02,93648,15,Mumbai
S2757,P2988,C7843,10,2025-12-20,492800,0,Mumbai
S2758,P3189,C5471,10,2025-07-10,448800,10,Delhi
S2759,P2261,C7278,17,2025-08-14,764201,0,Bangalore
S2760,P1885,C7949,13,2025-01-23,253331,5,Pune
S2761,P1290,C2871,7,2025-03-03,231504,10,Chandigarh
S2762,P9978,C6402,7,2025-09-30,15883,0,Pune
S2763,P2694,C8725,11,2024-12-09,205359,0,Mumbai
S2764,P2875,C736,11,2024-12-23,116556,10,Chandigarh
S2765,P113,C5478,11,2024-09-01,17105,0,Chandigarh
S2766,P4247,C1251,4,2025-08-17,134772,10,Delhi
S2767,P452,C6691,17,2026-03-31,161772,10,Mumbai
S2768,P894,C6540,3,2025-05-12,57198,10,Pune
S2769,P6694,C3499,19,2024-06-18,576422,15,Pune
S2770,P2675,C8499,3,2025-02-11,133704,10,Pune
S2771,P6488,C1325,19,2024-12-06,531183,0,Chandigarh
S2772,P9449,C2013,1,2024-10-29,40477,15,Bangalore
S2773,P9436,C2027,15,2025-04-27,304095,15,Delhi
S2774,P1339,C6539,8,2025-11-25,315824,15,Jaipur
S2775,P9213,C4585,14,2025-06-15,499674,0,Bangalore
S2776,P6884,C4025,13,2024-08-06,316537,0,Bangalore
S2777,P5577,C4163,17,2025-02-14,200396,0,Chandigarh
S2778,P4157,C158,19,2026-02-16,131860,15,Chandigarh
S2779,P8112,C5883,20,2025-03-27,147860,10,Chandigarh
S2780,P6058,C9244,15,2025-05-18,234330,10,Mumbai
S2781,P8521,C7157,8,2024-10-10,92336,5,Jaipur
S2782,P5350,C7877,12,2024-11-17,67248,5,Delhi
S2783,P2859,C9039,11,2024-09-16,61787,15,Bangalore
S2784,P8326,C1709,3,2024-06-21,96816,0,Bangalore
S2785,P1738,C5948,4,2026-04-21,194876,10,Mumbai
S2786,P570,C789,7,2026-03-15,102242,10,Bangalore
S2787,P6547,C5352,1,2026-05-13,25934,10,Jaipur
S2788,P7682,C4844,11,2025-03-23,544522,5,Jaipur
S2789,P7445,C4321,19,2024-06-28,572717,5,Chandigarh
S2790,P6598,C4090,9,2024-06-27,251658,15,Mumbai
S2791,P137,C8530,2,2025-03-18,97906,10,Mumbai
S2792,P1386,C6916,8,2025-11-26,126488,15,Pune
S2793,P1240,C3799,1,2026-03-18,44013,15,Bangalore
S2794,P5459,C3120,16,2025-04-12,80832,15,Pune
S2795,P7856,C4564,15,2025-03-11,38115,15,Chandigarh
S2796,P9573,C245,12,2024-06-08,160188,0,Delhi
S2797,P1958,C3646,10,2025-04-19,463480,15,Pune
S2798,P1715,C1594,3,2025-04-23,95004,15,Delhi
S2799,P6002,C4014,9,2025-03-28,138978,0,Mumbai
S2800,P5031,C7193,13,2024-06-10,364429,0,Chandigarh
S2801,P1599,C3497,9,2025-08-07,114507,5,Delhi
S2802,P1414,C5355,8,2024-10-16,22960,15,Chandigarh
S2803,P8889,C6436,13,2026-05-22,547040,0,Chandigarh
S2804,P6222,C3288,17,2024-06-01,162894,10,Pune
S2805,P1718,C8901,19,2026-01-01,278312,10,Pune
S2806,P253,C1685,10,2024-06-01,468260,0,Jaipur
S2807,P3005,C2057,18,2025-11-13,873540,10,Chandigarh
S2808,P1369,C9335,4,2025-08-17,142612,10,Pune
S2809,P6992,C9614,20,2025-09-30,117220,15,Delhi
S2810,P9664,C7429,13,2024-12-15,119145,15,Mumbai
S2811,P8996,C5452,10,2025-02-25,188770,15,Jaipur
S2812,P8695,C3936,19,2024-06-24,96615,10,Delhi
S2813,P1922,C5568,11,2025-11-30,205634,10,Bangalore
S2814,P8621,C2082,7,2025-02-12,37212,0,Delhi
S2815,P9958,C5741,3,2025-04-14,124353,15,Pune
S2816,P4028,C3697,13,2024-11-19,74711,5,Jaipur
S2817,P9933,C7009,17,2025-03-17,660892,15,Mumbai
S2818,P961,C5914,9,2025-10-18,374922,15,Chandigarh
S2819,P4174,C4825,20,2024-12-19,391140,15,Jaipur
S2820,P4651,C4997,11,2024-11-06,118822,0,Pune
S2821,P4189,C6681,15,2024-12-24,185580,0,Delhi
S2822,P2337,C2864,11,2025-12-05,114136,0,Delhi
S2823,P191,C7725,9,2024-10-21,129834,5,Pune
S2824,P5350,C8604,4,2025-09-05,92452,5,Delhi
S2825,P3223,C115,19,2025-09-02,226784,5,Delhi
S2826,P6680,C9240,16,2024-09-25,799664,0,Delhi
S2827,P8519,C8338,15,2026-04-08,648525,10,Pune
S2828,P9823,C6473,19,2025-01-23,215650,5,Chandigarh
S2829,P672,C1415,11,2025-06-12,314424,5,Mumbai
S2830,P9820,C6523,6,2025-05-22,240930,5,Pune
S2831,P1235,C1548,1,2026-05-16,42715,0,Chandigarh
S2832,P6175,C5964,16,2025-09-20,186560,10,Delhi
S2833,P1535,C4969,6,2026-04-04,128634,10,Jaipur
S2834,P6646,C6154,9,2025-04-02,377901,5,Mumbai
S2835,P8394,C4965,17,2025-04-07,403376,10,Delhi
S2836,P4958,C7095,14,2026-01-06,246890,10,Pune
S2837,P3784,C1876,5,2024-07-21,29875,10,Jaipur
S2838,P6719,C7482,12,2026-03-09,308832,0,Mumbai
S2839,P9970,C1756,19,2026-05-26,869250,10,Jaipur
S2840,P5135,C3865,16,2025-09-03,486976,10,Mumbai
S2841,P475,C4988,2,2024-07-27,95086,5,Bangalore
S2842,P2549,C3879,19,2026-04-24,634391,15,Bangalore
S2843,P9669,C7982,6,2026-04-14,176040,15,Jaipur
S2844,P1373,C8804,5,2025-09-14,46895,10,Chandigarh
S2845,P5508,C535,14,2025-09-12,419958,5,Chandigarh
S2846,P642,C6851,12,2025-11-08,559908,0,Bangalore
S2847,P2244,C6105,16,2025-06-14,270656,5,Mumbai
S2848,P2731,C7828,5,2025-08-04,221260,15,Delhi
S2849,P7006,C8303,20,2024-11-18,656660,0,Bangalore
S2850,P8769,C2814,2,2025-02-18,94874,5,Chandigarh
S2851,P1754,C7042,1,2024-06-23,23357,0,Pune
S2852,P4840,C2379,11,2025-08-17,531861,0,Mumbai
S2853,P3985,C7642,7,2025-11-25,237538,5,Jaipur
S2854,P5,C5194,16,2026-01-13,49984,10,Jaipur
S2855,P4880,C6452,9,2024-09-21,99702,0,Bangalore
S2856,P2912,C7699,12,2025-06-02,184044,0,Mumbai
S2857,P1553,C7362,7,2024-07-14,132559,15,Chandigarh
S2858,P7281,C5537,20,2025-06-12,855540,10,Mumbai
S2859,P9884,C7620,11,2024-12-07,290851,5,Pune
S2860,P2002,C4890,5,2025-03-25,133810,5,Bangalore
S2861,P3308,C1304,5,2025-11-26,130400,15,Mumbai
S2862,P7626,C9549,10,2025-09-22,431350,10,Pune
S2863,P2858,C1642,7,2024-09-19,116522,10,Delhi
S2864,P89,C9726,5,2025-09-24,15900,10,Delhi
S2865,P6763,C1776,18,2025-06-17,891936,10,Bangalore
S2866,P8869,C5844,10,2026-05-17,226780,5,Mumbai
S2867,P4511,C8837,9,2026-05-17,272034,15,Pune
S2868,P7657,C7779,11,2025-02-01,70774,0,Mumbai
S2869,P7303,C4184,3,2024-12-12,101022,5,Delhi
S2870,P7548,C7514,13,2026-03-20,444028,5,Jaipur
S2871,P983,C896,13,2024-10-23,251316,0,Delhi
S2872,P7052,C7800,19,2025-08-05,640053,5,Jaipur
S2873,P3746,C7183,18,2024-11-15,717984,0,Chandigarh
S2874,P97,C2511,20,2025-10-07,626140,10,Jaipur
S2875,P5945,C1781,15,2026-02-03,582525,5,Delhi
S2876,P4911,C7677,19,2025-08-15,163039,5,Jaipur
S2877,P271,C1921,3,2025-07-28,52896,0,Chandigarh
S2878,P3008,C58,11,2025-09-03,511082,10,Pune
S2879,P6006,C3215,20,2026-02-26,26340,5,Mumbai
S2880,P7969,C471,3,2025-07-31,55506,0,Mumbai
S2881,P7310,C7151,14,2026-03-13,485240,0,Delhi
S2882,P8388,C2993,9,2025-06-25,318249,5,Pune
S2883,P6257,C7248,10,2026-01-02,294840,5,Pune
S2884,P8956,C4382,4,2025-12-30,129000,10,Bangalore
S2885,P8785,C3012,8,2026-03-18,165432,5,Chandigarh
S2886,P321,C428,11,2026-01-15,365552,15,Jaipur
S2887,P7661,C796,10,2026-05-27,358540,15,Jaipur
S2888,P5146,C3176,13,2024-06-24,249197,10,Mumbai
S2889,P9387,C636,18,2026-01-26,379746,0,Delhi
S2890,P2312,C9882,15,2024-11-28,212925,15,Bangalore
S2891,P451,C210,6,2025-02-12,232794,5,Chandigarh
S2892,P8439,C4190,1,2025-03-10,17575,5,Chandigarh
S2893,P5587,C8368,20,2024-11-24,122220,0,Jaipur
S2894,P8536,C1895,15,2025-02-19,607215,15,Bangalore
S2895,P2117,C8903,4,2024-11-29,161228,0,Chandigarh
S2896,P7843,C277,9,2025-03-14,262530,15,Mumbai
S2897,P8911,C7418,18,2025-01-24,462672,5,Delhi
S2898,P9430,C6957,1,2025-03-22,8877,10,Delhi
S2899,P3326,C4602,15,2025-08-27,165375,5,Jaipur
S2900,P5371,C8700,19,2024-08-30,206473,5,Bangalore
S2901,P4385,C2113,11,2025-07-20,285505,10,Pune
S2902,P4995,C7255,6,2026-01-24,144732,10,Delhi
S2903,P3845,C2434,20,2025-09-29,183680,10,Mumbai
S2904,P8671,C1716,4,2025-12-15,31528,10,Mumbai
S2905,P8931,C4514,1,2026-03-13,5248,10,Pune
S2906,P2429,C3034,20,2024-10-24,737800,15,Chandigarh
S2907,P308,C62,20,2026-02-12,610840,10,Mumbai
S2908,P9394,C4704,7,2026-03-17,29834,10,Delhi
S2909,P8483,C3169,20,2025-11-18,264420,0,Jaipur
S2910,P7371,C8224,10,2025-12-29,374840,15,Delhi
S2911,P5871,C5897,17,2024-07-23,502894,0,Pune
S2912,P8660,C8288,3,2026-05-05,45276,0,Mumbai
S2913,P7092,C5338,10,2025-08-25,245540,0,Bangalore
S2914,P447,C348,4,2025-06-18,73156,15,Delhi
S2915,P1272,C207,14,2026-02-21,658392,0,Pune
S2916,P4926,C5729,1,2026-02-20,49649,15,Chandigarh
S2917,P8343,C8226,3,2025-03-27,98271,5,Mumbai
S2918,P2807,C3255,16,2024-07-03,286112,10,Jaipur
S2919,P5581,C6541,9,2025-07-10,435663,10,Pune
S2920,P5076,C4977,7,2025-03-19,288827,15,Delhi
S2921,P6775,C1970,3,2025-01-28,110922,15,Chandigarh
S2922,P8620,C4703,18,2026-02-18,512820,5,Delhi
S2923,P2495,C8049,12,2024-06-24,154116,10,Mumbai
S2924,P8457,C3530,9,2024-10-12,207144,5,Delhi
S2925,P4006,C1642,19,2025-11-04,86773,15,Bangalore
S2926,P6815,C9899,8,2026-05-03,290960,5,Chandigarh
S2927,P3868,C3818,12,2025-07-19,576900,5,Pune
S2928,P4449,C4744,19,2026-02-24,245917,10,Chandigarh
S2929,P4145,C5539,5,2024-07-19,13135,10,Delhi
S2930,P8540,C3244,1,2025-12-07,6235,15,Pune
S2931,P4220,C7545,5,2025-01-18,218400,0,Chandigarh
S2932,P4992,C1027,15,2025-06-24,726930,5,Mumbai
S2933,P1546,C620,20,2025-07-06,198940,0,Delhi
S2934,P5693,C303,6,2025-11-23,274344,0,Delhi
S2935,P8806,C2387,10,2025-05-27,257120,10,Jaipur
S2936,P1629,C911,19,2025-05-16,294785,5,Mumbai
S2937,P6371,C1951,1,2025-06-04,10200,15,Pune
S2938,P2105,C1358,8,2025-04-01,240408,10,Delhi
S2939,P1866,C8690,7,2024-10-09,307104,10,Pune
S2940,P4891,C3774,18,2025-05-24,880434,10,Chandigarh
S2941,P8470,C9169,20,2024-07-27,280780,0,Bangalore
S2942,P9496,C8157,16,2026-02-16,357504,10,Jaipur
S2943,P2338,C8240,19,2025-05-12,59679,10,Pune
S2944,P3743,C8408,15,2025-05-14,665490,0,Pune
S2945,P1447,C3792,10,2024-10-03,279100,0,Mumbai
S2946,P8816,C2644,8,2024-12-22,96216,15,Chandigarh
S2947,P7539,C4620,12,2024-10-06,445608,10,Delhi
S2948,P4995,C2722,17,2024-07-28,597091,10,Pune
S2949,P6029,C6616,13,2025-06-12,160264,0,Pune
S2950,P1643,C7743,5,2025-11-14,228160,5,Bangalore
S2951,P272,C1800,8,2024-07-30,95032,0,Mumbai
S2952,P5456,C873,6,2024-11-05,103386,10,Jaipur
S2953,P9128,C907,14,2025-08-05,535290,15,Bangalore
S2954,P3244,C3260,2,2024-09-17,12954,5,Jaipur
S2955,P5008,C1748,3,2024-08-30,65982,0,Mumbai
S2956,P1695,C7516,18,2026-03-16,169452,0,Bangalore
S2957,P77,C1997,11,2026-02-25,132033,10,Jaipur
S2958,P3496,C3203,10,2026-05-06,385260,10,Chandigarh
S2959,P957,C5357,5,2026-02-18,78485,15,Jaipur
S2960,P6412,C2771,8,2025-01-13,381808,15,Chandigarh
S2961,P9250,C3398,2,2025-02-27,6468,5,Bangalore
S2962,P1788,C8109,20,2026-04-03,439420,15,Pune
S2963,P4868,C9136,5,2025-07-15,142730,5,Mumbai
S2964,P6226,C1496,16,2026-01-27,712528,0,Pune
S2965,P3831,C8541,7,2026-01-07,56714,0,Jaipur
S2966,P1538,C5296,4,2025-09-20,177204,5,Delhi
S2967,P4477,C3596,12,2026-05-08,594504,0,Bangalore
S2968,P5252,C1223,18,2024-12-11,585738,0,Mumbai
S2969,P7618,C8003,12,2025-01-31,437304,15,Pune
S2970,P8199,C8818,19,2026-04-10,413364,0,Pune
S2971,P8263,C2005,6,2024-11-18,152070,0,Pune
S2972,P6877,C7977,16,2024-12-19,85456,10,Chandigarh
S2973,P4570,C3288,14,2024-10-06,352576,15,Chandigarh
S2974,P5576,C1996,8,2024-07-18,9936,10,Bangalore
S2975,P5281,C8829,8,2026-02-11,192672,0,Chandigarh
S2976,P7633,C8435,17,2026-03-04,88111,15,Jaipur
S2977,P3338,C8421,2,2025-01-30,82468,10,Delhi
S2978,P1092,C4339,5,2025-07-24,15225,5,Delhi
S2979,P7068,C3796,10,2024-07-18,408410,15,Jaipur
S2980,P9083,C8496,4,2025-05-08,25080,15,Chandigarh
S2981,P3761,C9843,4,2026-04-25,87240,15,Mumbai
S2982,P6094,C7493,10,2025-04-22,449310,10,Pune
S2983,P9086,C1902,6,2025-07-01,22356,0,Bangalore
S2984,P9456,C446,13,2026-02-20,212173,15,Bangalore
S2985,P5185,C4996,12,2024-08-12,563652,5,Bangalore
S2986,P5899,C6316,19,2026-04-30,671859,15,Mumbai
S2987,P7003,C6820,4,2026-03-07,115736,15,Chandigarh
S2988,P7521,C5531,8,2025-01-30,293184,5,Pune
S2989,P4319,C8078,16,2025-07-31,170928,0,Bangalore
S2990,P5774,C8553,8,2024-07-02,82480,15,Jaipur
S2991,P7114,C1967,1,2024-09-14,32157,10,Chandigarh
S2992,P6100,C7410,10,2026-04-03,325600,0,Delhi
S2993,P5824,C6628,4,2024-12-08,193944,15,Jaipur
S2994,P2059,C670,14,2026-04-02,72758,15,Delhi
S2995,P4796,C2500,3,2026-04-24,80448,10,Delhi
S2996,P2646,C6616,4,2024-10-04,117320,0,Chandigarh
S2997,P139,C5480,5,2026-03-22,85150,0,Chandigarh
S2998,P6710,C6442,20,2024-11-02,919000,10,Jaipur
S2999,P6515,C6931,12,2025-08-22,300288,10,Bangalore
S3000,P1183,C4657,14,2025-05-01,25242,10,Pune
S3001,P9863,C7583,7,2024-05-30,239253,5,Mumbai
S3002,P7537,C8039,15,2026-03-05,18210,0,Mumbai
S3003,P1463,C1368,7,2024-07-19,147658,15,Mumbai
S3004,P550,C5078,12,2024-06-01,120372,15,Jaipur
S3005,P1388,C9475,12,2024-08-13,473988,15,Jaipur
S3006,P6704,C5101,9,2025-08-02,242613,5,Delhi
S3007,P6008,C7152,10,2025-07-18,479710,15,Bangalore
S3008,P9444,C9168,19,2025-12-14,870846,5,Mumbai
S3009,P9022,C3489,18,2024-09-29,483912,0,Delhi
S3010,P7307,C8293,14,2026-01-12,563430,5,Pune
S3011,P7251,C5688,4,2025-08-15,172428,10,Jaipur
S3012,P7446,C8232,11,2024-06-07,145618,10,Delhi
S3013,P1175,C5169,10,2024-12-02,403730,10,Delhi
S3014,P612,C4990,15,2025-05-09,655425,0,Mumbai
S3015,P7146,C3894,13,2025-06-16,303095,5,Bangalore
S3016,P5145,C6303,10,2025-09-20,110990,15,Chandigarh
S3017,P2253,C7417,5,2025-03-12,12770,0,Pune
S3018,P1219,C9743,4,2025-02-10,41284,0,Bangalore
S3019,P8953,C1482,19,2024-10-13,740088,10,Chandigarh
S3020,P6832,C9299,8,2025-09-08,276752,5,Mumbai
S3021,P4471,C4801,6,2025-11-08,197226,0,Bangalore
S3022,P8379,C3192,4,2024-06-21,120900,5,Jaipur
S3023,P4285,C1401,8,2026-04-19,360576,15,Pune
S3024,P3407,C7670,9,2024-08-02,147258,5,Chandigarh
S3025,P9155,C9873,11,2025-01-12,261844,0,Pune
S3026,P6765,C65,20,2026-05-26,950020,5,Pune
S3027,P3641,C3017,12,2025-06-23,432756,10,Jaipur
S3028,P4109,C3048,3,2025-06-19,34638,0,Delhi
S3029,P1990,C9516,8,2024-12-22,295712,10,Mumbai
S3030,P6036,C2102,14,2024-11-03,31360,0,Jaipur
S3031,P960,C6424,6,2025-04-30,217446,15,Mumbai
S3032,P6247,C9824,4,2025-08-18,76648,10,Bangalore
S3033,P5400,C8992,14,2024-10-12,295624,0,Bangalore
S3034,P1544,C152,1,2025-04-02,44083,5,Pune
S3035,P4810,C4092,5,2026-03-10,144465,15,Delhi
S3036,P9482,C2200,18,2026-03-02,716364,15,Mumbai
S3037,P1027,C3235,20,2026-02-01,909360,5,Chandigarh
S3038,P224,C5009,10,2025-06-30,459630,10,Chandigarh
S3039,P9925,C3979,9,2025-09-20,298440,10,Chandigarh
S3040,P7063,C670,6,2026-04-09,253926,10,Delhi
S3041,P6604,C2295,6,2024-09-20,118908,10,Mumbai
S3042,P9179,C3493,16,2025-02-15,508208,5,Bangalore
S3043,P1704,C3128,4,2024-06-12,176436,0,Mumbai
S3044,P8110,C9276,19,2025-05-07,328035,5,Jaipur
S3045,P8593,C5564,2,2025-10-06,81406,10,Jaipur
S3046,P5844,C7993,14,2026-01-03,221004,5,Bangalore
S3047,P1322,C374,3,2025-03-09,129273,10,Chandigarh
S3048,P358,C1491,16,2025-08-18,356464,5,Pune
S3049,P5615,C7816,6,2025-02-24,119508,5,Delhi
S3050,P4782,C4965,17,2026-01-03,623628,15,Jaipur
S3051,P109,C4597,6,2025-02-13,41562,0,Mumbai
S3052,P8197,C9137,5,2024-11-16,126980,10,Chandigarh
S3053,P5323,C5121,18,2024-08-06,854892,10,Mumbai
S3054,P1799,C8687,12,2025-08-22,168588,5,Bangalore
S3055,P501,C4450,3,2024-10-11,8790,5,Chandigarh
S3056,P9782,C9830,19,2026-04-11,896116,10,Pune
S3057,P9105,C9877,17,2025-03-17,222292,5,Jaipur
S3058,P5045,C8290,5,2025-12-20,240825,5,Bangalore
S3059,P6789,C7339,14,2025-05-11,292866,10,Delhi
S3060,P50,C1477,19,2025-01-15,173983,10,Chandigarh
S3061,P4376,C7729,17,2024-06-07,504322,15,Pune
S3062,P7536,C444,12,2025-10-16,415056,0,Chandigarh
S3063,P9861,C7926,20,2025-05-28,562720,10,Jaipur
S3064,P2515,C1719,10,2025-10-24,270850,0,Mumbai
S3065,P7096,C7945,10,2026-04-13,43130,5,Jaipur
S3066,P4,C951,14,2025-02-02,314244,15,Mumbai
S3067,P6793,C328,12,2025-08-03,594576,15,Mumbai
S3068,P2790,C461,14,2025-03-01,197820,0,Mumbai
S3069,P6959,C1877,3,2026-03-11,30585,15,Jaipur
S3070,P3155,C4779,17,2024-11-27,32844,0,Chandigarh
S3071,P738,C1400,16,2025-07-07,694784,0,Jaipur
S3072,P4415,C5904,14,2024-08-15,404306,0,Mumbai
S3073,P1478,C8899,5,2026-03-21,194280,10,Mumbai
S3074,P4668,C5277,6,2026-04-28,198570,10,Jaipur
S3075,P3859,C7780,17,2026-05-25,505546,10,Bangalore
S3076,P4244,C5376,2,2025-11-04,31452,5,Mumbai
S3077,P7789,C2249,20,2025-05-22,550240,0,Pune
S3078,P9240,C7481,14,2026-02-19,373086,15,Bangalore
S3079,P7671,C9241,15,2024-11-21,187545,10,Delhi
S3080,P5696,C225,2,2025-01-03,23692,5,Bangalore
S3081,P4644,C2534,19,2024-06-08,281238,0,Chandigarh
S3082,P6614,C370,10,2024-10-15,404020,15,Mumbai
S3083,P9598,C8648,10,2024-09-18,31050,15,Chandigarh
S3084,P22,C3501,20,2026-01-31,430660,10,Delhi
S3085,P1796,C7470,12,2024-09-04,161556,15,Mumbai
S3086,P9732,C1991,4,2025-04-02,169856,5,Mumbai
S3087,P3795,C1264,1,2026-04-29,40123,5,Delhi
S3088,P3858,C1725,13,2024-06-12,422175,0,Mumbai
S3089,P164,C3586,9,2025-12-12,214551,10,Chandigarh
S3090,P4412,C388,5,2026-04-21,22810,15,Chandigarh
S3091,P7917,C8086,18,2025-12-01,629226,0,Mumbai
S3092,P2367,C3590,10,2025-02-03,480640,5,Delhi
S3093,P4312,C698,3,2025-10-07,101415,10,Bangalore
S3094,P8024,C29,9,2026-01-17,203400,0,Bangalore
S3095,P8930,C2674,8,2026-03-31,145960,5,Chandigarh
S3096,P8620,C1212,6,2024-07-15,211860,10,Bangalore
S3097,P2060,C9799,17,2026-01-04,608413,5,Delhi
S3098,P2196,C7320,20,2025-11-23,834960,15,Mumbai
S3099,P4086,C5182,6,2024-05-31,155880,5,Delhi
S3100,P7143,C9312,10,2026-01-24,416960,15,Pune
S3101,P9018,C131,20,2026-03-06,147000,0,Jaipur
S3102,P2824,C2994,11,2024-06-07,267740,10,Jaipur
S3103,P5023,C1495,11,2025-03-16,13959,5,Mumbai
S3104,P1204,C7963,13,2025-02-05,531284,0,Jaipur
S3105,P2935,C3951,12,2024-06-08,362148,10,Mumbai
S3106,P4871,C3414,10,2026-01-17,48090,10,Chandigarh
S3107,P1258,C7543,9,2024-12-30,125325,0,Bangalore
S3108,P1907,C7986,14,2026-03-11,305578,10,Bangalore
S3109,P356,C2706,18,2024-06-05,894132,15,Bangalore
S3110,P1602,C1127,16,2024-06-18,499904,5,Bangalore
S3111,P5790,C1093,8,2025-04-18,371760,15,Jaipur
S3112,P1921,C419,1,2026-03-21,19145,10,Pune
S3113,P2276,C6087,2,2024-11-10,31776,0,Bangalore
S3114,P414,C3135,20,2025-12-19,686160,15,Chandigarh
S3115,P2029,C900,6,2025-12-08,88158,5,Mumbai
S3116,P862,C5599,2,2026-02-03,98572,15,Chandigarh
S3117,P5720,C338,16,2024-12-05,339216,0,Jaipur
S3118,P4507,C1368,16,2025-04-13,462736,0,Pune
S3119,P2032,C7221,18,2024-12-27,332766,0,Chandigarh
S3120,P6074,C3925,16,2026-02-17,286880,5,Bangalore
S3121,P1220,C5213,18,2026-03-01,321606,0,Mumbai
S3122,P4543,C8456,17,2024-08-19,269586,5,Bangalore
S3123,P4730,C594,20,2024-06-04,428520,0,Delhi
S3124,P4499,C2201,8,2025-08-14,75712,15,Mumbai
S3125,P4726,C6617,7,2025-09-17,32256,5,Chandigarh
S3126,P8516,C7413,14,2025-02-27,161714,15,Delhi
S3127,P2309,C8171,14,2025-09-19,128562,0,Mumbai
S3128,P7966,C8603,8,2025-12-31,190328,5,Bangalore
S3129,P5832,C5583,5,2025-07-18,5995,15,Chandigarh
S3130,P7471,C7119,17,2026-04-14,65569,5,Bangalore
S3131,P9564,C7578,1,2024-11-05,28370,15,Chandigarh
S3132,P3011,C1111,19,2025-09-19,197030,10,Mumbai
S3133,P6504,C3566,14,2026-02-08,433524,10,Bangalore
S3134,P6862,C1722,20,2026-05-03,177020,15,Pune
S3135,P676,C302,6,2025-04-05,175782,5,Pune
S3136,P4657,C9490,1,2025-10-12,31516,5,Chandigarh
S3137,P1481,C575,1,2025-12-24,15361,15,Chandigarh
S3138,P5663,C1786,14,2025-10-27,495894,10,Bangalore
S3139,P652,C1594,9,2025-02-27,148113,0,Delhi
S3140,P5280,C8996,4,2025-11-04,177596,0,Jaipur
S3141,P178,C4999,1,2024-12-23,2889,10,Chandigarh
S3142,P5985,C2917,20,2026-03-09,134560,10,Bangalore
S3143,P2923,C512,17,2024-07-24,291533,10,Pune
S3144,P8834,C2753,5,2025-02-24,100210,0,Pune
S3145,P5588,C5559,14,2024-10-03,79100,0,Chandigarh
S3146,P5594,C4454,6,2025-10-31,161454,15,Pune
S3147,P2206,C1503,20,2024-11-14,368160,0,Bangalore
S3148,P6903,C6800,13,2025-12-26,103948,0,Pune
S3149,P7782,C8559,2,2026-02-16,98538,0,Delhi
S3150,P5773,C1617,15,2025-07-03,33300,10,Bangalore
S3151,P224,C6867,3,2024-08-30,8643,5,Jaipur
S3152,P8884,C221,2,2025-07-15,53154,0,Bangalore
S3153,P1673,C6962,8,2024-08-31,8736,5,Bangalore
S3154,P5621,C4586,14,2024-06-04,548982,5,Pune
S3155,P545,C1696,13,2024-11-09,391664,10,Pune
S3156,P64,C8899,1,2025-05-05,38161,0,Chandigarh
S3157,P1156,C545,6,2026-04-21,225054,5,Chandigarh
S3158,P5725,C2949,11,2024-12-07,418638,15,Mumbai
S3159,P4570,C1379,19,2024-12-07,682860,0,Bangalore
S3160,P1196,C9319,9,2024-08-07,392409,5,Delhi
S3161,P4242,C6088,16,2025-08-13,660832,15,Chandigarh
S3162,P3504,C3698,10,2026-03-04,265220,0,Pune
S3163,P3738,C6441,11,2024-10-10,117931,10,Jaipur
S3164,P6529,C501,11,2025-07-15,361339,5,Delhi
S3165,P2822,C4152,2,2025-05-31,18346,5,Chandigarh
S3166,P3255,C9149,11,2024-06-26,23969,0,Pune
S3167,P187,C3058,12,2026-01-03,324924,15,Mumbai
S3168,P2786,C4921,6,2024-12-31,88536,10,Pune
S3169,P5567,C9217,7,2025-10-17,26131,15,Delhi
S3170,P26,C2645,13,2026-03-26,222274,15,Jaipur
S3171,P6308,C1319,17,2024-11-30,333948,0,Delhi
S3172,P158,C7935,20,2025-03-02,759900,0,Bangalore
S3173,P7693,C6545,7,2025-07-12,11984,10,Delhi
S3174,P7183,C9628,3,2024-10-21,129351,15,Chandigarh
S3175,P372,C4210,17,2025-03-02,774044,10,Pune
S3176,P7691,C9772,7,2024-12-18,278915,5,Pune
S3177,P9137,C9496,16,2024-07-12,795104,10,Mumbai
S3178,P9022,C9625,7,2026-02-18,109109,10,Chandigarh
S3179,P6970,C2480,15,2025-11-28,352455,15,Delhi
S3180,P6539,C2332,12,2024-10-05,229056,10,Chandigarh
S3181,P5816,C1386,13,2025-11-11,65533,15,Pune
S3182,P1630,C2185,14,2026-04-21,313278,0,Bangalore
S3183,P5316,C2677,19,2024-11-11,338086,10,Delhi
S3184,P7514,C3138,19,2026-03-25,944034,5,Bangalore
S3185,P4821,C8042,13,2025-05-25,58305,10,Bangalore
S3186,P810,C8487,1,2025-07-18,42725,15,Pune
S3187,P5936,C9111,14,2025-09-12,131404,0,Delhi
S3188,P7057,C5735,1,2024-10-04,22398,10,Pune
S3189,P178,C4570,7,2024-06-03,262899,10,Delhi
S3190,P7517,C5681,18,2024-06-08,681642,10,Pune
S3191,P8391,C7052,2,2025-12-07,31850,10,Chandigarh
S3192,P46,C4924,8,2025-08-18,81936,0,Delhi
S3193,P9890,C2737,10,2025-01-03,458980,10,Bangalore
S3194,P7437,C7852,16,2025-02-10,480672,5,Chandigarh
S3195,P6862,C309,11,2025-03-17,13519,0,Mumbai
S3196,P6440,C1862,7,2025-06-23,179823,5,Chandigarh
S3197,P9236,C1541,10,2025-12-18,257810,5,Chandigarh
S3198,P6949,C2226,16,2025-06-04,525264,5,Pune
S3199,P8390,C2367,12,2025-10-05,417636,0,Jaipur
S3200,P7149,C6131,7,2025-11-23,20097,0,Jaipur
S3201,P1297,C7473,15,2024-06-04,41115,15,Mumbai
S3202,P4233,C3932,6,2024-07-29,297498,5,Mumbai
S3203,P692,C1124,19,2026-02-03,447583,10,Chandigarh
S3204,P8229,C3482,16,2024-11-02,726400,15,Jaipur
S3205,P132,C2945,2,2024-10-27,43368,0,Pune
S3206,P3784,C9415,19,2026-04-29,914375,15,Mumbai
S3207,P4367,C3328,20,2025-09-15,543320,0,Pune
S3208,P1010,C1826,16,2025-09-03,267008,10,Delhi
S3209,P9888,C9083,4,2025-03-28,22196,10,Jaipur
S3210,P6456,C3969,4,2024-07-21,139544,5,Chandigarh
S3211,P1178,C2543,15,2024-07-09,52770,0,Pune
S3212,P3245,C6897,6,2026-01-26,152496,10,Pune
S3213,P7869,C9592,16,2025-05-17,601824,15,Delhi
S3214,P3069,C585,18,2025-03-26,135720,5,Jaipur
S3215,P1155,C1773,10,2026-01-31,418060,0,Bangalore
S3216,P468,C9671,7,2025-07-17,308546,10,Jaipur
S3217,P2349,C9371,3,2024-06-08,6033,5,Mumbai
S3218,P5383,C8831,2,2024-09-18,4892,0,Delhi
S3219,P3932,C775,17,2025-11-20,614992,5,Pune
S3220,P2571,C6504,20,2026-05-01,43560,5,Chandigarh
S3221,P947,C4332,9,2025-07-26,263403,0,Pune
S3222,P9288,C3182,9,2025-03-17,204966,10,Mumbai
S3223,P5938,C5366,13,2024-11-16,599716,5,Chandigarh
S3224,P8612,C225,6,2024-12-06,175506,5,Delhi
S3225,P9347,C1559,11,2025-07-22,264099,15,Delhi
S3226,P7530,C8465,20,2024-11-25,858380,15,Pune
S3227,P1709,C2084,8,2025-02-20,67144,5,Jaipur
S3228,P5088,C1702,20,2025-06-05,385600,0,Pune
S3229,P2270,C8175,20,2025-06-18,101620,15,Jaipur
S3230,P7157,C3152,13,2025-01-27,339079,0,Jaipur
S3231,P4708,C6047,5,2024-11-14,14070,0,Mumbai
S3232,P992,C8288,6,2024-12-09,125382,15,Pune
S3233,P3143,C5805,7,2024-08-08,319851,10,Chandigarh
S3234,P240,C2931,18,2025-06-15,326646,0,Delhi
S3235,P606,C3288,20,2025-12-03,328040,0,Chandigarh
S3236,P3959,C190,9,2025-02-27,15975,15,Chandigarh
S3237,P7975,C7526,4,2024-11-27,26240,15,Chandigarh
S3238,P2959,C2015,11,2024-11-03,488730,0,Pune
S3239,P8811,C9681,5,2025-10-28,228320,5,Pune
S3240,P8642,C166,16,2024-08-06,98240,10,Chandigarh
S3241,P4432,C3303,15,2025-02-12,690780,15,Pune
S3242,P7966,C9358,20,2025-09-24,968840,0,Bangalore
S3243,P5150,C3894,15,2026-05-14,366135,0,Mumbai
S3244,P9391,C8584,9,2025-09-13,407574,0,Bangalore
S3245,P7230,C7255,20,2026-05-21,91800,5,Chandigarh
S3246,P9037,C6138,9,2025-03-25,135261,10,Pune
S3247,P8850,C8115,12,2025-03-12,372408,5,Delhi
S3248,P3608,C7948,19,2026-01-18,421743,0,Bangalore
S3249,P8036,C7675,15,2025-03-07,740385,0,Delhi
S3250,P5888,C9346,16,2025-10-20,572368,15,Bangalore
S3251,P7057,C6017,9,2024-10-28,318744,0,Pune
S3252,P36,C8834,12,2025-07-23,391644,5,Mumbai
S3253,P7640,C6829,10,2025-10-25,438370,10,Mumbai
S3254,P7018,C6666,6,2024-07-23,274926,15,Mumbai
S3255,P3937,C2195,16,2025-02-09,288064,15,Delhi
S3256,P7082,C2032,18,2026-02-26,470304,10,Delhi
S3257,P4137,C4251,7,2025-10-11,227843,5,Jaipur
S3258,P2151,C8812,5,2024-09-25,248655,5,Delhi
S3259,P6126,C1344,11,2024-12-06,273680,5,Mumbai
S3260,P6427,C8712,19,2025-01-21,343805,0,Mumbai
S3261,P4996,C7275,18,2024-12-10,680274,10,Chandigarh
S3262,P9975,C8281,7,2025-08-22,145033,5,Mumbai
S3263,P8611,C360,8,2025-12-25,213768,0,Pune
S3264,P2734,C2449,15,2024-12-09,507255,15,Delhi
S3265,P213,C4566,17,2025-08-05,721140,15,Pune
S3266,P1859,C4360,9,2025-09-02,382383,15,Pune
S3267,P3277,C9198,15,2024-06-05,159480,10,Delhi
S3268,P7047,C9384,2,2025-12-21,78510,10,Jaipur
S3269,P7121,C2559,11,2024-07-29,41448,5,Chandigarh
S3270,P6549,C6600,6,2025-04-13,47460,10,Chandigarh
S3271,P5428,C7869,8,2024-10-14,345440,10,Bangalore
S3272,P2121,C3349,12,2025-02-02,368904,0,Pune
S3273,P1541,C1189,3,2025-09-11,53841,5,Pune
S3274,P1774,C6384,20,2025-06-20,44660,5,Bangalore
S3275,P5633,C690,10,2025-04-12,281680,10,Pune
S3276,P7275,C3727,14,2026-01-16,139580,5,Pune
S3277,P6018,C6219,18,2026-04-30,254574,15,Chandigarh
S3278,P7564,C8979,5,2024-08-13,128230,5,Chandigarh
S3279,P694,C7043,20,2024-06-17,113360,5,Pune
S3280,P2532,C6363,10,2024-10-06,86520,5,Jaipur
S3281,P4136,C7000,17,2024-11-30,67456,10,Chandigarh
S3282,P2106,C8100,6,2024-11-12,193566,15,Mumbai
S3283,P5278,C5961,5,2025-01-27,177060,10,Jaipur
S3284,P8988,C1010,14,2025-11-01,656068,5,Delhi
S3285,P9009,C2870,11,2026-05-08,358644,0,Mumbai
S3286,P2075,C6283,13,2026-03-27,151346,15,Delhi
S3287,P4071,C8050,19,2026-01-16,25707,0,Pune
S3288,P674,C3319,9,2025-11-15,346140,15,Pune
S3289,P8222,C4575,14,2026-01-13,23562,15,Mumbai
S3290,P3193,C8781,2,2025-01-03,25042,10,Mumbai
S3291,P6083,C6666,15,2024-09-29,696120,10,Mumbai
S3292,P3822,C4598,11,2024-09-22,112354,10,Chandigarh
S3293,P7538,C9307,3,2026-03-18,87276,10,Chandigarh
S3294,P6922,C2054,7,2026-05-20,25739,15,Bangalore
S3295,P6560,C2179,18,2025-04-12,349650,15,Chandigarh
S3296,P6368,C849,8,2025-12-15,249912,5,Delhi
S3297,P7571,C1525,8,2024-10-19,88928,15,Mumbai
S3298,P8272,C475,11,2026-02-09,505472,15,Jaipur
S3299,P8625,C7385,2,2026-01-13,67544,5,Jaipur
S3300,P2221,C3470,1,2026-05-01,48452,10,Bangalore
S3301,P5403,C3043,15,2025-09-01,639840,5,Pune
S3302,P2512,C7278,5,2026-03-18,140230,10,Bangalore
S3303,P9539,C4897,3,2025-08-31,145608,5,Chandigarh
S3304,P6513,C3955,12,2025-06-21,365280,0,Delhi
S3305,P80,C1875,18,2024-06-03,139680,5,Chandigarh
S3306,P3053,C5053,12,2024-06-29,434988,15,Bangalore
S3307,P5889,C9552,19,2026-03-19,159049,15,Jaipur
S3308,P2284,C7416,6,2025-07-31,39114,0,Pune
S3309,P7939,C1499,10,2024-10-19,476270,15,Chandigarh
S3310,P6252,C3412,18,2024-10-24,691560,0,Pune
S3311,P4645,C6237,5,2024-09-01,194435,5,Bangalore
S3312,P7275,C8555,3,2025-02-27,117618,15,Bangalore
S3313,P3745,C2819,17,2026-03-25,448154,5,Jaipur
S3314,P4992,C5938,18,2025-02-24,379152,0,Pune
S3315,P8311,C6671,5,2026-02-21,210495,0,Mumbai
S3316,P4185,C9407,6,2025-03-24,259860,10,Mumbai
S3317,P1398,C6998,11,2026-05-20,201509,0,Mumbai
S3318,P3245,C3138,19,2025-08-28,214966,5,Mumbai
S3319,P7251,C8372,9,2026-04-16,429705,10,Jaipur
S3320,P9829,C608,1,2025-11-17,29538,5,Delhi
S3321,P4035,C3266,17,2026-01-08,507586,15,Jaipur
S3322,P7427,C4825,6,2024-07-26,86580,10,Mumbai
S3323,P3753,C2483,3,2026-04-01,114528,10,Pune
S3324,P1849,C6694,20,2025-06-25,743040,15,Delhi
S3325,P6647,C2760,6,2025-02-27,97830,10,Delhi
S3326,P533,C8784,2,2025-12-17,23596,5,Jaipur
S3327,P2201,C6922,7,2024-10-19,7805,15,Pune
S3328,P3862,C2082,4,2025-03-07,111452,10,Mumbai
S3329,P9065,C1888,14,2024-08-04,618282,0,Jaipur
S3330,P7799,C7401,14,2025-07-05,192430,15,Pune
S3331,P9417,C6982,20,2026-02-15,416880,10,Mumbai
S3332,P7363,C4998,3,2024-09-22,136470,0,Bangalore
S3333,P56,C7964,18,2026-02-06,144306,10,Bangalore
S3334,P9189,C5128,17,2025-05-30,784873,10,Delhi
S3335,P4382,C1497,1,2025-12-03,7101,15,Jaipur
S3336,P7251,C3753,20,2025-04-22,618420,5,Bangalore
S3337,P9269,C4349,16,2025-05-20,209520,0,Jaipur
S3338,P5326,C2182,3,2025-06-13,137229,0,Delhi
S3339,P41,C4159,5,2025-07-26,11110,5,Delhi
S3340,P2408,C6388,11,2026-02-01,365904,10,Delhi
S3341,P2192,C2025,1,2025-11-21,8209,15,Delhi
S3342,P5754,C1246,19,2026-01-23,887490,15,Jaipur
S3343,P3698,C3846,13,2026-04-06,361829,10,Mumbai
S3344,P7701,C2816,8,2024-06-22,376280,15,Delhi
S3345,P8386,C2831,19,2025-05-15,585314,10,Jaipur
S3346,P6640,C7296,6,2025-02-08,199362,0,Delhi
S3347,P9622,C1712,14,2025-03-26,311920,15,Delhi
S3348,P1320,C8063,15,2025-05-21,32190,10,Jaipur
S3349,P9379,C9825,16,2024-12-10,675920,10,Mumbai
S3350,P4931,C453,15,2025-10-28,188535,15,Delhi
S3351,P5345,C4361,5,2026-04-08,99120,5,Bangalore
S3352,P5263,C2583,17,2025-10-14,485945,15,Delhi
S3353,P6958,C6599,6,2025-02-05,185340,0,Mumbai
S3354,P2034,C2658,18,2026-05-27,118242,15,Delhi
S3355,P7429,C3714,18,2026-04-11,70920,0,Delhi
S3356,P6968,C4218,11,2026-05-26,229713,15,Chandigarh
S3357,P3947,C7091,7,2025-12-18,150465,5,Bangalore
S3358,P2830,C4715,1,2026-04-05,25553,0,Pune
S3359,P6405,C5945,12,2025-10-20,400284,0,Pune
S3360,P8742,C392,1,2025-10-29,31673,15,Bangalore
S3361,P5163,C3208,9,2025-03-18,166644,15,Chandigarh
S3362,P5969,C696,19,2026-03-05,558448,0,Chandigarh
S3363,P7910,C4800,20,2024-08-09,75480,15,Delhi
S3364,P3343,C2096,9,2025-06-05,352503,0,Chandigarh
S3365,P2741,C9547,1,2025-06-26,28728,10,Pune
S3366,P7569,C9187,4,2026-01-03,76004,10,Delhi
S3367,P8696,C4159,9,2025-07-27,252792,5,Mumbai
S3368,P4329,C6987,20,2025-03-30,862840,10,Jaipur
S3369,P7476,C7648,5,2025-11-27,49935,10,Mumbai
S3370,P8738,C5813,13,2024-07-06,227006,5,Chandigarh
S3371,P5061,C156,9,2026-01-07,259011,5,Jaipur
S3372,P1256,C1064,6,2024-06-07,285174,5,Jaipur
S3373,P9082,C3878,6,2024-07-10,57612,10,Bangalore
S3374,P4776,C8595,9,2025-07-29,154089,15,Jaipur
S3375,P7984,C700,8,2025-02-12,309344,15,Pune
S3376,P2620,C3713,2,2025-07-30,38382,5,Chandigarh
S3377,P1656,C1626,8,2025-08-21,121976,0,Jaipur
S3378,P3582,C7831,17,2025-04-12,489379,5,Jaipur
S3379,P5937,C4928,13,2025-10-19,14443,0,Jaipur
S3380,P4012,C5637,8,2025-11-16,335120,10,Bangalore
S3381,P4873,C8001,4,2025-01-14,127124,10,Mumbai
S3382,P7095,C6360,15,2025-01-28,198375,5,Jaipur
S3383,P8938,C715,19,2025-05-17,738055,10,Jaipur
S3384,P7307,C6124,20,2025-11-10,354380,0,Chandigarh
S3385,P4787,C7929,17,2024-11-06,112557,10,Jaipur
S3386,P9540,C6189,20,2024-06-23,613320,15,Mumbai
S3387,P5007,C1819,7,2026-02-14,154203,10,Chandigarh
S3388,P4855,C5709,8,2024-12-14,46112,5,Jaipur
S3389,P8451,C3714,19,2024-10-29,182381,5,Pune
S3390,P113,C9611,13,2024-06-07,532272,15,Bangalore
S3391,P7342,C1040,19,2025-06-28,48583,5,Pune
S3392,P2293,C5464,16,2025-04-23,242560,10,Mumbai
S3393,P4077,C9825,15,2025-11-18,164655,15,Delhi
S3394,P6759,C3903,20,2024-08-15,628400,5,Mumbai
S3395,P3022,C286,16,2026-03-03,584624,0,Bangalore
S3396,P5110,C8714,5,2026-03-28,143535,15,Jaipur
S3397,P7516,C7834,14,2024-09-11,656894,5,Delhi
S3398,P6597,C9971,5,2026-03-19,180660,10,Mumbai
S3399,P2639,C7467,19,2025-11-13,284240,10,Bangalore
S3400,P3565,C1523,17,2026-03-06,265897,5,Delhi
S3401,P2121,C3921,6,2025-03-03,73092,0,Pune
S3402,P369,C5736,10,2026-05-04,292190,10,Chandigarh
S3403,P5706,C4355,7,2025-05-26,244685,5,Delhi
S3404,P1841,C6801,1,2025-11-05,14661,15,Jaipur
S3405,P9078,C7443,4,2025-01-24,100084,15,Chandigarh
S3406,P5752,C5993,5,2025-03-26,76940,5,Delhi
S3407,P5387,C8165,10,2024-06-28,343460,15,Pune
S3408,P2943,C3977,19,2024-06-22,280402,10,Jaipur
S3409,P7515,C2296,11,2025-11-12,113707,0,Chandigarh
S3410,P639,C3426,16,2024-08-23,677328,0,Bangalore
S3411,P4907,C6048,15,2024-06-25,88860,15,Pune
S3412,P2972,C4178,3,2024-10-01,33756,10,Chandigarh
S3413,P427,C3711,15,2025-09-06,304770,5,Bangalore
S3414,P2585,C9630,19,2024-11-10,549157,5,Delhi
S3415,P1424,C9993,19,2025-02-13,409545,5,Pune
S3416,P5396,C7831,10,2025-08-16,464190,0,Delhi
S3417,P4231,C2012,5,2026-02-25,195520,0,Jaipur
S3418,P5542,C8014,14,2024-12-26,33726,0,Mumbai
S3419,P8126,C3902,20,2024-09-21,99020,5,Chandigarh
S3420,P8864,C1593,7,2026-02-23,28798,5,Bangalore
S3421,P4606,C21,4,2025-05-27,47664,0,Jaipur
S3422,P9024,C8762,10,2025-10-23,306080,10,Bangalore
S3423,P2456,C7911,7,2024-11-23,173999,10,Delhi
S3424,P4718,C7491,2,2025-11-19,62284,5,Jaipur
S3425,P5533,C4208,2,2025-05-09,98616,5,Delhi
S3426,P7329,C4044,20,2025-12-27,671300,5,Bangalore
S3427,P4552,C2957,12,2024-10-18,408096,10,Mumbai
S3428,P2237,C6066,13,2025-01-25,64688,15,Chandigarh
S3429,P749,C1850,8,2024-09-16,83648,0,Mumbai
S3430,P8413,C1432,8,2025-10-08,268256,5,Mumbai
S3431,P8985,C3976,3,2024-07-13,122424,15,Delhi
S3432,P5667,C6913,16,2025-01-02,223984,10,Delhi
S3433,P1137,C9421,6,2025-07-29,233214,5,Delhi
S3434,P643,C1125,18,2026-01-09,56214,5,Jaipur
S3435,P6348,C3157,20,2025-11-23,325260,15,Pune
S3436,P7464,C4719,10,2024-10-14,64870,0,Delhi
S3437,P963,C9404,11,2026-01-26,429176,0,Jaipur
S3438,P6428,C9436,20,2024-06-21,985920,15,Mumbai
S3439,P6304,C7687,13,2026-04-21,132288,10,Chandigarh
S3440,P4768,C5367,14,2025-07-28,60228,15,Pune
S3441,P6600,C8246,9,2025-09-27,175995,15,Delhi
S3442,P5021,C373,11,2024-10-26,165374,5,Jaipur
S3443,P2806,C7430,10,2025-02-13,395970,5,Jaipur
S3444,P8065,C6265,18,2024-08-16,684972,0,Jaipur
S3445,P5477,C6482,6,2025-02-01,7098,5,Chandigarh
S3446,P6380,C2177,4,2026-04-18,36028,5,Bangalore
S3447,P1308,C7315,5,2025-07-16,184145,5,Mumbai
S3448,P3555,C7266,9,2025-07-11,322704,0,Chandigarh
S3449,P4560,C5273,15,2025-08-10,285690,0,Mumbai
S3450,P5305,C2262,11,2026-05-25,141559,0,Delhi
S3451,P9988,C3740,5,2026-04-14,71285,5,Delhi
S3452,P2732,C4590,3,2024-08-07,92682,5,Mumbai
S3453,P3045,C3424,11,2026-04-17,347061,5,Chandigarh
S3454,P7574,C9472,5,2026-04-05,94620,0,Pune
S3455,P227,C338,7,2025-12-22,71995,5,Pune
S3456,P6252,C1034,8,2024-06-05,377280,0,Bangalore
S3457,P942,C4661,6,2024-09-20,119118,10,Chandigarh
S3458,P4541,C2399,6,2025-02-20,90336,10,Delhi
S3459,P1659,C4222,2,2024-11-04,89666,15,Delhi
S3460,P6935,C8579,4,2025-01-27,174832,10,Pune
S3461,P669,C5043,20,2024-11-04,642440,5,Pune
S3462,P4673,C8538,3,2025-04-08,25776,10,Pune
S3463,P7848,C5873,12,2025-08-04,224472,5,Bangalore
S3464,P3637,C2134,10,2024-07-08,88210,5,Pune
S3465,P505,C6373,1,2025-01-07,8331,5,Jaipur
S3466,P4869,C7094,9,2025-01-02,220095,10,Pune
S3467,P9248,C4270,7,2025-03-05,193312,10,Jaipur
S3468,P467,C8462,9,2024-11-19,434970,10,Pune
S3469,P3147,C9854,3,2024-10-20,15747,10,Mumbai
S3470,P9043,C2422,17,2025-09-23,583593,15,Pune
S3471,P7051,C8441,12,2025-05-10,310356,10,Chandigarh
S3472,P7763,C5371,4,2024-11-04,143044,15,Delhi
S3473,P3190,C558,5,2025-11-18,73000,15,Jaipur
S3474,P5235,C2673,1,2025-09-19,19716,15,Bangalore
S3475,P2949,C2549,5,2025-01-18,122080,10,Mumbai
S3476,P9952,C8680,17,2024-12-14,50813,5,Bangalore
S3477,P8597,C2163,15,2025-09-13,339075,0,Chandigarh
S3478,P246,C7009,9,2026-02-04,178713,10,Mumbai
S3479,P4229,C9720,11,2024-08-04,253484,5,Delhi
S3480,P7901,C6512,20,2024-08-29,697740,10,Delhi
S3481,P579,C3852,13,2025-02-28,188513,5,Delhi
S3482,P9855,C1055,11,2025-12-01,357731,10,Jaipur
S3483,P6823,C3945,11,2026-01-30,537273,15,Bangalore
S3484,P5637,C3303,4,2024-12-25,114028,15,Jaipur
S3485,P1857,C3475,9,2025-09-27,45018,5,Chandigarh
S3486,P8776,C2741,2,2025-01-22,30018,5,Jaipur
S3487,P7225,C3992,15,2026-04-20,437715,10,Pune
S3488,P950,C2812,9,2025-02-15,16362,10,Bangalore
S3489,P2605,C2897,19,2025-05-01,813504,0,Chandigarh
S3490,P7920,C2653,8,2024-08-01,390816,10,Chandigarh
S3491,P5682,C9893,2,2025-03-03,26182,10,Delhi
S3492,P277,C4038,8,2025-07-18,135896,5,Pune
S3493,P6717,C9222,16,2024-10-02,98672,15,Bangalore
S3494,P7591,C6358,14,2025-08-06,570780,15,Chandigarh
S3495,P8706,C9540,10,2025-08-04,210290,0,Pune
S3496,P8602,C2968,10,2025-11-03,330280,15,Delhi
S3497,P8450,C685,7,2024-07-28,40922,5,Chandigarh
S3498,P8480,C2133,20,2026-01-28,345940,0,Mumbai
S3499,P9046,C7826,3,2026-01-30,52974,15,Bangalore
S3500,P9636,C6389,14,2025-08-14,107464,10,Chandigarh
S3501,P7250,C904,1,2025-11-17,5660,0,Bangalore
S3502,P1687,C5771,12,2026-04-20,31176,5,Jaipur
S3503,P1196,C1879,7,2025-01-25,214767,0,Mumbai
S3504,P3688,C4979,19,2024-09-21,739176,15,Chandigarh
S3505,P3826,C3503,9,2025-05-17,253530,10,Chandigarh
S3506,P3435,C1842,4,2025-01-01,40508,5,Mumbai
S3507,P3020,C9057,11,2026-01-01,225764,5,Bangalore
S3508,P8390,C7884,1,2025-09-23,5200,5,Chandigarh
S3509,P4746,C8959,11,2026-01-16,454388,10,Chandigarh
S3510,P4258,C9718,2,2025-05-21,95806,10,Jaipur
S3511,P2601,C5233,15,2025-02-15,280230,0,Chandigarh
S3512,P6167,C1571,12,2024-10-04,163644,15,Chandigarh
S3513,P8433,C2243,19,2026-05-02,162735,15,Jaipur
S3514,P840,C1483,4,2024-09-28,67572,15,Mumbai
S3515,P3315,C6277,7,2025-04-16,158396,0,Mumbai
S3516,P6101,C2183,5,2024-07-22,31150,15,Jaipur
S3517,P9565,C4378,8,2024-06-22,49120,5,Chandigarh
S3518,P2568,C6940,17,2025-03-30,763198,0,Delhi
S3519,P1451,C2084,18,2024-10-01,84096,10,Chandigarh
S3520,P8657,C2062,12,2025-05-25,501900,10,Pune
S3521,P7957,C3034,20,2025-12-09,568540,5,Delhi
S3522,P2686,C8954,13,2025-05-17,597519,5,Mumbai
S3523,P6717,C9948,12,2025-05-04,567336,10,Mumbai
S3524,P502,C4217,10,2026-04-17,190590,0,Pune
S3525,P8199,C6394,11,2024-07-27,473044,5,Jaipur
S3526,P4437,C2748,3,2025-08-31,66816,10,Delhi
S3527,P7981,C3262,10,2026-04-17,429530,0,Chandigarh
S3528,P7453,C1942,14,2024-07-26,37744,10,Bangalore
S3529,P7658,C3311,12,2025-08-05,221076,15,Delhi
S3530,P2759,C7965,19,2024-11-17,218671,10,Chandigarh
S3531,P9245,C4942,5,2025-07-19,51750,5,Delhi
S3532,P9338,C4935,4,2025-10-11,79312,15,Jaipur
S3533,P4111,C772,10,2025-07-12,474260,0,Bangalore
S3534,P8234,C90,11,2024-07-20,89045,0,Pune
S3535,P6457,C1975,2,2025-08-02,48278,15,Mumbai
S3536,P1975,C5043,13,2025-11-24,571714,0,Mumbai
S3537,P9998,C1276,1,2026-02-13,5875,5,Delhi
S3538,P3439,C4766,6,2025-12-11,231378,5,Pune
S3539,P5713,C6804,1,2025-04-22,48343,10,Delhi
S3540,P1560,C4943,4,2026-02-07,47596,10,Delhi
S3541,P7569,C6596,4,2024-07-12,143940,0,Chandigarh
S3542,P7090,C2228,2,2024-07-22,29170,10,Jaipur
S3543,P2964,C2538,20,2025-01-11,446980,0,Mumbai
S3544,P8732,C4529,1,2025-09-06,24776,0,Bangalore
S3545,P8455,C3532,7,2025-05-09,88382,10,Delhi
S3546,P9349,C6426,19,2024-11-15,25327,5,Bangalore
S3547,P2248,C8792,1,2025-02-28,7706,5,Mumbai
S3548,P328,C4929,10,2026-02-28,444270,5,Pune
S3549,P1340,C353,14,2025-11-22,603064,0,Jaipur
S3550,P7612,C9733,6,2025-02-09,109554,10,Jaipur
S3551,P7547,C717,19,2024-08-19,866305,15,Jaipur
S3552,P5037,C2809,7,2024-11-08,217028,10,Mumbai
S3553,P2166,C8816,13,2025-10-08,78013,15,Delhi
S3554,P4777,C2246,1,2024-10-04,15843,15,Pune
S3555,P9472,C867,5,2024-11-03,146370,5,Pune
S3556,P2934,C9467,8,2024-11-21,18616,5,Delhi
S3557,P2345,C5588,17,2024-09-16,797759,0,Pune
S3558,P6914,C5706,17,2025-12-15,690948,5,Pune
S3559,P6216,C7099,11,2026-01-30,134640,5,Chandigarh
S3560,P6822,C5611,12,2026-05-16,330096,5,Chandigarh
S3561,P345,C7520,12,2024-08-20,416508,15,Jaipur
S3562,P3705,C2936,19,2026-02-17,554762,15,Pune
S3563,P1140,C6311,11,2024-07-20,18326,0,Pune
S3564,P6634,C8915,12,2025-12-10,76656,15,Pune
S3565,P4573,C1678,14,2024-08-13,509432,15,Jaipur
S3566,P5799,C7846,15,2024-12-03,519870,0,Jaipur
S3567,P1493,C8074,9,2025-11-17,115956,10,Pune
S3568,P5021,C8491,7,2026-01-09,28945,0,Bangalore
S3569,P4217,C9723,7,2025-05-04,101038,5,Pune
S3570,P3396,C6622,5,2024-06-25,52590,0,Chandigarh
S3571,P892,C2310,16,2025-11-08,519024,0,Chandigarh
S3572,P677,C7524,10,2026-01-12,140380,5,Delhi
S3573,P7405,C9782,13,2024-06-24,566501,15,Chandigarh
S3574,P8655,C9663,6,2025-07-14,59898,5,Pune
S3575,P6084,C2526,18,2025-11-01,472500,15,Bangalore
S3576,P774,C6568,3,2025-11-20,101025,5,Bangalore
S3577,P6681,C9863,1,2024-07-17,42526,10,Chandigarh
S3578,P8623,C8792,10,2024-09-02,182860,0,Bangalore
S3579,P1390,C2496,2,2025-08-28,29406,5,Bangalore
S3580,P2746,C7808,16,2024-08-16,342864,15,Bangalore
S3581,P5788,C5506,5,2025-05-13,17185,10,Delhi
S3582,P8364,C6551,4,2024-11-25,136532,10,Pune
S3583,P4527,C4930,12,2024-10-02,229860,15,Mumbai
S3584,P7008,C3822,3,2024-11-02,65880,5,Jaipur
S3585,P4095,C3744,7,2025-04-10,198471,5,Chandigarh
S3586,P8351,C7292,2,2025-10-05,98588,0,Pune
S3587,P315,C2088,19,2026-03-22,566827,5,Chandigarh
S3588,P9482,C3473,18,2024-08-31,831996,10,Delhi
S3589,P5934,C3031,1,2025-10-01,21006,15,Jaipur
S3590,P8879,C4140,3,2024-08-19,75273,0,Chandigarh
S3591,P7579,C3211,11,2025-09-30,36839,0,Chandigarh
S3592,P4485,C1737,15,2025-04-17,272385,15,Bangalore
S3593,P2894,C2339,2,2024-10-23,71310,5,Delhi
S3594,P4224,C7210,18,2026-02-15,62352,10,Mumbai
S3595,P4994,C6716,11,2025-05-17,332475,0,Pune
S3596,P3181,C2072,17,2025-09-22,821474,15,Jaipur
S3597,P6963,C8619,4,2024-12-26,24092,15,Bangalore
S3598,P4347,C1361,15,2025-04-20,638640,10,Jaipur
S3599,P424,C3491,14,2026-01-25,75726,15,Mumbai
S3600,P1517,C4997,18,2024-11-16,753264,10,Chandigarh
S3601,P2996,C1586,5,2025-12-18,139945,5,Jaipur
S3602,P6509,C8168,20,2025-09-16,129260,15,Delhi
S3603,P3082,C3435,4,2025-01-25,131052,10,Pune
S3604,P4496,C1735,5,2025-06-05,162670,0,Pune
S3605,P3744,C1624,11,2025-11-05,65428,10,Jaipur
S3606,P2098,C7149,17,2026-03-24,814776,15,Jaipur
S3607,P873,C6091,8,2025-06-02,122104,15,Pune
S3608,P5,C7893,6,2024-12-13,125850,15,Pune
S3609,P4721,C612,10,2025-12-06,228570,0,Pune
S3610,P4753,C9991,20,2024-10-25,95880,15,Chandigarh
S3611,P2357,C7412,14,2025-08-11,190918,0,Pune
S3612,P3574,C6062,19,2025-01-31,300295,5,Delhi
S3613,P9473,C1481,17,2024-11-22,459663,15,Mumbai
S3614,P5854,C4689,1,2024-09-18,21806,15,Bangalore
S3615,P5571,C6644,18,2024-07-03,691956,15,Pune
S3616,P7592,C8797,13,2025-05-09,549081,5,Bangalore
S3617,P4496,C7121,14,2024-09-27,596190,15,Pune
S3618,P734,C3679,9,2026-04-03,38682,0,Mumbai
S3619,P1323,C3621,19,2025-05-22,159030,10,Jaipur
S3620,P9303,C4627,13,2025-05-20,144716,5,Mumbai
S3621,P6826,C982,14,2025-10-24,205688,5,Chandigarh
S3622,P4954,C2362,14,2025-10-06,598850,5,Jaipur
S3623,P2223,C4306,20,2024-11-30,779680,0,Bangalore
S3624,P8987,C8910,7,2026-04-16,82432,5,Chandigarh
S3625,P5933,C64,4,2026-05-17,157160,0,Jaipur
S3626,P3477,C2427,15,2025-11-06,318495,10,Jaipur
S3627,P3722,C9098,11,2024-08-16,225753,15,Chandigarh
S3628,P3863,C5778,14,2025-06-01,279594,5,Mumbai
S3629,P6323,C4600,7,2025-12-14,62321,15,Bangalore
S3630,P1251,C7260,17,2025-06-14,657424,15,Pune
S3631,P1794,C3261,15,2025-06-12,479475,5,Pune
S3632,P2388,C6631,16,2025-11-27,94768,15,Jaipur
S3633,P9763,C6995,19,2024-10-31,910290,0,Chandigarh
S3634,P7632,C7718,20,2025-02-23,458180,15,Chandigarh
S3635,P3812,C5917,9,2025-05-29,223416,5,Jaipur
S3636,P748,C9010,1,2026-03-30,30404,10,Delhi
S3637,P3073,C7605,18,2025-02-14,755820,5,Jaipur
S3638,P1044,C9236,17,2024-12-15,292978,10,Chandigarh
S3639,P903,C6091,17,2024-07-14,699125,15,Pune
S3640,P9417,C3926,17,2025-08-20,38046,15,Pune
S3641,P6934,C6851,18,2025-11-19,138492,0,Mumbai
S3642,P1327,C4699,6,2024-10-11,244356,10,Delhi
S3643,P5466,C5046,10,2024-12-21,224080,0,Bangalore
S3644,P2664,C195,10,2025-09-20,436830,5,Bangalore
S3645,P2559,C5302,6,2025-11-05,268212,5,Jaipur
S3646,P7809,C5976,16,2024-12-13,133888,0,Mumbai
S3647,P8169,C5422,20,2026-05-03,729380,15,Mumbai
S3648,P5811,C8641,10,2026-03-25,441080,0,Chandigarh
S3649,P6079,C1777,12,2025-10-24,376860,10,Chandigarh
S3650,P1854,C500,10,2026-01-16,273560,5,Bangalore
S3651,P6450,C777,11,2026-02-22,253308,10,Mumbai
S3652,P8561,C8819,6,2024-06-03,244386,10,Mumbai
S3653,P6283,C9580,4,2024-12-17,164708,0,Chandigarh
S3654,P4881,C3453,1,2025-11-29,46729,10,Bangalore
S3655,P9533,C7551,8,2025-12-31,91504,5,Pune
S3656,P5442,C8828,18,2025-08-15,476442,10,Chandigarh
S3657,P6302,C276,5,2024-12-04,87645,0,Chandigarh
S3658,P4713,C7366,19,2024-05-30,280250,15,Delhi
S3659,P5053,C6490,13,2025-08-16,150579,10,Mumbai
S3660,P3377,C7934,16,2025-07-15,113936,5,Delhi
S3661,P5211,C3907,12,2025-06-21,537768,15,Delhi
S3662,P4892,C7041,10,2025-05-24,336960,10,Pune
S3663,P2239,C6645,15,2025-11-23,617895,10,Delhi
S3664,P4325,C7440,8,2025-01-22,360736,10,Delhi
S3665,P1746,C9741,20,2025-09-11,244160,0,Mumbai
S3666,P3312,C833,3,2026-05-09,32505,5,Bangalore
S3667,P5515,C1941,16,2024-12-25,159664,0,Mumbai
S3668,P2454,C3380,17,2026-02-04,753984,15,Mumbai
S3669,P4586,C5627,1,2024-11-15,26191,0,Chandigarh
S3670,P2119,C2624,13,2024-06-07,588055,10,Delhi
S3671,P1983,C1795,1,2025-12-12,3918,5,Bangalore
S3672,P4803,C3236,8,2024-12-12,138616,15,Mumbai
S3673,P980,C3499,11,2024-08-05,401049,10,Mumbai
S3674,P306,C1163,12,2025-04-14,90600,10,Mumbai
S3675,P320,C1691,14,2025-03-29,672826,5,Delhi
S3676,P5843,C3962,19,2025-02-01,631142,15,Mumbai
S3677,P4781,C8792,14,2024-07-16,48692,15,Delhi
S3678,P7837,C9328,5,2025-11-12,230105,10,Delhi
S3679,P2475,C8656,4,2025-09-20,146364,15,Chandigarh
S3680,P7588,C8750,12,2025-01-05,586164,10,Bangalore
S3681,P710,C5014,5,2025-05-02,56955,5,Delhi
S3682,P1308,C7065,13,2025-12-05,125125,0,Chandigarh
S3683,P8114,C9842,1,2025-08-11,26459,5,Chandigarh
S3684,P9386,C3211,4,2025-12-02,6540,5,Mumbai
S3685,P4179,C1827,10,2025-11-18,394020,10,Pune
S3686,P2375,C3914,17,2025-08-23,427414,5,Jaipur
S3687,P9656,C476,4,2025-06-12,196348,0,Chandigarh
S3688,P4867,C5160,1,2025-11-04,12856,10,Jaipur
S3689,P4443,C5426,20,2026-02-07,597860,5,Pune
S3690,P5981,C3371,14,2026-05-22,673708,0,Pune
S3691,P6734,C9945,15,2026-04-29,481200,0,Delhi
S3692,P9026,C9828,17,2025-01-02,824041,15,Chandigarh
S3693,P9270,C7088,10,2024-07-06,260910,10,Chandigarh
S3694,P5235,C914,15,2024-08-16,578385,0,Delhi
S3695,P2504,C6941,13,2025-09-04,411333,15,Mumbai
S3696,P964,C2538,4,2024-09-16,151788,5,Mumbai
S3697,P3260,C5208,5,2024-05-30,61385,0,Chandigarh
S3698,P820,C7469,8,2026-02-08,370760,15,Chandigarh
S3699,P524,C3575,5,2025-04-25,209275,15,Pune
S3700,P7291,C6426,1,2025-05-06,14148,0,Delhi
S3701,P9641,C6299,16,2024-10-21,89616,0,Bangalore
S3702,P3645,C7221,1,2026-04-06,35129,5,Jaipur
S3703,P5960,C5859,2,2026-02-15,91804,0,Pune
S3704,P5171,C3400,10,2025-07-27,36720,5,Pune
S3705,P6887,C6977,8,2024-08-24,320432,15,Pune
S3706,P318,C2462,12,2025-08-02,20448,15,Bangalore
S3707,P2296,C7984,8,2025-03-16,300256,15,Jaipur
S3708,P2471,C7729,4,2025-06-25,137728,10,Bangalore
S3709,P1135,C4785,5,2025-06-17,211790,15,Jaipur
S3710,P654,C4141,6,2026-03-24,153882,5,Mumbai
S3711,P5426,C3948,16,2025-09-13,259760,10,Bangalore
S3712,P1858,C5856,20,2025-01-07,116320,0,Jaipur
S3713,P7705,C4871,19,2024-06-06,321708,0,Chandigarh
S3714,P1093,C4686,12,2025-11-13,313572,5,Pune
S3715,P8905,C6435,4,2025-04-29,166292,15,Jaipur
S3716,P604,C2013,8,2025-12-21,135592,0,Chandigarh
S3717,P5611,C9872,11,2025-11-07,520377,15,Delhi
S3718,P856,C1195,1,2025-05-24,9658,10,Chandigarh
S3719,P9904,C5031,10,2024-12-29,93720,15,Delhi
S3720,P5312,C3313,5,2024-12-30,154310,15,Delhi
S3721,P6627,C1181,2,2024-11-20,90136,0,Delhi
S3722,P9718,C761,13,2025-10-17,247065,10,Delhi
S3723,P9341,C8293,15,2026-05-22,143535,10,Chandigarh
S3724,P9218,C7013,7,2026-02-19,288617,15,Bangalore
S3725,P6911,C1984,20,2024-10-07,613460,10,Delhi
S3726,P6540,C1647,8,2024-11-16,275248,10,Jaipur
S3727,P5541,C8697,3,2026-05-10,73338,5,Bangalore
S3728,P9914,C7732,20,2025-01-28,200480,15,Mumbai
S3729,P3031,C3181,6,2024-09-06,202188,5,Delhi
S3730,P4979,C7683,13,2025-09-20,119808,0,Mumbai
S3731,P9015,C1834,11,2025-11-10,375793,0,Bangalore
S3732,P363,C1148,14,2025-03-06,632142,0,Pune
S3733,P163,C6758,17,2025-01-20,591328,10,Delhi
S3734,P11,C6885,6,2025-06-02,215760,5,Delhi
S3735,P853,C9775,4,2024-09-14,175216,5,Delhi
S3736,P6930,C2938,5,2024-12-04,136670,0,Jaipur
S3737,P5744,C6180,13,2025-04-06,104234,5,Mumbai
S3738,P9261,C5633,2,2024-12-25,69118,10,Mumbai
S3739,P7371,C3403,3,2025-01-03,138255,5,Pune
S3740,P6496,C8780,19,2024-07-08,702639,10,Delhi
S3741,P3115,C1156,1,2024-07-09,17665,15,Delhi
S3742,P4908,C1095,5,2024-10-17,236640,10,Bangalore
S3743,P107,C8770,4,2025-05-29,180648,5,Bangalore
S3744,P1521,C8849,9,2024-11-06,119277,5,Delhi
S3745,P3140,C7552,17,2025-03-21,473008,10,Jaipur
S3746,P1920,C6337,19,2025-04-13,582217,15,Mumbai
S3747,P4076,C7245,14,2026-03-28,111720,5,Jaipur
S3748,P5034,C9280,13,2025-08-04,375336,0,Chandigarh
S3749,P8449,C7366,9,2024-11-30,76482,15,Delhi
S3750,P2710,C7474,6,2025-06-30,146310,15,Bangalore
S3751,P6373,C7074,9,2025-05-26,153288,10,Chandigarh
S3752,P8737,C3587,19,2024-11-24,162013,0,Chandigarh
S3753,P8111,C3071,5,2025-04-14,128955,15,Delhi
S3754,P110,C9384,4,2024-11-17,40352,15,Bangalore
S3755,P4501,C5558,6,2024-08-08,28164,10,Mumbai
S3756,P2284,C6842,17,2024-12-20,788970,5,Pune
S3757,P3726,C1538,10,2025-05-24,103660,15,Chandigarh
S3758,P1241,C6870,7,2025-06-24,154994,10,Mumbai
S3759,P5714,C8322,8,2025-09-17,327608,10,Pune
S3760,P9711,C798,13,2025-09-21,280605,5,Bangalore
S3761,P22,C3886,8,2025-06-17,351320,5,Pune
S3762,P4295,C1845,4,2025-04-23,167656,0,Mumbai
S3763,P253,C4908,10,2025-08-09,371960,5,Jaipur
S3764,P6530,C3471,12,2025-08-02,12168,10,Delhi
S3765,P1666,C2691,15,2024-07-01,631320,10,Jaipur
S3766,P2271,C2277,11,2025-04-05,331276,0,Mumbai
S3767,P4489,C529,6,2024-10-03,53166,10,Delhi
S3768,P6716,C5754,16,2025-03-12,280192,5,Chandigarh
S3769,P5260,C2549,1,2024-11-26,24096,5,Pune
S3770,P9747,C4931,8,2025-11-22,247088,10,Chandigarh
S3771,P1634,C6881,6,2024-09-25,299490,0,Jaipur
S3772,P8721,C5448,3,2025-10-15,24222,15,Pune
S3773,P4461,C785,15,2024-09-20,726630,15,Bangalore
S3774,P8522,C6605,9,2024-11-01,86193,5,Chandigarh
S3775,P8630,C1980,13,2024-11-28,554411,5,Jaipur
S3776,P5871,C333,18,2025-11-20,149454,5,Chandigarh
S3777,P9633,C8231,12,2025-05-16,519396,0,Jaipur
S3778,P5616,C4099,10,2025-12-11,175650,5,Pune
S3779,P4929,C9616,1,2025-12-27,49611,0,Mumbai
S3780,P4800,C9881,2,2024-07-25,27684,15,Bangalore
S3781,P4456,C9777,18,2024-06-28,850752,15,Jaipur
S3782,P9550,C2467,9,2025-09-13,367272,0,Bangalore
S3783,P4105,C1134,9,2025-12-31,161496,15,Pune
S3784,P9031,C4049,16,2025-01-17,120304,5,Mumbai
S3785,P4731,C7973,3,2024-08-21,44379,10,Pune
S3786,P6217,C8285,18,2026-01-20,820530,10,Delhi
S3787,P3427,C3607,19,2025-10-09,515014,5,Bangalore
S3788,P7855,C9528,7,2025-05-28,180250,10,Pune
S3789,P5267,C7397,9,2025-04-27,180369,0,Pune
S3790,P9041,C3002,19,2024-08-25,632529,10,Mumbai
S3791,P2565,C9179,13,2024-12-25,472381,15,Pune
S3792,P9530,C6305,12,2025-03-09,195360,15,Pune
S3793,P3279,C4157,9,2024-07-16,271980,15,Chandigarh
S3794,P8524,C9078,9,2026-03-19,187092,10,Pune
S3795,P1840,C6428,7,2025-05-30,247849,0,Mumbai
S3796,P7681,C6763,4,2024-07-02,136868,0,Bangalore
S3797,P8751,C5921,15,2024-08-02,649425,15,Delhi
S3798,P7486,C8782,6,2024-12-05,285552,10,Jaipur
S3799,P7587,C7005,10,2025-03-04,404660,15,Delhi
S3800,P1274,C6698,8,2025-11-18,172752,10,Chandigarh
S3801,P7845,C190,3,2025-04-15,20742,15,Jaipur
S3802,P7148,C1746,15,2024-06-02,348150,0,Jaipur
S3803,P1534,C7554,13,2025-01-18,265408,5,Pune
S3804,P6038,C766,20,2026-02-17,537620,5,Pune
S3805,P539,C4489,6,2025-04-01,203226,10,Jaipur
S3806,P4267,C3339,5,2026-01-16,53565,15,Chandigarh
S3807,P2904,C3728,4,2025-06-28,69116,5,Chandigarh
S3808,P1766,C5,17,2025-02-23,680306,15,Mumbai
S3809,P9209,C6144,5,2026-04-19,129160,0,Pune
S3810,P9772,C9974,18,2024-08-12,393786,5,Jaipur
S3811,P7983,C7544,11,2025-12-17,261547,5,Chandigarh
S3812,P6684,C1017,5,2025-11-09,203685,5,Chandigarh
S3813,P9938,C2832,6,2025-08-30,230382,10,Pune
S3814,P6299,C4344,5,2024-07-06,181025,5,Jaipur
S3815,P5499,C2100,2,2024-09-27,68726,0,Bangalore
S3816,P3720,C5169,6,2025-08-27,269622,15,Delhi
S3817,P1068,C3239,6,2025-12-03,258666,5,Pune
S3818,P6674,C1550,5,2026-02-07,143910,10,Bangalore
S3819,P6478,C7407,8,2025-09-24,108480,0,Jaipur
S3820,P8298,C9841,8,2025-06-08,347856,0,Pune
S3821,P2720,C6657,19,2024-11-27,776644,0,Pune
S3822,P5379,C7622,9,2026-02-25,249534,5,Mumbai
S3823,P9150,C5745,19,2025-12-27,46607,10,Jaipur
S3824,P8411,C277,8,2026-02-22,121064,5,Pune
S3825,P5921,C4182,19,2024-12-11,304019,10,Bangalore
S3826,P3601,C4836,13,2026-05-18,133588,15,Jaipur
S3827,P3359,C3129,8,2024-06-08,332544,5,Delhi
S3828,P4920,C3966,1,2024-12-05,43958,0,Jaipur
S3829,P2731,C5014,2,2024-08-13,33000,10,Chandigarh
S3830,P2862,C7808,10,2026-01-02,57210,0,Jaipur
S3831,P8185,C2336,12,2025-12-16,145908,5,Jaipur
S3832,P128,C8784,3,2025-09-08,106269,0,Bangalore
S3833,P9790,C8270,16,2026-02-26,56320,15,Jaipur
S3834,P7541,C1425,10,2026-04-09,377880,10,Chandigarh
S3835,P8309,C9661,4,2024-07-07,122684,0,Pune
S3836,P9758,C3857,2,2026-01-15,48050,5,Bangalore
S3837,P944,C8279,3,2025-04-24,94020,5,Bangalore
S3838,P205,C2334,3,2025-02-07,4665,15,Delhi
S3839,P8327,C9420,9,2025-04-17,272709,10,Chandigarh
S3840,P9388,C5891,7,2024-07-26,164689,15,Pune
S3841,P9815,C3567,17,2024-12-08,625107,10,Chandigarh
S3842,P303,C7576,5,2025-08-27,215580,15,Delhi
S3843,P8155,C9634,9,2026-03-02,123777,0,Delhi
S3844,P1289,C514,13,2025-07-24,110370,15,Pune
S3845,P4772,C2921,10,2026-03-26,464170,15,Jaipur
S3846,P8000,C3331,10,2025-03-01,474980,5,Chandigarh
S3847,P7492,C9011,6,2026-04-19,242694,10,Pune
S3848,P7859,C9722,9,2025-01-09,290313,15,Mumbai
S3849,P5163,C4409,12,2026-01-24,563232,5,Chandigarh
S3850,P4917,C6209,16,2025-10-21,151888,0,Chandigarh
S3851,P4690,C6379,13,2024-11-25,530686,15,Jaipur
S3852,P882,C9029,15,2026-03-17,734895,5,Chandigarh
S3853,P2213,C4225,15,2025-09-14,709380,15,Bangalore
S3854,P273,C3870,20,2025-10-12,873340,5,Jaipur
S3855,P7290,C6300,16,2026-01-07,635392,15,Jaipur
S3856,P367,C7115,12,2025-11-28,372036,0,Delhi
S3857,P114,C9329,11,2025-08-20,368093,0,Chandigarh
S3858,P2246,C6038,9,2024-12-02,146853,10,Chandigarh
S3859,P5816,C1737,14,2025-12-20,593782,0,Mumbai
S3860,P2097,C7231,12,2026-05-28,269244,10,Delhi
S3861,P2177,C6119,4,2025-04-18,189676,10,Jaipur
S3862,P2150,C6017,8,2026-04-13,79048,5,Jaipur
S3863,P7292,C1036,9,2025-09-09,342135,10,Bangalore
S3864,P6700,C5042,13,2026-02-26,317434,15,Chandigarh
S3865,P9208,C8638,8,2025-12-05,281280,0,Delhi
S3866,P4535,C1678,12,2024-08-24,432708,10,Jaipur
S3867,P182,C7386,5,2024-07-19,234340,15,Delhi
S3868,P1604,C5103,12,2024-07-20,524148,0,Mumbai
S3869,P8548,C3583,5,2024-09-11,153750,5,Delhi
S3870,P1110,C4992,20,2024-11-27,753280,15,Jaipur
S3871,P9550,C1613,18,2025-01-23,50040,5,Delhi
S3872,P5851,C6502,12,2026-04-02,541488,10,Jaipur
S3873,P5335,C8974,19,2024-12-14,512867,0,Mumbai
S3874,P5992,C8709,3,2026-03-05,64383,10,Pune
S3875,P6439,C3805,13,2025-05-13,121173,5,Mumbai
S3876,P6075,C6920,1,2026-05-21,42142,15,Jaipur
S3877,P3431,C6676,8,2026-03-31,122248,5,Mumbai
S3878,P5988,C9794,3,2024-08-11,119970,10,Pune
S3879,P2109,C7047,9,2025-05-15,268749,10,Chandigarh
S3880,P1588,C6585,14,2026-04-01,608748,0,Jaipur
S3881,P5811,C9105,20,2026-02-05,577060,0,Jaipur
S3882,P7286,C8399,16,2025-11-28,534720,5,Delhi
S3883,P1339,C8122,17,2025-01-09,59993,10,Pune
S3884,P7485,C1371,5,2024-07-02,233400,10,Mumbai
S3885,P8863,C1129,16,2025-02-27,425184,0,Jaipur
S3886,P8118,C6521,5,2025-01-08,214755,0,Mumbai
S3887,P3729,C5908,16,2026-01-03,615728,0,Mumbai
S3888,P4318,C2203,19,2025-11-27,556453,15,Pune
S3889,P4538,C9773,10,2025-10-17,498680,10,Pune
S3890,P9802,C2188,20,2026-01-03,492800,15,Bangalore
S3891,P493,C4217,14,2025-11-13,84560,0,Delhi
S3892,P8000,C6677,19,2025-08-07,649059,5,Chandigarh
S3893,P2896,C9090,3,2025-12-24,79689,5,Jaipur
S3894,P5096,C9746,6,2026-01-10,157800,15,Pune
S3895,P5351,C9002,11,2025-01-19,352748,0,Pune
S3896,P5987,C4104,17,2025-04-10,191029,0,Pune
S3897,P485,C2880,15,2026-05-19,491670,5,Chandigarh
S3898,P4683,C4909,13,2025-03-13,647972,0,Pune
S3899,P9113,C7415,8,2025-02-18,266888,10,Delhi
S3900,P1497,C3815,7,2024-11-28,318703,10,Chandigarh
S3901,P3735,C9757,15,2025-12-17,76230,0,Bangalore
S3902,P87,C9135,15,2025-06-19,30795,15,Delhi
S3903,P102,C432,3,2025-08-06,30891,0,Chandigarh
S3904,P7124,C4642,20,2025-12-20,941300,10,Jaipur
S3905,P6007,C1314,11,2024-07-29,64042,15,Pune
S3906,P887,C7819,3,2024-10-15,67035,10,Pune
S3907,P9459,C921,17,2025-01-27,41242,5,Mumbai
S3908,P5495,C3833,15,2024-06-30,562080,0,Jaipur
S3909,P4494,C7464,6,2025-09-28,53730,10,Jaipur
S3910,P440,C8698,13,2026-02-24,630591,10,Delhi
S3911,P7370,C4062,2,2025-09-18,90156,0,Pune
S3912,P1830,C1016,15,2024-05-29,641190,5,Jaipur
S3913,P6357,C3248,20,2025-11-24,28760,5,Mumbai
S3914,P8157,C2368,17,2025-08-23,559130,5,Chandigarh
S3915,P4735,C5014,11,2024-07-26,229504,0,Delhi
S3916,P4480,C3092,9,2025-06-14,374004,10,Chandigarh
S3917,P8120,C8704,12,2024-09-24,150660,5,Jaipur
S3918,P6121,C8493,10,2024-10-21,132650,5,Pune
S3919,P303,C3740,13,2025-03-12,189774,10,Mumbai
S3920,P2674,C9374,19,2025-09-04,493582,10,Chandigarh
S3921,P6457,C5164,15,2025-07-30,670800,10,Mumbai
S3922,P9040,C1388,4,2025-05-08,84420,5,Delhi
S3923,P5839,C9966,15,2026-03-26,142755,0,Jaipur
S3924,P5465,C6650,16,2024-07-17,663376,15,Pune
S3925,P5788,C7844,13,2025-04-05,588770,0,Bangalore
S3926,P7402,C5927,17,2026-04-03,546040,10,Mumbai
S3927,P9025,C7995,8,2025-07-08,393832,10,Mumbai
S3928,P700,C1783,15,2026-02-05,81705,10,Bangalore
S3929,P7035,C427,5,2025-11-15,63525,5,Jaipur
S3930,P9675,C6651,4,2026-03-12,132600,15,Delhi
S3931,P9006,C613,5,2025-04-03,173500,5,Delhi
S3932,P961,C6145,4,2024-11-06,136664,5,Bangalore
S3933,P641,C3752,14,2026-05-22,573636,0,Chandigarh
S3934,P9329,C2137,2,2026-03-08,94638,0,Mumbai
S3935,P5895,C3403,14,2024-12-24,570262,10,Chandigarh
S3936,P668,C28,7,2024-09-15,272447,10,Delhi
S3937,P6163,C1716,10,2025-03-18,279540,0,Jaipur
S3938,P1243,C1338,8,2025-04-30,217368,5,Delhi
S3939,P4385,C236,13,2025-12-02,108433,0,Chandigarh
S3940,P2668,C8783,6,2025-07-27,218196,10,Chandigarh
S3941,P2065,C4662,2,2026-02-10,29068,15,Bangalore
S3942,P2448,C287,10,2024-06-28,497940,5,Chandigarh
S3943,P6540,C1465,13,2026-03-10,280865,15,Jaipur
S3944,P436,C7777,1,2024-11-20,29139,0,Jaipur
S3945,P9150,C9449,17,2025-12-01,695232,15,Delhi
S3946,P7116,C6880,9,2026-01-29,19485,15,Delhi
S3947,P6657,C7153,6,2025-01-21,34380,15,Bangalore
S3948,P8142,C6524,13,2024-09-04,378222,15,Bangalore
S3949,P5773,C7790,18,2026-04-18,741726,15,Mumbai
S3950,P6749,C2480,19,2025-06-14,725192,0,Pune
S3951,P9932,C5468,13,2025-12-23,74152,15,Delhi
S3952,P9257,C6135,8,2025-11-05,335720,10,Jaipur
S3953,P6747,C355,9,2025-04-21,95778,0,Jaipur
S3954,P6968,C9181,19,2025-11-25,616341,15,Bangalore
S3955,P6088,C1146,2,2025-08-02,26896,5,Bangalore
S3956,P479,C8292,3,2024-08-22,69774,15,Chandigarh
S3957,P9535,C5405,8,2025-12-28,118552,0,Jaipur
S3958,P2436,C955,16,2025-06-19,573248,5,Bangalore
S3959,P2001,C137,5,2025-09-12,8980,15,Mumbai
S3960,P3364,C2138,16,2026-02-02,729104,10,Mumbai
S3961,P9547,C2041,7,2025-01-19,329000,5,Delhi
S3962,P2569,C7752,8,2025-07-31,196584,10,Pune
S3963,P2154,C9624,13,2024-10-28,73905,10,Mumbai
S3964,P5713,C5129,20,2025-04-17,448600,10,Chandigarh
S3965,P8676,C7735,2,2024-06-25,82726,5,Pune
S3966,P9698,C3270,9,2025-03-15,337644,10,Pune
S3967,P6418,C679,4,2026-05-06,82828,15,Delhi
S3968,P2789,C2969,4,2025-03-19,180156,5,Bangalore
S3969,P4879,C7508,6,2024-07-01,148608,5,Chandigarh
S3970,P4508,C8935,11,2025-09-10,224180,0,Jaipur
S3971,P6674,C685,2,2024-08-08,68220,0,Delhi
S3972,P3346,C1021,14,2026-05-14,625114,10,Mumbai
S3973,P6168,C1648,20,2025-06-11,629240,15,Jaipur
S3974,P8161,C1802,17,2026-02-22,580516,0,Pune
S3975,P7752,C4698,3,2024-06-28,30555,5,Delhi
S3976,P4375,C4836,3,2025-03-19,108942,15,Chandigarh
S3977,P2760,C475,6,2024-11-30,217674,15,Delhi
S3978,P3018,C9733,4,2024-12-20,82468,15,Bangalore
S3979,P220,C3351,18,2025-12-20,793332,15,Pune
S3980,P1409,C6936,9,2025-07-12,290862,10,Chandigarh
S3981,P3936,C7377,8,2025-09-27,244816,10,Pune
S3982,P5989,C1745,16,2025-08-16,679968,0,Jaipur
S3983,P182,C2590,6,2025-10-09,187272,5,Jaipur
S3984,P2810,C3945,11,2025-08-25,176110,10,Pune
S3985,P4335,C4624,19,2026-01-28,541956,5,Mumbai
S3986,P8454,C8906,2,2024-07-30,97350,15,Delhi
S3987,P4199,C9534,12,2024-09-19,283992,0,Jaipur
S3988,P3161,C6818,1,2024-11-29,49574,0,Delhi
S3989,P5339,C618,8,2025-03-22,160240,0,Bangalore
S3990,P3555,C1341,15,2025-03-01,157740,15,Jaipur
S3991,P1526,C2317,7,2025-10-26,53438,5,Bangalore
S3992,P5633,C662,2,2024-10-04,96104,0,Jaipur
S3993,P7980,C4193,10,2025-01-26,329080,10,Jaipur
S3994,P6547,C2665,13,2025-11-12,57655,5,Bangalore
S3995,P3208,C906,5,2025-02-06,233235,10,Bangalore
S3996,P4605,C1068,4,2024-06-27,17956,0,Mumbai
S3997,P2096,C5209,6,2025-08-06,49470,5,Pune
S3998,P6391,C2136,5,2025-02-14,247375,0,Bangalore
S3999,P626,C8510,7,2026-03-01,256116,15,Pune
S4000,P4517,C3997,14,2026-05-11,340284,10,Mumbai
S4001,P2736,C8375,2,2025-12-17,49620,5,Pune
S4002,P7203,C6162,10,2026-02-27,188160,5,Jaipur
S4003,P8241,C2109,16,2026-05-12,180992,0,Bangalore
S4004,P1015,C4224,11,2025-10-23,152207,15,Delhi
S4005,P6505,C5852,16,2025-06-16,265840,10,Chandigarh
S4006,P437,C2256,20,2026-04-14,254660,15,Pune
S4007,P7237,C3315,5,2024-07-22,217655,0,Bangalore
S4008,P9830,C5005,10,2025-01-28,123300,15,Jaipur
S4009,P1463,C5549,20,2025-06-06,554920,10,Delhi
S4010,P7096,C909,5,2025-12-27,143765,0,Jaipur
S4011,P3706,C8682,5,2025-03-09,105325,10,Bangalore
S4012,P2660,C6339,14,2025-06-08,421624,5,Bangalore
S4013,P4588,C5363,16,2024-06-22,756816,0,Pune
S4014,P5176,C9343,8,2024-06-30,362336,0,Delhi
S4015,P4436,C1284,5,2025-09-17,75345,5,Pune
S4016,P5601,C8633,4,2024-09-21,160264,0,Mumbai
S4017,P2277,C9382,10,2025-04-25,278630,0,Bangalore
S4018,P9032,C5805,20,2024-07-10,472180,10,Jaipur
S4019,P3427,C528,1,2024-11-19,17761,10,Jaipur
S4020,P7725,C9988,17,2025-08-07,229211,10,Delhi
S4021,P639,C4109,11,2025-03-03,26609,15,Chandigarh
S4022,P8360,C6548,11,2025-02-01,429242,10,Pune
S4023,P1726,C3939,3,2024-11-13,145773,15,Jaipur
S4024,P8283,C3790,19,2024-10-01,23940,10,Mumbai
S4025,P4122,C1828,17,2026-05-28,378998,15,Delhi
S4026,P9462,C5871,14,2026-01-31,614082,15,Pune
S4027,P2727,C2831,6,2025-07-06,223908,10,Delhi
S4028,P7093,C5473,2,2025-10-10,9028,15,Jaipur
S4029,P9544,C9528,6,2024-08-02,220536,10,Bangalore
S4030,P5691,C5187,13,2024-12-17,387387,10,Bangalore
S4031,P8745,C972,3,2024-12-17,31236,15,Chandigarh
S4032,P2541,C396,9,2024-06-23,245961,15,Delhi
S4033,P4070,C2188,2,2024-11-21,68704,5,Bangalore
S4034,P1981,C2504,5,2024-10-23,189255,0,Chandigarh
S4035,P9183,C7099,10,2025-12-21,334010,0,Chandigarh
S4036,P1245,C8614,18,2024-07-08,696636,0,Chandigarh
S4037,P953,C997,19,2025-08-12,126749,5,Pune
S4038,P3673,C6226,4,2026-05-25,17732,10,Bangalore
S4039,P2270,C529,19,2025-07-11,26353,5,Chandigarh
S4040,P7446,C9821,15,2024-10-28,130710,15,Jaipur
S4041,P2136,C4029,13,2025-06-21,309283,5,Pune
S4042,P2936,C4682,8,2024-09-28,333200,15,Bangalore
S4043,P8005,C9083,10,2026-04-04,103720,10,Mumbai
S4044,P2163,C2035,15,2025-01-06,199140,10,Jaipur
S4045,P5434,C1655,18,2025-10-12,683316,0,Chandigarh
S4046,P817,C7808,6,2025-02-06,285480,10,Bangalore
S4047,P2956,C8828,7,2025-04-02,175343,5,Delhi
S4048,P9107,C8488,3,2024-08-27,52143,10,Jaipur
S4049,P1392,C677,6,2024-06-21,65532,10,Chandigarh
S4050,P1162,C1662,13,2026-04-10,66105,10,Bangalore
S4051,P1382,C7912,20,2025-03-29,249480,15,Chandigarh
S4052,P9707,C3089,11,2024-06-03,127028,15,Bangalore
S4053,P5585,C1109,10,2025-09-14,130730,10,Delhi
S4054,P9985,C7001,18,2024-07-17,731430,0,Bangalore
S4055,P7458,C4938,2,2024-12-02,25984,5,Delhi
S4056,P5976,C8414,2,2024-10-14,75900,10,Bangalore
S4057,P3618,C3778,17,2024-07-18,424541,15,Delhi
S4058,P2061,C3855,16,2026-04-04,160608,5,Jaipur
S4059,P223,C9955,4,2025-02-15,107372,15,Mumbai
S4060,P4987,C2340,10,2025-02-10,138280,15,Pune
S4061,P2501,C4014,7,2026-01-11,257999,10,Mumbai
S4062,P1938,C9006,5,2024-11-11,124820,15,Chandigarh
S4063,P8929,C8428,12,2025-01-08,548748,10,Mumbai
S4064,P7063,C5559,15,2024-12-06,44940,10,Jaipur
S4065,P8025,C1415,18,2025-12-31,131004,15,Pune
S4066,P8493,C2092,19,2024-07-23,622839,5,Mumbai
S4067,P7698,C7328,11,2024-10-29,548196,10,Mumbai
S4068,P3769,C9768,3,2026-01-06,69384,5,Jaipur
S4069,P8786,C8379,11,2025-01-08,283008,0,Chandigarh
S4070,P6667,C7787,16,2024-09-01,702528,0,Jaipur
S4071,P8461,C1938,17,2025-09-27,833187,0,Chandigarh
S4072,P1150,C7402,17,2025-04-05,554302,0,Bangalore
S4073,P220,C6988,3,2026-04-10,16473,15,Delhi
S4074,P7161,C6248,11,2026-02-26,337326,10,Pune
S4075,P6951,C7172,4,2024-07-09,155904,0,Jaipur
S4076,P7721,C6928,6,2024-07-11,126492,15,Mumbai
S4077,P8003,C5668,15,2025-10-07,728430,0,Delhi
S4078,P5094,C288,20,2025-11-03,215440,0,Mumbai
S4079,P4732,C6033,9,2026-02-02,68769,10,Jaipur
S4080,P958,C5656,1,2025-10-02,9973,10,Chandigarh
S4081,P9656,C8329,8,2026-02-25,180512,15,Bangalore
S4082,P1066,C6462,11,2025-08-22,337722,15,Bangalore
S4083,P130,C9758,6,2026-05-23,278844,10,Pune
S4084,P8636,C9861,17,2025-02-15,386971,0,Pune
S4085,P6750,C4236,12,2025-09-18,118440,15,Bangalore
S4086,P6297,C2596,9,2026-01-02,347301,0,Delhi
S4087,P2781,C1525,4,2025-02-19,43576,5,Jaipur
S4088,P5423,C2392,8,2024-11-15,256648,10,Delhi
S4089,P1642,C4812,9,2024-10-13,401526,15,Chandigarh
S4090,P3302,C964,17,2025-05-17,768519,15,Delhi
S4091,P7032,C7722,13,2026-05-24,646347,5,Chandigarh
S4092,P8092,C5646,6,2026-03-13,153420,10,Jaipur
S4093,P4330,C3630,3,2026-03-11,14331,15,Delhi
S4094,P9659,C7217,12,2025-02-12,163644,0,Bangalore
S4095,P501,C868,8,2025-04-29,122688,0,Chandigarh
S4096,P8548,C7984,19,2025-07-23,208810,10,Mumbai
S4097,P7838,C1277,5,2026-04-21,25145,0,Jaipur
S4098,P9781,C2605,20,2025-09-06,525300,10,Chandigarh
S4099,P4351,C3787,10,2025-06-11,371340,0,Jaipur
S4100,P7847,C5344,18,2024-07-11,446688,15,Mumbai
S4101,P3220,C8898,5,2026-01-31,188690,5,Bangalore
S4102,P7406,C4862,9,2026-01-10,72180,5,Delhi
S4103,P3507,C1580,17,2025-07-21,551157,0,Bangalore
S4104,P5321,C269,14,2024-07-09,581168,15,Bangalore
S4105,P8139,C9620,19,2024-06-16,644879,10,Chandigarh
S4106,P2486,C7376,9,2026-03-06,327852,0,Pune
S4107,P9801,C9869,13,2024-06-19,571818,10,Chandigarh
S4108,P7431,C4791,18,2024-08-12,748710,15,Chandigarh
S4109,P8396,C2502,15,2025-03-25,31095,10,Jaipur
S4110,P1198,C4255,12,2025-08-05,389700,10,Mumbai
S4111,P9272,C3382,19,2025-11-28,513418,5,Jaipur
S4112,P8721,C4824,18,2024-07-03,697248,5,Chandigarh
S4113,P8747,C1746,8,2026-01-29,139656,15,Mumbai
S4114,P9973,C1859,20,2026-01-08,767820,5,Chandigarh
S4115,P970,C4488,20,2024-11-11,365000,0,Chandigarh
S4116,P6200,C1108,17,2024-09-30,202776,15,Mumbai
S4117,P1846,C3709,18,2025-04-26,391896,15,Jaipur
S4118,P4515,C8267,15,2026-01-19,713355,10,Bangalore
S4119,P6420,C4235,2,2025-09-02,76592,15,Chandigarh
S4120,P9253,C4174,5,2024-08-23,245045,15,Chandigarh
S4121,P1512,C218,14,2024-09-08,514024,5,Delhi
S4122,P9300,C9715,19,2025-03-20,811509,5,Delhi
S4123,P956,C9729,16,2025-09-19,253680,5,Delhi
S4124,P4640,C2741,5,2025-07-29,194555,15,Delhi
S4125,P2208,C4353,17,2026-03-26,623407,15,Jaipur
S4126,P6227,C8577,12,2024-05-29,461280,15,Bangalore
S4127,P7853,C5559,20,2026-04-29,582320,10,Pune
S4128,P913,C8315,2,2025-02-13,66590,10,Delhi
S4129,P6109,C2424,6,2024-07-04,143964,0,Pune
S4130,P2576,C6782,1,2026-04-16,22682,0,Bangalore
S4131,P9675,C9277,9,2025-10-05,297864,15,Chandigarh
S4132,P3541,C1861,3,2024-11-24,107289,15,Bangalore
S4133,P978,C3400,8,2024-09-10,363744,10,Pune
S4134,P6016,C766,5,2024-08-26,199065,5,Jaipur
S4135,P598,C2644,8,2024-12-02,347736,10,Jaipur
S4136,P5078,C4116,5,2024-07-18,179325,15,Delhi
S4137,P7524,C2999,12,2024-11-14,212700,15,Chandigarh
S4138,P3636,C606,7,2025-12-29,342594,0,Mumbai
S4139,P8786,C4294,18,2025-05-06,288504,5,Chandigarh
S4140,P5880,C5993,10,2026-04-22,95860,5,Bangalore
S4141,P414,C5895,20,2026-01-04,163080,15,Bangalore
S4142,P7294,C3604,1,2024-11-10,1634,0,Bangalore
S4143,P4869,C6323,1,2025-09-15,23267,0,Pune
S4144,P8956,C6325,14,2025-11-06,465584,0,Chandigarh
S4145,P3574,C8715,10,2024-06-15,291130,0,Chandigarh
S4146,P6768,C2222,15,2025-02-05,692745,10,Chandigarh
S4147,P7116,C8549,11,2024-12-25,337326,10,Pune
S4148,P5425,C1291,15,2026-04-18,245685,10,Delhi
S4149,P3505,C7319,2,2024-08-12,38164,0,Chandigarh
S4150,P8826,C8391,16,2025-11-16,789088,5,Pune
S4151,P1951,C9812,12,2026-04-12,145224,15,Pune
S4152,P2735,C329,13,2026-01-08,424957,5,Bangalore
S4153,P1769,C4750,8,2025-07-15,398240,10,Chandigarh
S4154,P546,C7493,8,2024-08-18,141472,10,Chandigarh
S4155,P9049,C8361,19,2024-11-13,262998,15,Pune
S4156,P1402,C9525,16,2026-03-11,794880,10,Chandigarh
S4157,P6993,C4480,19,2025-04-06,615144,0,Delhi
S4158,P2709,C8577,3,2025-12-29,97827,10,Pune
S4159,P6664,C331,6,2026-01-05,182328,15,Bangalore
S4160,P857,C676,1,2025-05-12,26535,5,Bangalore
S4161,P9044,C7278,9,2025-11-24,75042,15,Pune
S4162,P7365,C2600,8,2025-10-29,273424,0,Chandigarh
S4163,P1764,C3350,10,2025-08-02,127980,10,Chandigarh
S4164,P8799,C9394,16,2025-12-03,717904,15,Pune
S4165,P7833,C7798,15,2025-12-22,238935,5,Chandigarh
S4166,P9646,C355,16,2025-11-16,729536,5,Delhi
S4167,P36,C7282,16,2026-05-19,544160,5,Delhi
S4168,P429,C8543,14,2025-02-21,158858,5,Pune
S4169,P4497,C112,19,2025-07-04,563293,10,Jaipur
S4170,P8233,C2335,15,2025-12-31,562650,0,Pune
S4171,P4910,C5552,8,2024-12-15,389640,5,Delhi
S4172,P4297,C4348,10,2025-03-01,105770,0,Mumbai
S4173,P658,C2679,10,2025-05-08,308090,5,Pune
S4174,P1678,C1610,14,2025-10-27,80430,15,Mumbai
S4175,P6687,C3314,13,2025-07-06,69446,15,Mumbai
S4176,P293,C890,5,2025-08-12,12955,5,Bangalore
S4177,P2552,C1599,2,2025-11-07,62062,10,Jaipur
S4178,P6442,C3857,11,2025-03-17,292699,10,Mumbai
S4179,P5887,C4070,3,2025-05-14,39180,10,Chandigarh
S4180,P7284,C1170,7,2025-11-16,244923,0,Delhi
S4181,P9630,C4574,4,2024-09-29,67488,10,Jaipur
S4182,P7016,C2876,4,2026-03-07,186540,0,Delhi
S4183,P4352,C6495,7,2025-01-12,348537,5,Delhi
S4184,P4626,C7005,12,2025-04-24,289728,15,Delhi
S4185,P4954,C9370,20,2025-05-13,749660,5,Mumbai
S4186,P1444,C8246,16,2026-05-08,329136,0,Delhi
S4187,P2433,C5026,19,2025-07-23,223269,10,Pune
S4188,P8112,C3163,13,2025-11-09,439790,10,Mumbai
S4189,P1300,C851,7,2024-12-09,309442,0,Jaipur
S4190,P5183,C3445,6,2025-06-06,128538,0,Jaipur
S4191,P9326,C1853,9,2024-12-24,107757,10,Jaipur
S4192,P1517,C6083,19,2025-12-04,257887,5,Mumbai
S4193,P3702,C1887,13,2025-03-31,125151,10,Pune
S4194,P6338,C1474,3,2025-06-15,109815,0,Bangalore
S4195,P681,C3268,10,2025-11-18,214170,15,Bangalore
S4196,P9183,C9263,5,2025-08-28,246090,15,Chandigarh
S4197,P6179,C6436,11,2025-09-03,88319,10,Delhi
S4198,P1442,C8756,7,2025-10-27,45689,10,Jaipur
S4199,P9035,C8365,10,2024-11-12,53350,15,Mumbai
S4200,P305,C7786,5,2025-11-04,212585,10,Mumbai
S4201,P7074,C2788,13,2025-12-08,47008,15,Mumbai
S4202,P1260,C5305,2,2026-01-16,77478,10,Pune
S4203,P5297,C7608,9,2025-05-18,210807,5,Jaipur
S4204,P4094,C8842,6,2026-02-24,299298,0,Delhi
S4205,P52,C8736,16,2025-06-13,300352,10,Jaipur
S4206,P9947,C5266,16,2025-04-07,419952,15,Bangalore
S4207,P4383,C6301,17,2024-07-12,574753,0,Bangalore
S4208,P2291,C8972,9,2025-08-06,229446,10,Pune
S4209,P2159,C3604,5,2024-11-22,88860,0,Pune
S4210,P2980,C2691,8,2025-07-02,335512,15,Delhi
S4211,P8276,C335,9,2026-02-16,69210,0,Delhi
S4212,P699,C231,19,2024-06-03,680884,15,Jaipur
S4213,P2886,C290,17,2025-01-01,256343,10,Pune
S4214,P7842,C3022,8,2025-12-23,307424,0,Bangalore
S4215,P1676,C5838,14,2025-08-01,401996,15,Bangalore
S4216,P6377,C6753,6,2025-08-26,87642,10,Mumbai
S4217,P7466,C4169,13,2025-10-07,102050,0,Bangalore
S4218,P9101,C10000,11,2025-10-11,199892,0,Bangalore
S4219,P4445,C5514,7,2024-08-03,236320,15,Bangalore
S4220,P8095,C654,1,2024-06-14,22252,15,Delhi
S4221,P4234,C1515,17,2025-06-19,436543,15,Delhi
S4222,P7455,C7250,15,2025-02-01,571515,0,Chandigarh
S4223,P5709,C36,10,2025-07-11,426070,10,Bangalore
S4224,P4301,C9059,15,2025-08-30,718425,0,Chandigarh
S4225,P9187,C5918,19,2025-03-20,544046,0,Bangalore
S4226,P5344,C9789,7,2024-10-18,313761,10,Delhi
S4227,P6245,C7849,12,2025-04-15,369060,0,Mumbai
S4228,P2654,C3459,15,2025-01-31,607305,15,Bangalore
S4229,P1331,C412,16,2025-12-05,72320,0,Jaipur
S4230,P3658,C4572,11,2026-03-07,504977,0,Mumbai
S4231,P5804,C6660,3,2024-12-23,4095,10,Jaipur
S4232,P7928,C1709,19,2025-10-16,593712,10,Delhi
S4233,P4913,C8508,14,2024-06-21,614110,15,Chandigarh
S4234,P1255,C7226,7,2026-04-25,201061,10,Jaipur
S4235,P2468,C6968,12,2026-02-11,198732,15,Jaipur
S4236,P7629,C9319,3,2026-01-25,132603,0,Bangalore
S4237,P3132,C7883,13,2025-08-24,198757,5,Bangalore
S4238,P4723,C9357,19,2025-08-11,288800,15,Chandigarh
S4239,P4572,C9818,11,2025-05-21,327360,5,Bangalore
S4240,P1791,C3243,13,2025-09-06,407342,0,Jaipur
S4241,P8126,C7056,3,2024-06-13,33957,15,Delhi
S4242,P5941,C981,19,2024-06-27,707104,0,Chandigarh
S4243,P150,C2846,13,2024-09-24,153803,5,Delhi
S4244,P9803,C1620,7,2026-05-21,161910,5,Pune
S4245,P9920,C553,20,2025-10-11,788520,10,Chandigarh
S4246,P9520,C914,5,2024-06-27,22065,0,Delhi
S4247,P7443,C9221,10,2025-05-17,38540,15,Pune
S4248,P3157,C9279,7,2024-10-24,337386,5,Bangalore
S4249,P5088,C3721,2,2025-12-18,25762,0,Bangalore
S4250,P9563,C3958,17,2026-02-07,287521,15,Pune
S4251,P1237,C5425,9,2026-05-09,73530,5,Jaipur
S4252,P6460,C7253,1,2025-02-01,7888,10,Mumbai
S4253,P9412,C4838,13,2026-04-26,349765,0,Mumbai
S4254,P8520,C9155,8,2024-08-21,16320,0,Chandigarh
S4255,P5737,C2567,20,2025-08-08,242520,10,Mumbai
S4256,P7791,C3339,12,2026-02-07,459036,10,Pune
S4257,P5036,C3392,8,2025-11-14,299040,0,Mumbai
S4258,P4589,C8843,16,2025-12-31,298816,0,Jaipur
S4259,P3324,C5380,20,2025-01-26,960960,5,Chandigarh
S4260,P9459,C6565,1,2025-09-29,21348,10,Pune
S4261,P470,C434,1,2026-04-01,26207,15,Bangalore
S4262,P1807,C4425,9,2025-11-07,361881,5,Mumbai
S4263,P6181,C3006,5,2024-12-14,123185,0,Jaipur
S4264,P442,C7265,3,2026-03-09,51462,5,Jaipur
S4265,P6091,C353,6,2024-10-14,68982,0,Pune
S4266,P7495,C7681,14,2025-07-20,685902,15,Jaipur
S4267,P9217,C7325,7,2025-09-14,87115,5,Jaipur
S4268,P8582,C7281,5,2024-08-15,109085,15,Mumbai
S4269,P1144,C9164,14,2024-12-26,113526,0,Jaipur
S4270,P3849,C1629,20,2025-02-03,371700,0,Pune
S4271,P3566,C7186,9,2024-11-12,230067,0,Bangalore
S4272,P6572,C1355,9,2025-08-10,108693,5,Jaipur
S4273,P8277,C3250,13,2025-05-27,58929,15,Mumbai
S4274,P3200,C513,7,2025-12-17,287707,0,Pune
S4275,P6515,C6414,1,2025-06-26,10109,0,Delhi
S4276,P7415,C1297,18,2024-09-29,455346,5,Mumbai
S4277,P8576,C9963,5,2025-02-10,217995,15,Bangalore
S4278,P4580,C9003,17,2025-07-22,383826,10,Mumbai
S4279,P2259,C9255,5,2025-08-27,154040,15,Pune
S4280,P9045,C6334,19,2024-11-05,574560,5,Bangalore
S4281,P6306,C3506,11,2025-10-03,381656,5,Chandigarh
S4282,P2743,C9721,12,2026-03-01,322296,5,Jaipur
S4283,P6756,C3656,9,2025-03-10,87849,15,Pune
S4284,P1218,C497,20,2026-03-18,655780,0,Jaipur
S4285,P6612,C8575,16,2024-10-02,720400,0,Pune
S4286,P5835,C4777,8,2025-03-23,89304,0,Mumbai
S4287,P4489,C7014,19,2024-09-09,425467,15,Delhi
S4288,P7571,C1645,8,2026-03-12,287200,15,Jaipur
S4289,P3479,C9505,17,2025-09-20,702015,0,Pune
S4290,P9506,C7107,4,2026-03-23,175832,0,Chandigarh
S4291,P4281,C4741,14,2026-04-26,166824,5,Jaipur
S4292,P5314,C4221,7,2025-04-25,229957,10,Delhi
S4293,P660,C5992,12,2025-05-23,150588,10,Pune
S4294,P8636,C8068,8,2025-09-28,373704,5,Delhi
S4295,P1857,C1859,9,2024-07-25,63972,10,Mumbai
S4296,P4063,C9574,8,2026-04-19,85152,10,Pune
S4297,P616,C3170,3,2025-10-21,100878,10,Delhi
S4298,P7815,C2304,5,2026-04-09,184035,15,Mumbai
S4299,P5987,C2915,5,2024-10-23,149115,0,Pune
S4300,P1148,C166,3,2024-07-25,64482,5,Pune
S4301,P9250,C5288,3,2024-07-19,66852,5,Pune
S4302,P7447,C596,7,2026-04-17,248402,0,Jaipur
S4303,P9864,C2416,3,2025-12-27,9612,10,Delhi
S4304,P4838,C3347,14,2025-06-17,601706,0,Jaipur
S4305,P5190,C2876,13,2025-11-13,252694,0,Jaipur
S4306,P4328,C8076,7,2024-08-29,73612,10,Bangalore
S4307,P7090,C4164,17,2024-09-27,835006,5,Bangalore
S4308,P3059,C2469,11,2024-09-28,380545,15,Delhi
S4309,P9769,C2060,19,2024-10-04,362178,15,Bangalore
S4310,P869,C4546,8,2025-06-25,89568,0,Pune
S4311,P3855,C8525,1,2026-03-14,49006,0,Jaipur
S4312,P4407,C5618,17,2026-05-13,254371,10,Pune
S4313,P5161,C2927,6,2026-05-22,205656,10,Jaipur
S4314,P5661,C8963,19,2026-01-11,729239,15,Delhi
S4315,P1243,C6134,11,2024-08-12,403139,15,Jaipur
S4316,P3103,C6464,1,2024-09-06,40012,0,Pune
S4317,P9444,C7638,6,2024-09-10,63198,15,Jaipur
S4318,P3295,C6178,17,2025-08-22,173519,15,Mumbai
S4319,P7088,C5855,16,2024-10-21,39872,15,Mumbai
S4320,P2214,C9151,13,2025-09-27,521573,5,Delhi
S4321,P9629,C6683,19,2024-06-18,608627,5,Mumbai
S4322,P5732,C3828,17,2025-08-14,610164,15,Delhi
S4323,P7190,C800,9,2025-09-28,348453,0,Delhi
S4324,P1290,C7987,9,2024-11-23,275823,10,Bangalore
S4325,P2098,C7715,8,2026-04-13,225824,5,Bangalore
S4326,P5414,C1004,2,2024-11-26,68922,10,Pune
S4327,P2674,C3190,7,2026-03-16,74508,10,Pune
S4328,P6878,C5170,4,2026-02-06,14124,10,Bangalore
S4329,P6201,C6579,7,2026-05-20,192913,0,Jaipur
S4330,P9253,C5065,12,2025-01-23,526044,15,Bangalore
S4331,P8398,C6406,11,2024-11-17,380402,15,Bangalore
S4332,P9077,C2142,2,2024-08-09,97442,0,Pune
S4333,P37,C5787,20,2026-03-05,205200,0,Pune
S4334,P3428,C5189,8,2025-11-05,205776,10,Bangalore
S4335,P5583,C3940,6,2025-11-22,251106,0,Mumbai
S4336,P1458,C857,20,2025-12-07,604460,5,Delhi
S4337,P8887,C2339,18,2026-02-13,488088,5,Mumbai
S4338,P4180,C2405,15,2025-01-12,139560,0,Mumbai
S4339,P9122,C496,15,2025-08-05,185805,15,Mumbai
S4340,P3424,C6077,17,2025-12-14,88910,5,Chandigarh
S4341,P6352,C452,5,2024-12-18,148625,15,Chandigarh
S4342,P745,C1859,12,2025-11-24,446328,10,Delhi
S4343,P7961,C3557,14,2025-05-20,596148,5,Chandigarh
S4344,P7604,C1210,2,2026-01-23,85384,10,Delhi
S4345,P5810,C2866,20,2026-04-21,349280,15,Chandigarh
S4346,P723,C1583,5,2025-03-05,6530,10,Delhi
S4347,P7133,C3816,6,2025-11-09,294420,10,Pune
S4348,P5245,C9778,17,2024-11-01,143327,5,Chandigarh
S4349,P3203,C8263,2,2025-08-19,18220,15,Chandigarh
S4350,P9588,C3055,8,2024-06-23,186728,0,Delhi
S4351,P8247,C7387,2,2025-08-31,9050,10,Bangalore
S4352,P5022,C7008,1,2025-10-15,13645,15,Pune
S4353,P4967,C5330,8,2026-05-27,50336,15,Chandigarh
S4354,P3043,C1460,2,2026-04-07,62260,15,Mumbai
S4355,P3710,C1522,8,2025-08-17,336176,0,Bangalore
S4356,P674,C7415,3,2025-08-24,11808,15,Pune
S4357,P4721,C7924,2,2025-06-29,15348,5,Jaipur
S4358,P1085,C4045,20,2024-06-24,44460,10,Pune
S4359,P4326,C2116,9,2024-09-18,425493,5,Delhi
S4360,P4709,C3653,2,2025-01-28,70308,0,Jaipur
S4361,P5621,C3726,20,2025-04-17,537280,15,Delhi
S4362,P7757,C7574,20,2026-05-23,133820,10,Pune
S4363,P1772,C8836,8,2025-06-12,158432,0,Mumbai
S4364,P6448,C7031,7,2026-02-24,250579,15,Chandigarh
S4365,P7136,C3619,14,2024-09-28,433272,10,Bangalore
S4366,P3382,C3155,19,2025-04-20,571919,10,Chandigarh
S4367,P9651,C2453,7,2025-02-17,35469,10,Jaipur
S4368,P9581,C8426,14,2025-11-16,75250,0,Jaipur
S4369,P3014,C3182,12,2025-05-13,25020,5,Pune
S4370,P2162,C625,4,2025-11-18,121284,5,Chandigarh
S4371,P3104,C9603,10,2026-01-04,53360,10,Delhi
S4372,P7827,C9210,6,2025-02-17,77802,10,Mumbai
S4373,P8093,C3092,2,2025-04-22,21468,15,Bangalore
S4374,P794,C8034,8,2025-05-12,252880,5,Jaipur
S4375,P3260,C5110,17,2024-10-14,799306,15,Jaipur
S4376,P1186,C2166,18,2024-09-09,642654,10,Pune
S4377,P8270,C2320,18,2024-11-17,871074,5,Bangalore
S4378,P7972,C9557,19,2026-04-23,809552,0,Mumbai
S4379,P4401,C8028,15,2025-10-22,661620,5,Bangalore
S4380,P5483,C4532,16,2026-02-08,271040,10,Delhi
S4381,P6209,C3096,2,2026-02-03,46870,5,Bangalore
S4382,P6749,C9166,11,2025-07-29,171028,5,Mumbai
S4383,P1198,C8912,16,2025-03-10,764912,15,Delhi
S4384,P2964,C5608,3,2026-03-08,133989,0,Chandigarh
S4385,P6503,C255,14,2025-10-06,662410,5,Mumbai
S4386,P4581,C2392,5,2025-07-05,188030,10,Delhi
S4387,P691,C1296,11,2025-01-22,310167,5,Mumbai
S4388,P2909,C5822,3,2025-05-06,110886,15,Bangalore
S4389,P7348,C1280,16,2026-05-01,72672,10,Chandigarh
S4390,P9115,C6277,3,2025-09-12,51435,0,Mumbai
S4391,P5746,C5304,15,2026-03-27,597330,10,Jaipur
S4392,P3183,C2811,10,2024-12-15,234440,5,Mumbai
S4393,P4040,C9308,4,2024-10-29,125440,0,Delhi
S4394,P468,C7404,9,2024-09-17,71559,10,Bangalore
S4395,P6654,C9512,19,2025-03-29,581077,10,Delhi
S4396,P765,C8694,8,2025-01-06,125200,0,Jaipur
S4397,P8259,C1331,8,2024-12-12,233944,15,Chandigarh
S4398,P1840,C721,1,2024-07-06,26393,5,Pune
S4399,P724,C4307,12,2026-01-30,573504,15,Jaipur
S4400,P7743,C554,20,2025-01-29,973900,5,Chandigarh
S4401,P3173,C7900,16,2024-08-18,91520,10,Pune
S4402,P1948,C3755,7,2025-01-20,139538,10,Jaipur
S4403,P823,C1097,6,2026-03-05,92340,0,Mumbai
S4404,P1269,C1049,10,2025-12-12,137010,0,Bangalore
S4405,P7258,C9357,13,2025-11-05,526942,10,Bangalore
S4406,P3190,C5494,17,2025-07-02,56457,15,Jaipur
S4407,P3950,C4869,6,2024-07-11,45942,15,Chandigarh
S4408,P1970,C6551,10,2024-11-29,203490,15,Delhi
S4409,P9614,C3131,15,2024-06-13,475770,5,Bangalore
S4410,P9994,C495,11,2025-06-08,295570,5,Chandigarh
S4411,P5794,C8950,5,2025-11-08,139580,15,Bangalore
S4412,P1570,C5761,11,2025-12-06,82137,5,Delhi
S4413,P7339,C2012,4,2025-10-17,8972,0,Mumbai
S4414,P364,C7584,2,2026-05-16,81188,15,Mumbai
S4415,P2071,C6003,17,2025-09-05,814334,5,Jaipur
S4416,P4297,C659,19,2024-10-23,650370,5,Bangalore
S4417,P7338,C3881,19,2024-10-15,109136,5,Mumbai
S4418,P9790,C5941,6,2025-10-23,235392,0,Chandigarh
S4419,P220,C7778,14,2026-05-09,374010,15,Bangalore
S4420,P8303,C9330,15,2025-10-06,488205,15,Delhi
S4421,P3455,C3040,1,2026-04-05,41118,10,Chandigarh
S4422,P1651,C8026,12,2025-02-12,422088,5,Jaipur
S4423,P8658,C1746,6,2024-08-13,108216,10,Bangalore
S4424,P8928,C7561,17,2025-11-24,693090,10,Jaipur
S4425,P7833,C2469,18,2025-12-26,562050,15,Bangalore
S4426,P6516,C7545,9,2026-01-23,375849,15,Bangalore
S4427,P2818,C8515,16,2025-12-25,188240,5,Chandigarh
S4428,P3191,C8075,12,2024-07-09,272688,5,Bangalore
S4429,P6199,C7467,15,2026-04-30,44970,0,Bangalore
S4430,P2000,C6190,6,2025-03-09,223494,5,Jaipur
S4431,P4172,C8796,9,2024-06-16,15156,0,Bangalore
S4432,P9698,C7446,7,2024-09-20,96488,0,Jaipur
S4433,P4373,C7528,8,2025-01-31,244816,10,Jaipur
S4434,P8360,C1245,5,2025-11-23,63855,10,Bangalore
S4435,P6420,C4250,1,2025-04-24,22486,5,Jaipur
S4436,P4316,C7484,14,2025-02-03,318472,15,Jaipur
S4437,P9271,C1552,7,2025-10-19,290318,5,Mumbai
S4438,P749,C7802,10,2024-12-26,329150,5,Chandigarh
S4439,P9086,C1702,10,2025-01-23,95120,0,Bangalore
S4440,P521,C7488,4,2025-11-04,61392,5,Jaipur
S4441,P6456,C2592,13,2025-02-07,593580,15,Bangalore
S4442,P3496,C6145,5,2025-02-17,85195,10,Mumbai
S4443,P4517,C1409,19,2024-12-08,225226,0,Chandigarh
S4444,P6893,C7281,7,2026-02-18,163408,5,Bangalore
S4445,P9961,C7890,4,2025-12-13,183408,15,Jaipur
S4446,P1189,C2985,2,2024-12-28,12532,5,Delhi
S4447,P4925,C2673,7,2025-07-12,44408,15,Mumbai
S4448,P5460,C8675,20,2026-05-07,654660,0,Delhi
S4449,P2989,C6901,3,2024-08-15,78045,10,Delhi
S4450,P2022,C1985,10,2026-04-11,60760,10,Chandigarh
S4451,P2658,C6325,2,2024-06-27,52042,10,Jaipur
S4452,P1541,C3135,18,2025-01-03,534798,0,Mumbai
S4453,P4986,C6842,4,2024-09-01,160008,15,Chandigarh
S4454,P2158,C2513,5,2025-09-14,125545,0,Bangalore
S4455,P8469,C5831,20,2024-09-25,917020,5,Delhi
S4456,P3083,C6060,7,2025-12-03,124173,15,Delhi
S4457,P188,C7156,9,2024-09-13,42228,5,Mumbai
S4458,P5135,C4985,5,2025-10-22,138000,0,Delhi
S4459,P752,C1843,1,2024-07-08,30343,15,Chandigarh
S4460,P2947,C850,9,2025-06-29,145683,5,Chandigarh
S4461,P4675,C6875,16,2025-10-04,316912,15,Mumbai
S4462,P6876,C9839,10,2024-09-26,485220,15,Bangalore
S4463,P929,C296,6,2025-10-10,50892,0,Pune
S4464,P6770,C541,20,2025-11-07,290040,10,Jaipur
S4465,P7581,C1211,19,2025-12-25,339549,10,Chandigarh
S4466,P5835,C6788,2,2024-12-12,30728,0,Chandigarh
S4467,P514,C2991,8,2025-11-09,124376,15,Pune
S4468,P2980,C6013,2,2024-06-03,19226,15,Delhi
S4469,P1473,C7582,6,2025-01-08,181236,0,Chandigarh
S4470,P7296,C3974,12,2026-04-14,337080,0,Jaipur
S4471,P5023,C4480,8,2025-10-11,280632,10,Chandigarh
S4472,P699,C7906,1,2024-11-16,18522,15,Chandigarh
S4473,P8634,C2837,8,2025-03-24,188808,0,Pune
S4474,P2182,C4398,2,2025-01-09,58964,0,Jaipur
S4475,P8676,C9845,5,2024-08-20,50655,5,Pune
S4476,P7389,C4536,13,2024-11-10,61711,0,Mumbai
S4477,P4899,C6440,15,2024-11-22,513900,0,Delhi
S4478,P6670,C3890,2,2025-08-15,75886,0,Pune
S4479,P9049,C8218,18,2025-01-29,871308,15,Chandigarh
S4480,P6559,C9927,10,2025-04-29,18980,10,Chandigarh
S4481,P3974,C1616,18,2026-02-08,81270,15,Bangalore
S4482,P8370,C9366,20,2025-09-25,878780,5,Delhi
S4483,P6274,C6751,5,2024-08-10,11735,5,Bangalore
S4484,P3013,C442,10,2025-01-03,300000,10,Chandigarh
S4485,P2247,C7097,5,2026-03-12,86745,15,Jaipur
S4486,P8441,C1076,6,2025-03-27,135204,0,Delhi
S4487,P7067,C7569,18,2026-04-13,288738,0,Jaipur
S4488,P3263,C2750,14,2024-12-28,90958,0,Pune
S4489,P5491,C1315,16,2026-02-04,360160,5,Chandigarh
S4490,P927,C372,19,2026-03-06,740221,5,Jaipur
S4491,P1625,C7382,16,2026-03-04,420352,5,Chandigarh
S4492,P6207,C5527,8,2025-08-24,386512,0,Bangalore
S4493,P8431,C857,2,2026-03-19,70430,10,Bangalore
S4494,P702,C2290,1,2025-05-11,5894,10,Chandigarh
S4495,P6373,C515,19,2024-12-07,360449,5,Delhi
S4496,P5006,C7618,5,2026-02-03,151970,0,Chandigarh
S4497,P4003,C1661,4,2025-03-20,155260,10,Jaipur
S4498,P5254,C3426,1,2024-09-19,48304,0,Mumbai
S4499,P1017,C3592,2,2024-11-05,39308,10,Chandigarh
S4500,P1674,C862,2,2025-12-04,39438,5,Delhi
S4501,P7625,C8790,8,2024-09-14,321480,15,Mumbai
S4502,P4356,C6289,3,2024-10-03,5748,15,Pune
S4503,P2458,C2070,18,2025-01-30,856656,10,Delhi
S4504,P2105,C9809,16,2025-10-30,583248,15,Delhi
S4505,P941,C2754,5,2025-10-19,160705,15,Mumbai
S4506,P1998,C5980,13,2024-06-21,421967,0,Jaipur
S4507,P621,C7570,17,2025-06-19,822817,0,Delhi
S4508,P5939,C4880,7,2025-02-09,123592,15,Delhi
S4509,P4317,C272,20,2025-03-20,257740,0,Jaipur
S4510,P1973,C1171,13,2025-07-28,143000,10,Delhi
S4511,P9497,C1428,7,2026-04-10,136199,15,Pune
S4512,P9261,C4501,20,2025-01-25,756260,5,Bangalore
S4513,P9406,C6157,2,2025-10-19,78138,10,Delhi
S4514,P466,C8271,16,2025-05-03,540544,0,Jaipur
S4515,P856,C6302,3,2026-01-12,40344,5,Bangalore
S4516,P847,C9112,7,2025-05-18,190008,5,Jaipur
S4517,P5333,C9620,7,2025-12-22,201152,5,Pune
S4518,P9053,C4714,14,2024-08-19,316204,15,Chandigarh
S4519,P5810,C6417,17,2025-03-31,569296,5,Mumbai
S4520,P8800,C1167,17,2026-04-27,797402,0,Mumbai
S4521,P6164,C6216,17,2024-09-14,710957,0,Bangalore
S4522,P6822,C3685,14,2024-08-12,343532,15,Delhi
S4523,P7041,C4667,14,2024-05-31,91574,5,Bangalore
S4524,P8643,C9656,5,2025-04-28,239650,0,Pune
S4525,P2106,C6346,16,2025-05-16,271536,10,Pune
S4526,P167,C721,8,2025-03-29,218912,5,Mumbai
S4527,P6371,C5962,6,2026-04-30,68196,0,Delhi
S4528,P128,C1106,15,2025-07-03,228465,15,Bangalore
S4529,P2270,C3206,11,2026-05-09,393910,0,Mumbai
S4530,P4567,C7294,18,2026-04-28,146232,0,Mumbai
S4531,P1008,C2990,5,2024-11-25,221475,10,Jaipur
S4532,P7796,C8333,18,2026-01-23,457992,15,Chandigarh
S4533,P524,C7281,18,2025-08-08,399564,0,Mumbai
S4534,P8460,C7511,10,2024-06-12,262130,15,Chandigarh
S4535,P2470,C1890,14,2026-03-24,48146,15,Chandigarh
S4536,P2859,C2723,15,2025-11-24,374775,15,Delhi
S4537,P9618,C6151,17,2025-05-24,340782,5,Delhi
S4538,P2703,C9186,2,2025-01-04,24234,10,Pune
S4539,P5410,C7280,3,2024-12-08,9972,0,Jaipur
S4540,P102,C877,8,2024-06-20,117336,15,Pune
S4541,P1904,C4359,19,2026-05-06,255531,5,Chandigarh
S4542,P3304,C9516,9,2025-02-06,214497,15,Chandigarh
S4543,P8305,C9952,20,2026-02-16,893860,0,Delhi
S4544,P4065,C4115,9,2024-11-11,42750,0,Bangalore
S4545,P9848,C1992,12,2025-09-15,130752,15,Bangalore
S4546,P5291,C9112,7,2025-04-19,107366,15,Jaipur
S4547,P9810,C9218,10,2024-10-09,17090,5,Delhi
S4548,P94,C8132,12,2026-01-13,505440,15,Pune
S4549,P8939,C8996,12,2025-05-07,277392,0,Bangalore
S4550,P898,C1851,16,2024-08-17,547136,15,Mumbai
S4551,P5134,C7192,5,2025-10-15,80200,0,Mumbai
S4552,P1350,C5914,19,2025-08-04,241281,15,Bangalore
S4553,P2330,C3606,16,2024-08-23,721744,10,Chandigarh
S4554,P8106,C1939,5,2025-04-28,117095,15,Jaipur
S4555,P3750,C8424,17,2026-05-15,513417,10,Pune
S4556,P9361,C9643,1,2024-10-13,35050,5,Jaipur
S4557,P2215,C2747,20,2024-12-18,730360,10,Mumbai
S4558,P9007,C4699,16,2025-11-24,400160,15,Bangalore
S4559,P3171,C1311,3,2024-11-24,129504,15,Jaipur
S4560,P2892,C7125,3,2025-06-10,129729,5,Pune
S4561,P8098,C3242,3,2024-08-06,66819,10,Bangalore
S4562,P6859,C8706,5,2024-08-28,90270,5,Mumbai
S4563,P2995,C2124,18,2024-08-04,262404,10,Bangalore
S4564,P9763,C5382,4,2025-07-14,91584,0,Chandigarh
S4565,P7635,C7312,5,2024-07-20,88395,15,Pune
S4566,P7510,C3993,4,2024-09-26,175496,10,Jaipur
S4567,P3647,C5717,6,2025-09-21,287148,0,Delhi
S4568,P7477,C4341,12,2025-02-18,380052,0,Jaipur
S4569,P13,C861,17,2025-11-06,735998,0,Mumbai
S4570,P1467,C6167,10,2026-04-19,447230,5,Mumbai
S4571,P5678,C3736,18,2024-06-18,113616,0,Mumbai
S4572,P1831,C1060,5,2025-04-20,221790,10,Mumbai
S4573,P5493,C5883,9,2026-05-22,312615,0,Bangalore
S4574,P5891,C8862,11,2024-10-18,392942,0,Mumbai
S4575,P6470,C3830,20,2024-07-19,514840,5,Jaipur
S4576,P6450,C1406,2,2025-11-23,36392,5,Pune
S4577,P6057,C4731,7,2024-07-16,269402,0,Pune
S4578,P8650,C8575,15,2024-11-09,383385,0,Chandigarh
S4579,P3301,C9775,14,2024-11-26,525406,10,Bangalore
S4580,P6459,C3481,4,2024-11-25,100216,15,Bangalore
S4581,P977,C6425,5,2025-12-06,232910,0,Chandigarh
S4582,P9962,C5609,14,2025-06-29,509586,10,Mumbai
S4583,P7400,C1720,6,2026-02-20,248268,5,Jaipur
S4584,P4293,C9559,11,2026-02-19,384373,15,Bangalore
S4585,P6233,C9483,13,2025-06-11,330889,0,Chandigarh
S4586,P9340,C4372,2,2025-09-25,69740,0,Pune
S4587,P7676,C4113,9,2025-07-30,103851,10,Chandigarh
S4588,P45,C1809,18,2024-09-02,538740,0,Bangalore
S4589,P9583,C8608,14,2026-04-08,502082,0,Delhi
S4590,P3376,C3347,15,2025-05-14,372390,0,Delhi
S4591,P7880,C8858,13,2026-01-13,454155,15,Mumbai
S4592,P9263,C6656,15,2024-12-03,19515,10,Chandigarh
S4593,P605,C3046,3,2025-05-27,83004,15,Pune
S4594,P5207,C8170,20,2025-02-08,952280,15,Chandigarh
S4595,P6622,C2437,19,2024-11-17,232009,10,Mumbai
S4596,P4311,C4062,2,2026-04-03,22366,10,Jaipur
S4597,P9511,C8435,2,2024-06-04,51828,5,Delhi
S4598,P3934,C1375,16,2024-12-18,663984,10,Jaipur
S4599,P1741,C7065,19,2025-04-26,672790,15,Pune
S4600,P1431,C356,19,2026-01-19,338485,0,Chandigarh
S4601,P5924,C311,15,2024-09-26,667980,10,Bangalore
S4602,P7821,C2974,16,2026-05-26,554048,0,Bangalore
S4603,P8808,C8874,10,2025-05-06,80550,5,Chandigarh
S4604,P306,C3020,13,2024-06-13,307203,10,Delhi
S4605,P5485,C5213,10,2026-01-29,62010,0,Bangalore
S4606,P6118,C7863,20,2025-09-08,554640,0,Pune
S4607,P814,C4,11,2025-02-10,192588,0,Pune
S4608,P9367,C7508,18,2025-03-18,75888,10,Delhi
S4609,P9222,C3616,18,2026-02-22,798156,0,Jaipur
S4610,P9500,C4449,8,2026-01-15,256248,0,Delhi
S4611,P5759,C1365,14,2025-04-11,671300,5,Delhi
S4612,P5776,C7351,10,2024-07-04,357830,15,Chandigarh
S4613,P4386,C8293,17,2026-04-11,159647,10,Pune
S4614,P8191,C3701,17,2025-06-25,444346,5,Delhi
S4615,P2842,C4522,18,2024-12-17,303984,0,Jaipur
S4616,P2463,C4628,8,2025-12-13,289360,0,Bangalore
S4617,P2472,C2373,10,2024-10-07,123820,5,Mumbai
S4618,P7162,C7602,18,2025-02-20,597348,5,Delhi
S4619,P7367,C3640,10,2026-01-16,20630,5,Bangalore
S4620,P3738,C1634,12,2025-07-02,184908,15,Delhi
S4621,P7764,C6677,19,2024-08-06,211945,5,Jaipur
S4622,P7215,C382,17,2025-12-11,335325,10,Chandigarh
S4623,P3165,C1408,16,2025-11-03,305808,10,Mumbai
S4624,P3696,C1708,1,2025-06-01,33082,10,Chandigarh
S4625,P211,C9899,13,2026-02-14,560690,0,Jaipur
S4626,P818,C6397,4,2026-01-31,189036,5,Bangalore
S4627,P4105,C752,20,2024-11-07,736060,10,Mumbai
S4628,P6855,C4052,18,2024-08-01,729036,0,Mumbai
S4629,P165,C9340,8,2025-10-02,248232,0,Bangalore
S4630,P1152,C6630,10,2025-08-08,110320,15,Bangalore
S4631,P911,C3399,15,2025-11-13,416115,0,Jaipur
S4632,P7896,C1154,1,2026-04-07,22478,10,Jaipur
S4633,P5376,C9261,18,2024-10-03,561780,0,Delhi
S4634,P6675,C8758,13,2026-01-10,180349,15,Pune
S4635,P2799,C6567,20,2025-01-28,99160,10,Pune
S4636,P3308,C1423,14,2025-03-26,366492,5,Pune
S4637,P8535,C2659,1,2024-09-17,18528,15,Chandigarh
S4638,P1142,C6955,10,2024-11-07,153740,10,Bangalore
S4639,P6112,C9619,15,2024-08-28,85410,15,Mumbai
S4640,P3497,C6617,3,2024-08-03,116622,5,Delhi
S4641,P4751,C4608,13,2025-04-22,348738,15,Chandigarh
S4642,P813,C4474,5,2025-11-02,247640,0,Delhi
S4643,P6159,C3836,19,2025-10-14,689719,15,Jaipur
S4644,P5453,C7981,9,2026-03-14,102249,10,Delhi
S4645,P8860,C7207,19,2026-03-06,906186,0,Bangalore
S4646,P2625,C4594,6,2026-04-22,61866,5,Chandigarh
S4647,P6720,C3513,1,2026-02-19,12851,10,Mumbai
S4648,P5535,C220,8,2025-08-04,283056,0,Delhi
S4649,P326,C4480,8,2024-10-12,334984,0,Pune
S4650,P9044,C5176,15,2024-07-22,240585,5,Chandigarh
S4651,P5759,C4938,9,2026-04-15,62091,10,Pune
S4652,P7002,C4659,12,2025-12-10,178464,0,Delhi
S4653,P8297,C9557,10,2026-02-03,490070,15,Pune
S4654,P3028,C8940,1,2025-01-08,1699,0,Bangalore
S4655,P7449,C3928,9,2024-08-28,396090,15,Delhi
S4656,P2847,C1874,13,2026-05-17,622492,15,Chandigarh
S4657,P7178,C3590,8,2024-08-31,315384,10,Jaipur
S4658,P3849,C1828,1,2024-11-16,45974,0,Chandigarh
S4659,P9721,C386,15,2025-01-15,526680,0,Delhi
S4660,P3683,C2082,11,2025-07-20,18645,0,Jaipur
S4661,P579,C1066,3,2025-07-15,4659,0,Mumbai
S4662,P4268,C6550,8,2024-10-20,346328,15,Mumbai
S4663,P2679,C7652,18,2026-02-14,605016,0,Mumbai
S4664,P875,C6406,19,2025-09-08,116090,15,Mumbai
S4665,P9092,C2965,10,2025-08-14,266300,0,Chandigarh
S4666,P2142,C2313,3,2025-05-17,12789,10,Jaipur
S4667,P5084,C7943,6,2025-02-24,50106,0,Jaipur
S4668,P1696,C5888,16,2024-08-09,582208,10,Delhi
S4669,P1811,C6085,10,2026-04-17,486220,15,Delhi
S4670,P4448,C837,19,2024-06-20,26828,15,Pune
S4671,P6160,C459,13,2026-02-20,273793,0,Bangalore
S4672,P4826,C8595,19,2024-08-18,225473,10,Chandigarh
S4673,P2645,C6068,17,2026-04-10,837726,0,Jaipur
S4674,P2937,C2068,20,2026-04-11,87640,5,Delhi
S4675,P3993,C7002,9,2025-07-19,377325,5,Delhi
S4676,P5937,C7632,9,2026-04-13,218691,15,Bangalore
S4677,P8915,C7017,11,2026-02-09,539143,15,Chandigarh
S4678,P7389,C9111,14,2026-03-10,164318,15,Pune
S4679,P9207,C5583,12,2026-01-15,171552,0,Delhi
S4680,P3412,C4067,9,2026-02-21,286713,15,Jaipur
S4681,P4259,C615,16,2025-11-06,664192,0,Chandigarh
S4682,P1342,C4562,18,2026-05-08,774612,5,Chandigarh
S4683,P9787,C7462,18,2025-04-01,436536,5,Chandigarh
S4684,P3899,C2128,15,2025-11-22,96285,0,Jaipur
S4685,P9235,C6850,13,2026-03-03,633906,15,Delhi
S4686,P3813,C6,2,2025-07-17,25708,10,Pune
S4687,P8868,C8956,18,2026-01-23,786870,0,Bangalore
S4688,P6308,C3603,6,2025-02-20,200358,5,Pune
S4689,P2205,C4040,15,2024-07-16,85815,10,Chandigarh
S4690,P2952,C1697,1,2025-09-04,39419,5,Delhi
S4691,P178,C8215,5,2025-01-05,235470,0,Delhi
S4692,P2023,C8955,10,2026-05-07,45050,5,Bangalore
S4693,P8221,C3805,18,2025-09-17,520542,15,Pune
S4694,P5386,C100,1,2024-06-09,15556,0,Pune
S4695,P1872,C3735,19,2025-11-21,935997,10,Bangalore
S4696,P8247,C1022,15,2026-04-24,555510,15,Delhi
S4697,P4160,C2546,15,2024-07-15,217950,5,Chandigarh
S4698,P1750,C5045,19,2026-03-09,846659,10,Delhi
S4699,P4424,C382,13,2025-04-14,333359,5,Bangalore
S4700,P2065,C9563,11,2026-02-17,220209,0,Mumbai
S4701,P8854,C5039,11,2025-11-04,19811,10,Mumbai
S4702,P9868,C3067,14,2024-11-06,461440,5,Bangalore
S4703,P2607,C9097,7,2025-11-13,288379,0,Pune
S4704,P9572,C7319,17,2025-06-05,838219,15,Chandigarh
S4705,P1004,C8158,16,2025-10-28,794176,0,Chandigarh
S4706,P8837,C2859,10,2025-10-02,333800,10,Delhi
S4707,P332,C5033,15,2024-11-21,378240,0,Delhi
S4708,P4910,C6001,17,2025-01-18,155380,5,Delhi
S4709,P6648,C7516,14,2026-01-22,608790,15,Chandigarh
S4710,P7863,C5931,5,2025-03-30,174360,0,Pune
S4711,P3321,C953,7,2026-02-11,134925,10,Bangalore
S4712,P1907,C5045,12,2024-07-31,132564,0,Mumbai
S4713,P2638,C8328,20,2025-07-09,967660,5,Mumbai
S4714,P1183,C4309,20,2024-06-18,893080,0,Mumbai
S4715,P3102,C2413,4,2024-09-02,49464,5,Delhi
S4716,P1263,C6871,5,2025-11-14,238530,0,Delhi
S4717,P4327,C7892,2,2026-03-16,80656,0,Chandigarh
S4718,P9840,C5463,7,2024-08-08,182350,0,Delhi
S4719,P3766,C8344,14,2025-11-26,685524,15,Pune
S4720,P7734,C9033,3,2025-02-03,115107,0,Jaipur
S4721,P6472,C9528,13,2026-03-09,387205,0,Bangalore
S4722,P8941,C1008,16,2024-11-18,20992,15,Delhi
S4723,P7158,C5333,12,2024-06-20,447000,5,Jaipur
S4724,P5092,C3386,5,2024-12-23,97800,5,Jaipur
S4725,P4303,C8294,8,2024-07-01,171792,15,Delhi
S4726,P3460,C1264,18,2024-07-03,196020,5,Mumbai
S4727,P4194,C1569,18,2026-01-27,242550,0,Mumbai
S4728,P1018,C7811,8,2025-06-27,395152,15,Mumbai
S4729,P9433,C7812,16,2025-12-19,41344,10,Pune
S4730,P2995,C5140,3,2025-04-18,142080,0,Chandigarh
S4731,P1788,C7303,9,2025-03-17,185769,0,Jaipur
S4732,P37,C1316,1,2025-08-18,1286,15,Delhi
S4733,P4426,C1459,13,2024-12-16,444197,10,Chandigarh
S4734,P5570,C6784,14,2025-10-28,107744,5,Chandigarh
S4735,P2248,C3651,2,2026-05-07,62494,15,Delhi
S4736,P7141,C1224,18,2026-01-20,166464,0,Mumbai
S4737,P4668,C1225,13,2026-04-30,319813,10,Delhi
S4738,P5201,C4374,3,2025-08-11,92448,5,Chandigarh
S4739,P158,C6638,9,2025-04-19,445941,15,Mumbai
S4740,P7385,C9449,19,2024-07-09,664221,5,Chandigarh
S4741,P9135,C7341,4,2026-02-11,28296,5,Jaipur
S4742,P5309,C868,16,2026-04-07,343984,15,Bangalore
S4743,P7765,C7272,18,2025-12-21,777402,15,Chandigarh
S4744,P5871,C402,16,2024-06-04,767648,0,Chandigarh
S4745,P6612,C1477,9,2024-07-19,225810,5,Bangalore
S4746,P9672,C2652,1,2025-02-20,12482,5,Bangalore
S4747,P1196,C3500,12,2024-12-09,330192,5,Bangalore
S4748,P3664,C4581,19,2025-11-13,665342,5,Jaipur
S4749,P2640,C6982,13,2025-11-02,376740,15,Jaipur
S4750,P5865,C5659,12,2024-07-11,147948,10,Chandigarh
S4751,P4672,C3014,7,2024-11-13,8169,10,Mumbai
S4752,P3434,C9156,10,2026-05-07,111580,15,Bangalore
S4753,P6898,C5602,18,2026-01-14,320508,10,Chandigarh
S4754,P8334,C9662,6,2024-10-25,149628,0,Chandigarh
S4755,P8542,C146,3,2025-07-29,138120,15,Chandigarh
S4756,P6249,C8811,13,2026-01-17,139022,5,Bangalore
S4757,P4045,C4399,14,2025-12-17,658042,10,Jaipur
S4758,P1213,C1040,8,2024-07-15,353288,5,Mumbai
S4759,P977,C6494,20,2025-12-30,533080,5,Bangalore
S4760,P6039,C3727,18,2026-02-11,174258,0,Pune
S4761,P5015,C8250,6,2025-06-22,251508,10,Mumbai
S4762,P9545,C9298,8,2025-07-01,199568,10,Pune
S4763,P1843,C6752,2,2026-01-20,29120,10,Chandigarh
S4764,P196,C132,15,2026-02-26,41220,15,Mumbai
S4765,P5656,C9061,6,2025-01-08,130068,15,Chandigarh
S4766,P6473,C3901,14,2025-05-09,478240,5,Jaipur
S4767,P500,C8596,19,2026-02-12,716205,0,Mumbai
S4768,P3719,C6400,19,2024-08-18,414181,5,Pune
S4769,P7927,C8623,17,2025-04-06,513774,15,Mumbai
S4770,P5061,C6058,3,2024-12-15,116028,0,Delhi
S4771,P4637,C9548,12,2025-05-26,18540,5,Chandigarh
S4772,P5862,C1051,2,2025-03-11,53658,5,Jaipur
S4773,P3332,C9709,19,2026-01-23,496603,15,Jaipur
S4774,P8306,C1163,7,2026-03-19,89656,15,Bangalore
S4775,P8099,C4315,15,2026-01-23,327795,15,Bangalore
S4776,P1202,C2986,19,2025-01-17,437456,5,Jaipur
S4777,P871,C6090,13,2024-12-11,38792,10,Chandigarh
S4778,P8276,C8831,16,2024-08-07,227808,5,Mumbai
S4779,P6413,C8656,13,2026-04-05,506129,10,Bangalore
S4780,P2748,C8653,3,2026-01-10,131655,15,Delhi
S4781,P792,C9577,15,2024-11-16,634320,15,Chandigarh
S4782,P8759,C3454,17,2026-01-12,284121,15,Bangalore
S4783,P5651,C3869,16,2024-07-30,576912,10,Bangalore
S4784,P310,C3445,3,2024-09-01,17946,15,Mumbai
S4785,P7579,C623,7,2026-05-10,107205,0,Mumbai
S4786,P7681,C2075,18,2026-01-22,170568,5,Bangalore
S4787,P6135,C109,19,2025-01-22,616702,15,Pune
S4788,P4745,C7379,9,2025-03-23,348300,15,Pune
S4789,P198,C9647,11,2024-11-18,468391,10,Chandigarh
S4790,P3227,C7780,20,2024-09-22,263380,15,Chandigarh
S4791,P7534,C6006,16,2025-03-27,54720,10,Mumbai
S4792,P8667,C6947,5,2025-07-29,56105,15,Pune
S4793,P9508,C8800,1,2024-06-27,19226,10,Delhi
S4794,P8340,C1749,4,2025-02-15,96968,15,Chandigarh
S4795,P7343,C1022,4,2025-08-26,169108,5,Delhi
S4796,P3670,C4282,19,2025-12-04,215973,5,Mumbai
S4797,P873,C1159,4,2024-09-28,94384,10,Mumbai
S4798,P5264,C6539,2,2025-06-28,18330,10,Bangalore
S4799,P3425,C5623,6,2025-04-21,204366,0,Bangalore
S4800,P9053,C4732,6,2025-08-10,149424,5,Chandigarh
S4801,P9075,C8377,11,2024-07-31,202895,0,Jaipur
S4802,P5925,C925,15,2024-08-11,589110,0,Delhi
S4803,P559,C9496,12,2026-02-17,43212,10,Jaipur
S4804,P5043,C4072,10,2026-01-15,389820,10,Mumbai
S4805,P9331,C5825,12,2025-02-26,560520,15,Bangalore
S4806,P5634,C4490,5,2025-10-01,207935,5,Jaipur
S4807,P2312,C6526,3,2025-03-23,115314,15,Delhi
S4808,P2332,C796,4,2024-09-06,28792,10,Pune
S4809,P3264,C5324,10,2025-05-03,496350,5,Bangalore
S4810,P6860,C640,16,2024-09-23,84560,0,Delhi
S4811,P3806,C4622,8,2024-08-11,83144,0,Bangalore
S4812,P1435,C6910,17,2024-12-19,244358,0,Delhi
S4813,P921,C7121,4,2024-10-26,46112,15,Bangalore
S4814,P5603,C3869,10,2026-05-02,356230,10,Pune
S4815,P845,C104,17,2025-02-05,575229,15,Pune
S4816,P8100,C6130,5,2024-06-03,39800,10,Mumbai
S4817,P9557,C6226,17,2025-01-16,632145,0,Bangalore
S4818,P3663,C6355,11,2026-03-11,445808,5,Bangalore
S4819,P3774,C6656,8,2026-01-04,199576,0,Pune
S4820,P3845,C1340,19,2026-03-27,598690,0,Mumbai
S4821,P3240,C3529,5,2025-05-27,167130,15,Delhi
S4822,P767,C8315,4,2024-07-01,158196,15,Mumbai
S4823,P9338,C3383,15,2024-08-06,55365,15,Bangalore
S4824,P9963,C8301,4,2025-05-02,144896,10,Delhi
S4825,P7440,C7671,1,2025-08-23,22360,5,Chandigarh
S4826,P1076,C5497,6,2024-10-26,21342,10,Bangalore
S4827,P9720,C1932,12,2024-05-28,508008,5,Jaipur
S4828,P8356,C8745,12,2026-03-27,13848,0,Chandigarh
S4829,P4894,C6929,2,2025-04-27,76866,0,Pune
S4830,P8497,C1819,20,2025-02-08,153240,10,Chandigarh
S4831,P4914,C9985,20,2025-04-18,511760,15,Bangalore
S4832,P555,C3457,14,2025-11-12,570864,10,Mumbai
S4833,P6238,C9799,6,2024-09-19,160860,10,Bangalore
S4834,P4756,C3806,17,2026-03-15,435846,5,Jaipur
S4835,P1975,C6116,15,2025-12-19,122550,15,Pune
S4836,P4453,C1113,18,2025-05-08,157158,0,Mumbai
S4837,P5151,C487,4,2024-11-28,182016,0,Chandigarh
S4838,P755,C4710,5,2026-01-04,75240,10,Pune
S4839,P9103,C6254,9,2025-04-24,60147,0,Chandigarh
S4840,P6860,C2730,17,2024-12-05,825656,0,Chandigarh
S4841,P6729,C4421,4,2025-10-06,60716,10,Chandigarh
S4842,P6822,C5138,17,2025-03-11,402373,0,Bangalore
S4843,P6186,C2901,15,2025-11-26,493590,10,Chandigarh
S4844,P1534,C8649,9,2025-01-14,116550,10,Delhi
S4845,P3516,C498,11,2024-06-16,87252,10,Bangalore
S4846,P4844,C7624,7,2024-11-08,105483,0,Delhi
S4847,P2246,C2408,19,2024-11-15,352849,15,Bangalore
S4848,P5194,C9918,3,2025-12-21,75888,5,Bangalore
S4849,P3716,C2891,15,2024-09-20,503340,5,Bangalore
S4850,P392,C3821,13,2024-08-21,232102,10,Delhi
S4851,P5061,C3528,2,2024-06-11,67464,5,Jaipur
S4852,P9608,C6100,9,2026-03-24,306765,15,Bangalore
S4853,P4257,C9681,1,2026-03-30,35453,5,Delhi
S4854,P2472,C4298,11,2025-06-30,244629,5,Pune
S4855,P8411,C2184,11,2025-11-03,165605,10,Delhi
S4856,P314,C7460,8,2024-07-29,21504,15,Chandigarh
S4857,P2153,C3788,10,2025-02-06,132110,15,Chandigarh
S4858,P3230,C9654,19,2024-07-22,849186,10,Delhi
S4859,P9732,C6966,17,2025-10-27,789055,0,Jaipur
S4860,P1843,C3671,18,2026-05-18,831024,5,Pune
S4861,P9662,C4092,14,2026-01-28,647318,15,Jaipur
S4862,P4075,C6501,13,2026-03-08,242060,0,Pune
S4863,P5624,C9667,4,2024-12-11,104276,0,Delhi
S4864,P5913,C6223,1,2025-02-03,11390,15,Delhi
S4865,P5101,C3118,10,2026-02-28,347840,5,Bangalore
S4866,P4620,C7181,10,2025-02-10,56460,5,Pune
S4867,P9752,C2605,2,2025-05-18,7460,10,Jaipur
S4868,P8839,C2884,11,2024-09-28,422884,15,Pune
S4869,P8209,C7838,16,2026-03-09,777632,15,Mumbai
S4870,P7185,C1527,18,2025-04-11,393444,0,Pune
S4871,P3896,C1355,6,2024-12-12,280584,0,Delhi
S4872,P9961,C6401,19,2024-11-27,285228,15,Jaipur
S4873,P214,C11,9,2025-08-15,72108,15,Bangalore
S4874,P957,C9578,8,2025-09-09,26528,0,Pune
S4875,P677,C4891,4,2024-07-17,162168,0,Delhi
S4876,P7164,C6588,7,2026-03-29,258293,15,Jaipur
S4877,P5630,C1360,19,2024-10-31,789165,5,Delhi
S4878,P3524,C7223,16,2025-02-22,704784,5,Bangalore
S4879,P2124,C7185,14,2025-04-13,51212,15,Chandigarh
S4880,P8281,C9732,10,2025-09-23,412370,10,Pune
S4881,P7425,C5529,1,2026-01-05,46957,10,Pune
S4882,P1456,C8123,16,2025-08-15,428992,15,Chandigarh
S4883,P56,C8594,11,2025-10-17,479127,15,Bangalore
S4884,P9447,C8465,7,2024-11-04,152047,15,Pune
S4885,P8554,C6480,14,2025-06-27,492954,10,Delhi
S4886,P1959,C1748,20,2024-10-28,484680,5,Delhi
S4887,P172,C2874,5,2026-04-15,223510,15,Jaipur
S4888,P7981,C8669,2,2024-08-30,48384,15,Mumbai
S4889,P487,C8250,10,2026-05-01,56070,10,Chandigarh
S4890,P827,C1341,16,2025-10-07,263056,15,Delhi
S4891,P179,C5497,1,2025-05-24,14209,0,Bangalore
S4892,P7152,C9813,5,2024-09-18,76685,0,Chandigarh
S4893,P2574,C7693,6,2025-12-14,155604,0,Delhi
S4894,P6909,C8106,3,2025-07-13,47766,0,Jaipur
S4895,P6865,C9861,1,2025-01-10,48663,10,Mumbai
S4896,P1621,C5461,19,2025-09-19,850136,0,Chandigarh
S4897,P3399,C2595,20,2024-08-15,532300,10,Pune
S4898,P2786,C3474,4,2024-08-09,173876,5,Bangalore
S4899,P3438,C7609,17,2026-05-19,95931,10,Bangalore
S4900,P525,C7665,12,2024-10-25,104340,10,Pune
S4901,P6824,C2003,8,2024-11-12,166552,5,Bangalore
S4902,P2381,C8584,10,2024-07-25,217260,0,Delhi
S4903,P606,C899,20,2026-01-10,911840,15,Chandigarh
S4904,P4434,C8981,11,2025-03-28,218064,15,Pune
S4905,P1872,C1504,8,2024-09-17,84064,10,Jaipur
S4906,P4753,C9290,11,2024-06-01,126929,0,Mumbai
S4907,P3584,C9803,16,2026-01-07,204448,15,Bangalore
S4908,P7363,C7764,14,2024-09-28,368872,15,Delhi
S4909,P5538,C3683,3,2025-12-24,70980,10,Bangalore
S4910,P8987,C1067,18,2025-01-10,665460,5,Delhi
S4911,P5393,C8049,12,2024-12-06,299784,15,Pune
S4912,P2016,C6417,20,2026-05-21,668400,5,Delhi
S4913,P8895,C3388,18,2025-04-30,234090,15,Mumbai
S4914,P2397,C7481,15,2025-12-12,488940,15,Bangalore
S4915,P5259,C7270,4,2025-02-08,185552,5,Bangalore
S4916,P4728,C4317,9,2026-01-11,419094,15,Pune
S4917,P3416,C6491,10,2025-10-10,366490,10,Bangalore
S4918,P8980,C6076,5,2026-03-12,236100,0,Pune
S4919,P8689,C1153,7,2025-06-12,46984,15,Pune
S4920,P9506,C2218,9,2024-06-30,276570,15,Bangalore
S4921,P6093,C5221,2,2025-10-11,94364,5,Chandigarh
S4922,P7237,C2561,10,2026-03-08,94390,15,Chandigarh
S4923,P9256,C7038,6,2026-03-03,42354,10,Delhi
S4924,P7107,C676,3,2026-02-22,131280,0,Delhi
S4925,P3673,C9651,4,2026-04-04,126208,15,Chandigarh
S4926,P2521,C7180,13,2026-03-28,322270,5,Pune
S4927,P5506,C1883,5,2026-05-08,142210,5,Delhi
S4928,P6158,C2211,3,2025-07-01,13341,10,Pune
S4929,P2183,C4003,10,2024-10-27,287230,15,Jaipur
S4930,P4486,C3611,5,2025-08-03,168965,0,Jaipur
S4931,P4071,C7133,16,2025-06-18,78048,0,Bangalore
S4932,P8296,C7443,7,2026-04-19,240744,0,Pune
S4933,P327,C1825,12,2025-11-02,551124,0,Delhi
S4934,P8536,C2855,7,2024-07-20,154805,10,Bangalore
S4935,P2044,C4756,9,2025-01-31,238329,15,Delhi
S4936,P2060,C3453,6,2025-03-27,27372,15,Jaipur
S4937,P6345,C3650,8,2025-01-23,389224,10,Jaipur
S4938,P4988,C8064,1,2024-09-01,7980,15,Bangalore
S4939,P76,C5677,4,2026-04-19,103608,5,Mumbai
S4940,P7569,C9338,6,2025-02-07,167454,15,Pune
S4941,P9377,C7503,17,2026-02-10,732819,10,Delhi
S4942,P8729,C3624,1,2026-03-15,28237,5,Mumbai
S4943,P5318,C8620,19,2024-08-28,72599,15,Delhi
S4944,P5942,C2018,10,2024-07-03,332000,10,Chandigarh
S4945,P8750,C5839,7,2024-12-10,109060,10,Chandigarh
S4946,P777,C755,19,2026-02-28,307496,0,Chandigarh
S4947,P7916,C7973,2,2026-05-03,48258,5,Chandigarh
S4948,P6553,C8928,7,2025-08-02,343889,10,Pune
S4949,P2598,C6535,19,2024-11-09,937973,0,Mumbai
S4950,P5142,C3709,11,2026-02-21,45430,0,Mumbai
S4951,P5677,C674,8,2025-03-29,167072,10,Delhi
S4952,P5374,C7573,15,2025-09-15,656745,0,Bangalore
S4953,P9617,C4867,4,2025-01-31,126812,15,Chandigarh
S4954,P7380,C5120,14,2025-03-12,611604,15,Chandigarh
S4955,P3628,C2889,6,2025-07-19,259332,0,Pune
S4956,P764,C7543,7,2024-06-04,65898,0,Mumbai
S4957,P1321,C6364,17,2024-07-30,369325,10,Delhi
S4958,P6637,C8113,13,2024-08-11,69342,10,Delhi
S4959,P7277,C911,20,2024-07-27,663100,5,Pune
S4960,P9964,C3605,3,2025-12-10,24975,0,Mumbai
S4961,P328,C9944,4,2025-06-26,48704,5,Jaipur
S4962,P7289,C1924,9,2026-05-01,262431,10,Bangalore
S4963,P7405,C1268,1,2025-07-01,36351,15,Chandigarh
S4964,P7291,C2901,14,2024-08-21,649810,15,Delhi
S4965,P6586,C5203,7,2025-02-22,102193,0,Bangalore
S4966,P6301,C8839,8,2025-05-05,94088,10,Chandigarh
S4967,P1896,C424,11,2024-11-13,116787,0,Chandigarh
S4968,P9544,C9304,3,2026-04-16,39297,0,Bangalore
S4969,P2519,C2793,3,2024-09-01,19968,0,Pune
S4970,P2216,C7241,13,2025-11-30,210405,5,Jaipur
S4971,P7843,C8223,15,2024-06-21,131025,0,Delhi
S4972,P5013,C1022,15,2024-12-15,271890,15,Jaipur
S4973,P9299,C7436,3,2026-01-24,121497,5,Pune
S4974,P3477,C9370,7,2025-02-18,71414,15,Bangalore
S4975,P7321,C5600,13,2024-06-01,200499,0,Bangalore
S4976,P8524,C8831,15,2025-10-10,731940,0,Mumbai
S4977,P6191,C1120,1,2025-05-24,10822,0,Delhi
S4978,P3948,C3689,2,2024-08-09,69054,5,Chandigarh
S4979,P5017,C771,4,2025-10-11,107564,0,Jaipur
S4980,P1807,C6506,10,2024-07-17,498440,10,Jaipur
S4981,P1052,C3873,5,2025-01-28,148625,5,Pune
S4982,P2874,C4132,1,2026-04-06,45936,5,Bangalore
S4983,P8777,C3562,3,2025-05-12,47565,5,Mumbai
S4984,P6737,C2065,19,2026-05-28,223725,15,Bangalore
S4985,P7224,C3362,15,2025-04-22,209595,10,Jaipur
S4986,P3049,C1007,20,2025-08-01,702420,5,Bangalore
S4987,P7582,C2023,20,2026-02-05,278480,5,Jaipur
S4988,P2634,C14,10,2026-03-29,56140,5,Chandigarh
S4989,P8201,C6040,18,2024-10-30,334548,0,Mumbai
S4990,P3274,C3522,15,2026-03-16,746535,0,Chandigarh
S4991,P8447,C1661,1,2025-01-28,21247,0,Bangalore
S4992,P2549,C63,5,2025-03-17,159005,5,Bangalore
S4993,P1767,C5058,5,2025-03-29,39180,10,Delhi
S4994,P2392,C3414,15,2024-09-27,652830,10,Delhi
S4995,P518,C1475,9,2025-12-03,146034,15,Bangalore
S4996,P9484,C7165,9,2025-04-24,65772,5,Mumbai
S4997,P5791,C1392,11,2025-06-07,123376,15,Chandigarh
S4998,P8457,C5349,2,2025-04-20,2996,5,Delhi
S4999,P7435,C5541,16,2025-05-05,513824,15,Jaipur
S5000,P2432,C732,18,2025-04-06,543060,10,Pune
S5001,P8668,C3456,6,2025-02-01,288444,0,Jaipur
S5002,P1069,C8903,20,2025-08-08,831120,15,Bangalore
S5003,P1880,C2472,7,2024-06-10,193676,15,Bangalore
S5004,P1794,C2886,7,2025-07-05,278593,5,Delhi
S5005,P1780,C353,6,2026-02-28,172962,10,Delhi
S5006,P4322,C6602,7,2024-10-16,40558,5,Jaipur
S5007,P8176,C3838,14,2025-09-17,247058,5,Mumbai
S5008,P2294,C5926,3,2026-01-08,98922,5,Bangalore
S5009,P6623,C928,4,2025-09-09,31048,5,Pune
S5010,P2670,C9772,6,2026-05-15,91062,0,Bangalore
S5011,P9203,C4265,6,2026-01-19,202824,0,Jaipur
S5012,P3310,C9328,9,2024-09-27,219429,0,Bangalore
S5013,P260,C6280,18,2024-10-11,326700,5,Jaipur
S5014,P4844,C5918,15,2024-10-10,654540,15,Bangalore
S5015,P1,C9866,1,2026-05-12,47940,10,Pune
S5016,P3008,C2290,8,2025-10-20,78880,15,Bangalore
S5017,P3035,C6884,12,2025-01-18,536988,0,Mumbai
S5018,P7686,C1608,9,2024-10-01,432234,0,Jaipur
S5019,P1099,C655,15,2025-06-06,379620,0,Delhi
S5020,P428,C7161,1,2024-12-18,28892,10,Chandigarh
S5021,P2023,C1164,1,2026-05-04,4691,0,Jaipur
S5022,P9250,C5904,6,2024-10-20,65700,5,Delhi
S5023,P8054,C8333,3,2025-12-07,109095,5,Delhi
S5024,P1302,C3104,12,2025-03-25,479448,0,Chandigarh
S5025,P6418,C3023,13,2025-09-10,74100,0,Pune
S5026,P9345,C4540,10,2026-05-28,291050,0,Bangalore
S5027,P6580,C1678,14,2026-02-07,327712,0,Bangalore
S5028,P6346,C9276,18,2024-06-15,256410,10,Bangalore
S5029,P3978,C3741,13,2025-02-11,476463,10,Pune
S5030,P1434,C3814,12,2026-04-26,19380,0,Chandigarh
S5031,P2754,C8649,9,2024-09-24,161793,5,Jaipur
S5032,P6138,C3161,13,2024-11-05,146965,0,Bangalore
S5033,P6472,C2292,2,2025-07-25,11562,10,Bangalore
S5034,P3719,C8376,10,2026-01-29,365120,15,Pune
S5035,P9670,C636,7,2025-08-17,218827,15,Delhi
S5036,P7261,C8014,17,2026-04-06,328797,0,Delhi
S5037,P7170,C124,12,2024-07-24,44556,5,Bangalore
S5038,P3606,C2026,4,2025-05-30,123464,10,Jaipur
S5039,P9322,C5860,6,2026-03-10,10830,5,Delhi
S5040,P4528,C910,10,2024-10-09,108380,0,Jaipur
S5041,P6791,C2005,12,2024-09-21,243228,5,Bangalore
S5042,P4745,C4240,13,2025-02-02,518713,5,Bangalore
S5043,P6999,C6342,6,2024-12-02,22098,5,Bangalore
S5044,P1847,C179,16,2026-01-26,699408,5,Pune
S5045,P8225,C7677,14,2026-01-10,393148,0,Pune
S5046,P6032,C6031,4,2025-01-24,29284,5,Jaipur
S5047,P9270,C2362,1,2025-07-10,44190,5,Chandigarh
S5048,P6274,C1537,14,2026-01-05,285880,15,Delhi
S5049,P7688,C195,6,2025-04-01,262752,0,Delhi
S5050,P3769,C6946,17,2024-11-06,81838,0,Pune
S5051,P4534,C7840,17,2024-06-18,353566,15,Mumbai
S5052,P6916,C9784,7,2026-02-04,301301,5,Chandigarh
S5053,P7351,C3712,15,2026-03-11,455400,15,Bangalore
S5054,P8423,C8034,17,2025-12-18,530400,15,Bangalore
S5055,P4927,C5499,5,2025-08-25,120795,5,Bangalore
S5056,P9667,C7189,16,2025-07-08,365392,15,Delhi
S5057,P9580,C2507,1,2025-08-12,13417,0,Delhi
S5058,P7377,C6626,20,2025-04-23,523300,5,Bangalore
S5059,P2297,C8887,20,2025-02-10,191920,0,Mumbai
S5060,P9770,C6512,11,2025-03-14,124575,10,Mumbai
S5061,P7950,C1010,15,2024-12-08,103995,15,Chandigarh
S5062,P7528,C6527,20,2024-06-05,563280,10,Pune
S5063,P8621,C8027,13,2024-11-24,356317,10,Pune
S5064,P5474,C7987,9,2024-12-13,98928,10,Pune
S5065,P471,C3535,5,2025-09-21,10285,5,Pune
S5066,P918,C2669,16,2025-10-11,479696,0,Jaipur
S5067,P3184,C5441,4,2024-06-25,112788,15,Jaipur
S5068,P6149,C219,4,2025-02-07,94944,5,Pune
S5069,P5051,C8240,1,2026-03-03,21976,5,Delhi
S5070,P7232,C9449,14,2026-02-11,447860,15,Bangalore
S5071,P8257,C2139,13,2025-02-02,637351,0,Chandigarh
S5072,P7468,C9744,7,2024-07-02,87437,10,Chandigarh
S5073,P933,C5162,10,2025-03-02,177700,5,Pune
S5074,P7805,C5958,7,2025-09-11,34825,15,Pune
S5075,P2487,C8229,6,2025-11-15,49776,10,Chandigarh
S5076,P3516,C9869,14,2026-05-02,528360,10,Jaipur
S5077,P7767,C7030,12,2025-10-22,493296,5,Chandigarh
S5078,P6575,C3657,15,2025-12-28,192930,0,Mumbai
S5079,P8471,C2050,18,2026-01-29,699498,10,Jaipur
S5080,P3501,C7572,9,2024-12-25,314496,0,Pune
S5081,P4949,C8618,3,2025-11-27,65841,5,Delhi
S5082,P3337,C3547,16,2026-02-25,127184,0,Bangalore
S5083,P4746,C6269,20,2025-02-20,374700,10,Delhi
S5084,P7607,C3762,20,2025-11-09,778180,0,Pune
S5085,P3278,C2882,20,2024-10-01,185260,5,Mumbai
S5086,P8262,C7291,5,2025-02-17,48640,5,Delhi
S5087,P765,C575,20,2024-06-11,853220,5,Bangalore
S5088,P7842,C388,9,2026-04-13,191403,5,Pune
S5089,P1573,C6220,4,2025-04-06,155472,0,Mumbai
S5090,P8109,C5218,6,2025-11-01,74022,10,Bangalore
S5091,P1632,C3856,20,2025-06-17,419360,10,Mumbai
S5092,P7991,C156,3,2024-08-04,114003,15,Chandigarh
S5093,P914,C3914,17,2025-07-10,706996,15,Jaipur
S5094,P5547,C3432,1,2025-09-02,44985,10,Bangalore
S5095,P2447,C5337,11,2024-08-06,541585,15,Mumbai
S5096,P920,C9891,12,2025-09-27,252876,15,Bangalore
S5097,P3898,C4236,19,2025-08-20,50103,5,Delhi
S5098,P5970,C4292,6,2025-03-18,259842,5,Jaipur
S5099,P9136,C3329,7,2024-08-20,40537,15,Jaipur
S5100,P3375,C4628,10,2025-01-03,243700,0,Pune
S5101,P7307,C69,6,2025-11-28,102156,10,Jaipur
S5102,P9403,C3353,6,2026-01-24,215832,5,Chandigarh
S5103,P485,C2465,3,2024-10-03,18507,0,Delhi
S5104,P3659,C8967,13,2025-11-04,149370,5,Delhi
S5105,P5037,C9598,1,2025-11-24,43346,5,Jaipur
S5106,P1934,C9908,5,2026-01-27,140920,5,Jaipur
S5107,P4658,C1480,14,2025-06-16,425642,15,Bangalore
S5108,P2428,C6761,19,2025-07-01,903773,15,Jaipur
S5109,P452,C5746,12,2024-09-18,201852,15,Bangalore
S5110,P4332,C3794,10,2025-06-16,228520,15,Bangalore
S5111,P8613,C9558,11,2025-02-16,378213,15,Jaipur
S5112,P6958,C4672,8,2025-09-13,83320,0,Delhi
S5113,P5716,C6958,20,2026-03-10,22900,0,Bangalore
S5114,P1797,C2152,7,2024-07-22,226821,10,Chandigarh
S5115,P5279,C2815,9,2025-01-06,389880,5,Jaipur
S5116,P3288,C8993,8,2026-03-06,270544,5,Mumbai
S5117,P1365,C9186,5,2025-03-21,225885,5,Pune
S5118,P4539,C438,19,2024-09-03,439926,15,Jaipur
S5119,P3415,C3528,11,2025-06-05,174361,5,Chandigarh
S5120,P6886,C555,6,2025-01-06,139326,5,Chandigarh
S5121,P1885,C4989,7,2024-09-24,231455,15,Delhi
S5122,P3751,C2395,7,2024-08-23,195384,0,Delhi
S5123,P1875,C3320,3,2025-05-14,97785,15,Bangalore
S5124,P1760,C9177,18,2025-06-16,25830,10,Bangalore
S5125,P8100,C2945,6,2024-10-16,14322,15,Pune
S5126,P4599,C1285,16,2026-03-11,487600,5,Chandigarh
S5127,P9627,C2157,2,2026-04-01,81066,10,Jaipur
S5128,P3405,C5804,8,2025-01-06,56136,5,Jaipur
S5129,P7046,C5357,5,2026-02-01,28895,5,Delhi
S5130,P4013,C5894,12,2024-09-24,194220,0,Chandigarh
S5131,P6326,C5342,4,2026-04-23,27768,5,Jaipur
S5132,P5012,C7861,19,2025-02-22,717877,0,Pune
S5133,P9978,C2752,1,2024-05-29,1639,0,Pune
S5134,P6299,C5233,18,2024-07-30,585954,15,Bangalore
S5135,P2573,C3293,10,2024-10-10,154910,5,Delhi
S5136,P8748,C9423,15,2026-02-24,592005,5,Pune
S5137,P3440,C3216,3,2025-02-22,107094,15,Chandigarh
S5138,P3505,C3146,4,2025-01-30,188124,5,Bangalore
S5139,P7937,C3903,2,2025-01-21,60548,0,Jaipur
S5140,P5013,C1895,12,2024-10-26,426336,15,Pune
S5141,P860,C765,13,2025-06-18,502528,15,Mumbai
S5142,P4119,C3600,16,2024-12-11,749056,10,Delhi
S5143,P8477,C7084,20,2025-12-11,195600,5,Delhi
S5144,P7634,C8406,4,2024-08-15,146816,15,Jaipur
S5145,P3782,C3514,1,2024-11-01,33889,10,Mumbai
S5146,P9762,C195,3,2026-05-24,132441,5,Jaipur
S5147,P3778,C7246,18,2024-11-03,188568,0,Delhi
S5148,P5959,C9322,11,2026-03-12,204017,15,Pune
S5149,P318,C8626,6,2026-05-27,272856,0,Pune
S5150,P7475,C225,3,2024-07-20,57633,15,Pune
S5151,P4852,C4565,18,2025-01-02,400428,0,Mumbai
S5152,P2005,C2165,10,2025-11-02,266360,15,Jaipur
S5153,P948,C5671,6,2025-07-11,12936,0,Pune
S5154,P6399,C9227,8,2025-11-18,242432,15,Delhi
S5155,P5866,C2636,15,2025-05-21,187410,5,Bangalore
S5156,P7218,C9657,20,2024-09-20,727120,5,Delhi
S5157,P5563,C7194,15,2026-01-27,568185,10,Pune
S5158,P4292,C4761,10,2026-01-04,152520,10,Pune
S5159,P9341,C7620,17,2025-08-12,128231,5,Pune
S5160,P3615,C9585,12,2025-08-28,350940,0,Bangalore
S5161,P5330,C6627,13,2025-02-28,380484,5,Bangalore
S5162,P9355,C4722,16,2026-01-27,487232,10,Chandigarh
S5163,P1590,C3955,20,2024-11-15,790640,10,Pune
S5164,P1563,C1059,11,2024-10-06,496529,5,Jaipur
S5165,P7962,C253,4,2025-03-01,86768,5,Mumbai
S5166,P6882,C7659,5,2024-12-25,233785,5,Mumbai
S5167,P7899,C1821,3,2025-12-20,62781,5,Chandigarh
S5168,P8851,C1232,5,2026-03-03,45750,10,Bangalore
S5169,P955,C5293,12,2025-12-28,298320,10,Delhi
S5170,P6859,C7791,8,2026-05-15,55864,0,Bangalore
S5171,P5462,C2148,4,2025-04-15,87320,5,Pune
S5172,P3644,C9022,14,2025-02-22,644000,15,Bangalore
S5173,P809,C7530,6,2025-10-11,207858,0,Chandigarh
S5174,P1695,C877,6,2025-03-16,152712,10,Delhi
S5175,P6213,C6775,18,2025-05-19,824022,5,Delhi
S5176,P3659,C7808,11,2025-05-21,19866,5,Mumbai
S5177,P2855,C5890,17,2024-05-28,464593,10,Mumbai
S5178,P8463,C6490,6,2025-05-22,82494,15,Pune
S5179,P1181,C6275,7,2025-04-01,55412,0,Delhi
S5180,P4618,C3517,14,2025-05-17,456652,15,Chandigarh
S5181,P3414,C3362,16,2024-11-03,566624,15,Pune
S5182,P1941,C8010,10,2025-03-02,323720,0,Pune
S5183,P9149,C1423,5,2026-02-13,220000,15,Bangalore
S5184,P4471,C2075,15,2024-09-07,340770,0,Mumbai
S5185,P8898,C2725,9,2024-09-03,129762,5,Chandigarh
S5186,P62,C4202,16,2024-10-19,322016,10,Chandigarh
S5187,P3808,C15,17,2025-08-14,380902,5,Pune
S5188,P5380,C8442,16,2024-12-21,456128,0,Pune
S5189,P2146,C6833,16,2024-09-07,39728,0,Pune
S5190,P5517,C5080,17,2025-10-10,579649,10,Chandigarh
S5191,P7720,C1118,2,2026-01-23,34566,10,Bangalore
S5192,P9656,C627,8,2026-01-11,348888,15,Jaipur
S5193,P5528,C7997,13,2024-05-30,649740,0,Pune
S5194,P9189,C3666,7,2025-02-14,114583,0,Chandigarh
S5195,P8246,C5441,7,2025-08-03,206255,15,Mumbai
S5196,P8749,C3887,15,2025-04-25,569685,10,Delhi
S5197,P7416,C8303,16,2026-04-17,665136,0,Jaipur
S5198,P1795,C8873,20,2024-08-25,269740,0,Bangalore
S5199,P8434,C7507,14,2026-04-07,366646,0,Chandigarh
S5200,P9355,C4496,7,2024-07-01,307041,0,Chandigarh
S5201,P8579,C8631,15,2024-08-11,379395,0,Chandigarh
S5202,P860,C2826,9,2026-01-04,24579,5,Bangalore
S5203,P4150,C7112,11,2026-04-18,321211,0,Delhi
S5204,P4470,C7900,17,2024-07-22,775965,15,Jaipur
S5205,P6174,C1940,3,2024-06-26,90843,0,Pune
S5206,P5393,C2931,5,2025-08-05,197185,15,Mumbai
S5207,P9200,C2582,12,2025-02-10,578004,5,Chandigarh
S5208,P7652,C7938,12,2025-10-14,63108,5,Pune
S5209,P7629,C4954,6,2025-04-03,100236,5,Chandigarh
S5210,P7125,C5301,12,2026-05-22,92640,0,Chandigarh
S5211,P7433,C5878,6,2026-04-15,192900,10,Bangalore
S5212,P8329,C4160,8,2024-10-14,256208,15,Bangalore
S5213,P3487,C440,2,2025-03-25,40504,5,Pune
S5214,P3429,C3383,10,2024-09-05,164220,5,Delhi
S5215,P5790,C994,10,2024-12-05,309230,15,Chandigarh
S5216,P2360,C3052,19,2025-09-14,58900,10,Pune
S5217,P2820,C6540,2,2025-12-23,79492,5,Mumbai
S5218,P8439,C6329,6,2026-02-18,279192,10,Bangalore
S5219,P1145,C2957,18,2025-12-28,825390,0,Mumbai
S5220,P2256,C9812,14,2026-04-03,188496,10,Bangalore
S5221,P7700,C4946,9,2026-01-08,156330,10,Delhi
S5222,P4777,C1508,10,2025-04-01,413910,5,Chandigarh
S5223,P2657,C2560,14,2024-12-27,344190,5,Jaipur
S5224,P8407,C4824,15,2024-10-19,379590,15,Jaipur
S5225,P4068,C8648,2,2024-11-20,63622,5,Delhi
S5226,P8515,C8616,10,2024-10-30,390910,10,Jaipur
S5227,P4613,C2971,6,2025-07-19,167490,0,Jaipur
S5228,P8126,C1122,4,2025-01-20,97956,0,Delhi
S5229,P2193,C3457,17,2024-10-18,257397,0,Mumbai
S5230,P5255,C4669,20,2025-10-23,657840,5,Jaipur
S5231,P4980,C137,20,2024-11-20,953860,10,Bangalore
S5232,P2486,C8338,16,2026-01-12,771296,15,Chandigarh
S5233,P1147,C770,13,2026-05-15,400907,15,Pune
S5234,P7732,C8415,9,2026-01-05,174411,15,Bangalore
S5235,P7553,C845,2,2024-08-20,7548,5,Chandigarh
S5236,P9357,C7709,13,2024-12-06,147017,10,Mumbai
S5237,P8610,C244,19,2025-01-03,827906,0,Chandigarh
S5238,P9863,C2577,10,2025-11-19,98490,10,Chandigarh
S5239,P6400,C5923,19,2025-11-22,753749,10,Chandigarh
S5240,P213,C8035,12,2025-08-23,180636,15,Bangalore
S5241,P5753,C4844,20,2025-12-27,861640,10,Jaipur
S5242,P7644,C8492,4,2025-10-29,117404,0,Pune
S5243,P5108,C202,1,2026-05-02,35431,15,Pune
S5244,P9906,C7534,4,2025-03-21,77876,0,Delhi
S5245,P4097,C4732,14,2025-09-02,615986,0,Mumbai
S5246,P6341,C6963,20,2025-12-07,590520,10,Jaipur
S5247,P8624,C9869,20,2026-01-26,830160,0,Chandigarh
S5248,P9937,C8334,11,2026-03-15,255277,10,Mumbai
S5249,P9262,C2032,10,2024-10-19,36550,5,Mumbai
S5250,P8769,C3822,1,2025-10-11,11418,15,Mumbai
S5251,P3218,C4927,20,2025-12-12,665140,10,Jaipur
S5252,P1553,C4690,2,2024-06-09,30662,10,Mumbai
S5253,P7104,C1829,15,2024-12-19,703635,15,Mumbai
S5254,P3551,C5001,10,2025-09-15,270660,10,Bangalore
S5255,P6781,C675,1,2026-03-20,35479,5,Mumbai
S5256,P1380,C748,3,2025-06-22,10479,5,Jaipur
S5257,P1345,C3075,9,2024-12-19,379539,0,Pune
S5258,P3259,C2582,16,2025-07-21,394032,10,Jaipur
S5259,P5295,C2430,9,2024-09-20,67464,0,Pune
S5260,P8195,C8700,1,2026-04-05,33236,0,Pune
S5261,P6082,C5456,11,2025-12-31,375430,5,Pune
S5262,P1396,C6703,6,2025-09-19,172944,15,Jaipur
S5263,P1738,C7870,16,2025-04-14,757616,5,Jaipur
S5264,P4115,C8767,18,2026-01-19,760914,5,Chandigarh
S5265,P6225,C8156,20,2025-07-01,232840,15,Delhi
S5266,P1923,C7591,5,2025-11-20,28360,0,Chandigarh
S5267,P3744,C6165,2,2026-04-23,48094,10,Delhi
S5268,P9470,C3272,5,2024-09-13,158255,0,Jaipur
S5269,P7595,C6464,13,2024-05-30,589628,0,Chandigarh
S5270,P3946,C4780,7,2025-04-24,26593,0,Delhi
S5271,P1910,C674,19,2024-11-16,245233,10,Jaipur
S5272,P2839,C6054,6,2024-08-28,89652,10,Bangalore
S5273,P3024,C2610,15,2025-03-25,605505,15,Jaipur
S5274,P7784,C8990,7,2024-11-18,335216,0,Mumbai
S5275,P6979,C5440,18,2025-11-06,845892,10,Mumbai
S5276,P6014,C4882,7,2024-09-07,204078,5,Delhi
S5277,P3681,C546,11,2025-02-26,536426,5,Bangalore
S5278,P32,C2288,12,2025-05-26,245172,0,Delhi
S5279,P7057,C5526,6,2024-08-05,141294,5,Pune
S5280,P2164,C4689,4,2025-10-06,113476,5,Bangalore
S5281,P2903,C9984,6,2025-03-15,40326,0,Jaipur
S5282,P6478,C5509,13,2025-08-26,136331,0,Bangalore
S5283,P6466,C493,19,2025-03-28,619476,5,Chandigarh
S5284,P4978,C265,20,2025-03-18,902900,0,Jaipur
S5285,P4846,C471,12,2025-10-04,241776,0,Mumbai
S5286,P6949,C170,7,2024-07-17,134246,0,Mumbai
S5287,P6292,C5608,19,2025-09-01,448514,15,Delhi
S5288,P3053,C800,12,2026-03-12,120552,0,Chandigarh
S5289,P596,C3793,19,2025-02-22,826937,0,Delhi
S5290,P6689,C1055,5,2026-01-09,231420,5,Delhi
S5291,P5017,C774,16,2025-05-08,595664,5,Bangalore
S5292,P3092,C5111,4,2026-05-11,93204,15,Delhi
S5293,P843,C193,7,2025-11-07,260071,15,Bangalore
S5294,P567,C444,19,2026-02-09,96577,0,Pune
S5295,P4689,C3298,4,2024-12-03,40036,10,Pune
S5296,P9912,C4029,12,2025-08-25,377820,10,Delhi
S5297,P2495,C6417,19,2026-02-22,920474,5,Chandigarh
S5298,P2372,C3003,13,2025-08-06,44642,15,Mumbai
S5299,P8993,C8310,10,2024-10-21,252010,0,Mumbai
S5300,P5875,C4548,15,2024-06-11,471585,0,Pune
S5301,P7186,C5866,13,2026-02-28,579072,10,Pune
S5302,P8614,C1261,3,2025-01-28,91128,5,Pune
S5303,P8169,C2837,8,2024-06-22,331760,10,Pune
S5304,P4614,C7271,18,2026-03-18,695970,5,Delhi
S5305,P5543,C1157,2,2025-03-16,8274,15,Jaipur
S5306,P9765,C8856,19,2026-01-04,79610,15,Jaipur
S5307,P5210,C2339,4,2024-08-07,111044,10,Mumbai
S5308,P2010,C1469,14,2025-07-09,422506,15,Delhi
S5309,P8581,C6244,6,2025-02-12,38754,15,Delhi
S5310,P7985,C3541,4,2024-08-04,170068,15,Delhi
S5311,P2769,C6131,11,2024-08-02,216744,5,Pune
S5312,P2464,C2866,11,2025-02-12,433807,10,Mumbai
S5313,P6351,C9404,14,2024-10-14,633920,10,Jaipur
S5314,P5044,C1831,20,2025-01-14,681440,0,Mumbai
S5315,P879,C2040,18,2026-05-03,91710,0,Jaipur
S5316,P1525,C2180,15,2024-06-02,671310,0,Mumbai
S5317,P4920,C4803,10,2026-03-06,107950,0,Pune
S5318,P3032,C7989,6,2025-04-26,236424,15,Bangalore
S5319,P8749,C6950,3,2025-02-08,141945,5,Chandigarh
S5320,P6708,C7912,13,2025-09-04,591981,15,Pune
S5321,P3233,C626,18,2024-09-09,852336,5,Bangalore
S5322,P9128,C1378,15,2025-02-16,381345,10,Pune
S5323,P6664,C4462,3,2024-09-07,136659,5,Bangalore
S5324,P6107,C4431,4,2025-08-29,197156,0,Pune
S5325,P1140,C9460,18,2026-05-09,625932,15,Bangalore
S5326,P400,C1403,17,2026-03-22,344267,5,Jaipur
S5327,P6323,C3138,2,2026-03-29,94328,10,Chandigarh
S5328,P1207,C8683,8,2025-01-20,64496,15,Mumbai
S5329,P1565,C5075,20,2025-02-13,549040,5,Delhi
S5330,P7400,C7103,7,2026-04-16,32970,15,Jaipur
S5331,P502,C1160,17,2024-12-01,604503,15,Bangalore
S5332,P6863,C5094,9,2024-10-15,280161,10,Jaipur
S5333,P8867,C5507,7,2026-05-23,280798,0,Mumbai
S5334,P7000,C9668,18,2025-10-19,590832,10,Chandigarh
S5335,P6605,C8476,14,2025-01-24,308686,0,Pune
S5336,P4331,C1914,14,2024-12-12,354746,15,Bangalore
S5337,P7176,C8802,19,2026-03-31,912437,0,Chandigarh
S5338,P8063,C3212,15,2025-07-06,637110,5,Jaipur
S5339,P8012,C7704,2,2025-02-23,10384,15,Jaipur
S5340,P9885,C5934,4,2025-10-02,198920,15,Jaipur
S5341,P5014,C3010,12,2026-03-11,470796,10,Bangalore
S5342,P6552,C2781,11,2025-03-16,311993,0,Jaipur
S5343,P5348,C8225,12,2026-05-21,385524,10,Mumbai
S5344,P6350,C2587,3,2024-08-08,82215,10,Jaipur
S5345,P9722,C4483,20,2025-05-15,48820,10,Bangalore
S5346,P9015,C2951,14,2024-08-05,71036,10,Bangalore
S5347,P2892,C8584,3,2024-12-05,118992,15,Pune
S5348,P3490,C800,2,2025-02-03,21952,10,Chandigarh
S5349,P1950,C8147,19,2024-11-29,193458,0,Jaipur
S5350,P9651,C7204,12,2025-10-04,238200,10,Bangalore
S5351,P5834,C2157,20,2025-07-21,840500,15,Chandigarh
S5352,P17,C3085,18,2025-10-08,736902,5,Chandigarh
S5353,P5870,C2896,4,2025-03-30,62064,0,Mumbai
S5354,P1807,C2337,13,2024-06-27,296751,15,Delhi
S5355,P5097,C6292,13,2024-08-23,132171,10,Pune
S5356,P365,C7835,3,2026-01-07,72693,5,Chandigarh
S5357,P5642,C232,2,2025-02-19,42406,15,Mumbai
S5358,P2312,C1715,5,2024-10-02,32615,5,Jaipur
S5359,P2099,C9198,12,2025-09-18,522972,5,Jaipur
S5360,P2348,C7588,3,2025-05-31,65982,0,Delhi
S5361,P3593,C5904,9,2025-01-14,447030,10,Bangalore
S5362,P8633,C1746,7,2026-01-21,63700,0,Delhi
S5363,P7263,C2962,6,2024-06-20,82836,10,Pune
S5364,P3804,C8128,16,2025-01-27,115712,15,Chandigarh
S5365,P1431,C1782,10,2025-12-14,325100,15,Chandigarh
S5366,P4958,C4426,12,2026-04-18,530484,0,Jaipur
S5367,P8953,C2203,8,2024-11-02,94848,15,Delhi
S5368,P7113,C2088,9,2024-11-11,362835,0,Pune
S5369,P3041,C1385,9,2025-09-07,380943,0,Bangalore
S5370,P2419,C4738,3,2024-06-07,114291,10,Bangalore
S5371,P1795,C8146,17,2025-06-24,347548,5,Pune
S5372,P262,C761,18,2026-05-08,200520,10,Jaipur
S5373,P4375,C870,15,2024-12-13,476835,5,Jaipur
S5374,P8167,C514,1,2025-12-30,37238,5,Pune
S5375,P8383,C8453,2,2025-02-27,7638,0,Mumbai
S5376,P5913,C8101,17,2025-01-18,293947,0,Delhi
S5377,P7365,C4443,6,2024-11-01,251820,15,Mumbai
S5378,P9481,C7210,16,2025-04-20,675232,5,Chandigarh
S5379,P3069,C1122,5,2025-03-08,65795,10,Jaipur
S5380,P1437,C5902,14,2025-04-23,582330,15,Bangalore
S5381,P218,C2509,2,2025-05-15,25086,15,Bangalore
S5382,P7313,C2028,4,2026-01-16,31728,10,Pune
S5383,P7684,C4064,2,2025-09-26,62916,5,Jaipur
S5384,P7684,C8252,10,2026-02-21,431330,0,Mumbai
S5385,P1533,C8078,14,2024-09-10,60312,15,Mumbai
S5386,P2577,C5510,8,2025-12-01,321096,0,Delhi
S5387,P1151,C1866,9,2026-04-14,129861,0,Mumbai
S5388,P9017,C5981,10,2024-09-07,356070,5,Pune
S5389,P3022,C7790,11,2025-04-12,317108,5,Jaipur
S5390,P8497,C3701,7,2026-05-17,137662,0,Mumbai
S5391,P4838,C6682,10,2024-06-10,245960,15,Mumbai
S5392,P8977,C5499,10,2024-11-22,192650,0,Bangalore
S5393,P5668,C2458,6,2026-05-06,291564,0,Delhi
S5394,P9703,C5028,17,2024-07-25,724149,10,Pune
S5395,P2380,C4396,8,2025-04-04,85200,0,Delhi
S5396,P970,C3511,4,2025-02-15,8916,10,Pune
S5397,P8416,C8938,8,2024-08-01,249608,15,Bangalore
S5398,P8229,C3348,7,2026-05-22,179053,10,Mumbai
S5399,P973,C9887,12,2024-09-07,248268,5,Bangalore
S5400,P4082,C2701,8,2026-02-28,347264,15,Chandigarh
S5401,P1880,C4225,17,2024-08-01,511717,5,Delhi
S5402,P2352,C388,6,2026-01-04,176142,5,Pune
S5403,P216,C7831,6,2025-06-25,228186,15,Pune
S5404,P932,C6933,4,2025-12-29,64408,15,Delhi
S5405,P1167,C9079,15,2025-04-15,218175,10,Mumbai
S5406,P4578,C4644,2,2025-07-26,42078,10,Delhi
S5407,P6776,C2213,15,2025-08-23,270285,15,Bangalore
S5408,P154,C7641,20,2025-10-27,164960,5,Chandigarh
S5409,P4294,C7763,15,2026-02-15,607935,10,Delhi
S5410,P3511,C8817,10,2025-06-13,470690,10,Pune
S5411,P3119,C9246,3,2024-11-29,73263,0,Jaipur
S5412,P4485,C5521,15,2025-04-04,65730,15,Jaipur
S5413,P5847,C6737,19,2024-06-09,754034,5,Delhi
S5414,P31,C492,17,2024-11-19,261137,10,Bangalore
S5415,P2851,C4143,15,2024-08-21,196995,0,Chandigarh
S5416,P5921,C9780,10,2024-11-01,261260,10,Chandigarh
S5417,P4757,C6252,11,2024-11-28,12573,0,Mumbai
S5418,P6202,C9346,7,2024-06-08,204281,15,Chandigarh
S5419,P1774,C3536,15,2024-08-04,320460,5,Jaipur
S5420,P1868,C3614,3,2026-03-01,146781,5,Pune
S5421,P7973,C7237,12,2025-02-05,228684,0,Chandigarh
S5422,P875,C1767,5,2026-03-26,153385,15,Jaipur
S5423,P6412,C7862,11,2025-04-30,385319,15,Mumbai
S5424,P6247,C9354,9,2026-04-29,182475,5,Pune
S5425,P7487,C5385,10,2026-04-10,364460,10,Jaipur
S5426,P4642,C1327,7,2026-04-10,26383,15,Pune
S5427,P1861,C8655,17,2025-10-25,463505,0,Pune
S5428,P2785,C964,12,2025-08-08,415656,5,Jaipur
S5429,P601,C8363,17,2026-05-03,430780,5,Mumbai
S5430,P8493,C653,11,2024-07-07,461857,5,Chandigarh
S5431,P3383,C911,10,2025-09-27,476780,10,Mumbai
S5432,P9398,C7820,17,2026-01-15,459663,10,Pune
S5433,P1337,C873,9,2025-05-17,412038,0,Bangalore
S5434,P4469,C5665,15,2024-11-27,289695,0,Chandigarh
S5435,P9515,C2686,20,2024-10-19,209920,10,Chandigarh
S5436,P883,C828,2,2025-05-01,65862,10,Mumbai
S5437,P7367,C7671,19,2025-04-11,213446,15,Jaipur
S5438,P3856,C1894,8,2026-03-03,204896,0,Mumbai
S5439,P780,C4164,8,2025-11-29,250544,5,Jaipur
S5440,P7242,C1932,3,2025-07-14,48693,0,Pune
S5441,P6392,C4475,18,2024-12-13,814464,5,Bangalore
S5442,P9955,C7192,6,2024-09-27,67224,5,Bangalore
S5443,P6670,C8551,5,2025-05-25,245455,10,Mumbai
S5444,P7554,C2364,2,2025-04-02,66892,15,Jaipur
S5445,P711,C9677,12,2024-11-23,67920,10,Pune
S5446,P5113,C677,4,2025-04-27,113788,0,Pune
S5447,P1002,C5690,16,2025-08-03,310256,10,Bangalore
S5448,P5920,C909,12,2025-11-19,120216,0,Pune
S5449,P6631,C5368,16,2026-05-07,549664,5,Mumbai
S5450,P8180,C9873,13,2026-04-10,14326,5,Mumbai
S5451,P2546,C6218,3,2025-07-26,67605,5,Pune
S5452,P207,C6434,20,2025-05-13,932020,15,Pune
S5453,P5725,C8645,20,2025-10-08,550880,0,Pune
S5454,P7596,C6715,3,2026-03-24,85839,15,Pune
S5455,P4629,C5732,10,2026-01-25,143570,0,Chandigarh
S5456,P4288,C4270,14,2026-02-08,128520,10,Jaipur
S5457,P9148,C1396,10,2024-07-26,170690,10,Mumbai
S5458,P630,C4347,1,2024-08-18,7653,5,Jaipur
S5459,P3452,C9958,4,2026-05-18,132496,5,Jaipur
S5460,P9107,C7405,19,2024-09-24,492518,5,Mumbai
S5461,P8216,C2222,3,2025-12-17,18360,10,Jaipur
S5462,P612,C1802,13,2025-02-23,514501,0,Pune
S5463,P2370,C6317,2,2025-02-24,86206,5,Jaipur
S5464,P1905,C8310,4,2025-09-16,165816,10,Bangalore
S5465,P6482,C5001,17,2025-10-29,506685,0,Delhi
S5466,P9173,C4704,9,2025-03-19,119097,5,Jaipur
S5467,P2702,C2440,3,2026-01-21,107988,10,Jaipur
S5468,P3696,C6449,17,2025-08-18,47141,5,Delhi
S5469,P1266,C3778,12,2025-08-16,262284,10,Delhi
S5470,P3563,C8477,9,2025-12-08,49410,15,Mumbai
S5471,P8745,C9345,13,2026-03-17,276315,5,Pune
S5472,P2913,C6119,19,2024-07-28,609748,15,Mumbai
S5473,P6968,C2727,14,2025-07-30,177982,10,Delhi
S5474,P2769,C8998,6,2025-08-21,225522,15,Jaipur
S5475,P357,C9096,5,2026-03-05,78085,5,Mumbai
S5476,P6826,C7907,16,2024-12-20,516320,15,Chandigarh
S5477,P5655,C3257,11,2025-06-02,528275,10,Chandigarh
S5478,P5556,C1135,4,2025-02-25,41680,15,Jaipur
S5479,P8192,C4342,18,2025-08-03,719352,15,Jaipur
S5480,P5570,C1029,4,2026-03-26,120536,15,Jaipur
S5481,P5263,C7282,11,2025-06-11,325336,10,Chandigarh
S5482,P779,C2475,9,2026-01-27,269811,0,Delhi
S5483,P8225,C5194,10,2025-08-21,52390,15,Delhi
S5484,P8297,C1760,11,2026-05-02,306339,10,Delhi
S5485,P9050,C324,6,2024-11-09,223110,0,Bangalore
S5486,P4433,C7843,14,2025-08-26,149870,10,Chandigarh
S5487,P5440,C6937,19,2025-05-20,26372,5,Jaipur
S5488,P767,C7076,6,2025-01-18,253362,5,Bangalore
S5489,P3028,C8557,13,2024-12-16,36218,0,Jaipur
S5490,P5422,C8977,6,2026-02-04,35202,15,Chandigarh
S5491,P3088,C4991,7,2026-05-16,167790,0,Bangalore
S5492,P9042,C3742,19,2026-04-06,495995,0,Delhi
S5493,P6026,C454,6,2024-09-09,268752,10,Chandigarh
S5494,P5599,C6428,11,2024-10-27,17974,15,Jaipur
S5495,P6421,C1309,15,2024-10-16,693960,15,Mumbai
S5496,P4269,C3007,11,2025-06-04,191917,15,Bangalore
S5497,P5729,C496,19,2024-11-17,165775,15,Mumbai
S5498,P7098,C597,3,2026-02-23,47262,15,Delhi
S5499,P2891,C5098,17,2024-10-08,286688,10,Mumbai
S5500,P7410,C9519,11,2025-08-30,447304,5,Bangalore
S5501,P3965,C7346,19,2024-11-25,137883,15,Jaipur
S5502,P580,C8207,2,2025-05-29,3998,5,Delhi
S5503,P957,C2555,2,2026-04-08,37394,5,Pune
S5504,P2386,C4755,2,2025-11-21,19652,5,Mumbai
S5505,P2280,C7377,15,2024-06-07,38670,10,Pune
S5506,P9511,C453,13,2025-08-23,436618,0,Delhi
S5507,P727,C3485,19,2025-12-22,793516,15,Chandigarh
S5508,P3964,C7774,1,2025-07-11,7429,15,Mumbai
S5509,P4098,C8405,7,2026-04-23,309414,0,Jaipur
S5510,P2394,C8770,20,2025-05-08,189380,10,Pune
S5511,P6428,C6732,4,2024-07-22,9584,15,Mumbai
S5512,P9090,C5743,9,2026-01-25,300276,0,Bangalore
S5513,P8730,C5529,11,2025-05-30,62227,10,Jaipur
S5514,P8895,C8982,17,2025-05-29,242199,10,Mumbai
S5515,P5496,C7817,8,2025-08-15,102760,10,Chandigarh
S5516,P7586,C3251,8,2024-07-13,146496,15,Pune
S5517,P4255,C9319,2,2026-05-09,2900,0,Jaipur
S5518,P9271,C6325,5,2025-12-08,121950,0,Pune
S5519,P4866,C4461,12,2025-12-30,229140,5,Pune
S5520,P7047,C1725,17,2025-07-29,501806,5,Jaipur
S5521,P3501,C208,5,2025-12-23,56185,0,Mumbai
S5522,P828,C5756,7,2025-12-19,109186,0,Pune
S5523,P6657,C3118,14,2025-03-30,351078,5,Delhi
S5524,P1378,C9060,3,2024-09-15,136227,10,Bangalore
S5525,P5249,C9862,12,2025-05-30,359544,5,Delhi
S5526,P3053,C370,1,2026-05-23,17858,0,Chandigarh
S5527,P7171,C5727,15,2024-12-21,36930,5,Chandigarh
S5528,P4749,C4916,2,2025-02-18,38684,5,Pune
S5529,P1081,C6685,8,2026-01-19,353264,5,Jaipur
S5530,P6698,C3244,8,2025-07-06,152200,15,Pune
S5531,P2169,C7605,14,2025-10-06,228760,0,Chandigarh
S5532,P1882,C6581,1,2025-03-03,15187,5,Mumbai
S5533,P3352,C997,8,2025-06-26,385280,10,Chandigarh
S5534,P8146,C1718,11,2024-08-04,257983,0,Jaipur
S5535,P5352,C7516,13,2025-06-14,318513,5,Delhi
S5536,P4380,C9899,2,2024-06-16,76240,15,Delhi
S5537,P5477,C9891,7,2026-01-17,143584,0,Pune
S5538,P7979,C3980,10,2024-11-30,327940,0,Mumbai
S5539,P1447,C5475,10,2026-05-23,188410,15,Chandigarh
S5540,P6309,C2216,2,2026-01-29,78626,10,Pune
S5541,P8010,C5053,9,2024-07-28,430497,0,Delhi
S5542,P7540,C1149,2,2025-10-08,86990,0,Chandigarh
S5543,P1661,C5145,9,2025-02-22,177021,0,Jaipur
S5544,P9395,C7912,9,2025-07-31,53253,0,Chandigarh
S5545,P7539,C9118,11,2025-03-07,422719,5,Delhi
S5546,P2850,C2807,7,2025-07-23,176589,15,Mumbai
S5547,P2246,C4634,16,2024-06-23,459680,10,Chandigarh
S5548,P3814,C9604,10,2025-01-23,88270,10,Jaipur
S5549,P5371,C7404,17,2025-08-07,406997,0,Chandigarh
S5550,P7197,C2869,4,2025-11-12,82388,15,Bangalore
S5551,P1126,C5023,8,2025-01-06,358808,10,Pune
S5552,P360,C9544,6,2025-01-13,126720,10,Chandigarh
S5553,P7725,C5987,19,2024-09-29,256994,0,Delhi
S5554,P2023,C3893,19,2025-08-19,255322,15,Delhi
S5555,P8151,C300,13,2024-11-29,533377,0,Bangalore
S5556,P343,C1588,15,2024-07-27,733290,15,Jaipur
S5557,P4114,C2432,3,2025-04-15,22779,0,Bangalore
S5558,P1621,C821,16,2026-01-02,560256,0,Delhi
S5559,P1647,C2561,20,2025-12-26,541560,5,Pune
S5560,P9789,C1563,5,2025-05-18,6705,5,Bangalore
S5561,P4401,C674,9,2026-04-27,424521,5,Chandigarh
S5562,P9397,C835,16,2025-08-28,120272,0,Pune
S5563,P4061,C1970,2,2026-02-13,7328,10,Bangalore
S5564,P2550,C5740,20,2025-01-29,67840,0,Chandigarh
S5565,P4671,C5681,2,2024-09-28,42606,15,Delhi
S5566,P118,C3106,15,2024-10-30,635715,10,Mumbai
S5567,P8036,C4246,14,2025-09-27,295260,5,Chandigarh
S5568,P775,C757,9,2025-08-06,317070,10,Jaipur
S5569,P6675,C1539,11,2025-09-10,432850,0,Pune
S5570,P6916,C8110,12,2024-10-09,405396,5,Delhi
S5571,P4182,C2428,7,2025-12-07,227521,15,Delhi
S5572,P9171,C2784,5,2024-11-22,63445,15,Chandigarh
S5573,P3115,C6414,14,2025-06-19,328146,10,Pune
S5574,P1365,C2227,15,2025-04-13,56625,0,Pune
S5575,P6588,C7422,7,2025-09-18,148568,10,Delhi
S5576,P2389,C428,20,2025-11-07,922860,5,Bangalore
S5577,P631,C1501,15,2025-02-07,41175,10,Delhi
S5578,P2663,C3474,20,2025-09-08,124800,5,Chandigarh
S5579,P2109,C4749,9,2026-04-23,209025,5,Chandigarh
S5580,P1836,C8698,12,2024-09-15,218952,0,Delhi
S5581,P3193,C3573,14,2026-03-09,652064,10,Mumbai
S5582,P3157,C3885,16,2025-04-06,354368,0,Delhi
S5583,P2160,C5363,19,2024-06-10,291992,5,Pune
S5584,P3869,C5009,19,2025-11-04,707522,5,Mumbai
S5585,P406,C3564,11,2025-02-20,170214,15,Delhi
S5586,P9681,C3496,7,2024-12-28,31745,10,Bangalore
S5587,P6907,C8155,9,2024-11-12,198882,5,Pune
S5588,P6594,C7339,2,2025-05-11,23522,15,Chandigarh
S5589,P1781,C4212,6,2025-07-29,203196,15,Mumbai
S5590,P7335,C735,12,2026-04-19,484056,5,Delhi
S5591,P5923,C6413,3,2024-11-13,14670,10,Chandigarh
S5592,P5716,C713,15,2024-08-29,454215,15,Pune
S5593,P2711,C1084,20,2024-09-04,755840,15,Delhi
S5594,P4687,C9832,6,2024-12-12,236406,5,Pune
S5595,P1569,C2649,17,2025-10-23,710600,0,Delhi
S5596,P8920,C8064,10,2025-04-02,266980,10,Delhi
S5597,P8369,C8624,6,2026-02-05,8016,5,Pune
S5598,P8724,C9936,7,2025-01-13,140833,0,Pune
S5599,P6831,C7816,13,2025-01-03,379405,0,Jaipur
S5600,P618,C9207,4,2025-03-18,169012,15,Chandigarh
S5601,P2275,C6772,9,2025-12-30,367875,5,Bangalore
S5602,P1137,C2162,4,2025-09-06,28508,0,Mumbai
S5603,P7822,C1887,4,2024-10-03,93524,15,Bangalore
S5604,P2186,C9355,10,2024-11-01,332920,15,Jaipur
S5605,P9894,C4740,18,2025-08-18,823770,5,Bangalore
S5606,P1289,C5050,19,2026-05-17,200963,5,Bangalore
S5607,P5768,C796,1,2024-07-21,46028,0,Delhi
S5608,P8244,C3290,14,2025-04-15,103712,5,Chandigarh
S5609,P1831,C2504,15,2024-07-02,107565,0,Chandigarh
S5610,P7428,C1110,20,2026-01-31,874500,0,Delhi
S5611,P1976,C7320,15,2026-01-14,634590,15,Pune
S5612,P816,C888,19,2024-07-07,159657,5,Bangalore
S5613,P2231,C9996,6,2025-10-04,89622,0,Mumbai
S5614,P2401,C3837,3,2025-01-27,139113,15,Jaipur
S5615,P3969,C1835,12,2026-05-06,21204,5,Pune
S5616,P4764,C1959,7,2025-07-05,267064,15,Bangalore
S5617,P2256,C8983,8,2026-03-05,11632,15,Bangalore
S5618,P2407,C9970,13,2025-11-03,296153,0,Bangalore
S5619,P2692,C5589,1,2026-03-06,37070,10,Mumbai
S5620,P8167,C7214,1,2025-03-25,18350,5,Delhi
S5621,P4073,C8354,7,2026-01-31,168462,15,Bangalore
S5622,P4367,C3365,16,2025-01-01,658288,10,Chandigarh
S5623,P1883,C2598,3,2025-02-24,10947,15,Jaipur
S5624,P5189,C9446,2,2024-09-27,41914,5,Pune
S5625,P9691,C2186,18,2025-01-02,591084,10,Delhi
S5626,P9095,C8842,19,2024-09-04,878237,5,Pune
S5627,P9365,C5109,11,2025-06-30,405328,15,Mumbai
S5628,P1888,C4705,16,2025-11-15,702624,5,Bangalore
S5629,P6272,C2089,11,2025-10-24,419034,10,Pune
S5630,P25,C9552,16,2026-02-23,293712,10,Pune
S5631,P8200,C8437,6,2024-07-25,251616,5,Delhi
S5632,P1244,C2284,9,2025-03-26,293013,15,Pune
S5633,P4566,C1225,5,2025-09-20,195030,10,Jaipur
S5634,P358,C2160,18,2026-04-01,574074,15,Mumbai
S5635,P7385,C5751,18,2026-01-06,426780,0,Pune
S5636,P6042,C6762,5,2024-11-16,233630,0,Pune
S5637,P9585,C9270,11,2024-06-01,19349,0,Jaipur
S5638,P1813,C6134,7,2024-08-07,121653,0,Pune
S5639,P2749,C8130,4,2024-09-22,107788,15,Bangalore
S5640,P9244,C2622,18,2025-10-01,35640,0,Delhi
S5641,P3400,C8313,5,2024-07-16,243630,15,Pune
S5642,P9059,C8258,13,2024-11-20,446290,0,Jaipur
S5643,P8685,C2805,5,2025-02-02,172055,10,Pune
S5644,P1293,C7829,8,2024-12-26,68936,0,Chandigarh
S5645,P3084,C1727,6,2025-07-30,205284,0,Mumbai
S5646,P7833,C1801,9,2026-01-02,274977,10,Bangalore
S5647,P7746,C2039,2,2025-06-20,25282,10,Jaipur
S5648,P7595,C4660,2,2025-03-11,64012,10,Delhi
S5649,P7260,C3110,12,2024-07-20,498492,15,Mumbai
S5650,P6763,C787,8,2026-04-27,132168,5,Jaipur
S5651,P5269,C477,5,2025-10-08,123130,0,Jaipur
S5652,P48,C7838,18,2025-08-21,384318,5,Pune
S5653,P535,C8447,10,2024-10-14,48330,10,Bangalore
S5654,P9512,C7147,18,2025-02-03,524070,0,Delhi
S5655,P1612,C5290,1,2025-06-02,22959,10,Mumbai
S5656,P9623,C5917,1,2025-01-20,29396,0,Pune
S5657,P7860,C2239,14,2026-03-01,208544,0,Jaipur
S5658,P7659,C3938,6,2025-06-30,172716,15,Delhi
S5659,P4423,C1126,6,2025-03-07,51018,0,Bangalore
S5660,P8401,C2781,20,2025-12-16,479420,0,Pune
S5661,P8038,C6932,8,2026-01-22,132032,5,Jaipur
S5662,P2015,C9424,14,2025-06-24,347844,15,Chandigarh
S5663,P7908,C784,16,2025-03-30,591968,15,Delhi
S5664,P7094,C622,15,2025-05-29,676740,15,Bangalore
S5665,P9110,C6651,13,2025-09-16,452816,15,Pune
S5666,P6508,C90,1,2026-02-08,3751,0,Pune
S5667,P1914,C1875,6,2024-08-05,140076,10,Pune
S5668,P3254,C2615,5,2025-04-18,25370,5,Mumbai
S5669,P1262,C175,17,2024-10-14,77758,15,Delhi
S5670,P8892,C3362,1,2025-11-13,27019,0,Bangalore
S5671,P5065,C2559,3,2024-09-22,52356,5,Bangalore
S5672,P434,C7310,17,2025-03-25,37162,5,Pune
S5673,P4689,C4783,17,2025-11-16,681819,0,Bangalore
S5674,P8845,C7013,17,2025-05-17,446709,15,Delhi
S5675,P449,C6409,18,2026-03-30,755514,5,Mumbai
S5676,P3269,C426,3,2025-07-05,92031,10,Mumbai
S5677,P3865,C2640,2,2025-06-19,32020,10,Mumbai
S5678,P9555,C2022,16,2024-08-23,110688,0,Chandigarh
S5679,P8236,C5554,9,2025-11-02,26595,15,Bangalore
S5680,P5609,C5649,3,2025-12-28,55041,0,Chandigarh
S5681,P3328,C9569,15,2024-09-03,263415,0,Jaipur
S5682,P6288,C7714,19,2025-05-19,158992,15,Jaipur
S5683,P3776,C1512,3,2025-03-05,42381,15,Delhi
S5684,P1938,C4112,20,2025-05-01,441660,10,Bangalore
S5685,P1803,C9025,11,2026-05-03,24387,15,Pune
S5686,P136,C9210,14,2026-03-28,653814,15,Delhi
S5687,P4979,C3269,16,2024-11-05,499408,10,Jaipur
S5688,P3417,C4704,15,2024-08-12,86565,5,Delhi
S5689,P6107,C230,3,2024-06-07,82848,10,Chandigarh
S5690,P3400,C496,9,2025-11-14,68472,5,Jaipur
S5691,P7182,C5165,2,2024-12-12,59798,5,Bangalore
S5692,P7894,C4091,18,2024-10-26,448776,0,Mumbai
S5693,P3465,C2226,1,2025-11-11,40976,0,Pune
S5694,P136,C8935,18,2026-01-19,895842,10,Mumbai
S5695,P4613,C5751,5,2026-05-10,81250,10,Delhi
S5696,P5061,C6297,17,2025-04-08,328202,5,Jaipur
S5697,P8129,C2917,18,2024-06-09,456732,10,Delhi
S5698,P6002,C7377,19,2025-10-18,518814,15,Chandigarh
S5699,P3073,C7433,11,2025-05-25,105952,15,Mumbai
S5700,P5932,C1954,4,2025-05-14,130196,0,Bangalore
S5701,P2025,C6245,7,2024-10-29,77532,10,Chandigarh
S5702,P3776,C529,8,2026-02-09,202248,10,Pune
S5703,P9085,C3655,4,2024-10-26,149092,15,Chandigarh
S5704,P7821,C2760,19,2024-06-05,700188,0,Mumbai
S5705,P1139,C7526,2,2025-09-19,67390,0,Chandigarh
S5706,P2539,C4235,12,2026-02-18,255072,15,Jaipur
S5707,P4851,C4479,2,2026-02-12,19558,5,Bangalore
S5708,P1307,C5976,13,2026-04-25,251862,10,Pune
S5709,P8201,C4378,12,2025-09-08,478164,15,Delhi
S5710,P2391,C96,12,2026-01-03,155592,10,Jaipur
S5711,P7551,C8415,10,2026-02-15,492610,5,Delhi
S5712,P2946,C7937,17,2025-05-24,115243,10,Jaipur
S5713,P3863,C2074,8,2026-05-25,223184,10,Bangalore
S5714,P1847,C9037,9,2024-06-16,237141,5,Mumbai
S5715,P3441,C4190,10,2025-09-25,307920,15,Jaipur
S5716,P2262,C8710,11,2025-09-08,530101,0,Bangalore
S5717,P3306,C4927,14,2025-06-05,640458,15,Chandigarh
S5718,P7133,C6057,3,2025-12-12,54405,15,Jaipur
S5719,P997,C5474,2,2025-01-03,78246,5,Jaipur
S5720,P731,C1136,12,2025-02-13,553716,5,Pune
S5721,P7193,C7110,5,2025-06-16,36315,0,Pune
S5722,P5458,C4012,18,2025-10-30,638478,0,Jaipur
S5723,P9755,C4401,19,2025-07-31,736497,0,Delhi
S5724,P5985,C6554,8,2025-11-28,190104,0,Pune
S5725,P3023,C6331,12,2024-08-01,119232,10,Chandigarh
S5726,P5614,C8746,19,2024-10-13,472435,10,Delhi
S5727,P2774,C1635,15,2025-04-21,706080,10,Mumbai
S5728,P5593,C582,6,2025-07-05,143136,5,Jaipur
S5729,P2057,C8855,16,2025-09-03,21040,5,Delhi
S5730,P5235,C5879,16,2024-10-01,225584,15,Jaipur
S5731,P7517,C7599,7,2026-02-07,16534,10,Jaipur
S5732,P7373,C1201,20,2025-04-07,518920,15,Delhi
S5733,P1258,C4544,19,2024-07-10,876318,10,Jaipur
S5734,P7611,C433,4,2025-06-03,118048,15,Pune
S5735,P6270,C7524,6,2025-12-19,162624,0,Jaipur
S5736,P4879,C9115,9,2024-12-23,382842,0,Bangalore
S5737,P403,C6041,12,2025-07-25,429876,15,Chandigarh
S5738,P601,C8762,3,2025-04-11,145464,10,Bangalore
S5739,P5784,C6940,9,2025-04-13,114390,15,Mumbai
S5740,P4513,C5754,15,2025-12-04,501525,0,Chandigarh
S5741,P8645,C5187,18,2024-10-24,246186,10,Pune
S5742,P7495,C3241,14,2025-09-17,645204,15,Delhi
S5743,P9267,C5421,2,2025-03-25,98690,10,Chandigarh
S5744,P7559,C9723,3,2025-01-09,133506,5,Mumbai
S5745,P7898,C963,11,2025-11-06,192302,15,Bangalore
S5746,P8589,C3999,15,2026-01-04,445380,10,Delhi
S5747,P7071,C4729,18,2025-01-30,315414,10,Pune
S5748,P8757,C6524,3,2025-12-10,43131,15,Mumbai
S5749,P7733,C6657,4,2025-12-27,18456,5,Bangalore
S5750,P5783,C1666,4,2024-09-07,76156,5,Pune
S5751,P2230,C6389,4,2026-03-21,149228,15,Jaipur
S5752,P8667,C2457,20,2025-04-09,615660,10,Chandigarh
S5753,P4145,C9209,19,2026-01-12,431661,15,Bangalore
S5754,P3461,C1743,1,2026-02-01,9357,0,Jaipur
S5755,P2009,C6487,13,2025-01-11,139789,0,Mumbai
S5756,P5487,C2489,12,2024-07-23,575448,0,Delhi
S5757,P4110,C2356,11,2025-06-12,387530,10,Chandigarh
S5758,P1382,C1370,1,2024-11-27,17098,10,Delhi
S5759,P1714,C650,11,2025-08-09,431387,5,Delhi
S5760,P4717,C1393,16,2026-01-10,742192,5,Chandigarh
S5761,P2677,C7953,17,2025-08-16,540379,5,Bangalore
S5762,P6421,C9820,11,2025-05-07,433158,0,Jaipur
S5763,P3732,C1831,20,2025-08-03,62300,0,Chandigarh
S5764,P2251,C1785,6,2024-07-23,235632,15,Chandigarh
S5765,P2835,C548,5,2024-11-23,109035,5,Mumbai
S5766,P5512,C4833,4,2024-09-10,12808,10,Chandigarh
S5767,P4550,C3363,11,2025-07-07,409497,10,Pune
S5768,P605,C4912,13,2024-06-27,483431,10,Bangalore
S5769,P3638,C414,15,2025-08-08,187650,5,Delhi
S5770,P879,C1965,12,2025-08-24,458172,10,Bangalore
S5771,P6277,C1364,19,2024-09-27,147516,0,Chandigarh
S5772,P2488,C2773,2,2024-08-20,32150,5,Mumbai
S5773,P2085,C3298,15,2025-06-13,89010,10,Pune
S5774,P4108,C6756,18,2025-02-01,683820,10,Pune
S5775,P1228,C955,19,2024-07-26,29355,15,Chandigarh
S5776,P6629,C3472,14,2025-09-16,473242,15,Chandigarh
S5777,P8554,C1329,15,2025-12-07,132300,15,Jaipur
S5778,P4588,C8229,16,2025-08-01,63952,0,Bangalore
S5779,P3877,C5572,20,2025-03-03,842880,5,Chandigarh
S5780,P8852,C6363,8,2025-12-29,343440,0,Pune
S5781,P3803,C7135,10,2024-06-16,463250,15,Jaipur
S5782,P6825,C9546,18,2026-05-10,228996,15,Pune
S5783,P6090,C7443,6,2024-10-29,81708,0,Mumbai
S5784,P6581,C8982,14,2025-04-19,188664,10,Jaipur
S5785,P8313,C1486,12,2024-09-06,83484,15,Mumbai
S5786,P185,C1032,15,2024-08-07,541815,15,Bangalore
S5787,P1575,C4936,13,2025-12-25,201435,0,Chandigarh
S5788,P6707,C1823,2,2024-08-14,23352,10,Mumbai
S5789,P351,C2554,12,2025-09-12,356652,5,Chandigarh
S5790,P3683,C2097,6,2026-05-06,255192,0,Jaipur
S5791,P6317,C1645,10,2024-08-15,150430,15,Chandigarh
S5792,P3907,C1045,2,2025-08-02,93648,0,Mumbai
S5793,P9488,C14,4,2026-05-28,101988,10,Delhi
S5794,P9679,C1299,18,2025-01-11,586566,15,Pune
S5795,P2920,C9845,9,2026-03-02,122040,5,Chandigarh
S5796,P3496,C6629,18,2026-03-27,689076,0,Bangalore
S5797,P4541,C1467,14,2025-01-24,17668,5,Jaipur
S5798,P8565,C1642,18,2024-12-14,529092,5,Jaipur
S5799,P6512,C1992,18,2024-06-12,583128,0,Mumbai
S5800,P7033,C1520,12,2024-11-06,540156,0,Mumbai
S5801,P3550,C3067,17,2025-07-18,393023,5,Pune
S5802,P5637,C261,3,2025-06-10,7272,15,Jaipur
S5803,P8896,C8320,11,2026-02-24,188969,0,Delhi
S5804,P7820,C4734,20,2026-05-02,687720,5,Mumbai
S5805,P3761,C2271,14,2025-06-20,260232,10,Chandigarh
S5806,P6567,C6581,19,2026-05-07,242098,0,Bangalore
S5807,P3074,C5194,9,2026-02-13,322659,0,Pune
S5808,P242,C2043,3,2026-04-01,6975,10,Bangalore
S5809,P6576,C7567,18,2025-07-06,482310,15,Mumbai
S5810,P6865,C3175,1,2026-03-21,34991,10,Mumbai
S5811,P6499,C4690,17,2026-05-04,614465,10,Chandigarh
S5812,P1590,C6017,16,2024-06-13,638944,15,Delhi
S5813,P3328,C675,14,2025-04-06,74200,10,Chandigarh
S5814,P5470,C2410,2,2026-01-27,24694,0,Delhi
S5815,P9111,C8894,12,2024-10-29,32832,5,Chandigarh
S5816,P3983,C3517,2,2026-01-26,84510,10,Mumbai
S5817,P5388,C199,15,2024-12-27,650085,15,Bangalore
S5818,P7792,C3110,13,2025-04-18,378599,5,Pune
S5819,P9534,C7881,18,2024-11-21,857286,0,Bangalore
S5820,P3411,C8152,17,2024-11-01,69054,15,Jaipur
S5821,P2416,C1521,7,2025-09-15,314741,0,Mumbai
S5822,P7105,C6921,19,2025-12-22,705869,15,Jaipur
S5823,P4937,C5196,18,2024-06-15,743940,5,Chandigarh
S5824,P954,C1410,17,2026-04-23,332486,5,Mumbai
S5825,P4404,C1001,8,2024-12-23,279184,5,Bangalore
S5826,P6398,C932,17,2025-04-18,704667,15,Jaipur
S5827,P9163,C2188,14,2025-07-29,232386,15,Delhi
S5828,P4932,C1756,8,2026-02-13,350352,10,Bangalore
S5829,P396,C778,12,2024-07-26,575976,15,Pune
S5830,P1158,C305,20,2024-09-11,319080,15,Pune
S5831,P68,C2241,16,2026-03-31,368992,15,Delhi
S5832,P6270,C5492,11,2025-05-23,250888,0,Pune
S5833,P834,C701,20,2025-05-17,352700,0,Mumbai
S5834,P2767,C902,13,2025-08-23,489684,15,Chandigarh
S5835,P8167,C24,9,2024-12-26,53325,0,Mumbai
S5836,P1443,C6728,10,2025-04-02,454310,10,Chandigarh
S5837,P9639,C2780,11,2025-04-29,522984,5,Jaipur
S5838,P8041,C9053,14,2026-03-17,428456,15,Mumbai
S5839,P8956,C6753,3,2025-05-11,139122,0,Bangalore
S5840,P873,C1820,16,2024-10-16,510800,5,Pune
S5841,P1825,C3427,5,2025-07-17,101845,0,Pune
S5842,P3685,C1025,9,2024-12-10,54504,0,Bangalore
S5843,P2301,C9513,7,2024-09-28,332262,5,Chandigarh
S5844,P2287,C3430,17,2026-02-10,281078,0,Jaipur
S5845,P130,C5912,1,2026-05-26,12497,10,Chandigarh
S5846,P9547,C8912,12,2026-05-18,82908,5,Chandigarh
S5847,P4491,C3397,16,2025-10-15,563776,5,Bangalore
S5848,P7090,C9360,12,2025-08-11,230088,15,Mumbai
S5849,P8604,C3106,18,2024-08-31,758232,10,Chandigarh
S5850,P8240,C6594,5,2026-04-30,120260,15,Pune
S5851,P3012,C2180,18,2025-12-21,489564,0,Delhi
S5852,P4296,C8322,14,2024-12-03,488572,10,Bangalore
S5853,P4800,C1367,20,2025-05-22,484360,10,Jaipur
S5854,P7807,C5321,2,2025-10-01,62688,15,Mumbai
S5855,P1450,C9679,18,2025-08-09,419850,0,Delhi
S5856,P6208,C9942,14,2024-12-05,97874,0,Jaipur
S5857,P1200,C9602,9,2025-08-29,95742,0,Delhi
S5858,P4415,C5357,19,2025-08-19,120080,10,Mumbai
S5859,P4611,C134,13,2024-08-15,122330,0,Bangalore
S5860,P5632,C2863,11,2025-02-17,178585,5,Delhi
S5861,P207,C955,8,2026-03-23,65296,15,Jaipur
S5862,P4248,C3311,18,2026-02-14,70632,10,Jaipur
S5863,P7179,C9157,14,2025-01-22,236572,5,Jaipur
S5864,P493,C2101,11,2025-06-19,96492,5,Jaipur
S5865,P5707,C3781,2,2026-04-04,71822,10,Mumbai
S5866,P8526,C5034,12,2024-10-31,151356,15,Delhi
S5867,P4015,C2822,17,2025-10-23,338878,10,Mumbai
S5868,P8141,C2691,20,2024-11-07,847260,0,Pune
S5869,P1935,C4066,7,2025-01-09,216832,5,Delhi
S5870,P8162,C22,2,2025-12-14,95776,5,Delhi
S5871,P4125,C7547,9,2024-10-18,97731,5,Pune
S5872,P3220,C5423,20,2025-02-20,258680,15,Mumbai
S5873,P5694,C2869,16,2025-06-09,282688,15,Mumbai
S5874,P272,C3606,5,2024-12-19,209145,5,Pune
S5875,P2985,C6661,13,2025-06-17,519077,5,Mumbai
S5876,P2019,C1862,1,2026-01-14,9281,5,Jaipur
S5877,P6071,C6414,1,2024-06-06,11993,15,Bangalore
S5878,P8284,C7056,15,2025-10-24,492270,5,Bangalore
S5879,P1837,C9395,12,2025-07-04,318516,15,Chandigarh
S5880,P5569,C5155,15,2026-02-10,341550,15,Pune
S5881,P9141,C2419,18,2025-09-14,724518,15,Delhi
S5882,P7720,C293,19,2025-04-20,415853,5,Chandigarh
S5883,P780,C564,9,2024-12-23,349272,5,Chandigarh
S5884,P6188,C8007,17,2025-10-04,53448,10,Delhi
S5885,P1106,C8619,12,2025-01-01,394692,15,Pune
S5886,P2117,C5281,4,2024-11-02,133256,0,Chandigarh
S5887,P5653,C2306,8,2025-04-30,391680,5,Mumbai
S5888,P4142,C5581,17,2026-03-03,804950,15,Mumbai
S5889,P101,C9385,16,2024-05-31,579152,0,Chandigarh
S5890,P7160,C1137,14,2026-05-22,23646,0,Chandigarh
S5891,P2194,C904,12,2025-11-30,331440,10,Pune
S5892,P9681,C2353,8,2024-10-07,177392,10,Bangalore
S5893,P3620,C6451,14,2025-07-09,302190,0,Pune
S5894,P8372,C7877,17,2025-02-26,432412,5,Delhi
S5895,P1139,C8209,5,2024-10-25,148260,15,Bangalore
S5896,P8118,C6555,12,2025-01-10,180828,5,Delhi
S5897,P1151,C8791,8,2026-03-23,188784,0,Mumbai
S5898,P7345,C130,10,2025-04-10,25160,10,Bangalore
S5899,P9123,C2428,9,2025-04-15,350082,5,Bangalore
S5900,P7772,C6145,20,2026-03-26,729280,15,Delhi
S5901,P9188,C1409,19,2025-12-07,775827,10,Delhi
S5902,P4388,C3554,5,2025-10-04,215510,0,Chandigarh
S5903,P1071,C3980,11,2025-07-18,329725,5,Mumbai
S5904,P208,C8618,17,2025-03-06,615587,10,Mumbai
S5905,P3705,C5568,8,2024-06-09,368128,15,Mumbai
S5906,P4217,C9471,19,2024-09-07,21888,10,Chandigarh
S5907,P1401,C9332,10,2025-02-15,117010,5,Bangalore
S5908,P471,C4978,10,2025-07-03,330530,10,Delhi
S5909,P3916,C2197,13,2025-08-13,112177,15,Bangalore
S5910,P5403,C7568,18,2024-09-12,229068,5,Jaipur
S5911,P3823,C9790,1,2025-09-19,5878,10,Pune
S5912,P4047,C1940,8,2025-01-11,22976,0,Jaipur
S5913,P8485,C5885,19,2024-10-11,438178,0,Chandigarh
S5914,P2491,C9876,5,2024-12-19,207365,0,Jaipur
S5915,P6870,C1657,20,2025-09-28,556580,10,Delhi
S5916,P8872,C2989,3,2024-07-22,70752,10,Pune
S5917,P191,C1102,4,2025-03-01,159600,5,Delhi
S5918,P7189,C1126,15,2026-01-12,30240,0,Bangalore
S5919,P9804,C1471,10,2025-02-07,133050,15,Chandigarh
S5920,P8169,C1413,6,2025-12-22,21888,10,Pune
S5921,P3591,C7726,14,2026-05-06,639226,5,Chandigarh
S5922,P9150,C4657,10,2025-05-22,81750,15,Jaipur
S5923,P519,C9945,10,2024-07-09,102870,15,Bangalore
S5924,P9634,C5408,9,2025-11-06,302760,5,Bangalore
S5925,P203,C9488,20,2026-02-10,568620,10,Delhi
S5926,P6305,C8455,4,2025-01-23,198160,15,Bangalore
S5927,P3004,C360,2,2026-03-27,83222,0,Bangalore
S5928,P143,C1718,3,2026-04-17,91602,0,Chandigarh
S5929,P3358,C6407,17,2025-02-09,649808,5,Bangalore
S5930,P3427,C7920,16,2024-09-29,653168,10,Chandigarh
S5931,P9205,C8027,20,2025-06-11,502020,5,Pune
S5932,P3134,C4971,17,2024-06-25,238680,5,Mumbai
S5933,P951,C9920,1,2025-01-26,4006,5,Chandigarh
S5934,P9527,C5156,6,2024-06-27,187434,0,Bangalore
S5935,P421,C3242,1,2025-08-27,21747,0,Mumbai
S5936,P1829,C7328,18,2024-10-07,28944,15,Pune
S5937,P4004,C3688,12,2025-02-21,131448,5,Mumbai
S5938,P308,C7673,3,2026-01-02,71286,15,Bangalore
S5939,P9282,C8053,4,2025-09-22,189240,15,Pune
S5940,P9616,C8566,17,2025-11-19,558212,0,Delhi
S5941,P8928,C9215,16,2024-08-15,178512,15,Chandigarh
S5942,P1779,C3395,11,2026-03-15,455708,15,Chandigarh
S5943,P6548,C1879,20,2024-12-24,599920,5,Delhi
S5944,P183,C1991,19,2024-11-26,586359,5,Jaipur
S5945,P7176,C8898,18,2025-01-11,780750,5,Delhi
S5946,P6545,C9746,13,2025-04-18,591877,0,Pune
S5947,P185,C6330,19,2026-02-01,385358,5,Delhi
S5948,P9823,C3588,16,2024-06-07,296768,0,Mumbai
S5949,P6479,C7696,18,2024-10-22,494406,15,Mumbai
S5950,P7710,C4268,14,2025-09-08,438872,10,Delhi
S5951,P1140,C2754,5,2025-12-08,108835,15,Chandigarh
S5952,P4909,C3115,20,2025-12-15,46500,0,Delhi
S5953,P4032,C3095,20,2026-02-04,585100,10,Pune
S5954,P667,C9553,9,2025-08-15,79362,10,Pune
S5955,P2053,C8658,5,2024-08-26,136815,15,Bangalore
S5956,P8930,C7017,11,2026-05-13,345422,10,Chandigarh
S5957,P200,C458,6,2025-02-21,85758,5,Delhi
S5958,P9295,C5670,13,2024-06-18,610181,5,Delhi
S5959,P5984,C1579,3,2024-12-31,47853,10,Delhi
S5960,P7936,C206,10,2024-12-28,88000,15,Jaipur
S5961,P2358,C6491,2,2024-06-21,46180,15,Jaipur
S5962,P1860,C3961,17,2025-05-26,778345,15,Jaipur
S5963,P3507,C7846,11,2024-07-30,183678,5,Bangalore
S5964,P9422,C1364,5,2026-02-16,75925,10,Pune
S5965,P3118,C509,6,2025-11-25,20136,15,Pune
S5966,P1703,C7633,4,2024-07-11,121036,5,Jaipur
S5967,P6375,C2113,2,2024-11-17,77146,10,Mumbai
S5968,P8156,C8302,10,2025-02-21,462750,5,Jaipur
S5969,P1334,C2469,20,2024-10-02,215120,15,Pune
S5970,P4723,C9066,3,2025-06-29,140580,15,Jaipur
S5971,P1003,C8127,1,2026-01-24,20038,5,Chandigarh
S5972,P6058,C2341,5,2025-04-26,131765,10,Delhi
S5973,P8665,C4475,4,2024-10-20,193468,0,Bangalore
S5974,P913,C1209,8,2025-08-29,103360,0,Jaipur
S5975,P5089,C3928,18,2026-01-14,521874,5,Delhi
S5976,P9698,C8808,18,2024-07-06,389322,0,Delhi
S5977,P5694,C9750,1,2024-07-06,18953,15,Jaipur
S5978,P199,C1019,18,2024-07-23,247554,10,Pune
S5979,P9570,C4984,19,2024-08-28,764940,0,Pune
S5980,P2964,C2463,19,2024-06-11,622269,5,Jaipur
S5981,P4085,C5835,3,2025-10-11,69516,10,Bangalore
S5982,P4282,C5728,18,2026-05-08,244386,5,Delhi
S5983,P1844,C4020,17,2024-11-04,335631,5,Bangalore
S5984,P4782,C8564,5,2024-07-04,172885,15,Bangalore
S5985,P7124,C3424,11,2024-08-18,180334,10,Bangalore
S5986,P1997,C4156,13,2026-04-21,210054,5,Bangalore
S5987,P4674,C8743,12,2025-05-23,160164,15,Jaipur
S5988,P7448,C3606,4,2024-10-10,87668,10,Jaipur
S5989,P5747,C4316,16,2024-10-14,318928,0,Pune
S5990,P1988,C928,3,2025-10-26,121347,10,Bangalore
S5991,P258,C9546,10,2025-01-02,275910,10,Chandigarh
S5992,P8774,C8093,10,2024-06-27,394010,0,Bangalore
S5993,P6043,C2739,16,2025-06-27,38080,10,Bangalore
S5994,P1536,C1725,14,2025-08-01,545594,5,Delhi
S5995,P6836,C7388,3,2025-03-19,113037,0,Pune
S5996,P7717,C4779,20,2025-01-11,563580,0,Delhi
S5997,P9567,C4658,17,2026-04-18,803505,15,Delhi
S5998,P231,C2255,9,2024-09-30,32310,15,Delhi
S5999,P430,C4199,3,2024-11-11,85110,10,Mumbai
S6000,P2474,C9981,10,2025-12-24,299770,0,Bangalore
S6001,P5860,C5780,3,2026-02-27,34536,0,Pune
S6002,P8380,C7846,18,2025-06-11,610974,10,Pune
S6003,P1285,C9512,19,2026-04-14,680637,0,Pune
S6004,P839,C6951,17,2025-04-24,747898,10,Jaipur
S6005,P7591,C5411,15,2026-01-22,218535,5,Pune
S6006,P6445,C3466,6,2025-01-13,63282,15,Mumbai
S6007,P2992,C7140,4,2024-10-26,4008,5,Jaipur
S6008,P9529,C9240,5,2025-01-15,105665,5,Delhi
S6009,P9658,C9346,16,2026-01-12,416736,15,Pune
S6010,P9554,C5485,9,2025-07-10,413028,15,Pune
S6011,P5714,C1811,16,2024-10-23,705312,15,Chandigarh
S6012,P318,C6213,12,2025-07-13,135756,0,Chandigarh
S6013,P6827,C5439,20,2025-11-02,513220,0,Delhi
S6014,P8729,C3147,5,2025-05-01,7760,0,Chandigarh
S6015,P3696,C5127,6,2025-10-17,18360,0,Mumbai
S6016,P882,C1161,10,2025-05-22,382410,5,Delhi
S6017,P6407,C5452,20,2024-06-29,966260,10,Pune
S6018,P1323,C7256,1,2024-11-29,12912,15,Mumbai
S6019,P9974,C8853,6,2025-09-05,219876,10,Bangalore
S6020,P5178,C2448,2,2025-08-12,14020,10,Pune
S6021,P6493,C3236,13,2026-02-02,501969,5,Pune
S6022,P9730,C4139,19,2024-10-14,147744,15,Pune
S6023,P1372,C1554,13,2024-11-16,334750,5,Delhi
S6024,P7561,C8935,14,2026-01-26,434490,5,Bangalore
S6025,P7720,C3060,10,2024-06-13,460740,0,Bangalore
S6026,P5338,C4422,14,2024-12-13,221368,10,Bangalore
S6027,P6862,C8241,2,2024-11-29,64322,5,Pune
S6028,P7229,C7837,17,2026-03-24,311746,5,Chandigarh
S6029,P1262,C444,16,2025-03-01,361440,0,Bangalore
S6030,P9798,C8748,14,2026-04-14,459900,5,Chandigarh
S6031,P7545,C9326,4,2024-06-24,101920,0,Jaipur
S6032,P145,C9701,2,2024-08-18,27520,15,Chandigarh
S6033,P7404,C9302,14,2026-03-18,314622,5,Jaipur
S6034,P8533,C5482,2,2024-12-13,77542,0,Mumbai
S6035,P1918,C8812,8,2026-03-21,91608,10,Jaipur
S6036,P4756,C5203,11,2024-06-10,156453,10,Chandigarh
S6037,P1717,C8298,12,2025-12-18,73500,0,Delhi
S6038,P7075,C8088,7,2026-05-26,322924,10,Delhi
S6039,P5376,C58,8,2026-05-15,51936,15,Delhi
S6040,P5379,C3421,9,2025-12-12,299952,5,Delhi
S6041,P1043,C911,12,2025-01-19,51192,15,Mumbai
S6042,P4192,C4238,12,2025-05-14,50856,5,Mumbai
S6043,P7798,C2904,4,2026-05-01,87080,0,Jaipur
S6044,P1315,C2701,1,2025-06-12,44821,10,Mumbai
S6045,P2154,C4876,18,2025-03-06,327510,15,Pune
S6046,P2442,C6805,20,2024-06-16,509720,5,Bangalore
S6047,P6012,C6151,2,2025-07-06,10856,0,Delhi
S6048,P1049,C7391,5,2026-03-17,78025,10,Chandigarh
S6049,P2106,C8506,10,2025-11-22,387290,0,Jaipur
S6050,P1866,C458,4,2026-01-30,28352,10,Jaipur
S6051,P1254,C7056,15,2025-07-06,413070,10,Jaipur
S6052,P4328,C162,13,2024-11-11,581802,10,Delhi
S6053,P2249,C8817,6,2025-11-23,110400,5,Chandigarh
S6054,P7417,C3711,7,2026-05-02,154434,5,Bangalore
S6055,P2333,C137,18,2024-06-30,684864,0,Chandigarh
S6056,P1798,C9049,2,2026-01-08,23654,5,Mumbai
S6057,P3133,C2262,20,2025-02-16,192880,10,Chandigarh
S6058,P7561,C5426,11,2024-08-16,167651,5,Delhi
S6059,P5024,C1835,3,2025-06-15,103050,15,Mumbai
S6060,P2113,C6368,5,2025-04-05,105265,5,Chandigarh
S6061,P3213,C391,12,2024-07-03,56712,0,Jaipur
S6062,P810,C9527,14,2025-03-20,169078,5,Bangalore
S6063,P2086,C6581,16,2024-06-13,576336,0,Mumbai
S6064,P5697,C3833,19,2024-08-27,22002,15,Pune
S6065,P7960,C6911,13,2024-12-04,609232,0,Jaipur
S6066,P5709,C9303,14,2025-12-24,340998,5,Mumbai
S6067,P4186,C7500,15,2025-05-26,402375,15,Delhi
S6068,P7278,C5419,10,2024-10-27,327000,5,Delhi
S6069,P8358,C4279,9,2025-03-19,261999,5,Pune
S6070,P7486,C2990,6,2026-01-12,8382,5,Bangalore
S6071,P7673,C9054,4,2025-11-04,95500,10,Mumbai
S6072,P9181,C4493,17,2025-07-28,540158,15,Jaipur
S6073,P3644,C1722,10,2025-06-24,284820,15,Bangalore
S6074,P6449,C8370,9,2026-02-10,52992,5,Delhi
S6075,P6585,C2780,7,2024-10-21,228529,0,Delhi
S6076,P4896,C1409,8,2026-05-01,178752,10,Chandigarh
S6077,P5183,C5663,17,2026-04-10,669239,15,Pune
S6078,P6672,C4955,12,2026-01-02,414132,5,Mumbai
S6079,P3368,C1605,10,2024-06-09,76580,15,Pune
S6080,P2572,C2579,17,2025-05-25,415140,10,Delhi
S6081,P7539,C528,1,2025-11-18,49387,10,Mumbai
S6082,P6534,C1129,10,2024-09-26,449850,0,Pune
S6083,P299,C3327,4,2026-04-05,192112,5,Bangalore
S6084,P4850,C1249,5,2026-05-24,94945,0,Mumbai
S6085,P9363,C8203,11,2025-07-23,327877,15,Jaipur
S6086,P1702,C3738,2,2025-10-24,20124,5,Bangalore
S6087,P4528,C1216,11,2026-04-01,88429,5,Bangalore
S6088,P7120,C7779,2,2024-12-09,41966,10,Pune
S6089,P7721,C5587,18,2025-03-12,138618,10,Chandigarh
S6090,P2059,C2165,2,2024-11-10,33280,0,Pune
S6091,P5749,C7818,11,2024-07-19,43450,15,Jaipur
S6092,P8341,C1022,19,2024-07-09,47747,15,Delhi
S6093,P2455,C2308,2,2025-07-28,77188,5,Chandigarh
S6094,P6700,C5709,17,2024-10-28,31909,0,Delhi
S6095,P899,C7491,15,2025-03-25,595215,0,Delhi
S6096,P189,C423,12,2025-10-22,532176,5,Delhi
S6097,P4852,C5608,3,2025-06-06,86370,5,Pune
S6098,P1516,C6699,20,2025-02-14,599480,15,Chandigarh
S6099,P6506,C7593,1,2025-10-01,23084,5,Bangalore
S6100,P3376,C5404,19,2025-09-28,612769,10,Mumbai
S6101,P4413,C6661,14,2025-06-10,154028,10,Delhi
S6102,P8861,C4278,4,2025-04-28,198008,5,Jaipur
S6103,P9575,C7516,8,2026-01-04,22304,10,Jaipur
S6104,P9007,C8850,20,2024-08-25,617120,10,Delhi
S6105,P7726,C2246,3,2025-08-24,124620,5,Mumbai
S6106,P5297,C4273,20,2024-09-04,745340,15,Mumbai
S6107,P9293,C5867,14,2025-10-29,608496,0,Pune
S6108,P9293,C6869,4,2025-06-30,138852,5,Pune
S6109,P1075,C634,20,2026-03-09,390520,15,Chandigarh
S6110,P4064,C5978,18,2026-05-25,476622,15,Jaipur
S6111,P8876,C7184,12,2025-09-04,19008,10,Mumbai
S6112,P7852,C5603,9,2025-03-16,115119,5,Pune
S6113,P9876,C9085,12,2025-08-08,487164,5,Chandigarh
S6114,P3479,C7210,17,2024-10-28,220677,5,Delhi
S6115,P4414,C6792,2,2025-08-01,92554,5,Chandigarh
S6116,P6444,C371,18,2025-01-26,358470,15,Pune
S6117,P8404,C8890,17,2026-02-19,207655,0,Delhi
S6118,P9839,C4582,14,2024-08-20,42910,15,Jaipur
S6119,P5835,C5182,2,2024-06-25,45974,0,Bangalore
S6120,P6344,C7630,17,2025-07-22,680986,0,Pune
S6121,P1812,C4234,7,2024-07-03,223517,0,Jaipur
S6122,P6933,C983,17,2025-12-06,297007,0,Delhi
S6123,P2248,C3741,14,2025-08-21,34664,15,Delhi
S6124,P1679,C5213,10,2025-03-08,15460,15,Jaipur
S6125,P9155,C3873,5,2025-07-26,76235,15,Jaipur
S6126,P8601,C2522,15,2025-01-10,181350,0,Jaipur
S6127,P7614,C7238,9,2025-11-01,370629,0,Delhi
S6128,P3776,C6149,14,2025-11-22,315504,10,Chandigarh
S6129,P1435,C224,2,2025-06-22,98590,10,Jaipur
S6130,P3277,C7661,17,2025-12-15,300662,10,Bangalore
S6131,P4806,C3607,18,2024-12-02,423432,0,Mumbai
S6132,P9869,C8910,15,2026-04-03,571980,15,Jaipur
S6133,P1752,C3580,4,2024-09-06,43476,15,Delhi
S6134,P4601,C6515,2,2024-08-12,40798,5,Jaipur
S6135,P5142,C7037,15,2025-11-19,301860,15,Mumbai
S6136,P6672,C4480,7,2026-01-01,20643,10,Mumbai
S6137,P6186,C2099,15,2024-09-26,610470,10,Chandigarh
S6138,P7383,C7181,2,2026-01-16,82900,15,Bangalore
S6139,P178,C977,12,2025-06-22,167856,10,Bangalore
S6140,P7046,C282,10,2025-09-09,198680,0,Chandigarh
S6141,P2806,C6934,3,2024-07-24,57024,5,Mumbai
S6142,P6494,C5655,8,2024-12-15,178416,10,Bangalore
S6143,P8696,C967,8,2025-06-23,109024,0,Chandigarh
S6144,P5616,C1908,20,2025-09-13,222760,15,Pune
S6145,P9374,C309,13,2025-04-27,261196,0,Mumbai
S6146,P2123,C7737,18,2025-01-15,713070,15,Jaipur
S6147,P4233,C282,1,2026-03-17,4732,10,Bangalore
S6148,P1724,C4608,8,2025-10-12,75208,15,Chandigarh
S6149,P554,C2724,1,2026-03-22,28585,0,Chandigarh
S6150,P9318,C4569,19,2025-11-01,420945,5,Jaipur
S6151,P7093,C8713,19,2026-03-16,561887,10,Jaipur
S6152,P584,C5229,10,2025-09-09,335390,10,Mumbai
S6153,P5045,C4665,13,2025-10-14,223223,0,Bangalore
S6154,P9593,C9828,16,2025-01-15,574448,5,Delhi
S6155,P4798,C8233,18,2024-10-05,825264,10,Bangalore
S6156,P1190,C3225,13,2026-04-04,306358,0,Pune
S6157,P7566,C6205,5,2026-03-19,140010,0,Chandigarh
S6158,P7108,C8848,18,2024-06-24,357678,0,Bangalore
S6159,P8261,C2198,10,2024-08-23,228460,15,Chandigarh
S6160,P6087,C5755,3,2024-08-14,87363,10,Chandigarh
S6161,P9883,C6449,13,2025-02-21,21801,5,Jaipur
S6162,P4667,C8623,16,2026-03-14,585840,0,Jaipur
S6163,P9638,C8410,16,2026-01-05,362624,0,Bangalore
S6164,P2070,C4828,3,2026-04-22,48963,15,Mumbai
S6165,P6468,C3342,12,2024-10-16,110412,0,Bangalore
S6166,P876,C9639,16,2026-01-04,725952,0,Mumbai
S6167,P2656,C941,16,2026-02-21,406320,5,Pune
S6168,P9289,C1889,12,2025-03-26,246288,5,Mumbai
S6169,P42,C2867,13,2025-04-27,604149,0,Delhi
S6170,P4298,C7642,18,2025-03-12,604404,5,Chandigarh
S6171,P441,C4647,4,2025-10-23,67544,10,Chandigarh
S6172,P9482,C596,2,2026-02-24,28946,5,Chandigarh
S6173,P9093,C1268,16,2024-10-24,533552,0,Pune
S6174,P8185,C6054,10,2025-10-06,433770,15,Jaipur
S6175,P9343,C9173,19,2025-06-28,817000,10,Mumbai
S6176,P3074,C8076,1,2026-05-17,28050,10,Jaipur
S6177,P9442,C7361,9,2026-03-09,42408,0,Jaipur
S6178,P8047,C5681,2,2025-07-06,88160,10,Chandigarh
S6179,P9663,C826,10,2024-10-23,408630,15,Delhi
S6180,P7901,C9777,7,2026-04-09,313376,10,Delhi
S6181,P1959,C5988,8,2025-08-24,191560,10,Bangalore
S6182,P8879,C5751,2,2024-11-21,25018,15,Jaipur
S6183,P675,C1926,13,2024-07-31,312338,5,Bangalore
S6184,P931,C1010,1,2025-02-04,46070,0,Pune
S6185,P1663,C3008,20,2025-08-14,167160,15,Pune
S6186,P1235,C4866,17,2024-06-14,130288,0,Bangalore
S6187,P6583,C4532,2,2024-06-18,41330,5,Bangalore
S6188,P4545,C2641,8,2024-07-25,267400,0,Bangalore
S6189,P4010,C1205,1,2024-09-08,38300,15,Chandigarh
S6190,P3905,C4715,9,2026-05-01,55728,0,Mumbai
S6191,P4781,C8272,4,2026-03-29,22672,5,Bangalore
S6192,P7224,C2341,20,2025-07-04,609520,10,Mumbai
S6193,P9020,C1722,7,2025-06-11,260561,15,Mumbai
S6194,P8834,C2555,18,2025-03-16,701424,10,Chandigarh
S6195,P5013,C7044,19,2024-07-18,70585,15,Bangalore
S6196,P6082,C7166,11,2025-06-02,142527,0,Jaipur
S6197,P3552,C4621,5,2024-10-30,57145,0,Delhi
S6198,P1029,C8221,10,2025-06-23,305230,0,Pune
S6199,P4162,C5149,10,2024-10-03,280620,10,Delhi
S6200,P5607,C6081,3,2025-05-17,63597,0,Jaipur
S6201,P1621,C3490,20,2026-05-02,936140,10,Jaipur
S6202,P50,C2375,3,2025-12-24,57318,5,Mumbai
S6203,P3916,C5293,20,2025-02-20,39000,5,Delhi
S6204,P2096,C4437,16,2025-02-03,652960,5,Mumbai
S6205,P7844,C1131,12,2025-10-21,55740,15,Delhi
S6206,P9180,C4673,18,2025-05-11,108378,5,Delhi
S6207,P6531,C2349,4,2025-08-11,51176,10,Mumbai
S6208,P2117,C3323,5,2025-11-07,111260,15,Delhi
S6209,P6849,C4723,7,2025-08-21,252112,5,Bangalore
S6210,P4356,C632,7,2026-04-22,335118,10,Jaipur
S6211,P5170,C2192,6,2025-09-03,284544,5,Mumbai
S6212,P4344,C6819,7,2026-02-10,245833,5,Mumbai
S6213,P9355,C8403,9,2024-12-25,188577,5,Bangalore
S6214,P8113,C3831,18,2025-09-01,886122,15,Delhi
S6215,P8609,C5457,6,2025-05-31,229032,0,Delhi
S6216,P8847,C2503,5,2025-08-18,196930,0,Jaipur
S6217,P2517,C8651,17,2025-09-06,359159,0,Jaipur
S6218,P9363,C8378,15,2026-02-02,574680,15,Jaipur
S6219,P7877,C1811,16,2026-04-30,397168,0,Jaipur
S6220,P4856,C1653,3,2025-10-30,147465,5,Chandigarh
S6221,P9834,C4128,9,2024-11-18,227268,10,Delhi
S6222,P8110,C9046,6,2025-03-27,128808,10,Mumbai
S6223,P6502,C1351,1,2025-04-17,32846,15,Delhi
S6224,P8608,C8039,8,2024-08-15,322440,10,Bangalore
S6225,P4134,C4772,18,2025-05-06,364284,5,Mumbai
S6226,P9482,C4752,1,2025-11-18,11969,5,Chandigarh
S6227,P769,C5769,19,2025-05-28,869079,5,Bangalore
S6228,P9443,C1452,3,2024-09-15,4386,10,Delhi
S6229,P4653,C422,11,2025-01-24,177804,15,Delhi
S6230,P7585,C6014,5,2025-12-06,218875,10,Pune
S6231,P5236,C4249,3,2024-09-01,128403,0,Mumbai
S6232,P8015,C9254,9,2024-07-31,213579,5,Jaipur
S6233,P9747,C9960,1,2025-02-26,25476,0,Delhi
S6234,P789,C8777,8,2025-12-30,44120,5,Pune
S6235,P688,C2131,9,2025-07-11,308889,15,Pune
S6236,P3366,C3224,10,2025-11-19,386080,0,Delhi
S6237,P422,C143,6,2025-01-05,11700,15,Jaipur
S6238,P768,C2829,14,2024-12-13,125328,10,Jaipur
S6239,P7802,C5602,18,2025-03-22,394038,15,Bangalore
S6240,P9352,C2147,16,2026-05-05,505888,10,Chandigarh
S6241,P1297,C9957,12,2025-12-19,116760,0,Bangalore
S6242,P810,C7913,6,2024-11-09,176376,10,Mumbai
S6243,P4696,C863,11,2026-01-02,544687,15,Pune
S6244,P1088,C8184,8,2025-09-13,210552,5,Delhi
S6245,P7466,C9548,18,2024-07-28,895842,10,Delhi
S6246,P1465,C2350,4,2025-01-07,117628,10,Delhi
S6247,P7803,C5115,3,2025-04-29,111594,15,Bangalore
S6248,P867,C1188,9,2026-05-17,40914,0,Jaipur
S6249,P2023,C2965,14,2025-04-23,183890,10,Mumbai
S6250,P9373,C2260,20,2025-04-29,417840,0,Mumbai
S6251,P8498,C5017,4,2025-09-16,151556,15,Pune
S6252,P6523,C9964,1,2024-09-15,36856,0,Jaipur
S6253,P1234,C727,5,2024-12-15,238960,5,Mumbai
S6254,P6087,C7456,13,2026-04-05,44200,15,Jaipur
S6255,P3281,C5855,9,2025-01-21,426771,10,Mumbai
S6256,P1597,C2833,15,2024-12-27,165525,15,Chandigarh
S6257,P3504,C1748,10,2025-05-19,74510,10,Pune
S6258,P8135,C6825,12,2025-07-08,345012,0,Mumbai
S6259,P7260,C6968,19,2026-02-19,329612,5,Chandigarh
S6260,P3770,C6926,2,2025-09-08,49158,5,Bangalore
S6261,P8534,C1228,12,2024-12-14,115452,0,Jaipur
S6262,P2404,C2882,18,2025-02-11,81918,5,Mumbai
S6263,P6140,C2582,4,2025-05-07,138776,0,Chandigarh
S6264,P7707,C7142,19,2025-12-06,687990,0,Mumbai
S6265,P6617,C2426,9,2025-04-26,242586,15,Mumbai
S6266,P7103,C6388,9,2024-07-26,82665,10,Chandigarh
S6267,P6337,C9300,6,2025-12-03,233766,15,Bangalore
S6268,P2788,C1181,11,2025-02-18,110418,15,Mumbai
S6269,P3947,C5526,10,2025-07-06,65480,15,Mumbai
S6270,P9714,C4191,7,2025-03-31,42672,10,Bangalore
S6271,P8909,C3195,17,2026-01-01,115583,15,Jaipur
S6272,P516,C4035,5,2025-07-24,123070,5,Jaipur
S6273,P7845,C501,12,2024-12-06,200820,10,Jaipur
S6274,P9811,C974,8,2024-11-08,171840,15,Mumbai
S6275,P9503,C8506,5,2026-02-18,132225,5,Chandigarh
S6276,P9113,C3067,9,2026-03-13,300564,15,Mumbai
S6277,P300,C8744,8,2025-08-09,53560,0,Delhi
S6278,P3415,C8191,19,2025-01-14,858325,15,Bangalore
S6279,P8583,C4324,19,2024-09-02,720841,0,Bangalore
S6280,P6042,C7902,2,2026-01-07,67082,5,Mumbai
S6281,P1922,C330,16,2025-01-04,694784,15,Chandigarh
S6282,P2224,C2387,5,2025-03-01,18265,10,Chandigarh
S6283,P4505,C7193,1,2025-11-08,1225,15,Chandigarh
S6284,P1314,C5043,14,2025-05-02,270732,5,Bangalore
S6285,P3762,C5535,14,2026-04-24,332640,15,Delhi
S6286,P8203,C168,9,2025-11-22,56781,0,Chandigarh
S6287,P9173,C8000,10,2025-02-10,96380,10,Chandigarh
S6288,P3644,C9733,2,2026-02-20,36132,10,Mumbai
S6289,P7679,C5263,20,2025-09-06,752100,15,Mumbai
S6290,P1310,C9083,16,2024-10-14,173984,0,Delhi
S6291,P9439,C1525,1,2025-03-29,49750,15,Pune
S6292,P8585,C934,17,2026-02-13,622081,10,Mumbai
S6293,P8676,C1219,10,2025-06-27,278920,10,Chandigarh
S6294,P8705,C1277,20,2025-06-07,352120,15,Mumbai
S6295,P9481,C4263,13,2025-11-18,466245,5,Jaipur
S6296,P6149,C5118,10,2024-09-29,168150,0,Delhi
S6297,P8545,C7001,10,2024-07-12,109650,5,Pune
S6298,P1715,C210,5,2025-11-12,17735,0,Bangalore
S6299,P1557,C8831,11,2025-04-19,173547,5,Delhi
S6300,P4889,C1450,11,2025-10-30,128216,10,Chandigarh
S6301,P9318,C5410,2,2024-09-20,31244,5,Chandigarh
S6302,P3449,C3447,10,2024-12-17,358570,15,Jaipur
S6303,P2324,C5143,11,2024-11-10,88286,10,Chandigarh
S6304,P3552,C9591,4,2025-07-25,71124,0,Pune
S6305,P5871,C4317,13,2026-01-09,69524,10,Chandigarh
S6306,P5749,C2575,1,2026-04-04,2149,10,Pune
S6307,P9325,C3350,10,2025-08-16,133980,5,Pune
S6308,P7618,C156,16,2024-10-30,661424,10,Chandigarh
S6309,P1559,C8638,11,2026-02-25,29337,15,Mumbai
S6310,P4710,C8358,14,2025-07-28,193900,0,Mumbai
S6311,P3272,C4583,17,2025-11-27,418999,5,Delhi
S6312,P1886,C8276,17,2025-09-28,346647,15,Mumbai
S6313,P6605,C4603,11,2025-11-15,293997,15,Mumbai
S6314,P3473,C3129,1,2026-03-01,32783,15,Jaipur
S6315,P2382,C8418,11,2024-07-03,428846,0,Pune
S6316,P6353,C2399,9,2025-12-15,388287,15,Jaipur
S6317,P8748,C6459,5,2024-12-19,77255,10,Bangalore
S6318,P6900,C7704,2,2025-09-04,91616,15,Mumbai
S6319,P7426,C1473,14,2026-02-06,366296,10,Mumbai
S6320,P5450,C3548,3,2025-07-12,145230,0,Chandigarh
S6321,P3217,C3204,4,2024-10-09,117040,10,Pune
S6322,P9604,C921,6,2025-04-19,52806,10,Pune
S6323,P9128,C1679,9,2024-10-08,122481,5,Jaipur
S6324,P5801,C1836,11,2024-06-09,264539,5,Delhi
S6325,P4267,C9844,14,2025-11-12,545566,15,Mumbai
S6326,P1632,C6499,8,2025-07-25,302592,0,Bangalore
S6327,P4158,C4644,18,2024-07-12,116658,15,Chandigarh
S6328,P6631,C6429,2,2025-09-13,80296,10,Chandigarh
S6329,P2259,C9681,5,2024-06-01,185330,10,Mumbai
S6330,P7239,C9730,1,2025-12-01,20137,0,Delhi
S6331,P702,C3325,13,2024-06-02,569309,5,Pune
S6332,P4648,C4568,12,2025-07-13,98100,5,Pune
S6333,P3692,C9063,10,2024-10-31,125210,5,Jaipur
S6334,P8991,C3139,16,2026-05-24,125216,5,Jaipur
S6335,P9049,C7269,6,2024-10-19,98334,5,Bangalore
S6336,P1106,C3857,11,2024-08-31,154869,0,Pune
S6337,P7472,C293,16,2025-01-23,718880,10,Delhi
S6338,P8897,C899,10,2026-02-26,416210,0,Jaipur
S6339,P9867,C9802,2,2025-05-20,59522,15,Delhi
S6340,P1153,C5167,3,2026-04-03,77826,15,Jaipur
S6341,P5200,C539,16,2025-03-25,245168,10,Mumbai
S6342,P5353,C1118,18,2024-11-17,655272,5,Jaipur
S6343,P4215,C8139,9,2024-11-09,305604,0,Delhi
S6344,P8569,C574,1,2025-03-21,2490,0,Jaipur
S6345,P2701,C8206,17,2025-02-16,94843,15,Mumbai
S6346,P9650,C2845,14,2026-04-30,466032,15,Pune
S6347,P4932,C6226,19,2025-07-15,59926,5,Bangalore
S6348,P4755,C9242,11,2026-04-04,310310,15,Mumbai
S6349,P8361,C2995,20,2024-12-24,613440,10,Delhi
S6350,P243,C7379,4,2025-05-29,102584,10,Mumbai
S6351,P1752,C3014,16,2025-01-07,186944,5,Chandigarh
S6352,P9732,C1910,7,2024-09-04,93639,10,Delhi
S6353,P8941,C160,2,2024-10-08,32370,15,Mumbai
S6354,P9207,C2717,20,2025-06-27,182520,15,Pune
S6355,P4476,C3200,19,2025-12-23,846906,5,Jaipur
S6356,P9442,C1064,16,2024-11-25,249872,5,Mumbai
S6357,P7932,C1864,18,2025-01-15,743562,0,Mumbai
S6358,P9793,C6571,17,2024-11-08,481015,5,Jaipur
S6359,P6977,C2981,11,2026-05-23,233552,0,Delhi
S6360,P5151,C6378,5,2025-03-25,222475,15,Bangalore
S6361,P6614,C9471,10,2025-02-04,12050,5,Delhi
S6362,P140,C4284,3,2025-03-04,72285,10,Chandigarh
S6363,P7935,C6540,13,2026-03-09,215956,15,Chandigarh
S6364,P9166,C3841,10,2024-11-15,68520,15,Bangalore
S6365,P8584,C8109,16,2024-12-14,362256,15,Bangalore
S6366,P2948,C7983,4,2025-11-19,79148,0,Pune
S6367,P9207,C5248,3,2025-04-04,77979,0,Chandigarh
S6368,P4463,C6382,19,2024-06-27,823156,5,Jaipur
S6369,P4474,C9100,16,2025-07-25,543072,5,Mumbai
S6370,P7769,C5230,9,2025-06-18,402102,10,Delhi
S6371,P1714,C3571,17,2024-08-02,24327,5,Chandigarh
S6372,P3484,C2201,2,2025-07-08,56044,10,Mumbai
S6373,P2080,C7184,14,2024-11-28,41006,15,Pune
S6374,P4412,C6687,11,2026-02-04,55198,0,Mumbai
S6375,P7308,C7901,3,2025-10-07,95628,15,Pune
S6376,P7143,C1137,10,2025-01-08,410000,0,Mumbai
S6377,P9887,C2592,6,2024-06-17,270450,0,Mumbai
S6378,P8065,C1023,1,2025-02-27,9524,15,Mumbai
S6379,P9308,C3504,19,2026-01-23,504811,15,Delhi
S6380,P970,C8722,10,2025-07-08,129250,15,Pune
S6381,P2127,C4351,8,2024-12-02,337552,0,Chandigarh
S6382,P8372,C6729,6,2025-08-08,211536,10,Pune
S6383,P9275,C615,15,2024-07-18,617925,5,Delhi
S6384,P3262,C6710,17,2025-01-23,788902,10,Mumbai
S6385,P7320,C2511,2,2025-08-11,67656,5,Chandigarh
S6386,P1624,C9701,11,2024-08-04,103884,0,Pune
S6387,P9801,C2292,12,2026-04-21,550128,15,Bangalore
S6388,P1702,C645,6,2024-09-08,184584,0,Delhi
S6389,P8627,C8578,13,2024-08-14,589745,5,Delhi
S6390,P6452,C6694,4,2026-01-25,101592,10,Bangalore
S6391,P3359,C5542,4,2026-03-21,32436,15,Chandigarh
S6392,P4868,C5006,16,2026-02-01,355424,10,Jaipur
S6393,P8796,C9512,3,2025-04-27,49245,15,Bangalore
S6394,P4856,C9084,2,2024-11-25,73304,5,Pune
S6395,P77,C4123,11,2025-07-02,93280,5,Chandigarh
S6396,P6140,C1949,20,2024-08-06,571500,15,Mumbai
S6397,P5432,C7717,4,2026-03-28,149668,0,Delhi
S6398,P2742,C2572,2,2025-12-17,7366,10,Bangalore
S6399,P9688,C1081,14,2024-08-27,537250,0,Bangalore
S6400,P2305,C2921,4,2025-10-09,91564,5,Mumbai
S6401,P4048,C2664,12,2024-10-29,516276,5,Pune
S6402,P1130,C395,13,2024-09-10,287638,10,Pune
S6403,P3178,C679,10,2025-04-20,416070,10,Delhi
S6404,P832,C6371,5,2026-02-28,186050,10,Chandigarh
S6405,P2810,C6368,15,2026-02-03,511815,0,Bangalore
S6406,P7462,C4456,11,2026-05-16,276210,15,Jaipur
S6407,P1288,C7287,13,2024-09-11,549510,5,Mumbai
S6408,P8515,C3624,5,2026-02-08,49890,5,Delhi
S6409,P4173,C5565,4,2026-04-26,31644,5,Bangalore
S6410,P2955,C4114,14,2025-09-20,398258,0,Jaipur
S6411,P8410,C2456,8,2024-08-28,209344,15,Bangalore
S6412,P144,C3928,15,2025-12-03,165315,15,Delhi
S6413,P8005,C1641,9,2024-08-31,41040,15,Delhi
S6414,P9034,C7573,8,2025-12-19,22192,15,Mumbai
S6415,P8811,C95,1,2026-01-13,13589,15,Mumbai
S6416,P5184,C1541,20,2025-05-19,692460,5,Mumbai
S6417,P6455,C250,2,2024-08-13,46696,10,Jaipur
S6418,P2167,C5710,15,2025-11-14,201225,15,Bangalore
S6419,P2819,C2695,2,2025-02-02,26482,15,Mumbai
S6420,P8844,C1127,13,2024-07-19,589901,10,Mumbai
S6421,P3298,C2326,17,2025-11-26,299047,0,Jaipur
S6422,P9720,C3328,11,2025-11-14,163053,10,Pune
S6423,P4354,C7501,18,2025-06-15,194436,15,Delhi
S6424,P9933,C4967,15,2025-11-05,248985,15,Bangalore
S6425,P5072,C2532,13,2026-05-08,112008,0,Jaipur
S6426,P688,C2265,7,2026-03-15,82754,15,Delhi
S6427,P786,C7458,15,2025-11-03,257160,15,Jaipur
S6428,P2447,C4465,11,2026-04-04,496639,15,Bangalore
S6429,P6967,C6204,3,2024-09-07,94734,10,Pune
S6430,P1916,C5896,9,2025-02-06,372861,0,Delhi
S6431,P9514,C6113,4,2024-09-05,10816,15,Jaipur
S6432,P3934,C5329,14,2025-05-26,658924,0,Bangalore
S6433,P2466,C2547,16,2025-04-10,632160,10,Bangalore
S6434,P9400,C4493,6,2026-03-11,255942,15,Jaipur
S6435,P4480,C9767,16,2024-07-30,104656,5,Pune
S6436,P2399,C1162,20,2025-12-03,795440,0,Bangalore
S6437,P5737,C4857,5,2025-02-11,30260,15,Delhi
S6438,P5171,C9179,6,2025-05-02,181422,5,Jaipur
S6439,P1594,C3604,7,2024-08-19,202888,10,Mumbai
S6440,P1988,C4674,20,2025-04-02,925440,0,Chandigarh
S6441,P8600,C367,11,2024-09-15,444301,10,Mumbai
S6442,P2294,C3759,15,2026-02-20,685110,15,Jaipur
S6443,P6335,C431,7,2025-12-16,27111,0,Pune
S6444,P1850,C426,2,2024-09-13,58546,10,Bangalore
S6445,P1664,C8596,19,2026-05-01,618488,10,Chandigarh
S6446,P4235,C3489,17,2025-05-20,845376,10,Pune
S6447,P9510,C3089,14,2024-11-13,458626,5,Pune
S6448,P5187,C2466,4,2025-10-15,113552,10,Delhi
S6449,P8859,C5712,19,2025-07-18,423168,0,Jaipur
S6450,P9741,C2992,20,2024-07-10,450880,10,Mumbai
S6451,P6617,C4907,17,2025-01-16,600491,10,Bangalore
S6452,P1499,C7423,6,2025-03-03,280968,15,Chandigarh
S6453,P9283,C3752,1,2024-06-11,26496,5,Jaipur
S6454,P9192,C5104,15,2024-06-10,251205,15,Chandigarh
S6455,P9588,C5626,13,2025-04-15,261443,0,Pune
S6456,P6603,C4968,5,2026-02-20,128830,0,Mumbai
S6457,P7309,C9912,20,2024-06-03,657740,10,Jaipur
S6458,P3334,C2443,2,2024-10-18,43690,0,Mumbai
S6459,P4516,C2794,8,2025-09-10,106584,15,Delhi
S6460,P2316,C6219,15,2025-06-20,92595,0,Bangalore
S6461,P3483,C9264,17,2024-08-17,34374,5,Chandigarh
S6462,P6573,C1231,15,2025-08-06,297705,10,Chandigarh
S6463,P7923,C9289,17,2024-11-13,771018,15,Delhi
S6464,P9385,C1888,4,2024-10-07,161268,10,Pune
S6465,P1220,C8824,1,2025-10-28,22176,0,Pune
S6466,P5494,C2119,2,2025-10-04,27048,0,Jaipur
S6467,P2551,C5752,14,2024-07-28,653674,10,Delhi
S6468,P7614,C9713,5,2024-05-29,96280,10,Jaipur
S6469,P3155,C5243,17,2025-04-29,682669,5,Mumbai
S6470,P1447,C56,9,2025-06-28,232839,0,Pune
S6471,P3922,C5965,10,2025-04-15,312890,0,Chandigarh
S6472,P5588,C7323,14,2025-07-21,409962,5,Pune
S6473,P737,C5120,18,2025-01-17,867006,5,Delhi
S6474,P9738,C489,12,2026-01-25,159180,10,Pune
S6475,P6405,C8890,11,2025-11-21,345290,15,Chandigarh
S6476,P1571,C3755,12,2025-10-25,107016,5,Pune
S6477,P6364,C7705,17,2025-05-07,320773,10,Bangalore
S6478,P3817,C9836,19,2026-02-25,863322,15,Delhi
S6479,P7971,C7751,18,2024-10-05,201906,10,Jaipur
S6480,P695,C5756,12,2025-12-24,162240,10,Bangalore
S6481,P5265,C8269,3,2025-04-17,66738,10,Pune
S6482,P518,C7398,20,2025-03-11,819020,5,Delhi
S6483,P5220,C9414,16,2024-11-07,152080,5,Chandigarh
S6484,P4335,C6920,6,2025-01-29,66324,10,Jaipur
S6485,P2439,C1524,17,2025-12-27,404243,10,Chandigarh
S6486,P5388,C7458,9,2026-01-19,420309,10,Chandigarh
S6487,P8992,C7699,20,2024-11-16,937240,10,Chandigarh
S6488,P827,C3750,13,2025-06-30,87529,10,Pune
S6489,P8980,C7822,8,2025-02-12,126512,10,Jaipur
S6490,P7578,C275,6,2024-08-22,293964,15,Delhi
S6491,P5014,C8473,3,2024-07-02,103506,5,Delhi
S6492,P8244,C4079,6,2025-04-27,122736,5,Chandigarh
S6493,P6514,C9865,4,2025-05-31,128460,10,Jaipur
S6494,P4471,C3030,14,2025-05-25,661906,15,Jaipur
S6495,P9855,C536,8,2024-09-11,138208,5,Chandigarh
S6496,P5150,C9206,12,2026-02-13,94428,5,Pune
S6497,P9251,C4061,13,2025-10-15,591045,10,Jaipur
S6498,P9589,C5574,6,2026-03-18,134424,5,Mumbai
S6499,P8906,C7526,3,2026-02-28,131823,15,Delhi
S6500,P6493,C3507,17,2025-09-13,185742,5,Jaipur
S6501,P4215,C9637,7,2024-06-26,321622,0,Jaipur
S6502,P8813,C254,13,2026-05-16,616239,5,Chandigarh
S6503,P6030,C3454,19,2024-06-18,261706,10,Jaipur
S6504,P5,C9702,18,2024-09-19,810594,10,Chandigarh
S6505,P7537,C5963,15,2026-04-22,258435,15,Bangalore
S6506,P9480,C6309,19,2025-08-23,220058,5,Jaipur
S6507,P9890,C3388,8,2024-12-12,224112,15,Bangalore
S6508,P1845,C6535,14,2024-12-19,505330,0,Chandigarh
S6509,P1047,C2506,15,2025-08-26,411855,5,Bangalore
S6510,P873,C2838,4,2025-04-27,74944,5,Mumbai
S6511,P2115,C2018,4,2024-09-24,57480,5,Bangalore
S6512,P4940,C2800,13,2025-11-24,244543,0,Mumbai
S6513,P8,C2546,18,2025-09-06,774108,15,Chandigarh
S6514,P5643,C6445,14,2025-06-07,534940,15,Chandigarh
S6515,P2079,C9056,14,2026-01-10,505232,0,Bangalore
S6516,P1048,C1145,7,2024-10-19,36757,10,Pune
S6517,P6229,C8002,10,2025-05-10,325960,0,Delhi
S6518,P5631,C1285,11,2026-05-13,304623,5,Bangalore
S6519,P1894,C6050,11,2025-01-12,209506,10,Mumbai
S6520,P29,C1481,4,2026-02-10,53612,10,Chandigarh
S6521,P3045,C7180,5,2024-12-04,149685,5,Mumbai
S6522,P3851,C8592,17,2024-07-14,751077,10,Mumbai
S6523,P1205,C9480,9,2026-02-21,253872,5,Bangalore
S6524,P4442,C1481,17,2024-10-14,149498,0,Pune
S6525,P4871,C1347,8,2026-04-24,123768,10,Chandigarh
S6526,P2185,C3003,2,2025-12-08,86192,10,Delhi
S6527,P5472,C4109,17,2025-08-06,846787,5,Mumbai
S6528,P2924,C9195,19,2024-12-13,119225,15,Mumbai
S6529,P1968,C6790,11,2025-09-09,238579,0,Delhi
S6530,P1310,C4777,5,2025-01-11,195835,10,Mumbai
S6531,P3111,C667,7,2024-06-22,347032,10,Bangalore
S6532,P7287,C4270,19,2026-03-15,944946,0,Jaipur
S6533,P4206,C4213,6,2025-09-07,32916,15,Bangalore
S6534,P1924,C4495,12,2026-04-02,211356,15,Delhi
S6535,P191,C8701,14,2024-10-11,475986,10,Chandigarh
S6536,P4892,C3377,4,2024-11-24,104236,5,Chandigarh
S6537,P1396,C6978,4,2024-07-27,97196,0,Mumbai
S6538,P3088,C6264,14,2025-07-03,288680,0,Pune
S6539,P4829,C1217,17,2024-11-17,525691,0,Pune
S6540,P748,C7990,12,2025-12-31,519876,5,Pune
S6541,P2761,C9277,17,2026-04-01,679269,15,Pune
S6542,P8960,C683,8,2025-12-11,99704,10,Pune
S6543,P9002,C2589,18,2025-03-18,142128,5,Mumbai
S6544,P8589,C7097,17,2026-03-04,538645,15,Pune
S6545,P7820,C3818,2,2025-01-13,5218,5,Pune
S6546,P5777,C5652,19,2025-05-22,522671,0,Pune
S6547,P8046,C9235,14,2025-10-19,132398,15,Mumbai
S6548,P8597,C1061,16,2025-03-23,530384,15,Mumbai
S6549,P3285,C7602,8,2026-05-17,322808,15,Jaipur
S6550,P7079,C8951,9,2025-02-22,438336,15,Mumbai
S6551,P9480,C5056,16,2025-11-22,311104,5,Jaipur
S6552,P2044,C8956,4,2026-03-29,57184,0,Chandigarh
S6553,P5075,C8374,10,2025-08-06,358160,0,Jaipur
S6554,P9258,C2288,1,2025-02-09,20000,10,Bangalore
S6555,P9371,C8762,14,2025-08-14,39802,10,Bangalore
S6556,P9236,C4824,17,2024-07-17,648057,15,Jaipur
S6557,P3321,C351,9,2024-08-13,423081,10,Delhi
S6558,P2976,C8965,13,2024-08-04,374062,10,Mumbai
S6559,P9093,C2454,19,2024-10-24,640718,5,Delhi
S6560,P989,C3911,13,2025-07-28,77103,10,Bangalore
S6561,P7590,C9272,20,2025-01-14,186940,0,Jaipur
S6562,P4850,C8459,18,2026-01-22,760176,15,Jaipur
S6563,P8630,C1656,15,2024-12-24,388050,5,Pune
S6564,P2974,C4616,4,2025-06-06,133620,0,Mumbai
S6565,P2846,C706,5,2024-06-14,165155,15,Mumbai
S6566,P2929,C1692,10,2025-05-18,98050,10,Jaipur
S6567,P4525,C1303,18,2024-12-26,294750,10,Mumbai
S6568,P634,C3224,7,2024-06-25,275156,0,Pune
S6569,P2161,C6381,8,2026-01-14,330504,5,Jaipur
S6570,P37,C6746,10,2025-10-15,118100,5,Mumbai
S6571,P2377,C1543,5,2026-05-20,81990,10,Chandigarh
S6572,P8839,C1506,10,2025-11-19,103380,15,Pune
S6573,P2578,C7134,18,2026-03-03,888642,15,Pune
S6574,P6322,C353,17,2025-11-16,25466,0,Mumbai
S6575,P1472,C9134,20,2024-09-09,828880,10,Mumbai
S6576,P9930,C3463,4,2025-02-10,66180,15,Mumbai
S6577,P5364,C1787,12,2025-12-05,381156,5,Mumbai
S6578,P7544,C853,10,2025-05-02,335680,15,Delhi
S6579,P9458,C6439,12,2024-12-27,425772,15,Mumbai
S6580,P9511,C2001,3,2025-07-24,72042,10,Pune
S6581,P2437,C5677,2,2024-09-22,99012,0,Bangalore
S6582,P466,C2946,14,2025-06-06,197974,0,Bangalore
S6583,P8322,C4272,8,2025-02-06,355464,10,Pune
S6584,P3287,C9887,10,2025-03-15,162040,0,Pune
S6585,P7028,C3293,7,2025-03-22,73073,0,Pune
S6586,P9528,C7978,12,2025-10-30,537024,0,Mumbai
S6587,P9015,C962,9,2024-07-10,326754,10,Bangalore
S6588,P5508,C4140,16,2024-10-27,778352,0,Mumbai
S6589,P3316,C9055,13,2025-10-13,608010,15,Bangalore
S6590,P3446,C4737,3,2026-02-08,15804,15,Jaipur
S6591,P570,C7645,19,2025-12-13,180196,5,Jaipur
S6592,P6013,C3215,8,2024-11-18,257448,0,Jaipur
S6593,P2036,C5205,8,2024-11-17,30040,0,Bangalore
S6594,P1964,C9096,6,2025-10-04,152094,15,Delhi
S6595,P4719,C399,14,2025-10-31,544950,0,Jaipur
S6596,P6174,C4891,10,2024-12-29,81840,0,Jaipur
S6597,P2813,C3155,9,2024-12-28,227889,15,Pune
S6598,P912,C224,10,2025-07-05,49160,5,Delhi
S6599,P4790,C1655,18,2025-03-20,874278,15,Bangalore
S6600,P4539,C2218,14,2025-06-22,377342,5,Chandigarh
S6601,P5210,C6475,16,2025-02-09,221568,0,Pune
S6602,P9327,C7086,8,2025-09-15,318536,0,Chandigarh
S6603,P3727,C8307,10,2025-01-19,90740,10,Jaipur
S6604,P6539,C5617,2,2026-01-19,78116,5,Delhi
S6605,P2222,C4746,11,2024-11-28,113256,5,Mumbai
S6606,P9489,C1453,14,2024-12-02,79072,5,Chandigarh
S6607,P2558,C5346,2,2025-07-24,38870,15,Delhi
S6608,P5078,C8605,17,2025-09-17,430797,0,Pune
S6609,P8825,C7538,3,2024-08-30,96063,10,Mumbai
S6610,P1918,C7351,19,2025-10-16,463942,15,Pune
S6611,P7626,C2611,12,2025-09-16,560004,15,Mumbai
S6612,P6558,C634,9,2026-03-27,304992,0,Jaipur
S6613,P2164,C7776,4,2025-08-25,12408,0,Delhi
S6614,P1239,C4395,3,2026-01-25,59916,5,Mumbai
S6615,P1865,C261,3,2024-09-29,79917,10,Pune
S6616,P6856,C2984,2,2025-06-26,98248,0,Pune
S6617,P2553,C4178,17,2024-09-22,686834,10,Jaipur
S6618,P8803,C8317,7,2025-01-24,96523,10,Chandigarh
S6619,P7605,C596,7,2024-07-25,269262,5,Chandigarh
S6620,P8496,C5634,12,2026-05-02,72672,10,Jaipur
S6621,P8293,C2944,2,2025-05-13,94652,0,Bangalore
S6622,P1796,C4802,8,2025-03-04,126488,10,Jaipur
S6623,P4030,C5112,20,2025-05-06,280360,15,Chandigarh
S6624,P4726,C5449,20,2026-02-19,996720,5,Delhi
S6625,P8513,C9991,14,2026-04-29,407204,15,Chandigarh
S6626,P559,C1598,20,2024-05-29,650880,0,Bangalore
S6627,P4725,C7492,19,2025-12-15,183825,10,Delhi
S6628,P2040,C9797,9,2026-03-29,213282,5,Delhi
S6629,P8269,C5622,2,2025-02-10,5788,0,Chandigarh
S6630,P9153,C6824,9,2026-04-09,436437,10,Jaipur
S6631,P5736,C2708,12,2024-08-06,20256,0,Delhi
S6632,P6067,C3693,14,2025-04-18,448602,10,Mumbai
S6633,P607,C2250,8,2024-12-11,72016,10,Delhi
S6634,P6952,C6594,17,2025-09-08,619752,15,Delhi
S6635,P2035,C946,11,2025-11-21,107723,15,Jaipur
S6636,P1681,C2801,5,2025-05-26,55695,5,Bangalore
S6637,P8999,C9992,3,2025-06-30,135381,0,Delhi
S6638,P3097,C4664,1,2026-02-06,25266,0,Bangalore
S6639,P2216,C3423,9,2024-12-11,12960,15,Pune
S6640,P3022,C2212,6,2024-06-03,288066,0,Chandigarh
S6641,P6860,C4720,19,2024-10-28,774763,15,Delhi
S6642,P4675,C3704,20,2025-02-27,447520,10,Bangalore
S6643,P6782,C8655,9,2024-06-26,395883,10,Mumbai
S6644,P5275,C4216,18,2024-12-10,638010,10,Bangalore
S6645,P319,C9625,16,2025-04-26,415632,10,Pune
S6646,P4868,C4089,11,2026-02-05,547206,15,Chandigarh
S6647,P2064,C9032,10,2026-02-05,332960,0,Mumbai
S6648,P114,C421,20,2025-09-22,91220,10,Chandigarh
S6649,P3455,C2710,13,2026-04-26,196326,10,Mumbai
S6650,P1968,C4157,1,2024-05-30,19364,5,Jaipur
S6651,P3811,C9579,1,2024-09-09,34825,5,Jaipur
S6652,P5704,C167,12,2025-09-16,90852,0,Chandigarh
S6653,P2652,C7190,5,2025-07-25,102340,5,Jaipur
S6654,P8207,C8572,1,2025-05-25,41823,15,Jaipur
S6655,P1976,C6681,19,2026-03-10,379335,15,Delhi
S6656,P4968,C9303,3,2025-03-08,124830,0,Pune
S6657,P8263,C7149,16,2025-10-02,27904,10,Bangalore
S6658,P541,C714,16,2026-03-30,390224,5,Bangalore
S6659,P50,C9371,5,2025-01-07,10010,5,Chandigarh
S6660,P9168,C6022,20,2026-02-16,800400,0,Bangalore
S6661,P9689,C8894,12,2024-11-08,426000,10,Jaipur
S6662,P5207,C4652,5,2025-12-16,233595,5,Mumbai
S6663,P5932,C8390,18,2026-04-05,576576,10,Pune
S6664,P6934,C7975,18,2024-07-25,133128,5,Chandigarh
S6665,P639,C7901,19,2026-04-06,662891,15,Pune
S6666,P2749,C7717,17,2025-12-31,451112,5,Mumbai
S6667,P9260,C3659,20,2025-08-13,459860,0,Chandigarh
S6668,P8279,C3383,17,2025-09-17,495261,5,Delhi
S6669,P4165,C8115,19,2026-01-09,418551,0,Chandigarh
S6670,P1409,C9277,18,2025-02-24,273330,10,Delhi
S6671,P4350,C9533,1,2024-05-31,29953,10,Jaipur
S6672,P8788,C1790,17,2025-07-31,458643,15,Delhi
S6673,P2483,C3304,20,2025-06-15,315780,15,Delhi
S6674,P2093,C8804,8,2025-08-24,61448,0,Jaipur
S6675,P5265,C5789,4,2024-07-13,141988,5,Chandigarh
S6676,P4797,C2171,10,2025-10-28,338400,0,Delhi
S6677,P6530,C8346,7,2025-05-02,149968,15,Jaipur
S6678,P2676,C6893,2,2024-10-19,75414,15,Bangalore
S6679,P5809,C2663,18,2025-03-27,587718,10,Mumbai
S6680,P8021,C8840,11,2024-07-12,246840,10,Pune
S6681,P3210,C9517,2,2025-08-08,85332,10,Delhi
S6682,P4964,C1465,16,2025-02-16,724208,0,Mumbai
S6683,P1759,C5587,1,2024-09-29,21720,0,Pune
S6684,P6798,C6973,5,2025-01-30,71685,15,Delhi
S6685,P7655,C1783,10,2025-10-09,342050,10,Bangalore
S6686,P5409,C744,2,2026-01-15,79658,5,Chandigarh
S6687,P3262,C452,17,2024-10-31,228106,10,Mumbai
S6688,P1143,C4847,11,2025-07-18,343376,5,Pune
S6689,P1790,C796,16,2026-02-17,794016,10,Jaipur
S6690,P7834,C938,5,2024-06-06,195050,5,Delhi
S6691,P9415,C1590,10,2025-03-26,287320,0,Bangalore
S6692,P5280,C164,9,2024-06-23,52011,10,Mumbai
S6693,P7401,C5727,6,2025-10-21,142212,15,Chandigarh
S6694,P3571,C225,6,2025-08-12,69234,10,Chandigarh
S6695,P296,C7687,5,2025-06-16,148470,15,Mumbai
S6696,P2444,C2747,4,2025-01-22,51636,0,Chandigarh
S6697,P5876,C6738,4,2025-05-15,140012,5,Pune
S6698,P2614,C5763,8,2025-10-16,70488,0,Chandigarh
S6699,P7790,C6152,10,2026-02-15,83170,5,Mumbai
S6700,P9698,C4718,12,2025-03-22,552648,0,Jaipur
S6701,P5472,C1084,2,2025-09-16,32258,15,Mumbai
S6702,P5878,C1732,8,2026-01-16,222080,10,Delhi
S6703,P5524,C587,12,2026-05-28,283188,0,Jaipur
S6704,P9908,C1130,13,2024-09-07,291876,10,Bangalore
S6705,P9957,C4211,12,2025-07-02,594912,15,Mumbai
S6706,P275,C5625,16,2025-12-29,110848,15,Delhi
S6707,P7001,C6403,3,2024-10-17,27183,10,Chandigarh
S6708,P3896,C5636,2,2025-12-29,24138,15,Mumbai
S6709,P4763,C3759,11,2024-08-30,48543,0,Bangalore
S6710,P7288,C5268,11,2025-12-27,288882,10,Delhi
S6711,P1333,C8129,19,2026-03-07,939588,15,Delhi
S6712,P8266,C6555,5,2024-11-09,226165,5,Chandigarh
S6713,P5722,C9941,16,2025-09-06,208048,10,Mumbai
S6714,P2270,C5280,13,2025-03-30,540787,5,Chandigarh
S6715,P2625,C861,19,2025-10-23,557897,15,Jaipur
S6716,P9083,C2099,5,2026-04-03,169565,10,Jaipur
S6717,P4717,C5651,15,2025-02-05,720660,0,Pune
S6718,P423,C2299,3,2026-05-28,108405,0,Jaipur
S6719,P8269,C9663,5,2026-05-01,53025,5,Delhi
S6720,P5101,C6673,14,2025-10-12,18494,5,Pune
S6721,P4447,C2812,5,2026-05-11,113220,0,Mumbai
S6722,P2648,C1344,4,2025-12-17,47432,15,Bangalore
S6723,P3925,C2606,17,2025-01-12,676685,0,Jaipur
S6724,P4609,C6352,11,2024-09-21,368434,10,Mumbai
S6725,P7742,C9638,11,2025-09-04,469161,0,Delhi
S6726,P3534,C6053,11,2025-05-30,335016,5,Pune
S6727,P7202,C391,12,2024-07-05,162300,0,Pune
S6728,P6510,C8074,14,2026-01-12,291466,5,Mumbai
S6729,P9880,C5428,16,2024-06-21,738688,15,Chandigarh
S6730,P2598,C9391,2,2024-08-01,24000,15,Delhi
S6731,P3741,C9637,8,2024-07-28,218680,15,Chandigarh
S6732,P661,C7818,6,2025-01-18,262002,10,Bangalore
S6733,P7306,C7772,17,2025-10-03,816017,15,Delhi
S6734,P9083,C9350,6,2025-05-30,21366,0,Mumbai
S6735,P2399,C4896,8,2025-06-07,334392,0,Mumbai
S6736,P2241,C6277,1,2025-04-16,31899,10,Delhi
S6737,P9733,C5603,2,2024-08-11,51356,0,Pune
S6738,P3854,C2216,12,2025-11-17,164376,15,Delhi
S6739,P6439,C5477,15,2025-01-21,342660,0,Chandigarh
S6740,P9366,C4886,3,2025-04-06,124398,10,Chandigarh
S6741,P5824,C4930,4,2025-03-22,187868,10,Chandigarh
S6742,P7631,C3827,8,2025-01-20,293272,0,Mumbai
S6743,P7599,C4072,11,2025-05-24,444114,0,Chandigarh
S6744,P6121,C7517,19,2024-12-30,196327,5,Bangalore
S6745,P6805,C4895,15,2024-12-14,607620,10,Delhi
S6746,P5422,C2516,2,2025-02-12,65096,0,Bangalore
S6747,P9875,C2914,8,2025-03-27,376224,0,Chandigarh
S6748,P6195,C2376,7,2025-07-24,169575,0,Chandigarh
S6749,P7321,C2294,16,2024-09-06,583984,15,Pune
S6750,P8406,C2515,10,2026-04-27,335980,10,Chandigarh
S6751,P6019,C5530,10,2026-04-04,76200,5,Jaipur
S6752,P1569,C2766,10,2026-03-30,453480,15,Chandigarh
S6753,P6796,C1393,13,2025-06-18,646087,5,Bangalore
S6754,P5535,C8357,19,2026-02-23,793516,15,Bangalore
S6755,P7648,C2461,18,2026-01-14,667476,5,Bangalore
S6756,P2228,C6206,1,2025-12-29,34613,0,Jaipur
S6757,P5873,C5221,10,2026-01-16,444320,5,Pune
S6758,P4562,C4108,5,2026-01-30,85265,10,Delhi
S6759,P8379,C5668,16,2026-01-19,338240,10,Delhi
S6760,P2944,C2357,5,2024-12-30,34625,5,Jaipur
S6761,P5861,C9479,12,2024-12-30,396276,10,Pune
S6762,P3302,C3447,13,2026-04-16,463723,15,Bangalore
S6763,P2049,C7666,18,2024-11-07,511758,0,Chandigarh
S6764,P4244,C2567,15,2026-01-05,256845,10,Chandigarh
S6765,P8847,C6438,1,2025-09-16,18901,10,Jaipur
S6766,P9839,C2802,11,2026-04-22,502909,15,Delhi
S6767,P524,C1838,14,2026-05-05,313390,15,Pune
S6768,P5702,C5724,2,2024-10-15,9694,0,Chandigarh
S6769,P446,C7909,14,2026-02-01,242774,10,Bangalore
S6770,P7889,C6349,7,2026-04-16,349013,0,Jaipur
S6771,P4551,C1598,6,2024-07-21,135060,10,Pune
S6772,P8635,C5106,12,2025-07-28,475008,10,Pune
S6773,P7577,C1485,7,2024-07-29,327908,15,Chandigarh
S6774,P3117,C9408,15,2025-09-11,26070,10,Pune
S6775,P3686,C8926,10,2025-09-26,482660,0,Delhi
S6776,P610,C6508,8,2025-09-28,161488,0,Delhi
S6777,P9692,C9705,9,2025-12-16,256212,5,Mumbai
S6778,P2125,C3334,17,2025-08-16,199682,15,Jaipur
S6779,P8564,C4682,6,2025-05-13,253626,0,Chandigarh
S6780,P5922,C8889,14,2025-11-20,293538,10,Jaipur
S6781,P3199,C8268,19,2024-11-06,263682,15,Delhi
S6782,P560,C9221,3,2024-07-09,23055,15,Chandigarh
S6783,P3285,C7646,12,2024-11-19,527076,0,Delhi
S6784,P9193,C9831,19,2025-07-10,100985,10,Delhi
S6785,P9537,C5194,12,2025-11-21,497160,0,Mumbai
S6786,P1220,C3093,14,2024-11-17,224448,15,Pune
S6787,P2072,C1260,13,2025-12-25,595309,15,Delhi
S6788,P9512,C1972,8,2024-07-19,20656,0,Jaipur
S6789,P2620,C5949,19,2024-08-22,177479,5,Chandigarh
S6790,P3331,C609,15,2026-03-24,378930,5,Jaipur
S6791,P2676,C2359,14,2026-01-13,471128,15,Mumbai
S6792,P5281,C1684,4,2024-06-12,23936,10,Bangalore
S6793,P7400,C8988,6,2025-06-28,178962,0,Chandigarh
S6794,P736,C579,1,2025-09-29,42416,10,Bangalore
S6795,P5360,C5749,11,2024-09-22,341077,5,Chandigarh
S6796,P9935,C377,3,2025-10-07,23406,15,Mumbai
S6797,P5687,C5910,16,2025-10-29,513648,10,Pune
S6798,P8846,C3518,3,2026-03-01,13770,0,Jaipur
S6799,P3329,C7641,18,2024-12-27,337644,5,Delhi
S6800,P4212,C9290,1,2024-07-23,3671,5,Bangalore
S6801,P8029,C7769,16,2025-08-13,493424,15,Pune
S6802,P4782,C4674,10,2025-07-15,203110,0,Chandigarh
S6803,P6660,C5156,19,2025-06-05,317965,15,Delhi
S6804,P5209,C4230,14,2025-02-26,664986,0,Pune
S6805,P9186,C6195,13,2025-10-30,416988,5,Pune
S6806,P3748,C21,6,2025-06-25,228972,5,Chandigarh
S6807,P8059,C6395,18,2025-09-22,744588,15,Bangalore
S6808,P7443,C4590,5,2025-08-01,151220,10,Bangalore
S6809,P2968,C7567,6,2025-04-13,283860,5,Mumbai
S6810,P2479,C1525,13,2025-03-01,486759,15,Mumbai
S6811,P9146,C6633,15,2024-06-20,210210,15,Delhi
S6812,P5353,C2272,6,2025-11-08,210792,5,Pune
S6813,P4755,C5412,8,2025-01-05,322184,0,Pune
S6814,P8072,C5577,13,2024-08-04,492856,5,Chandigarh
S6815,P1154,C6588,5,2026-03-21,205385,15,Jaipur
S6816,P5915,C6216,6,2025-10-06,252282,5,Jaipur
S6817,P479,C3465,12,2024-06-23,584064,15,Bangalore
S6818,P891,C4941,7,2025-04-17,253099,0,Chandigarh
S6819,P9467,C4591,18,2025-10-14,294138,10,Bangalore
S6820,P6706,C4484,2,2024-09-17,79392,10,Pune
S6821,P3560,C8191,10,2024-07-25,486520,15,Pune
S6822,P9342,C9703,4,2025-08-03,47068,5,Chandigarh
S6823,P2537,C5513,14,2025-12-11,142982,5,Pune
S6824,P5203,C217,18,2025-12-20,159804,5,Pune
S6825,P485,C8287,2,2024-11-19,75358,5,Mumbai
S6826,P1578,C5720,4,2025-06-20,94872,10,Mumbai
S6827,P8675,C7558,20,2025-01-10,758280,10,Bangalore
S6828,P4861,C2634,8,2026-04-06,392528,5,Chandigarh
S6829,P5432,C4443,2,2026-01-19,34246,10,Delhi
S6830,P6013,C3437,6,2025-07-02,198942,10,Jaipur
S6831,P3792,C6867,2,2025-08-05,3032,15,Jaipur
S6832,P7876,C2858,18,2025-11-25,855306,10,Bangalore
S6833,P1431,C8835,19,2026-04-15,285931,10,Jaipur
S6834,P6719,C7875,15,2025-07-17,612315,0,Delhi
S6835,P6473,C3635,5,2024-11-06,39275,10,Mumbai
S6836,P2876,C8100,2,2025-07-09,47272,10,Jaipur
S6837,P6870,C5260,9,2025-06-21,442233,0,Pune
S6838,P9530,C6971,5,2024-11-05,175905,5,Mumbai
S6839,P581,C4495,17,2025-07-31,121329,0,Chandigarh
S6840,P4320,C894,13,2025-12-07,331877,15,Jaipur
S6841,P5611,C3,8,2025-02-28,126536,5,Chandigarh
S6842,P4984,C6114,8,2025-10-04,384168,15,Delhi
S6843,P5715,C7393,1,2025-11-10,9766,15,Jaipur
S6844,P606,C8286,18,2024-10-19,169020,10,Mumbai
S6845,P2390,C8542,3,2025-06-29,143601,0,Pune
S6846,P9187,C5964,14,2025-05-02,359212,15,Delhi
S6847,P282,C2786,18,2024-06-16,267264,15,Mumbai
S6848,P874,C8982,2,2025-08-24,65828,5,Delhi
S6849,P9542,C2257,17,2025-06-10,559980,5,Bangalore
S6850,P2987,C6219,3,2024-07-29,37038,5,Chandigarh
S6851,P2169,C5867,13,2025-02-21,207935,15,Pune
S6852,P3697,C5470,17,2025-07-07,609960,0,Pune
S6853,P1499,C6722,16,2025-04-22,757888,0,Delhi
S6854,P8496,C8648,20,2025-05-30,214280,10,Pune
S6855,P8913,C8882,12,2026-04-22,563448,15,Bangalore
S6856,P1590,C325,20,2024-11-30,52460,0,Pune
S6857,P2536,C498,4,2025-01-17,193780,0,Jaipur
S6858,P6372,C387,7,2025-01-12,115094,15,Bangalore
S6859,P8357,C5088,4,2025-11-04,52280,0,Jaipur
S6860,P6307,C6441,18,2026-01-02,498726,15,Mumbai
S6861,P7135,C731,8,2024-08-21,324872,10,Delhi
S6862,P6393,C1970,10,2025-02-03,286400,5,Chandigarh
S6863,P1846,C2759,7,2024-06-12,282030,5,Bangalore
S6864,P1280,C6762,3,2025-12-20,45708,10,Chandigarh
S6865,P7359,C3859,13,2024-12-26,463697,5,Bangalore
S6866,P2491,C583,8,2025-12-05,367216,10,Mumbai
S6867,P5895,C4257,14,2025-11-24,252602,5,Pune
S6868,P3329,C7676,11,2025-12-20,169972,15,Pune
S6869,P1878,C8093,14,2025-12-13,279776,0,Delhi
S6870,P353,C6556,17,2026-03-06,241706,15,Pune
S6871,P8741,C2628,10,2025-09-16,195140,0,Chandigarh
S6872,P1529,C7463,10,2026-05-03,467160,15,Mumbai
S6873,P48,C5660,5,2025-09-22,162245,5,Chandigarh
S6874,P9559,C9116,18,2025-06-14,380088,0,Bangalore
S6875,P3863,C6602,13,2025-05-12,45019,15,Pune
S6876,P7283,C9333,17,2026-05-13,767057,10,Jaipur
S6877,P6090,C3852,5,2026-05-12,101130,5,Delhi
S6878,P1998,C8376,19,2026-05-07,244834,10,Bangalore
S6879,P8830,C4223,19,2025-04-14,98420,5,Bangalore
S6880,P9460,C6285,3,2024-07-02,130008,5,Pune
S6881,P1782,C3989,12,2024-09-11,84492,10,Pune
S6882,P6672,C9973,16,2025-08-01,723296,5,Chandigarh
S6883,P9813,C1422,18,2025-10-19,31392,5,Delhi
S6884,P1529,C991,2,2024-10-05,70828,5,Bangalore
S6885,P1461,C2621,1,2026-02-26,2948,15,Mumbai
S6886,P8397,C4816,10,2025-02-17,150200,15,Mumbai
S6887,P7930,C2619,10,2024-06-19,136480,10,Chandigarh
S6888,P2466,C3668,4,2026-01-29,64012,5,Bangalore
S6889,P3844,C1131,18,2026-05-08,607050,15,Chandigarh
S6890,P7772,C3433,1,2025-03-28,23596,5,Jaipur
S6891,P8931,C1449,3,2025-04-28,12489,0,Jaipur
S6892,P4652,C3047,12,2026-02-28,225492,10,Bangalore
S6893,P9225,C5768,20,2025-06-25,216260,15,Bangalore
S6894,P9005,C2411,16,2025-01-24,91168,10,Chandigarh
S6895,P4483,C1219,12,2024-11-16,439236,15,Jaipur
S6896,P9934,C5839,16,2025-04-28,502608,0,Delhi
S6897,P5944,C4985,10,2026-02-04,289930,10,Mumbai
S6898,P3178,C9823,12,2024-08-25,53100,10,Delhi
S6899,P4976,C916,5,2024-08-21,247855,0,Pune
S6900,P3890,C8407,12,2025-04-19,368916,10,Delhi
S6901,P6006,C74,4,2025-05-26,122580,15,Mumbai
S6902,P8820,C9580,16,2025-07-04,91696,10,Chandigarh
S6903,P1043,C8881,3,2025-09-25,35475,0,Chandigarh
S6904,P1232,C9751,10,2025-01-27,314790,10,Bangalore
S6905,P46,C4495,1,2025-11-09,28659,15,Jaipur
S6906,P1426,C7751,18,2026-01-04,174888,10,Delhi
S6907,P2057,C1259,11,2024-07-02,142494,0,Delhi
S6908,P4021,C9895,1,2025-12-21,47271,5,Pune
S6909,P1371,C620,12,2024-08-18,261576,15,Mumbai
S6910,P5543,C9400,17,2025-07-07,280313,15,Pune
S6911,P2540,C4819,1,2025-11-05,17492,15,Jaipur
S6912,P3701,C9337,9,2024-05-31,402813,15,Jaipur
S6913,P8445,C2753,20,2025-01-11,546780,10,Bangalore
S6914,P4545,C7499,17,2026-05-16,125137,5,Bangalore
S6915,P724,C1402,9,2025-10-30,292887,5,Delhi
S6916,P5255,C2389,1,2025-12-17,45298,5,Pune
S6917,P6717,C6749,3,2025-04-08,106443,0,Pune
S6918,P1803,C880,20,2024-11-18,369560,5,Jaipur
S6919,P8687,C7623,20,2024-11-25,454200,10,Delhi
S6920,P8073,C7210,1,2024-10-22,42843,15,Chandigarh
S6921,P2372,C2826,16,2026-04-07,363888,5,Bangalore
S6922,P4369,C2768,14,2025-05-21,305186,15,Jaipur
S6923,P9828,C7445,3,2026-02-26,10260,0,Jaipur
S6924,P1842,C8338,10,2025-12-31,35330,5,Chandigarh
S6925,P5508,C8185,11,2024-07-10,307989,0,Jaipur
S6926,P4867,C8913,2,2025-04-19,52742,0,Chandigarh
S6927,P4550,C3939,19,2024-10-16,758879,15,Mumbai
S6928,P6960,C5093,10,2026-03-05,15090,10,Bangalore
S6929,P9786,C2389,17,2025-06-28,730082,0,Delhi
S6930,P7919,C7987,4,2025-09-08,51080,15,Delhi
S6931,P8457,C4125,16,2026-01-28,277120,15,Bangalore
S6932,P8081,C2771,10,2024-12-02,263110,10,Chandigarh
S6933,P8392,C7099,2,2024-09-16,65972,10,Bangalore
S6934,P644,C4271,19,2024-10-13,943179,15,Delhi
S6935,P7210,C3842,4,2025-03-08,102376,15,Mumbai
S6936,P8373,C2556,16,2024-05-29,118656,10,Delhi
S6937,P2593,C2138,7,2024-10-11,238231,15,Bangalore
S6938,P4328,C9721,20,2024-11-17,595500,5,Pune
S6939,P7064,C2606,13,2026-01-03,189748,15,Jaipur
S6940,P9665,C2206,14,2026-05-11,191016,0,Mumbai
S6941,P7376,C1992,17,2024-12-11,579207,10,Mumbai
S6942,P8781,C2434,15,2026-01-10,104700,5,Pune
S6943,P9460,C1017,5,2025-02-21,52155,5,Pune
S6944,P6766,C5711,1,2025-01-14,15769,15,Jaipur
S6945,P2591,C9472,17,2024-07-26,410788,15,Delhi
S6946,P8855,C7255,5,2025-11-09,220470,15,Chandigarh
S6947,P1581,C4315,1,2025-08-27,35541,5,Delhi
S6948,P9387,C9341,16,2025-01-12,281552,5,Pune
S6949,P9022,C5187,4,2025-09-26,146528,5,Mumbai
S6950,P5647,C4425,1,2026-01-07,43560,10,Jaipur
S6951,P831,C6294,16,2025-02-13,492352,0,Mumbai
S6952,P5857,C5379,18,2025-06-25,277182,10,Jaipur
S6953,P118,C161,20,2024-08-04,385080,5,Delhi
S6954,P664,C8707,11,2025-02-19,410894,15,Delhi
S6955,P2303,C4133,15,2024-07-12,416055,15,Delhi
S6956,P2447,C328,19,2025-10-11,483512,10,Mumbai
S6957,P7989,C8056,6,2024-08-21,295614,10,Mumbai
S6958,P1817,C4309,3,2025-05-05,15135,5,Delhi
S6959,P1592,C947,4,2024-12-13,177320,0,Delhi
S6960,P3515,C3432,17,2025-01-24,59398,0,Jaipur
S6961,P7619,C4031,8,2025-02-21,357648,10,Pune
S6962,P6023,C548,14,2025-05-18,554106,10,Delhi
S6963,P5037,C6807,16,2024-12-18,183008,15,Jaipur
S6964,P4525,C659,15,2025-08-16,442455,15,Mumbai
S6965,P5815,C6290,10,2025-06-04,368450,0,Jaipur
S6966,P8581,C9936,16,2025-11-20,584960,15,Bangalore
S6967,P2645,C3130,11,2024-12-16,353738,10,Mumbai
S6968,P8427,C9156,12,2025-07-16,40392,5,Mumbai
S6969,P334,C600,8,2025-12-25,99672,10,Jaipur
S6970,P1630,C1693,7,2024-10-22,111174,10,Bangalore
S6971,P6070,C6828,8,2026-03-12,255984,15,Chandigarh
S6972,P9636,C5565,7,2025-01-23,208880,5,Chandigarh
S6973,P1260,C3818,5,2025-02-17,204300,10,Chandigarh
S6974,P7061,C990,20,2026-05-07,424140,5,Bangalore
S6975,P2984,C2374,18,2025-08-04,385020,15,Mumbai
S6976,P545,C9942,6,2026-02-16,247584,10,Jaipur
S6977,P7426,C8930,6,2025-05-28,108996,5,Bangalore
S6978,P4938,C4187,11,2025-09-28,539495,15,Pune
S6979,P6670,C4655,12,2026-01-18,578832,10,Mumbai
S6980,P5564,C4135,15,2025-09-16,75255,0,Bangalore
S6981,P3877,C7856,10,2025-06-26,182560,0,Pune
S6982,P1123,C5288,9,2025-07-11,396225,15,Bangalore
S6983,P4275,C6316,11,2025-12-09,215380,0,Chandigarh
S6984,P3455,C8486,5,2025-08-12,145530,15,Mumbai
S6985,P5008,C4162,1,2024-07-07,48219,10,Chandigarh
S6986,P4087,C174,11,2025-03-01,63415,10,Jaipur
S6987,P9005,C1589,5,2024-08-04,16605,5,Mumbai
S6988,P6006,C8849,13,2025-12-22,202280,15,Mumbai
S6989,P311,C6504,15,2025-07-06,164055,5,Jaipur
S6990,P5636,C3152,13,2025-05-11,494676,0,Mumbai
S6991,P4309,C3909,7,2024-09-11,286272,15,Pune
S6992,P2312,C5621,16,2026-04-04,679360,5,Pune
S6993,P2804,C4490,7,2024-11-08,336749,0,Mumbai
S6994,P275,C7311,14,2026-03-28,101878,0,Pune
S6995,P4184,C8104,10,2026-02-25,180990,10,Jaipur
S6996,P1987,C1442,13,2024-08-02,339014,15,Chandigarh
S6997,P8363,C6547,18,2025-07-12,121302,5,Pune
S6998,P3677,C4947,12,2025-01-24,88596,0,Bangalore
S6999,P1199,C6880,15,2025-10-03,278445,10,Jaipur
S7000,P8855,C2166,11,2025-03-25,93038,5,Bangalore
S7001,P4306,C8168,19,2025-05-08,676400,0,Chandigarh
S7002,P6431,C5470,13,2025-05-20,397150,15,Chandigarh
S7003,P7569,C1497,12,2024-08-31,587892,15,Pune
S7004,P7440,C6368,15,2025-01-31,454065,10,Mumbai
S7005,P7259,C8255,6,2026-03-16,18420,5,Delhi
S7006,P3568,C8549,19,2025-12-15,788766,15,Chandigarh
S7007,P4849,C5252,9,2024-11-02,362403,0,Mumbai
S7008,P1328,C749,20,2025-05-21,502660,5,Chandigarh
S7009,P5948,C1781,17,2025-10-29,657900,10,Delhi
S7010,P8010,C1614,13,2024-07-28,133523,10,Delhi
S7011,P8588,C4499,6,2024-11-30,205104,10,Bangalore
S7012,P576,C5010,15,2024-07-05,44370,10,Pune
S7013,P7971,C6010,13,2024-06-09,90376,0,Delhi
S7014,P2076,C4701,10,2024-10-15,323250,15,Pune
S7015,P6619,C2136,14,2024-12-23,474684,5,Delhi
S7016,P6185,C7355,18,2025-05-27,655830,5,Pune
S7017,P8855,C3714,12,2025-11-30,300924,10,Pune
S7018,P2482,C7629,13,2026-01-21,240149,15,Delhi
S7019,P1689,C6954,7,2025-09-04,183624,5,Mumbai
S7020,P3930,C5610,12,2024-07-23,266280,0,Bangalore
S7021,P5218,C3421,19,2025-01-07,777898,15,Bangalore
S7022,P5491,C7340,12,2026-02-01,77256,10,Pune
S7023,P9372,C8772,17,2025-06-30,650471,15,Chandigarh
S7024,P5287,C9336,10,2025-08-31,286080,5,Delhi
S7025,P2344,C3834,8,2025-02-08,113808,0,Chandigarh
S7026,P6360,C3708,10,2026-03-31,255070,15,Mumbai
S7027,P443,C2895,2,2025-01-18,35094,5,Mumbai
S7028,P9333,C5362,8,2024-07-11,360400,5,Chandigarh
S7029,P9690,C2405,11,2024-07-05,230142,5,Pune
S7030,P834,C5466,12,2026-02-28,584124,15,Pune
S7031,P2350,C5074,17,2025-02-03,738871,15,Mumbai
S7032,P3720,C8603,12,2026-01-06,198192,10,Bangalore
S7033,P8181,C750,14,2025-04-23,652652,0,Mumbai
S7034,P4668,C7914,12,2025-10-17,296508,0,Jaipur
S7035,P3003,C9948,11,2026-04-12,368467,5,Jaipur
S7036,P6079,C3780,13,2024-07-07,149526,10,Pune
S7037,P1247,C7818,20,2025-08-24,106720,10,Delhi
S7038,P5887,C4954,9,2025-07-14,185229,10,Bangalore
S7039,P3166,C4123,1,2025-07-08,18373,0,Pune
S7040,P3139,C6921,14,2024-07-23,66948,0,Delhi
S7041,P1902,C6129,17,2025-12-06,203303,0,Chandigarh
S7042,P2645,C6053,9,2025-06-13,42309,5,Bangalore
S7043,P5092,C3405,5,2024-09-22,99185,15,Delhi
S7044,P5144,C6778,4,2025-12-11,26356,15,Bangalore
S7045,P9239,C2763,19,2024-09-26,614555,10,Delhi
S7046,P9452,C1133,16,2024-09-30,176000,10,Pune
S7047,P4852,C6142,7,2025-08-22,69237,5,Jaipur
S7048,P4734,C8795,8,2025-12-24,238984,15,Bangalore
S7049,P628,C5035,2,2025-09-30,89458,10,Jaipur
S7050,P2307,C5991,18,2024-08-24,757368,10,Pune
S7051,P8070,C2474,14,2025-01-27,364826,5,Pune
S7052,P1807,C3667,20,2025-07-13,99100,10,Bangalore
S7053,P6279,C2105,1,2025-09-10,30662,15,Bangalore
S7054,P4076,C5181,9,2024-10-24,268227,5,Mumbai
S7055,P9878,C5339,14,2025-09-14,38192,10,Bangalore
S7056,P737,C8814,12,2024-09-11,55236,15,Delhi
S7057,P5884,C3837,19,2025-03-24,643074,15,Delhi
S7058,P6878,C874,11,2025-02-08,151492,15,Jaipur
S7059,P6863,C5282,5,2025-07-14,6680,15,Pune
S7060,P9466,C9608,6,2024-06-29,281562,5,Chandigarh
S7061,P986,C4502,9,2025-09-12,377766,10,Pune
S7062,P6119,C879,19,2025-08-23,314469,5,Mumbai
S7063,P7325,C5758,8,2025-09-09,87936,10,Jaipur
S7064,P1299,C7048,12,2026-02-15,533220,15,Bangalore
S7065,P2314,C4966,7,2025-05-18,312074,0,Chandigarh
S7066,P2177,C6465,8,2026-02-13,61736,0,Chandigarh
S7067,P5744,C3410,8,2025-08-04,342856,15,Mumbai
S7068,P9270,C517,6,2025-12-11,262152,15,Delhi
S7069,P4356,C9872,16,2026-03-24,160000,15,Jaipur
S7070,P9389,C6890,19,2026-01-25,462175,0,Bangalore
S7071,P4492,C7702,16,2025-06-01,502736,5,Chandigarh
S7072,P2953,C6964,14,2026-02-23,64638,0,Chandigarh
S7073,P2078,C1171,12,2024-09-17,114420,5,Delhi
S7074,P979,C4919,19,2024-09-26,411008,5,Delhi
S7075,P1590,C296,5,2024-05-29,34115,0,Mumbai
S7076,P2571,C3921,18,2024-09-20,656478,10,Jaipur
S7077,P6915,C7937,12,2026-05-10,339900,10,Jaipur
S7078,P590,C3726,17,2026-03-16,828359,5,Mumbai
S7079,P8159,C2602,2,2026-03-27,75064,5,Pune
S7080,P9663,C1327,11,2024-10-16,282909,5,Delhi
S7081,P9580,C406,10,2026-03-27,238770,5,Jaipur
S7082,P9472,C4143,2,2025-05-18,71254,10,Mumbai
S7083,P5932,C1907,13,2026-02-14,520039,15,Bangalore
S7084,P4043,C1254,13,2025-08-06,115128,5,Bangalore
S7085,P2490,C1229,18,2025-01-10,136242,5,Delhi
S7086,P5623,C5859,13,2025-07-21,559858,0,Mumbai
S7087,P4321,C1067,17,2024-08-11,535398,15,Jaipur
S7088,P9221,C2042,1,2025-09-07,20766,0,Pune
S7089,P8194,C2833,20,2025-02-25,552440,5,Jaipur
S7090,P732,C9671,17,2025-12-09,58888,0,Mumbai
S7091,P885,C6751,13,2025-12-06,237302,5,Mumbai
S7092,P7104,C8952,12,2024-07-19,202908,5,Delhi
S7093,P9736,C1657,12,2024-12-06,172620,0,Chandigarh
S7094,P8914,C1468,11,2025-11-19,443916,0,Delhi
S7095,P9107,C3940,9,2024-10-18,128007,5,Mumbai
S7096,P8507,C9952,16,2025-10-14,53152,0,Delhi
S7097,P672,C2144,19,2026-02-11,796917,5,Bangalore
S7098,P8216,C5081,6,2025-08-05,267264,10,Chandigarh
S7099,P9053,C7698,3,2025-05-22,80343,10,Delhi
S7100,P9513,C5187,1,2024-08-02,42549,15,Pune
S7101,P9330,C540,9,2024-09-13,74646,10,Bangalore
S7102,P9918,C2745,6,2024-09-04,187746,0,Mumbai
S7103,P6649,C3718,5,2024-06-15,228495,5,Chandigarh
S7104,P8090,C9530,6,2025-05-09,91884,5,Pune
S7105,P1449,C7642,2,2025-06-09,60668,0,Bangalore
S7106,P9385,C6618,11,2024-12-21,456511,15,Chandigarh
S7107,P3698,C9397,3,2025-03-31,108180,15,Chandigarh
S7108,P6970,C9045,12,2025-02-20,523476,5,Bangalore
S7109,P4182,C3717,16,2025-03-31,705280,5,Mumbai
S7110,P8646,C9509,16,2025-10-15,780000,15,Bangalore
S7111,P9533,C8195,20,2024-07-31,576660,0,Mumbai
S7112,P8719,C8683,16,2026-01-10,505296,10,Mumbai
S7113,P8970,C3214,5,2025-04-18,190035,15,Bangalore
S7114,P7745,C4738,5,2025-01-26,127490,15,Bangalore
S7115,P6508,C2239,3,2025-02-09,101394,15,Delhi
S7116,P937,C5661,12,2026-03-30,588312,0,Bangalore
S7117,P3177,C262,1,2024-11-27,12872,15,Mumbai
S7118,P6054,C5749,8,2026-02-10,241800,10,Jaipur
S7119,P1444,C9859,18,2026-04-03,644940,0,Jaipur
S7120,P2599,C423,12,2024-10-27,348972,5,Chandigarh
S7121,P8610,C3634,2,2025-03-11,51646,5,Chandigarh
S7122,P4347,C6647,17,2025-08-16,364888,10,Mumbai
S7123,P8967,C2539,13,2025-02-22,603369,5,Pune
S7124,P6949,C5800,17,2026-03-02,789854,0,Chandigarh
S7125,P6348,C807,4,2026-05-22,62060,10,Pune
S7126,P1162,C9911,18,2024-11-24,492912,10,Chandigarh
S7127,P9185,C3690,10,2024-09-28,498910,15,Mumbai
S7128,P6077,C8836,20,2025-01-19,649820,5,Pune
S7129,P2649,C9331,18,2025-01-29,661158,10,Pune
S7130,P334,C1014,10,2026-04-11,394520,15,Mumbai
S7131,P894,C661,19,2025-12-23,412604,15,Delhi
S7132,P9405,C6400,6,2025-04-23,67608,5,Jaipur
S7133,P3925,C2981,1,2024-09-12,17087,15,Jaipur
S7134,P6907,C5099,8,2025-01-23,30776,0,Bangalore
S7135,P7196,C5546,8,2025-06-26,37904,0,Chandigarh
S7136,P4659,C8198,3,2024-09-24,87657,15,Chandigarh
S7137,P9005,C984,20,2025-12-02,302360,5,Jaipur
S7138,P5749,C9666,9,2026-05-10,146736,10,Delhi
S7139,P1591,C1264,7,2024-11-04,344281,5,Bangalore
S7140,P7908,C3133,15,2025-01-28,319455,0,Bangalore
S7141,P9740,C3057,18,2025-04-08,626076,15,Jaipur
S7142,P7764,C2410,3,2024-08-15,55494,10,Mumbai
S7143,P6970,C7779,8,2026-05-25,42176,15,Mumbai
S7144,P9873,C7852,20,2025-08-11,804420,5,Delhi
S7145,P4321,C3627,7,2026-03-19,298256,15,Pune
S7146,P6201,C1077,7,2025-07-30,245413,15,Pune
S7147,P5508,C5707,1,2025-03-07,15163,5,Bangalore
S7148,P7040,C7165,17,2025-05-21,807160,15,Pune
S7149,P1425,C7175,9,2026-03-22,218547,5,Chandigarh
S7150,P7974,C9064,18,2024-07-18,896400,0,Chandigarh
S7151,P9666,C1844,1,2025-09-21,11691,5,Mumbai
S7152,P6786,C7155,12,2025-01-03,436428,15,Delhi
S7153,P8309,C4869,12,2026-03-16,588936,0,Chandigarh
S7154,P9695,C9000,10,2025-06-02,265750,15,Bangalore
S7155,P8418,C2584,8,2025-06-01,188008,0,Pune
S7156,P2999,C7918,3,2025-06-25,10803,0,Bangalore
S7157,P5744,C5758,14,2024-11-10,229726,0,Pune
S7158,P2189,C6726,19,2026-04-09,811053,0,Mumbai
S7159,P9158,C5621,1,2026-02-08,10782,0,Pune
S7160,P1400,C3805,18,2024-11-09,383922,5,Jaipur
S7161,P5193,C1814,18,2025-10-31,145890,15,Delhi
S7162,P6284,C9982,6,2024-11-16,204954,0,Mumbai
S7163,P9287,C6590,8,2024-06-14,82752,10,Jaipur
S7164,P4335,C818,14,2024-10-12,446320,0,Mumbai
S7165,P415,C5060,11,2024-06-02,312961,15,Delhi
S7166,P8587,C8210,17,2024-09-29,134963,5,Bangalore
S7167,P3868,C2912,12,2025-09-16,498672,5,Jaipur
S7168,P8238,C8327,6,2025-06-16,238536,0,Delhi
S7169,P1009,C1467,14,2024-05-28,252098,10,Jaipur
S7170,P2773,C7985,3,2025-04-24,40665,5,Delhi
S7171,P2704,C5021,17,2024-09-05,750924,5,Delhi
S7172,P9728,C5377,17,2026-04-19,517582,5,Pune
S7173,P4277,C5703,15,2025-08-09,139485,5,Bangalore
S7174,P4399,C8907,7,2025-09-07,89957,15,Mumbai
S7175,P7661,C8885,18,2025-10-07,171828,5,Bangalore
S7176,P9706,C7861,5,2025-04-17,15615,15,Chandigarh
S7177,P7137,C5209,12,2025-05-25,502932,0,Pune
S7178,P9261,C6956,17,2025-05-24,253878,0,Bangalore
S7179,P9254,C8659,19,2026-01-30,484842,10,Pune
S7180,P759,C1766,20,2025-09-03,602800,0,Mumbai
S7181,P6266,C978,6,2025-09-23,17214,0,Mumbai
S7182,P5749,C6268,16,2026-03-31,579456,15,Pune
S7183,P5461,C4882,16,2025-02-06,598560,10,Pune
S7184,P5516,C3518,18,2025-08-11,586656,0,Mumbai
S7185,P8923,C6140,20,2025-03-29,247180,0,Jaipur
S7186,P4497,C6932,4,2026-02-07,86148,10,Mumbai
S7187,P7662,C9120,6,2024-05-29,9132,0,Mumbai
S7188,P4686,C8469,2,2024-12-27,75710,15,Pune
S7189,P8006,C4670,4,2025-12-04,162620,5,Mumbai
S7190,P1137,C8238,10,2025-09-20,259010,0,Chandigarh
S7191,P5959,C7135,17,2024-08-13,144619,15,Chandigarh
S7192,P329,C4245,3,2024-07-13,66630,5,Jaipur
S7193,P9211,C8950,3,2025-04-03,91872,10,Bangalore
S7194,P559,C7385,8,2025-01-08,292520,0,Jaipur
S7195,P4030,C4914,2,2024-10-03,36074,15,Mumbai
S7196,P8827,C2245,10,2026-05-01,56560,10,Pune
S7197,P8719,C6779,8,2024-07-16,118160,15,Chandigarh
S7198,P5051,C7204,8,2025-09-28,193840,15,Mumbai
S7199,P5708,C3667,1,2026-01-02,36619,10,Delhi
S7200,P6764,C2096,7,2025-11-29,270606,5,Bangalore
S7201,P6411,C1082,3,2026-05-19,108882,5,Delhi
S7202,P4580,C6145,10,2024-12-16,475850,15,Chandigarh
S7203,P89,C5042,2,2025-11-22,56158,15,Pune
S7204,P4589,C3025,9,2025-10-28,364185,10,Chandigarh
S7205,P1867,C4138,2,2025-01-27,4244,0,Mumbai
S7206,P7230,C2485,19,2024-11-20,663081,15,Mumbai
S7207,P3854,C4348,7,2026-03-16,70476,0,Delhi
S7208,P2102,C6623,19,2025-05-26,174591,15,Bangalore
S7209,P7927,C5629,7,2026-02-27,67368,10,Mumbai
S7210,P3250,C4214,20,2024-07-16,949920,15,Mumbai
S7211,P6656,C1861,11,2025-11-26,442156,10,Mumbai
S7212,P342,C7473,12,2026-01-14,173760,10,Pune
S7213,P3367,C8987,6,2025-12-10,209112,5,Bangalore
S7214,P3426,C7222,12,2024-09-21,107772,10,Jaipur
S7215,P2964,C1251,19,2026-04-28,295374,0,Chandigarh
S7216,P7492,C823,11,2025-03-14,152702,10,Pune
S7217,P1608,C3594,15,2025-07-06,377850,15,Chandigarh
S7218,P7114,C4810,15,2024-12-05,468255,0,Delhi
S7219,P5973,C5020,7,2024-06-24,76685,15,Pune
S7220,P6637,C9150,13,2025-08-28,407381,5,Delhi
S7221,P3981,C433,9,2024-09-13,169542,10,Delhi
S7222,P2739,C3409,18,2024-12-13,100800,15,Jaipur
S7223,P5910,C7418,12,2026-02-22,522396,10,Bangalore
S7224,P815,C2099,14,2024-06-08,413042,15,Delhi
S7225,P8174,C2282,7,2025-12-26,277053,0,Bangalore
S7226,P733,C3221,9,2025-09-15,410661,15,Delhi
S7227,P957,C1325,11,2026-03-21,539286,10,Jaipur
S7228,P4156,C1661,3,2025-12-18,60312,15,Chandigarh
S7229,P4979,C8549,5,2024-06-18,185935,5,Bangalore
S7230,P1025,C465,18,2026-02-25,68958,10,Jaipur
S7231,P5075,C7598,9,2026-02-01,158535,15,Bangalore
S7232,P6990,C4414,5,2025-04-03,126455,0,Chandigarh
S7233,P957,C1719,13,2025-03-09,89843,15,Pune
S7234,P6200,C9809,5,2025-11-14,7895,15,Chandigarh
S7235,P9911,C137,11,2026-03-04,418154,0,Pune
S7236,P3247,C6154,7,2024-06-19,254170,5,Jaipur
S7237,P5960,C5868,13,2025-01-24,41080,0,Chandigarh
S7238,P291,C4304,5,2025-07-08,222595,5,Pune
S7239,P489,C4446,17,2025-11-09,186201,15,Bangalore
S7240,P2081,C7576,10,2025-07-16,285340,0,Chandigarh
S7241,P313,C8763,16,2025-09-18,152624,0,Pune
S7242,P5321,C4517,4,2024-07-12,142968,15,Mumbai
S7243,P8553,C6885,19,2025-07-13,50977,0,Delhi
S7244,P2989,C4001,10,2026-02-06,419320,10,Delhi
S7245,P1242,C8013,19,2025-08-11,222452,10,Chandigarh
S7246,P2525,C5063,20,2026-03-26,284500,10,Bangalore
S7247,P4167,C3177,1,2025-08-09,19097,0,Bangalore
S7248,P1696,C9351,11,2025-10-21,508805,15,Mumbai
S7249,P8636,C8511,16,2024-09-12,334304,0,Bangalore
S7250,P1657,C5795,14,2025-02-02,179298,15,Mumbai
S7251,P4536,C7158,1,2026-01-05,14401,15,Bangalore
S7252,P7304,C7066,12,2025-07-02,32436,5,Jaipur
S7253,P3541,C659,1,2026-03-04,32991,15,Delhi
S7254,P5468,C6907,13,2025-02-09,114595,10,Delhi
S7255,P4658,C9940,9,2024-11-01,293940,5,Jaipur
S7256,P8412,C1868,18,2025-07-20,553086,0,Jaipur
S7257,P8228,C4676,1,2024-12-14,33298,5,Jaipur
S7258,P371,C7651,20,2025-09-15,969340,0,Mumbai
S7259,P9907,C3447,14,2025-09-30,692832,0,Chandigarh
S7260,P3808,C658,3,2025-04-29,123774,15,Chandigarh
S7261,P3637,C7,16,2024-12-06,438992,15,Pune
S7262,P9201,C9903,9,2025-05-11,115713,5,Mumbai
S7263,P1416,C2323,12,2025-12-15,206472,15,Pune
S7264,P2638,C2832,4,2025-02-19,190288,0,Delhi
S7265,P8934,C1279,16,2024-09-18,505216,5,Mumbai
S7266,P9255,C8376,10,2025-06-16,214320,0,Bangalore
S7267,P6785,C6388,7,2025-04-23,20013,15,Jaipur
S7268,P9955,C9393,10,2024-08-28,357750,15,Jaipur
S7269,P9187,C7527,8,2026-04-12,194032,5,Delhi
S7270,P9420,C4647,17,2024-06-27,708815,15,Pune
S7271,P354,C7728,6,2025-01-23,103542,0,Jaipur
S7272,P235,C6761,19,2025-09-09,597398,15,Mumbai
S7273,P604,C617,14,2025-01-11,513548,15,Delhi
S7274,P2346,C4646,11,2026-02-26,542476,15,Pune
S7275,P2379,C4205,16,2024-06-08,186448,15,Chandigarh
S7276,P9360,C1712,8,2025-01-21,40120,5,Mumbai
S7277,P5913,C5820,19,2026-04-10,493867,15,Chandigarh
S7278,P4599,C806,7,2026-03-05,291060,10,Jaipur
S7279,P1034,C4366,12,2025-08-23,235788,10,Bangalore
S7280,P9596,C3751,1,2026-04-18,38997,15,Delhi
S7281,P5420,C8151,16,2024-07-28,149760,5,Jaipur
S7282,P9325,C6236,13,2026-03-25,507169,15,Chandigarh
S7283,P3357,C5443,6,2025-08-29,158220,5,Bangalore
S7284,P364,C9003,5,2026-01-01,163260,0,Pune
S7285,P5242,C9807,10,2024-07-17,405190,10,Delhi
S7286,P6383,C5131,19,2025-05-07,94012,10,Delhi
S7287,P9388,C6976,12,2026-01-27,331320,10,Bangalore
S7288,P4512,C3327,14,2025-07-11,392336,5,Jaipur
S7289,P8725,C1170,10,2025-03-15,301860,0,Delhi
S7290,P7256,C4891,14,2026-04-06,317072,10,Bangalore
S7291,P5309,C5095,9,2025-01-07,416394,0,Jaipur
S7292,P9264,C2351,4,2025-09-28,163956,15,Jaipur
S7293,P6595,C1543,14,2026-02-10,651476,15,Pune
S7294,P9658,C9094,1,2024-11-26,22914,5,Jaipur
S7295,P5243,C6323,12,2026-02-01,231036,0,Chandigarh
S7296,P7736,C2091,14,2024-10-26,469714,5,Jaipur
S7297,P1473,C6612,4,2025-07-24,65972,5,Jaipur
S7298,P8765,C5206,12,2026-03-17,61680,15,Chandigarh
S7299,P3175,C7559,1,2025-06-01,2374,15,Mumbai
S7300,P1005,C9653,16,2025-01-18,31968,0,Bangalore
S7301,P1465,C332,18,2026-05-23,463194,15,Jaipur
S7302,P6716,C9321,6,2025-12-10,88740,10,Delhi
S7303,P1845,C7015,14,2025-07-20,266378,0,Pune
S7304,P5725,C5861,12,2024-10-24,222612,10,Delhi
S7305,P489,C404,15,2026-05-19,229725,10,Chandigarh
S7306,P4223,C8408,9,2024-10-23,63738,5,Mumbai
S7307,P2582,C2101,10,2025-06-05,455790,10,Jaipur
S7308,P7284,C9222,13,2026-02-03,471380,5,Bangalore
S7309,P7301,C6423,7,2025-10-05,234745,5,Bangalore
S7310,P9135,C2580,13,2024-06-13,384774,15,Chandigarh
S7311,P8975,C8058,14,2025-07-28,665994,10,Delhi
S7312,P7149,C9115,10,2026-05-06,83020,15,Delhi
S7313,P9788,C3091,9,2026-05-19,197964,10,Bangalore
S7314,P5576,C9133,3,2025-01-11,72201,15,Jaipur
S7315,P4586,C3201,12,2026-03-13,525804,15,Pune
S7316,P5941,C9963,6,2025-10-26,150348,0,Chandigarh
S7317,P613,C4553,4,2025-03-18,128512,15,Bangalore
S7318,P363,C443,20,2025-09-27,948760,5,Delhi
S7319,P8945,C9443,7,2025-10-14,29050,10,Mumbai
S7320,P3001,C5993,16,2024-11-12,111360,10,Jaipur
S7321,P5230,C3672,7,2026-05-06,329609,5,Delhi
S7322,P9398,C4562,1,2024-07-26,23088,15,Bangalore
S7323,P7068,C1797,12,2026-04-01,392640,10,Jaipur
S7324,P1454,C7633,19,2026-01-17,605112,5,Delhi
S7325,P8390,C4265,16,2024-06-30,124464,15,Delhi
S7326,P9701,C5731,5,2025-11-24,212080,15,Jaipur
S7327,P6129,C2679,4,2026-03-05,150856,10,Chandigarh
S7328,P853,C2061,10,2025-05-18,456080,15,Bangalore
S7329,P8133,C1147,4,2024-07-10,6788,15,Mumbai
S7330,P5867,C1537,15,2024-06-09,329370,5,Chandigarh
S7331,P3065,C8602,8,2024-06-20,188376,5,Jaipur
S7332,P167,C814,16,2026-03-14,641040,5,Mumbai
S7333,P7723,C5590,2,2024-07-19,86596,10,Mumbai
S7334,P1742,C8239,13,2025-12-15,501618,15,Chandigarh
S7335,P7435,C1659,11,2025-03-10,477994,5,Chandigarh
S7336,P4030,C8709,14,2025-01-11,189350,15,Jaipur
S7337,P7812,C6345,19,2025-09-05,844018,10,Jaipur
S7338,P4377,C4853,2,2025-07-04,70958,15,Bangalore
S7339,P8227,C863,7,2026-01-15,327579,10,Bangalore
S7340,P6122,C9126,4,2024-10-28,54628,10,Jaipur
S7341,P5346,C1148,5,2026-01-26,190265,0,Mumbai
S7342,P6223,C1120,2,2024-08-29,60512,0,Mumbai
S7343,P6582,C5082,9,2025-11-01,448497,0,Mumbai
S7344,P687,C2422,14,2025-03-06,407288,5,Jaipur
S7345,P6424,C5688,1,2025-03-12,28443,5,Delhi
S7346,P5335,C5278,11,2025-02-06,540364,10,Chandigarh
S7347,P1581,C3072,17,2026-01-27,403257,15,Bangalore
S7348,P28,C3049,15,2025-05-09,215160,10,Bangalore
S7349,P5571,C8696,2,2026-01-26,87958,5,Chandigarh
S7350,P8348,C1390,8,2026-02-23,257896,0,Pune
S7351,P3121,C7104,1,2025-04-13,9341,15,Pune
S7352,P7240,C9788,2,2025-11-21,10166,0,Delhi
S7353,P690,C8731,5,2025-01-11,14770,10,Chandigarh
S7354,P4418,C2347,19,2025-12-22,254638,0,Jaipur
S7355,P5520,C1180,6,2024-08-13,171738,15,Chandigarh
S7356,P6396,C9829,12,2026-03-11,48456,0,Bangalore
S7357,P9420,C4448,18,2025-02-02,824616,10,Pune
S7358,P9373,C7015,14,2024-07-12,18214,10,Delhi
S7359,P1012,C8312,18,2026-03-07,183024,5,Pune
S7360,P2443,C6894,2,2026-05-20,78468,10,Delhi
S7361,P8078,C2026,1,2025-01-26,48763,10,Mumbai
S7362,P6068,C6648,9,2025-12-17,211779,0,Jaipur
S7363,P1854,C5418,5,2026-04-01,23210,15,Bangalore
S7364,P275,C6004,19,2024-11-13,909910,10,Mumbai
S7365,P8032,C7267,2,2025-01-26,81868,15,Delhi
S7366,P4453,C4442,19,2024-12-19,840408,10,Jaipur
S7367,P9373,C3695,9,2025-04-24,376398,10,Mumbai
S7368,P3959,C7016,18,2025-03-29,138294,15,Delhi
S7369,P2316,C7065,16,2025-07-13,731024,15,Chandigarh
S7370,P9565,C8902,1,2024-09-03,34911,15,Chandigarh
S7371,P3246,C9563,15,2026-01-09,319365,15,Pune
S7372,P1399,C5867,7,2024-07-30,251041,0,Delhi
S7373,P1411,C7788,4,2024-07-07,81892,5,Bangalore
S7374,P2252,C1665,18,2024-07-28,499554,10,Chandigarh
S7375,P7886,C7860,6,2025-02-25,267048,0,Bangalore
S7376,P6693,C4639,17,2024-06-18,428094,10,Mumbai
S7377,P622,C9182,3,2026-02-04,78546,5,Bangalore
S7378,P8440,C8114,11,2025-09-27,410223,0,Delhi
S7379,P6719,C9781,1,2024-07-31,40577,0,Chandigarh
S7380,P4255,C4192,10,2024-09-11,97580,10,Chandigarh
S7381,P895,C7762,10,2026-03-02,13890,0,Bangalore
S7382,P1548,C9448,6,2025-07-01,98586,0,Mumbai
S7383,P2557,C3022,2,2025-11-16,23670,5,Mumbai
S7384,P4487,C211,7,2025-08-16,258769,0,Pune
S7385,P6387,C8117,17,2025-01-05,747354,5,Mumbai
S7386,P5212,C4493,9,2025-11-27,239427,0,Jaipur
S7387,P5986,C6263,2,2025-12-11,23218,10,Jaipur
S7388,P3578,C9256,15,2024-10-09,666570,10,Mumbai
S7389,P718,C71,10,2025-01-16,364690,15,Jaipur
S7390,P8957,C3704,13,2024-08-26,278083,10,Bangalore
S7391,P5699,C611,5,2025-12-20,163820,0,Mumbai
S7392,P1902,C6501,9,2025-08-10,185400,15,Bangalore
S7393,P4643,C729,14,2024-08-15,621726,5,Pune
S7394,P6353,C8036,14,2025-02-22,580230,5,Pune
S7395,P1411,C2393,20,2026-03-17,370640,10,Bangalore
S7396,P7310,C5005,16,2025-08-21,467520,5,Delhi
S7397,P2424,C2786,7,2025-01-31,155351,15,Delhi
S7398,P2509,C139,4,2025-12-31,53084,10,Chandigarh
S7399,P6950,C4826,20,2024-09-21,987540,0,Mumbai
S7400,P1286,C4031,13,2025-11-28,229892,5,Pune
S7401,P3034,C4745,1,2025-06-25,18602,15,Delhi
S7402,P1492,C2461,9,2025-11-12,133488,5,Delhi
S7403,P8423,C6521,8,2024-11-15,108464,10,Jaipur
S7404,P2147,C5454,4,2025-05-10,125480,5,Mumbai
S7405,P9029,C9310,6,2024-09-22,195408,15,Bangalore
S7406,P8772,C6678,20,2024-07-28,772180,10,Chandigarh
S7407,P6978,C5775,6,2025-01-17,112422,5,Jaipur
S7408,P6665,C8352,7,2024-12-13,52934,5,Chandigarh
S7409,P2160,C3518,13,2025-05-13,226109,0,Bangalore
S7410,P1932,C9922,14,2025-10-11,53592,15,Pune
S7411,P3937,C7497,5,2024-08-05,57420,10,Delhi
S7412,P3721,C2529,4,2025-10-03,59392,10,Delhi
S7413,P8771,C8669,3,2025-01-21,144258,5,Jaipur
S7414,P9453,C7548,11,2026-01-24,393470,10,Mumbai
S7415,P4375,C2165,17,2024-07-27,537251,10,Delhi
S7416,P7191,C958,14,2024-07-14,465458,0,Chandigarh
S7417,P6339,C514,2,2025-01-17,8978,0,Bangalore
S7418,P3681,C93,8,2025-02-28,199544,0,Delhi
S7419,P1052,C3969,17,2024-09-02,410669,10,Bangalore
S7420,P6598,C166,12,2024-10-24,298536,10,Jaipur
S7421,P4634,C7096,18,2024-10-07,594756,0,Mumbai
S7422,P2852,C4384,6,2026-01-26,238170,15,Jaipur
S7423,P4738,C1540,18,2025-01-28,865206,5,Pune
S7424,P9811,C1224,15,2024-11-30,335145,5,Chandigarh
S7425,P1359,C4199,7,2024-10-24,172305,5,Delhi
S7426,P9056,C837,8,2025-05-07,268160,15,Jaipur
S7427,P4291,C3332,9,2026-01-08,407106,0,Jaipur
S7428,P4303,C1678,4,2024-06-20,46676,10,Bangalore
S7429,P7248,C6561,10,2025-03-22,28720,5,Jaipur
S7430,P4399,C3972,20,2025-02-22,886020,10,Chandigarh
S7431,P2525,C6684,9,2024-07-22,314703,5,Bangalore
S7432,P3086,C4248,10,2026-01-10,106850,10,Jaipur
S7433,P1032,C8858,16,2024-08-14,282736,5,Chandigarh
S7434,P7798,C309,5,2025-05-30,236995,15,Pune
S7435,P5806,C7360,17,2025-08-25,315452,10,Delhi
S7436,P3602,C791,6,2025-01-28,143412,10,Mumbai
S7437,P982,C5917,18,2026-03-30,639828,5,Chandigarh
S7438,P5320,C7619,2,2025-02-01,64060,15,Delhi
S7439,P4721,C1828,16,2025-09-18,489200,0,Chandigarh
S7440,P6609,C8002,6,2026-05-23,209184,5,Pune
S7441,P9990,C4119,6,2025-08-09,34278,10,Bangalore
S7442,P4106,C9582,5,2025-10-27,87295,10,Mumbai
S7443,P8753,C9651,4,2024-11-17,70104,5,Chandigarh
S7444,P9486,C6505,11,2025-12-04,423830,5,Jaipur
S7445,P953,C6554,9,2025-08-17,402075,15,Pune
S7446,P9969,C4200,19,2024-12-17,387809,0,Chandigarh
S7447,P7840,C328,9,2025-10-18,412362,15,Delhi
S7448,P9765,C1545,7,2025-03-21,198415,0,Bangalore
S7449,P6585,C7322,14,2025-05-19,415674,15,Jaipur
S7450,P7396,C4987,7,2025-05-31,332115,5,Bangalore
S7451,P8197,C876,16,2025-04-14,673856,15,Mumbai
S7452,P7288,C2225,12,2025-08-07,523284,5,Chandigarh
S7453,P2139,C1690,20,2025-07-07,643780,0,Jaipur
S7454,P6912,C1103,2,2026-02-28,5040,15,Mumbai
S7455,P857,C1101,6,2025-10-23,241980,5,Chandigarh
S7456,P3458,C1290,20,2026-01-28,423600,5,Pune
S7457,P1337,C6069,4,2024-06-06,174036,5,Pune
S7458,P2908,C4301,14,2024-07-24,246204,5,Chandigarh
S7459,P8624,C916,13,2024-08-16,440973,5,Bangalore
S7460,P513,C4965,18,2025-03-31,129492,0,Mumbai
S7461,P4385,C98,1,2024-08-22,30831,10,Bangalore
S7462,P770,C1895,16,2024-11-30,716640,0,Bangalore
S7463,P8267,C3282,12,2025-11-10,124896,5,Pune
S7464,P4387,C1000,14,2025-05-04,527240,15,Jaipur
S7465,P8441,C2752,4,2025-06-17,69260,15,Pune
S7466,P8528,C2424,4,2024-08-15,53420,5,Delhi
S7467,P5597,C8218,18,2025-05-14,630522,0,Jaipur
S7468,P6369,C7791,13,2026-04-02,90883,0,Delhi
S7469,P2446,C8132,20,2025-05-04,61560,5,Mumbai
S7470,P8214,C3903,18,2025-06-10,122652,15,Delhi
S7471,P8,C2637,8,2024-07-23,162704,10,Jaipur
S7472,P3631,C3286,17,2025-11-05,769760,0,Delhi
S7473,P4640,C4750,2,2025-11-10,58596,10,Pune
S7474,P1735,C8879,1,2024-11-13,48531,10,Mumbai
S7475,P9617,C9178,8,2024-12-05,195080,5,Bangalore
S7476,P1110,C6353,18,2025-10-30,683640,0,Mumbai
S7477,P1343,C5258,7,2024-10-09,337939,15,Chandigarh
S7478,P3639,C3567,17,2024-07-05,182376,5,Chandigarh
S7479,P8845,C4120,10,2024-10-01,374350,15,Pune
S7480,P2332,C1212,6,2025-11-18,34944,5,Mumbai
S7481,P5528,C1497,10,2026-05-11,286560,15,Mumbai
S7482,P8804,C5656,11,2025-06-29,299805,5,Chandigarh
S7483,P567,C4672,11,2024-06-08,354629,5,Pune
S7484,P9760,C9513,20,2025-01-14,147120,5,Delhi
S7485,P9092,C6854,17,2026-04-24,848453,0,Jaipur
S7486,P9808,C5505,19,2026-05-07,698535,10,Chandigarh
S7487,P9310,C76,17,2025-02-18,331449,5,Chandigarh
S7488,P4017,C7331,13,2026-04-19,491426,5,Delhi
S7489,P5183,C1836,9,2025-08-03,82332,10,Chandigarh
S7490,P8372,C8089,10,2026-01-03,20050,10,Chandigarh
S7491,P4090,C1715,9,2025-07-21,299682,0,Jaipur
S7492,P7891,C6739,16,2026-02-24,205520,15,Jaipur
S7493,P9574,C2689,13,2025-07-05,267761,5,Delhi
S7494,P2987,C4641,5,2025-10-03,200645,15,Delhi
S7495,P5345,C7177,7,2025-07-22,164171,0,Chandigarh
S7496,P5959,C3775,5,2025-12-14,119105,10,Jaipur
S7497,P9126,C2716,20,2024-11-09,105400,5,Jaipur
S7498,P746,C5705,19,2024-06-29,832656,10,Jaipur
S7499,P6410,C3729,16,2026-04-06,733520,5,Jaipur
S7500,P4740,C6939,13,2026-01-06,377078,15,Pune
S7501,P9748,C8064,14,2025-03-09,422394,10,Mumbai
S7502,P3880,C3910,3,2024-10-01,32742,15,Mumbai
S7503,P819,C6368,4,2024-07-16,92528,0,Pune
S7504,P9893,C76,20,2024-08-01,602000,0,Mumbai
S7505,P7039,C1703,12,2024-08-17,301236,5,Delhi
S7506,P6202,C8293,10,2024-07-20,206140,15,Delhi
S7507,P8990,C5833,12,2025-06-24,243684,10,Bangalore
S7508,P384,C6904,1,2026-02-18,2508,0,Mumbai
S7509,P4433,C1881,19,2026-02-21,453872,5,Mumbai
S7510,P674,C9770,8,2024-09-16,99952,15,Mumbai
S7511,P2450,C4300,9,2025-11-07,238743,5,Chandigarh
S7512,P8997,C7890,13,2024-10-06,240266,5,Pune
S7513,P967,C1455,19,2025-07-25,331550,10,Bangalore
S7514,P4083,C732,12,2025-01-27,370836,15,Pune
S7515,P2505,C9433,12,2026-02-06,283656,10,Jaipur
S7516,P956,C5515,5,2025-10-07,195220,10,Pune
S7517,P6026,C9061,12,2025-01-27,31608,10,Mumbai
S7518,P583,C51,1,2026-04-30,5199,10,Delhi
S7519,P1277,C2100,20,2024-07-30,332660,15,Bangalore
S7520,P9899,C9257,18,2024-11-22,468954,15,Bangalore
S7521,P1643,C8340,7,2024-09-01,134575,15,Jaipur
S7522,P5999,C2407,6,2024-10-24,30054,10,Chandigarh
S7523,P7814,C230,12,2026-01-22,418668,10,Bangalore
S7524,P8741,C1384,4,2025-05-01,66580,10,Delhi
S7525,P3803,C6686,11,2025-08-02,451660,10,Jaipur
S7526,P878,C9175,4,2024-10-10,107600,10,Delhi
S7527,P7338,C1919,1,2024-11-20,5733,0,Pune
S7528,P9305,C4109,19,2024-06-18,308294,5,Bangalore
S7529,P4432,C2972,8,2026-02-03,117816,5,Mumbai
S7530,P2164,C604,5,2026-03-22,224720,5,Bangalore
S7531,P8572,C5554,13,2024-10-04,614601,0,Bangalore
S7532,P5539,C5913,18,2024-08-09,533574,5,Chandigarh
S7533,P2257,C3771,7,2025-10-06,133889,0,Jaipur
S7534,P3411,C7707,9,2025-07-11,81486,0,Chandigarh
S7535,P1673,C7502,11,2026-01-01,356631,0,Delhi
S7536,P9535,C123,2,2024-09-01,98606,15,Delhi
S7537,P6000,C3825,4,2025-05-17,155576,10,Pune
S7538,P5626,C3625,9,2025-05-17,251505,10,Jaipur
S7539,P5033,C7351,12,2025-09-14,537192,0,Jaipur
S7540,P1112,C467,11,2025-12-28,471042,0,Chandigarh
S7541,P6519,C8448,17,2025-11-18,732649,5,Bangalore
S7542,P9854,C3709,19,2025-08-27,553375,5,Chandigarh
S7543,P2213,C8240,14,2025-02-14,460600,10,Jaipur
S7544,P3618,C6607,5,2026-01-13,220420,15,Delhi
S7545,P1734,C6843,15,2025-01-24,95025,10,Chandigarh
S7546,P7108,C9297,14,2024-08-08,401016,15,Chandigarh
S7547,P2476,C7859,7,2026-02-01,313054,15,Chandigarh
S7548,P2172,C4709,2,2025-12-10,23608,15,Mumbai
S7549,P4878,C5622,2,2025-03-06,8286,15,Mumbai
S7550,P6018,C2885,7,2026-01-08,166586,10,Bangalore
S7551,P6191,C6009,7,2024-09-02,71449,10,Bangalore
S7552,P3719,C7239,14,2025-11-25,316078,15,Bangalore
S7553,P2115,C6030,9,2025-11-26,129564,5,Mumbai
S7554,P4174,C8657,16,2025-09-14,484592,5,Bangalore
S7555,P65,C2208,9,2025-04-23,92358,15,Pune
S7556,P1202,C9549,9,2025-05-31,163314,15,Mumbai
S7557,P1796,C1669,14,2025-09-30,61544,15,Chandigarh
S7558,P7373,C4933,3,2025-02-10,16152,5,Chandigarh
S7559,P2654,C2505,10,2024-09-13,377650,0,Delhi
S7560,P8649,C3,8,2024-12-11,174080,0,Mumbai
S7561,P9941,C2550,2,2025-12-20,84036,15,Pune
S7562,P7943,C8101,14,2025-10-19,316596,10,Mumbai
S7563,P8946,C2113,3,2025-02-22,20634,10,Pune
S7564,P6741,C514,6,2024-07-06,10272,10,Delhi
S7565,P2959,C9463,6,2025-01-02,119652,15,Jaipur
S7566,P3521,C2035,19,2026-04-10,816962,10,Bangalore
S7567,P5444,C2106,20,2025-12-28,855260,5,Jaipur
S7568,P4725,C8828,3,2025-05-19,92337,10,Pune
S7569,P8133,C7587,5,2024-12-05,43500,0,Pune
S7570,P8487,C1161,4,2025-02-07,104388,15,Jaipur
S7571,P1303,C8053,17,2026-02-07,791078,15,Pune
S7572,P6139,C9143,4,2024-09-27,111332,15,Jaipur
S7573,P7236,C5652,12,2025-01-29,277548,15,Pune
S7574,P7037,C7199,15,2024-12-04,61320,0,Bangalore
S7575,P9992,C7254,10,2025-02-05,226900,5,Jaipur
S7576,P2876,C5781,9,2024-12-17,276912,10,Bangalore
S7577,P3330,C814,8,2026-02-13,260200,15,Chandigarh
S7578,P3967,C4608,19,2025-04-16,214662,5,Mumbai
S7579,P3425,C944,14,2024-06-06,459060,5,Chandigarh
S7580,P9935,C1093,13,2024-06-09,39247,10,Delhi
S7581,P8758,C5636,20,2026-04-21,152460,10,Chandigarh
S7582,P7846,C3417,13,2025-12-31,189735,5,Mumbai
S7583,P3060,C1783,11,2025-06-15,17303,15,Mumbai
S7584,P2199,C3375,13,2025-06-19,307099,0,Pune
S7585,P4728,C9985,1,2024-08-03,6377,10,Delhi
S7586,P5062,C6480,7,2025-09-22,340900,10,Jaipur
S7587,P7066,C9724,14,2024-08-29,113330,0,Jaipur
S7588,P3771,C9536,10,2026-04-30,191960,15,Mumbai
S7589,P5136,C6091,10,2026-02-12,280500,15,Bangalore
S7590,P8962,C9311,15,2024-10-26,290700,15,Jaipur
S7591,P5568,C7261,17,2025-06-24,306612,5,Delhi
S7592,P5262,C4302,10,2024-11-19,297400,5,Pune
S7593,P1261,C9830,10,2025-09-29,375610,15,Delhi
S7594,P8171,C2791,10,2025-04-24,229130,5,Delhi
S7595,P4124,C6294,19,2026-05-24,595593,5,Pune
S7596,P9308,C5616,11,2024-12-05,193765,15,Delhi
S7597,P5870,C164,18,2024-08-02,200538,10,Jaipur
S7598,P5459,C1573,11,2026-05-27,357742,0,Chandigarh
S7599,P8514,C818,6,2025-11-11,182976,5,Bangalore
S7600,P4968,C693,11,2025-05-21,318406,10,Chandigarh
S7601,P825,C3123,13,2025-02-14,506623,10,Mumbai
S7602,P68,C6572,18,2025-01-01,89442,0,Bangalore
S7603,P7261,C6399,15,2025-09-05,382080,0,Bangalore
S7604,P138,C6098,20,2025-11-13,617500,10,Jaipur
S7605,P6895,C922,14,2025-09-23,550130,5,Mumbai
S7606,P3733,C4250,19,2026-04-17,569829,0,Delhi
S7607,P3561,C5825,10,2025-11-29,468430,5,Bangalore
S7608,P873,C8731,20,2024-12-11,475780,15,Mumbai
S7609,P5752,C9632,12,2025-09-16,516624,10,Jaipur
S7610,P3835,C5510,19,2024-12-06,819166,0,Pune
S7611,P9293,C3005,16,2024-06-16,580864,15,Jaipur
S7612,P9932,C902,19,2024-06-02,561450,5,Chandigarh
S7613,P5031,C8328,4,2024-08-23,7844,15,Pune
S7614,P2074,C7200,17,2026-02-02,730592,0,Bangalore
S7615,P4163,C8431,10,2025-06-15,104640,0,Mumbai
S7616,P1034,C8059,14,2024-11-08,259882,15,Bangalore
S7617,P5855,C7371,19,2025-11-05,276393,15,Delhi
S7618,P852,C1382,4,2025-09-23,180600,0,Pune
S7619,P493,C7163,20,2024-06-08,556780,0,Mumbai
S7620,P2704,C1308,7,2025-12-10,229033,15,Pune
S7621,P9605,C7966,6,2026-02-11,84150,10,Delhi
S7622,P6786,C5951,1,2025-10-27,11980,15,Pune
S7623,P484,C6841,18,2026-05-25,447390,15,Jaipur
S7624,P294,C2589,7,2025-04-11,278355,0,Jaipur
S7625,P8458,C4260,9,2024-12-10,333180,10,Pune
S7626,P8306,C7855,6,2024-09-29,262842,10,Mumbai
S7627,P8796,C4192,19,2024-12-02,711227,0,Mumbai
S7628,P1660,C1331,4,2025-07-15,113884,10,Pune
S7629,P6240,C1889,15,2025-01-03,140955,15,Bangalore
S7630,P1926,C1753,20,2025-03-18,172140,5,Chandigarh
S7631,P3027,C5462,8,2025-10-19,103392,0,Jaipur
S7632,P7569,C4295,16,2025-02-27,564800,15,Chandigarh
S7633,P5508,C756,2,2026-04-26,6344,10,Delhi
S7634,P9291,C476,13,2026-03-31,75907,15,Chandigarh
S7635,P9254,C9488,8,2025-05-03,320688,5,Bangalore
S7636,P1169,C9623,4,2024-08-19,120756,15,Chandigarh
S7637,P7796,C594,8,2026-01-23,194144,5,Pune
S7638,P9162,C9302,16,2026-02-11,588160,15,Bangalore
S7639,P2677,C6848,17,2024-08-03,140964,15,Bangalore
S7640,P6610,C6406,4,2026-01-20,125108,10,Jaipur
S7641,P6497,C3651,10,2026-01-05,239060,5,Delhi
S7642,P4946,C9012,20,2024-10-20,44300,15,Delhi
S7643,P7286,C6552,17,2026-05-23,49266,10,Pune
S7644,P411,C823,3,2025-01-02,56859,15,Mumbai
S7645,P431,C2257,17,2024-06-30,826421,0,Mumbai
S7646,P4512,C1110,7,2025-01-10,180600,10,Pune
S7647,P7590,C1513,3,2025-04-14,133650,10,Delhi
S7648,P3662,C6318,3,2024-06-28,82002,0,Pune
S7649,P6503,C9241,12,2024-07-17,31692,0,Mumbai
S7650,P313,C3528,13,2026-02-04,489320,10,Chandigarh
S7651,P940,C2597,4,2026-02-27,118936,5,Jaipur
S7652,P4609,C7912,18,2025-03-03,745074,5,Delhi
S7653,P6291,C9371,16,2024-11-24,295952,10,Mumbai
S7654,P1763,C764,15,2024-07-29,593310,15,Bangalore
S7655,P3028,C5852,2,2025-05-02,6126,15,Delhi
S7656,P4375,C8917,9,2025-04-21,176670,0,Mumbai
S7657,P3075,C8886,6,2025-06-17,69972,15,Delhi
S7658,P7716,C8712,6,2025-07-22,47688,0,Jaipur
S7659,P1373,C2712,14,2024-09-22,506954,0,Delhi
S7660,P4118,C3767,8,2025-03-12,197720,10,Chandigarh
S7661,P8069,C961,17,2026-03-09,133943,5,Bangalore
S7662,P4390,C7586,12,2025-07-29,395664,0,Delhi
S7663,P2866,C9620,15,2024-10-08,637365,0,Delhi
S7664,P2542,C7195,4,2025-10-28,78988,10,Pune
S7665,P4037,C430,18,2025-02-12,594360,0,Jaipur
S7666,P382,C4603,19,2025-04-26,203129,5,Chandigarh
S7667,P9292,C6390,5,2025-10-18,120820,0,Pune
S7668,P143,C2296,3,2024-07-23,112842,10,Chandigarh
S7669,P9132,C6636,4,2024-08-02,10112,0,Bangalore
S7670,P8479,C8790,20,2024-08-29,519300,10,Delhi
S7671,P2678,C9636,15,2024-08-01,125805,0,Bangalore
S7672,P7527,C8543,11,2024-11-30,300938,0,Delhi
S7673,P1614,C6844,19,2024-10-20,133133,15,Bangalore
S7674,P7036,C7011,16,2024-10-01,400992,15,Bangalore
S7675,P6944,C8594,6,2026-04-01,141018,5,Bangalore
S7676,P6173,C8087,17,2024-06-20,168402,15,Delhi
S7677,P409,C6562,17,2024-09-16,500888,5,Jaipur
S7678,P2384,C1901,8,2026-01-01,337160,10,Bangalore
S7679,P9394,C6741,15,2024-12-28,548925,10,Mumbai
S7680,P4368,C5969,4,2024-06-08,132480,0,Chandigarh
S7681,P586,C927,6,2024-11-13,23544,5,Chandigarh
S7682,P1835,C7904,17,2024-07-28,47260,5,Bangalore
S7683,P4808,C5648,17,2025-11-06,773568,0,Jaipur
S7684,P3098,C4213,4,2024-11-16,166792,15,Mumbai
S7685,P7779,C3253,6,2025-02-28,140406,10,Bangalore
S7686,P1721,C9090,8,2026-02-19,144360,0,Delhi
S7687,P2226,C500,17,2026-01-20,479128,15,Jaipur
S7688,P1200,C3690,7,2025-01-02,41489,5,Chandigarh
S7689,P8734,C6644,8,2026-04-22,235192,10,Bangalore
S7690,P3033,C475,16,2025-05-24,435408,10,Mumbai
S7691,P5481,C7071,18,2024-08-11,547992,0,Chandigarh
S7692,P7544,C3111,3,2025-01-25,11139,0,Pune
S7693,P2470,C6164,7,2025-01-03,132608,15,Jaipur
S7694,P6057,C2243,17,2024-09-02,726563,5,Mumbai
S7695,P2205,C506,9,2025-02-20,222723,0,Pune
S7696,P7425,C7815,12,2026-03-19,539916,0,Chandigarh
S7697,P2787,C2155,18,2024-11-24,283662,15,Mumbai
S7698,P6005,C4788,20,2025-04-16,943040,15,Chandigarh
S7699,P178,C6113,11,2025-10-19,127193,5,Jaipur
S7700,P2132,C4385,11,2025-08-08,37037,5,Delhi
S7701,P7927,C7622,16,2025-12-11,175968,5,Jaipur
S7702,P7274,C4690,18,2026-02-10,874782,5,Bangalore
S7703,P131,C9681,13,2025-01-27,37050,0,Delhi
S7704,P4874,C1952,12,2026-02-15,328152,0,Mumbai
S7705,P6459,C1808,1,2024-10-24,34326,15,Bangalore
S7706,P8801,C2233,13,2026-05-12,338442,15,Chandigarh
S7707,P8552,C4793,9,2025-09-16,395262,10,Jaipur
S7708,P1774,C1384,11,2024-06-27,378334,5,Pune
S7709,P1184,C1092,10,2024-08-19,68190,0,Jaipur
S7710,P7246,C28,8,2026-02-15,68264,10,Delhi
S7711,P3546,C1810,11,2026-02-16,517407,0,Jaipur
S7712,P5354,C5673,20,2026-04-24,751520,10,Chandigarh
S7713,P8032,C8289,17,2024-08-03,811699,5,Pune
S7714,P4705,C4197,3,2026-01-16,101907,5,Delhi
S7715,P2003,C7405,18,2026-05-28,881244,0,Jaipur
S7716,P6823,C1115,13,2026-02-08,206895,15,Pune
S7717,P7123,C7533,20,2026-05-24,324000,15,Pune
S7718,P6707,C5612,13,2025-10-10,366353,10,Pune
S7719,P3555,C6941,12,2025-04-16,240744,15,Bangalore
S7720,P3123,C1238,12,2025-09-25,179640,0,Jaipur
S7721,P9340,C7398,20,2026-03-05,618380,5,Bangalore
S7722,P3143,C2343,9,2026-04-14,187821,5,Bangalore
S7723,P5665,C1528,12,2024-11-10,22956,5,Mumbai
S7724,P2781,C613,19,2025-03-29,907459,10,Chandigarh
S7725,P9058,C1868,9,2026-04-12,92403,15,Delhi
S7726,P578,C5765,4,2025-07-20,151844,5,Pune
S7727,P3669,C1314,3,2026-04-01,13971,10,Chandigarh
S7728,P3140,C8105,14,2024-06-15,355530,0,Delhi
S7729,P5594,C6272,14,2024-11-05,541030,15,Mumbai
S7730,P6975,C4090,3,2025-12-07,126729,10,Mumbai
S7731,P8994,C8669,5,2024-08-30,50615,5,Mumbai
S7732,P2774,C3636,9,2024-11-21,289926,15,Bangalore
S7733,P4359,C7593,6,2025-11-06,66132,5,Bangalore
S7734,P5092,C2320,1,2024-11-09,39649,10,Mumbai
S7735,P5547,C6089,19,2025-06-28,201438,10,Chandigarh
S7736,P3929,C6992,15,2024-08-23,306330,15,Delhi
S7737,P3669,C1116,5,2026-02-05,83255,15,Chandigarh
S7738,P2942,C1275,16,2025-05-18,576064,15,Bangalore
S7739,P649,C2783,9,2025-05-06,67347,10,Jaipur
S7740,P6895,C5405,12,2026-02-07,276456,15,Delhi
S7741,P7466,C101,7,2026-03-01,312438,10,Bangalore
S7742,P6856,C2453,14,2026-01-20,474474,5,Delhi
S7743,P740,C3643,11,2025-06-09,482119,10,Mumbai
S7744,P9791,C3169,12,2024-12-20,268368,10,Pune
S7745,P8920,C8490,10,2026-02-09,127530,5,Jaipur
S7746,P9818,C660,3,2025-06-29,49278,0,Pune
S7747,P5564,C2978,3,2026-01-03,116472,10,Chandigarh
S7748,P6680,C2469,11,2024-07-19,96811,15,Bangalore
S7749,P1702,C110,13,2025-03-22,13377,0,Chandigarh
S7750,P4761,C5515,13,2025-12-18,203554,0,Chandigarh
S7751,P5793,C3173,13,2025-03-18,624871,5,Chandigarh
S7752,P8373,C7643,18,2025-05-20,145566,5,Chandigarh
S7753,P1936,C1547,9,2026-01-26,362538,5,Delhi
S7754,P1145,C5663,13,2026-01-13,100399,10,Pune
S7755,P6582,C940,14,2024-10-15,524762,10,Chandigarh
S7756,P3005,C9458,14,2024-10-11,143724,15,Jaipur
S7757,P2832,C7883,7,2025-10-28,348040,10,Jaipur
S7758,P9063,C5335,1,2025-03-22,41044,0,Jaipur
S7759,P2956,C9836,2,2024-12-22,83180,15,Bangalore
S7760,P7690,C3900,6,2024-09-27,206130,5,Delhi
S7761,P9133,C9158,7,2026-01-04,320740,10,Chandigarh
S7762,P9262,C1064,20,2026-03-14,897620,15,Mumbai
S7763,P4951,C9099,5,2025-05-22,184215,0,Pune
S7764,P6287,C3431,1,2024-06-17,13018,0,Delhi
S7765,P1740,C6498,2,2026-01-30,68402,15,Bangalore
S7766,P8995,C3541,15,2024-12-19,279885,5,Bangalore
S7767,P8276,C9823,1,2026-04-17,5158,5,Bangalore
S7768,P4556,C6501,15,2025-11-09,292590,0,Mumbai
S7769,P6945,C8840,19,2025-06-10,512411,15,Chandigarh
S7770,P775,C5666,14,2024-08-25,61502,10,Pune
S7771,P9318,C9201,10,2024-12-08,359650,10,Pune
S7772,P2515,C6020,18,2025-12-03,208116,0,Delhi
S7773,P3801,C1100,3,2025-08-24,145992,5,Bangalore
S7774,P6956,C5618,1,2025-04-07,31185,15,Chandigarh
S7775,P1543,C4791,7,2026-03-16,30310,15,Jaipur
S7776,P2019,C1713,10,2025-01-23,161570,5,Pune
S7777,P3414,C5374,5,2026-05-11,82370,0,Bangalore
S7778,P3568,C3571,8,2025-01-14,342400,15,Pune
S7779,P4742,C5071,14,2024-11-22,77868,10,Bangalore
S7780,P5361,C7211,5,2024-09-13,68530,10,Mumbai
S7781,P6786,C6114,8,2026-03-15,377360,5,Bangalore
S7782,P5784,C8669,9,2025-07-25,357525,10,Jaipur
S7783,P6260,C5960,6,2026-04-22,166152,15,Chandigarh
S7784,P8154,C4651,6,2024-09-20,30498,5,Jaipur
S7785,P3857,C8630,2,2025-04-21,95488,10,Delhi
S7786,P8232,C6555,9,2024-10-01,435051,15,Bangalore
S7787,P9366,C9683,10,2025-08-03,183250,15,Delhi
S7788,P4206,C2513,4,2025-02-04,191052,0,Delhi
S7789,P2463,C179,10,2025-08-04,94760,5,Pune
S7790,P5364,C3795,1,2025-01-01,10431,5,Jaipur
S7791,P6765,C5264,11,2026-03-29,244816,15,Delhi
S7792,P5774,C7720,7,2024-08-11,67690,0,Chandigarh
S7793,P259,C6551,11,2025-10-06,463793,0,Pune
S7794,P9083,C6370,14,2025-08-14,326928,0,Bangalore
S7795,P6917,C9730,14,2025-05-13,377692,5,Bangalore
S7796,P8725,C4685,3,2024-06-02,46713,0,Mumbai
S7797,P8706,C3385,13,2025-09-12,604292,5,Delhi
S7798,P1838,C6589,4,2025-09-26,17248,0,Pune
S7799,P8511,C882,15,2025-10-20,736395,15,Bangalore
S7800,P3547,C4995,5,2024-12-10,211320,0,Bangalore
S7801,P2065,C2173,6,2024-11-25,132660,10,Delhi
S7802,P3102,C7796,4,2025-07-16,165824,0,Pune
S7803,P3097,C7883,4,2025-03-09,179120,5,Chandigarh
S7804,P3425,C1476,14,2024-11-21,257208,0,Jaipur
S7805,P9481,C6979,19,2025-02-23,156237,0,Bangalore
S7806,P6495,C9439,8,2025-09-12,314496,15,Mumbai
S7807,P7785,C1533,9,2024-06-26,115587,10,Mumbai
S7808,P8583,C8599,13,2025-12-15,445679,5,Delhi
S7809,P8197,C7012,13,2024-10-02,221286,0,Bangalore
S7810,P2573,C5956,16,2026-05-28,605872,0,Mumbai
S7811,P4967,C601,18,2026-01-25,193320,10,Jaipur
S7812,P2427,C5150,11,2024-07-09,65109,10,Chandigarh
S7813,P3623,C2149,1,2025-07-18,20898,15,Jaipur
S7814,P3622,C4957,19,2025-05-24,348555,10,Delhi
S7815,P333,C6460,2,2024-08-24,48094,10,Delhi
S7816,P8521,C9269,15,2025-10-04,146265,15,Jaipur
S7817,P1025,C9490,3,2025-03-03,120135,15,Bangalore
S7818,P7103,C3621,18,2025-01-26,104346,0,Chandigarh
S7819,P5651,C9265,14,2026-05-26,543676,15,Jaipur
S7820,P7012,C9250,9,2026-05-27,127548,5,Pune
S7821,P7556,C1250,16,2026-01-19,142864,5,Chandigarh
S7822,P7733,C2060,16,2024-09-24,486176,15,Jaipur
S7823,P8900,C2292,19,2025-03-13,502398,0,Delhi
S7824,P2505,C300,8,2024-09-26,231224,0,Jaipur
S7825,P3345,C9393,12,2025-06-09,319920,5,Mumbai
S7826,P3653,C6236,1,2026-02-09,16858,0,Pune
S7827,P9065,C6508,15,2024-06-27,688485,10,Chandigarh
S7828,P2976,C4296,2,2025-05-09,96266,10,Delhi
S7829,P8208,C6340,10,2024-06-18,312420,0,Mumbai
S7830,P7036,C321,9,2025-08-01,323541,0,Jaipur
S7831,P9444,C1965,16,2025-11-12,574080,15,Jaipur
S7832,P1235,C1351,18,2024-11-23,298350,0,Delhi
S7833,P7731,C9556,2,2025-09-19,78682,0,Mumbai
S7834,P2704,C4867,5,2025-05-09,215335,10,Pune
S7835,P8486,C7841,2,2024-09-27,97506,15,Pune
S7836,P8717,C4724,19,2026-05-10,935256,0,Mumbai
S7837,P4154,C7441,12,2025-02-27,325320,0,Jaipur
S7838,P678,C7506,12,2024-10-16,284880,0,Bangalore
S7839,P3186,C6784,10,2025-12-11,66230,10,Delhi
S7840,P9164,C3782,9,2025-02-20,254889,5,Mumbai
S7841,P6651,C5077,9,2026-05-18,266265,5,Jaipur
S7842,P1005,C6547,9,2024-11-30,62658,15,Delhi
S7843,P6548,C1964,15,2024-07-28,600390,10,Bangalore
S7844,P3449,C6588,3,2025-11-27,39252,10,Chandigarh
S7845,P3700,C5931,5,2024-12-29,30155,0,Mumbai
S7846,P2214,C5600,17,2024-08-05,179180,0,Mumbai
S7847,P6759,C5917,1,2026-01-20,11282,10,Mumbai
S7848,P1229,C798,13,2025-10-05,630825,15,Jaipur
S7849,P7484,C6626,19,2024-10-12,271662,10,Chandigarh
S7850,P9621,C8706,4,2025-09-11,99496,10,Jaipur
S7851,P2354,C1887,19,2026-02-14,47538,15,Jaipur
S7852,P3353,C9580,15,2025-11-23,147885,5,Mumbai
S7853,P8955,C6390,11,2025-05-11,283184,0,Pune
S7854,P2729,C2505,18,2025-09-27,197460,0,Mumbai
S7855,P2396,C5057,2,2026-02-05,44062,15,Mumbai
S7856,P2707,C9570,5,2024-07-14,234190,5,Pune
S7857,P9289,C6716,15,2025-10-23,314115,15,Mumbai
S7858,P7223,C132,19,2026-03-21,167694,0,Bangalore
S7859,P7785,C4305,17,2024-10-28,660467,10,Jaipur
S7860,P4942,C5074,8,2025-01-21,175392,0,Mumbai
S7861,P393,C3922,20,2024-10-21,684780,15,Chandigarh
S7862,P8257,C9370,7,2025-11-27,140007,0,Delhi
S7863,P5466,C5505,17,2026-04-09,464644,0,Delhi
S7864,P8040,C7078,8,2025-01-10,143192,10,Mumbai
S7865,P6073,C8480,20,2025-12-31,596160,5,Bangalore
S7866,P8932,C1800,4,2026-01-15,167356,0,Chandigarh
S7867,P2691,C4108,17,2025-07-29,654228,5,Chandigarh
S7868,P654,C2565,1,2025-07-10,7848,5,Delhi
S7869,P771,C192,14,2026-01-31,596876,0,Bangalore
S7870,P6347,C6041,6,2025-03-13,90930,5,Chandigarh
S7871,P1121,C3520,6,2025-03-15,30192,0,Bangalore
S7872,P3072,C4108,16,2024-11-28,488176,15,Delhi
S7873,P4528,C621,6,2025-04-25,193932,15,Delhi
S7874,P5045,C4274,9,2025-04-19,38709,15,Bangalore
S7875,P3782,C9481,19,2025-01-28,323152,10,Pune
S7876,P4954,C7605,9,2025-08-27,262782,5,Mumbai
S7877,P9739,C3887,15,2026-01-28,358800,15,Pune
S7878,P3400,C8943,4,2026-05-09,89248,0,Delhi
S7879,P3453,C9770,14,2025-10-16,155638,15,Chandigarh
S7880,P3640,C1776,12,2026-01-07,18312,10,Pune
S7881,P1738,C7984,14,2026-05-12,186998,10,Mumbai
S7882,P5540,C8679,11,2024-12-13,533049,0,Mumbai
S7883,P3515,C3808,8,2026-03-14,393272,10,Delhi
S7884,P3163,C6978,3,2024-08-27,67674,15,Chandigarh
S7885,P7756,C2974,17,2025-06-03,347225,10,Delhi
S7886,P3101,C7451,1,2025-08-08,30071,5,Mumbai
S7887,P2653,C5206,8,2025-04-20,290584,15,Pune
S7888,P3665,C1522,3,2024-08-24,102408,10,Bangalore
S7889,P8832,C8055,15,2025-10-30,215910,0,Mumbai
S7890,P9104,C1157,19,2026-05-21,724147,0,Delhi
S7891,P4212,C7840,20,2024-12-04,502260,15,Pune
S7892,P9618,C7840,9,2025-12-22,333306,15,Delhi
S7893,P614,C6253,9,2025-06-10,442647,0,Mumbai
S7894,P1496,C5863,1,2024-08-07,31849,10,Chandigarh
S7895,P5277,C280,20,2024-11-30,657180,15,Delhi
S7896,P7472,C8410,20,2025-08-08,954980,0,Bangalore
S7897,P2801,C4664,3,2026-02-18,39438,0,Mumbai
S7898,P1555,C6660,10,2026-04-21,212400,15,Delhi
S7899,P7714,C943,6,2024-09-11,8460,15,Jaipur
S7900,P7983,C7278,17,2025-01-28,183515,5,Jaipur
S7901,P4667,C7796,14,2026-05-15,331772,15,Pune
S7902,P1735,C3826,9,2026-01-31,139779,5,Pune
S7903,P2117,C5684,13,2025-05-13,199095,5,Jaipur
S7904,P4412,C9263,15,2025-03-02,24675,15,Chandigarh
S7905,P8105,C509,4,2025-12-19,69884,15,Chandigarh
S7906,P9672,C5744,1,2024-06-08,4300,5,Delhi
S7907,P5996,C6861,1,2024-12-29,38727,5,Jaipur
S7908,P271,C3796,19,2025-07-17,310346,15,Jaipur
S7909,P1487,C7927,7,2024-06-14,274582,5,Chandigarh
S7910,P7316,C4360,11,2025-04-21,366795,15,Jaipur
S7911,P4834,C485,14,2025-02-11,14938,0,Chandigarh
S7912,P206,C9658,4,2025-05-28,20820,5,Jaipur
S7913,P6142,C8275,1,2024-09-30,46825,15,Pune
S7914,P8498,C578,10,2025-05-22,345610,0,Bangalore
S7915,P6796,C3574,17,2025-03-15,624291,0,Chandigarh
S7916,P8122,C5840,7,2025-12-04,208614,15,Mumbai
S7917,P4263,C1289,6,2025-12-03,254940,5,Mumbai
S7918,P5367,C2078,10,2026-05-13,375750,5,Delhi
S7919,P7183,C1703,12,2025-07-25,242232,5,Delhi
S7920,P7489,C5515,6,2024-09-06,213372,15,Chandigarh
S7921,P9246,C8809,12,2026-01-21,87696,15,Mumbai
S7922,P2514,C9209,7,2026-04-23,297577,5,Chandigarh
S7923,P4152,C7715,15,2025-08-23,408720,15,Bangalore
S7924,P8560,C9756,16,2025-07-16,321408,5,Chandigarh
S7925,P1743,C9362,13,2024-09-09,564057,0,Delhi
S7926,P8978,C2474,15,2024-09-03,170175,15,Bangalore
S7927,P3479,C3195,16,2026-01-04,164304,0,Pune
S7928,P4579,C3198,14,2024-07-05,441000,0,Jaipur
S7929,P4291,C538,11,2026-04-26,98901,0,Jaipur
S7930,P9715,C4443,10,2024-09-08,436780,15,Mumbai
S7931,P7333,C5890,11,2025-07-08,353089,0,Bangalore
S7932,P2357,C7298,20,2025-02-02,504380,0,Pune
S7933,P838,C8770,15,2024-06-22,509625,15,Jaipur
S7934,P2826,C6328,19,2026-03-16,543856,0,Bangalore
S7935,P7356,C1188,12,2026-04-28,562188,10,Pune
S7936,P8689,C1998,19,2026-01-31,399494,10,Bangalore
S7937,P1014,C3502,15,2025-08-28,96075,0,Pune
S7938,P233,C2747,5,2024-11-22,95625,10,Chandigarh
S7939,P623,C9552,20,2025-10-19,569260,5,Delhi
S7940,P5733,C2050,8,2024-08-31,311624,0,Mumbai
S7941,P3326,C5177,6,2025-08-22,114270,15,Delhi
S7942,P3671,C4754,6,2024-11-03,186774,10,Pune
S7943,P948,C8111,14,2025-03-10,214676,10,Jaipur
S7944,P5725,C8509,13,2024-08-07,527618,15,Mumbai
S7945,P452,C8940,4,2025-02-26,133388,15,Jaipur
S7946,P4289,C6152,7,2026-02-16,164150,5,Bangalore
S7947,P9055,C4355,3,2025-02-14,78879,0,Delhi
S7948,P4456,C7028,11,2024-06-27,528209,15,Bangalore
S7949,P8597,C8314,16,2025-09-19,723600,0,Delhi
S7950,P7873,C4424,9,2026-05-07,9063,10,Chandigarh
S7951,P1401,C4216,10,2025-02-14,45510,15,Chandigarh
S7952,P1455,C6001,18,2025-07-09,891198,10,Chandigarh
S7953,P9250,C2464,14,2025-04-28,539644,0,Pune
S7954,P7363,C7449,5,2024-11-10,144185,5,Delhi
S7955,P341,C1549,4,2024-12-11,167960,15,Bangalore
S7956,P9253,C7369,16,2024-07-31,376736,10,Mumbai
S7957,P5634,C4926,20,2025-12-22,869660,15,Pune
S7958,P7392,C7669,6,2025-01-19,49650,5,Mumbai
S7959,P9093,C4475,8,2025-08-25,73568,0,Chandigarh
S7960,P5283,C3549,4,2025-08-17,76032,15,Pune
S7961,P1680,C6199,1,2026-03-14,13074,0,Jaipur
S7962,P6793,C2169,17,2025-12-06,734400,10,Chandigarh
S7963,P1934,C9034,10,2026-04-25,407400,0,Mumbai
S7964,P2984,C8668,15,2025-02-10,445245,10,Pune
S7965,P5237,C8705,20,2025-02-23,225060,5,Pune
S7966,P2680,C3668,10,2026-03-29,357360,0,Jaipur
S7967,P9112,C7028,14,2026-03-18,406672,10,Pune
S7968,P9049,C1481,4,2024-11-22,25140,10,Jaipur
S7969,P109,C3707,2,2025-03-18,29030,15,Mumbai
S7970,P9004,C9850,17,2025-10-06,384676,10,Mumbai
S7971,P9536,C9154,10,2025-10-21,470750,5,Mumbai
S7972,P1830,C1859,16,2026-01-15,266048,15,Jaipur
S7973,P2292,C7160,16,2025-03-23,173408,15,Mumbai
S7974,P8798,C7158,1,2025-12-30,24949,5,Bangalore
S7975,P8766,C5963,12,2026-04-03,451380,15,Bangalore
S7976,P4936,C8296,8,2025-06-01,27656,15,Delhi
S7977,P3840,C7986,20,2025-02-24,434500,5,Chandigarh
S7978,P148,C7062,11,2024-12-09,312895,10,Jaipur
S7979,P6375,C2935,20,2024-07-30,493620,5,Jaipur
S7980,P3060,C2499,8,2024-07-29,303088,15,Chandigarh
S7981,P9669,C4827,19,2025-10-22,21964,5,Jaipur
S7982,P9635,C5854,11,2025-11-20,173492,0,Pune
S7983,P1796,C6650,18,2025-05-30,748908,10,Mumbai
S7984,P2419,C3098,8,2024-11-09,62064,10,Bangalore
S7985,P9422,C2734,5,2024-06-07,184620,10,Mumbai
S7986,P4429,C7277,19,2025-03-08,351120,10,Delhi
S7987,P5596,C6811,11,2024-11-11,529661,0,Jaipur
S7988,P4791,C307,16,2026-03-02,449440,0,Pune
S7989,P4644,C3038,14,2025-05-18,425320,0,Chandigarh
S7990,P5208,C3409,18,2025-03-29,463572,15,Chandigarh
S7991,P9663,C2236,6,2025-07-13,268074,0,Jaipur
S7992,P9463,C9795,8,2025-07-11,359672,10,Jaipur
S7993,P3583,C6853,14,2025-09-10,626052,10,Delhi
S7994,P8883,C2406,6,2024-11-20,162072,10,Bangalore
S7995,P3229,C2878,12,2025-07-04,254028,0,Chandigarh
S7996,P4226,C7503,10,2025-01-26,497900,5,Delhi
S7997,P726,C8663,13,2025-04-01,29393,5,Pune
S7998,P6020,C8679,2,2025-01-31,78676,0,Mumbai
S7999,P7095,C4963,5,2025-05-12,174835,10,Delhi
S8000,P9579,C9365,8,2024-06-25,278616,5,Jaipur
S8001,P227,C2382,4,2026-03-12,101124,5,Mumbai
S8002,P5175,C3088,6,2025-07-09,143160,10,Bangalore
S8003,P8850,C7024,16,2025-04-10,704144,0,Pune
S8004,P8542,C3976,7,2025-10-09,145446,0,Delhi
S8005,P3047,C5265,5,2026-02-27,94695,10,Bangalore
S8006,P7030,C150,18,2024-09-25,887328,0,Bangalore
S8007,P2136,C680,8,2026-05-11,94960,15,Delhi
S8008,P682,C5492,11,2024-11-08,202785,5,Pune
S8009,P9665,C5910,7,2026-01-18,108976,0,Bangalore
S8010,P3993,C5745,10,2025-01-31,100360,0,Delhi
S8011,P7285,C226,11,2024-12-09,265045,0,Chandigarh
S8012,P9705,C496,8,2025-07-10,218672,0,Delhi
S8013,P1197,C3016,8,2024-12-28,212304,10,Chandigarh
S8014,P2487,C5879,10,2024-12-10,339690,10,Bangalore
S8015,P337,C2312,12,2025-02-07,28092,10,Bangalore
S8016,P2264,C7125,4,2025-07-23,99800,0,Chandigarh
S8017,P4530,C2266,1,2025-08-02,9485,10,Mumbai
S8018,P1066,C260,12,2025-09-14,264432,0,Jaipur
S8019,P1820,C124,12,2024-06-15,31500,10,Bangalore
S8020,P6692,C7919,19,2024-10-14,641174,10,Bangalore
S8021,P6857,C3246,16,2025-06-03,711856,15,Pune
S8022,P3581,C5470,20,2026-01-07,543520,15,Delhi
S8023,P2040,C3514,19,2025-04-16,211489,5,Chandigarh
S8024,P3859,C8007,7,2024-11-04,220906,15,Pune
S8025,P5370,C3840,14,2024-11-20,377608,15,Bangalore
S8026,P317,C530,1,2026-01-05,43899,5,Chandigarh
S8027,P3250,C7502,6,2024-07-16,245406,0,Pune
S8028,P2666,C3259,7,2025-05-31,83552,5,Mumbai
S8029,P9691,C8738,11,2025-03-11,61919,5,Chandigarh
S8030,P2394,C3314,16,2026-02-21,220928,0,Bangalore
S8031,P4876,C2034,19,2024-11-22,943065,0,Chandigarh
S8032,P3588,C7994,7,2025-09-21,324562,5,Pune
S8033,P1132,C5400,4,2025-03-09,74080,0,Pune
S8034,P6182,C8222,3,2024-10-17,49989,0,Mumbai
S8035,P9863,C119,19,2025-09-20,747916,10,Jaipur
S8036,P3378,C5746,20,2025-07-17,149560,5,Bangalore
S8037,P8254,C7872,9,2024-07-20,333252,0,Bangalore
S8038,P741,C1395,1,2026-03-07,37305,15,Chandigarh
S8039,P4069,C8767,15,2025-02-21,300195,0,Mumbai
S8040,P9475,C1430,15,2025-05-27,685095,5,Delhi
S8041,P74,C4514,7,2026-04-13,232806,0,Chandigarh
S8042,P4773,C9052,4,2025-04-22,131544,10,Jaipur
S8043,P8529,C5601,17,2025-10-27,439399,15,Chandigarh
S8044,P4151,C2550,2,2025-12-13,69876,5,Mumbai
S8045,P1613,C1348,6,2025-07-06,188688,5,Mumbai
S8046,P7085,C565,17,2025-03-01,369903,15,Jaipur
S8047,P1079,C6924,2,2024-09-18,20186,15,Jaipur
S8048,P6170,C7420,3,2024-06-12,68307,5,Pune
S8049,P2718,C4661,12,2026-04-25,385272,5,Pune
S8050,P3923,C6264,4,2026-01-17,106420,0,Jaipur
S8051,P6481,C5757,4,2025-12-19,110028,10,Bangalore
S8052,P152,C4292,1,2025-01-04,5878,5,Bangalore
S8053,P8193,C70,18,2026-05-26,456678,15,Chandigarh
S8054,P454,C9733,18,2025-05-29,706212,15,Mumbai
S8055,P6099,C5487,14,2025-06-19,19166,0,Chandigarh
S8056,P7214,C5735,15,2025-06-06,79050,0,Pune
S8057,P1170,C3898,20,2026-04-04,545780,15,Delhi
S8058,P7166,C5122,2,2024-08-15,21386,5,Jaipur
S8059,P5760,C3517,6,2025-01-02,212406,10,Jaipur
S8060,P2221,C1613,11,2024-11-20,284493,10,Jaipur
S8061,P9769,C2365,1,2025-10-12,35037,0,Bangalore
S8062,P1112,C878,18,2024-08-04,866124,5,Delhi
S8063,P9412,C9064,19,2026-01-27,853917,10,Mumbai
S8064,P1519,C7150,16,2025-06-11,277024,15,Delhi
S8065,P3959,C3267,7,2025-12-03,41307,10,Chandigarh
S8066,P6134,C2954,17,2025-08-13,73049,10,Mumbai
S8067,P3190,C7321,10,2025-06-23,396970,10,Delhi
S8068,P4547,C6635,15,2026-01-03,522270,5,Jaipur
S8069,P8941,C2820,19,2024-10-22,332291,10,Delhi
S8070,P9959,C1826,2,2024-05-28,61400,0,Chandigarh
S8071,P9969,C3115,7,2026-01-27,314643,10,Mumbai
S8072,P8516,C3344,15,2024-12-27,723450,5,Chandigarh
S8073,P5388,C9235,12,2026-05-04,165996,0,Mumbai
S8074,P9587,C9891,4,2024-09-21,10016,0,Jaipur
S8075,P6233,C2586,11,2026-03-21,311509,10,Chandigarh
S8076,P5363,C3115,10,2025-01-05,360780,10,Chandigarh
S8077,P6689,C1593,17,2026-01-03,393329,0,Chandigarh
S8078,P5824,C4338,15,2025-10-11,113490,10,Mumbai
S8079,P5738,C4350,10,2025-11-09,346220,10,Jaipur
S8080,P4985,C8424,20,2026-03-04,527540,0,Delhi
S8081,P8749,C9983,10,2024-06-28,221030,5,Mumbai
S8082,P5917,C8263,18,2025-03-18,305676,5,Pune
S8083,P6108,C5433,1,2026-03-29,4649,0,Chandigarh
S8084,P8374,C5233,8,2024-09-12,206480,0,Pune
S8085,P4426,C9486,8,2025-04-15,248712,15,Mumbai
S8086,P2052,C8985,15,2026-03-04,180450,5,Mumbai
S8087,P3882,C9921,20,2025-10-28,125520,10,Bangalore
S8088,P5458,C9512,10,2025-05-06,253670,15,Delhi
S8089,P5747,C3043,10,2024-10-13,486530,15,Delhi
S8090,P1605,C5180,4,2025-04-03,5808,5,Mumbai
S8091,P4050,C4266,20,2025-10-06,810320,10,Jaipur
S8092,P1491,C2565,15,2025-08-27,696990,0,Delhi
S8093,P4648,C691,2,2025-03-20,94126,0,Jaipur
S8094,P782,C8487,12,2026-02-24,263304,0,Pune
S8095,P9193,C6635,7,2024-10-02,330162,5,Jaipur
S8096,P2287,C9633,3,2025-12-03,138144,15,Jaipur
S8097,P6051,C6194,14,2026-03-19,656250,15,Chandigarh
S8098,P1784,C8981,20,2026-01-25,76920,5,Jaipur
S8099,P3841,C2153,9,2024-07-03,90261,15,Pune
S8100,P8744,C754,1,2025-09-09,2491,10,Bangalore
S8101,P8100,C7831,6,2024-12-08,153696,0,Jaipur
S8102,P7167,C4749,4,2024-10-28,170508,10,Delhi
S8103,P6402,C4288,3,2025-11-17,120129,10,Chandigarh
S8104,P3065,C3974,7,2025-08-31,304815,5,Chandigarh
S8105,P2711,C2486,3,2025-12-11,124416,5,Jaipur
S8106,P6569,C4208,20,2024-07-25,538960,10,Chandigarh
S8107,P2355,C5955,19,2025-02-26,113867,0,Mumbai
S8108,P7666,C8344,8,2024-09-08,114608,15,Pune
S8109,P3604,C5985,19,2025-12-27,123994,15,Mumbai
S8110,P5794,C6334,20,2025-06-07,722080,15,Chandigarh
S8111,P1746,C6022,14,2024-08-27,459928,10,Jaipur
S8112,P1964,C5573,19,2026-04-14,458299,15,Jaipur
S8113,P3559,C9225,4,2025-01-31,87208,10,Jaipur
S8114,P1801,C3426,7,2025-03-01,316897,5,Chandigarh
S8115,P7262,C5187,17,2026-05-24,522563,15,Delhi
S8116,P7930,C7368,12,2025-01-07,263532,10,Jaipur
S8117,P3800,C7618,17,2024-10-17,184824,5,Delhi
S8118,P505,C7050,5,2025-06-24,115450,0,Pune
S8119,P9530,C7832,11,2024-06-27,61424,15,Pune
S8120,P3681,C4181,7,2026-01-27,346073,10,Bangalore
S8121,P8982,C5708,14,2026-04-13,492828,0,Chandigarh
S8122,P6522,C84,16,2026-05-25,75280,10,Bangalore
S8123,P7766,C1025,12,2026-02-06,446892,0,Bangalore
S8124,P1934,C9370,7,2025-02-25,89327,10,Chandigarh
S8125,P341,C8409,18,2026-03-29,296964,15,Chandigarh
S8126,P7878,C4461,15,2025-11-12,425520,0,Jaipur
S8127,P6549,C3574,6,2024-11-12,24600,10,Mumbai
S8128,P4526,C4899,10,2024-07-12,76580,5,Chandigarh
S8129,P2200,C4167,15,2026-02-17,503130,0,Mumbai
S8130,P1624,C4751,16,2024-12-03,498160,10,Pune
S8131,P3416,C1783,2,2025-03-01,32190,10,Mumbai
S8132,P4746,C2554,4,2025-11-17,55000,0,Bangalore
S8133,P130,C6216,2,2026-05-16,3534,0,Bangalore
S8134,P3881,C1891,3,2025-12-16,62607,10,Chandigarh
S8135,P4813,C5913,2,2025-09-12,25494,0,Delhi
S8136,P7207,C8638,1,2026-03-10,41950,5,Jaipur
S8137,P784,C9880,15,2024-10-27,76200,0,Delhi
S8138,P9418,C537,15,2025-02-25,620910,5,Bangalore
S8139,P6330,C2325,2,2025-12-17,40392,0,Mumbai
S8140,P8789,C5715,15,2025-02-13,34650,5,Pune
S8141,P9832,C247,12,2025-02-09,383592,15,Delhi
S8142,P7848,C4345,18,2026-02-20,664866,10,Jaipur
S8143,P5699,C7447,13,2025-08-11,244309,5,Jaipur
S8144,P1812,C5983,3,2025-09-27,124110,10,Mumbai
S8145,P1277,C2680,15,2025-04-04,303810,5,Pune
S8146,P8984,C2349,9,2026-01-21,56079,10,Pune
S8147,P3067,C2168,5,2025-09-27,31310,0,Bangalore
S8148,P6273,C7416,5,2024-11-09,69495,10,Pune
S8149,P4807,C1614,20,2025-06-25,964780,15,Chandigarh
S8150,P4241,C550,1,2025-06-27,19727,0,Jaipur
S8151,P8252,C1076,7,2025-08-21,149534,10,Jaipur
S8152,P1827,C6801,16,2024-08-29,707200,15,Pune
S8153,P7423,C1461,14,2026-05-11,141582,0,Bangalore
S8154,P1351,C1238,10,2024-07-27,284750,10,Jaipur
S8155,P1934,C8900,2,2025-09-02,50492,0,Pune
S8156,P9930,C3580,1,2025-08-09,32435,0,Pune
S8157,P8735,C5079,8,2024-12-16,179520,15,Chandigarh
S8158,P4592,C5213,16,2025-08-22,177856,15,Chandigarh
S8159,P258,C4662,8,2024-10-06,9312,10,Jaipur
S8160,P8961,C5592,19,2024-10-14,213142,15,Chandigarh
S8161,P6746,C9560,5,2024-11-03,46580,0,Bangalore
S8162,P1271,C8040,16,2026-03-19,641856,5,Delhi
S8163,P5918,C213,14,2025-09-24,267974,0,Jaipur
S8164,P3113,C9724,6,2025-04-10,106122,0,Chandigarh
S8165,P1109,C7885,1,2024-07-18,26676,0,Chandigarh
S8166,P3062,C4610,11,2025-03-09,436579,0,Bangalore
S8167,P7302,C643,6,2026-02-12,129450,15,Mumbai
S8168,P8376,C7343,2,2024-08-28,23364,5,Jaipur
S8169,P7729,C8419,7,2025-05-16,145397,10,Mumbai
S8170,P3942,C9563,16,2026-02-27,457328,5,Pune
S8171,P1720,C8269,12,2025-09-02,517212,0,Pune
S8172,P2762,C4994,4,2025-04-03,134228,5,Jaipur
S8173,P6868,C3319,20,2025-06-15,241700,10,Chandigarh
S8174,P505,C4364,1,2025-11-07,26406,5,Chandigarh
S8175,P8591,C6180,5,2025-07-24,192885,15,Bangalore
S8176,P9392,C8401,14,2025-09-06,278824,5,Pune
S8177,P612,C7356,9,2025-02-17,225099,0,Pune
S8178,P327,C3014,12,2025-05-05,535092,0,Mumbai
S8179,P1107,C826,13,2025-05-01,604006,0,Pune
S8180,P4424,C5193,8,2026-01-27,209576,0,Jaipur
S8181,P3995,C5572,15,2025-11-01,406035,15,Jaipur
S8182,P6874,C8554,9,2026-03-01,334377,5,Bangalore
S8183,P9265,C1634,16,2024-07-16,241248,5,Chandigarh
S8184,P266,C4519,7,2025-03-16,327705,15,Mumbai
S8185,P284,C5013,19,2025-05-23,310099,5,Delhi
S8186,P3173,C9810,11,2024-12-11,167640,15,Chandigarh
S8187,P663,C5042,2,2024-12-28,57304,5,Pune
S8188,P2783,C1553,3,2024-11-16,74988,10,Bangalore
S8189,P4053,C9126,18,2024-09-25,223632,15,Chandigarh
S8190,P9287,C3213,19,2025-09-07,862562,5,Mumbai
S8191,P2703,C3717,8,2025-09-06,177216,15,Delhi
S8192,P5780,C8005,9,2025-05-14,344808,15,Pune
S8193,P8080,C7885,20,2024-10-04,715240,10,Jaipur
S8194,P7068,C8627,19,2026-04-15,33060,15,Bangalore
S8195,P3201,C4940,11,2024-07-18,112442,5,Pune
S8196,P2178,C8903,15,2025-09-12,284760,5,Jaipur
S8197,P873,C2063,3,2025-03-25,80970,5,Bangalore
S8198,P897,C7801,19,2025-06-17,925015,0,Jaipur
S8199,P1907,C5684,12,2024-06-16,204276,5,Delhi
S8200,P7052,C5239,9,2025-06-14,62694,5,Delhi
S8201,P8771,C6778,20,2025-03-06,990540,10,Bangalore
S8202,P4171,C7470,15,2026-05-08,454050,15,Jaipur
S8203,P2849,C5380,15,2026-03-15,632160,0,Delhi
S8204,P4351,C7457,15,2026-02-04,30660,5,Delhi
S8205,P5406,C9181,13,2026-01-18,381615,5,Delhi
S8206,P5683,C2900,8,2024-07-04,98416,5,Jaipur
S8207,P4650,C663,16,2025-05-06,559888,5,Bangalore
S8208,P864,C5143,10,2024-06-23,226920,10,Delhi
S8209,P8393,C1956,16,2024-07-12,645040,5,Pune
S8210,P1327,C4098,20,2025-07-07,688340,5,Chandigarh
S8211,P4951,C2058,1,2025-12-25,48318,5,Chandigarh
S8212,P3967,C424,1,2025-05-10,14334,5,Pune
S8213,P1011,C7207,10,2025-08-02,419800,0,Pune
S8214,P7726,C1140,17,2024-08-15,820437,10,Jaipur
S8215,P5959,C7806,10,2024-09-29,193760,0,Pune
S8216,P6639,C23,13,2024-07-11,264303,10,Pune
S8217,P339,C6229,20,2025-12-16,420220,10,Chandigarh
S8218,P1239,C956,6,2024-12-09,214026,10,Bangalore
S8219,P1590,C172,14,2024-10-23,344190,5,Jaipur
S8220,P1102,C179,1,2025-01-10,36536,10,Chandigarh
S8221,P2756,C5531,13,2025-05-02,636831,0,Bangalore
S8222,P7817,C3229,10,2024-09-18,474720,5,Mumbai
S8223,P9633,C4057,12,2024-07-22,330660,15,Jaipur
S8224,P7407,C4836,10,2024-08-04,234200,5,Chandigarh
S8225,P1088,C7161,13,2025-12-06,171561,5,Mumbai
S8226,P3217,C1220,20,2025-08-23,75960,5,Mumbai
S8227,P3475,C8460,9,2025-07-12,282942,10,Jaipur
S8228,P1771,C7420,6,2025-07-19,28926,5,Mumbai
S8229,P7401,C6577,11,2024-12-15,101838,15,Bangalore
S8230,P7960,C4228,6,2024-11-22,160188,0,Jaipur
S8231,P3582,C5088,18,2025-01-04,94014,15,Bangalore
S8232,P7528,C7135,7,2025-03-23,121947,5,Mumbai
S8233,P5538,C1446,13,2024-12-08,587769,5,Jaipur
S8234,P8597,C6940,6,2026-03-11,282090,5,Delhi
S8235,P4822,C1492,10,2025-01-31,343960,5,Mumbai
S8236,P280,C5755,6,2024-07-31,46050,15,Delhi
S8237,P8553,C8872,2,2024-07-31,48900,15,Bangalore
S8238,P9396,C9099,15,2024-12-03,652320,15,Bangalore
S8239,P4922,C1135,8,2025-08-21,68576,0,Pune
S8240,P4194,C5836,18,2024-09-23,851202,5,Bangalore
S8241,P6723,C2388,9,2025-08-19,410769,5,Chandigarh
S8242,P4416,C5231,17,2024-11-26,137411,10,Bangalore
S8243,P1695,C6291,15,2026-02-28,69195,10,Bangalore
S8244,P1658,C4980,20,2025-04-04,169320,10,Delhi
S8245,P4010,C5836,1,2025-05-04,25978,15,Bangalore
S8246,P8586,C8813,11,2024-05-31,172403,5,Bangalore
S8247,P7361,C3736,12,2025-08-31,387144,10,Jaipur
S8248,P9584,C3732,7,2024-08-16,120274,15,Delhi
S8249,P8686,C7608,18,2026-02-26,769608,10,Delhi
S8250,P5457,C6945,5,2025-11-08,188605,0,Jaipur
S8251,P4938,C4628,3,2026-02-26,9711,0,Bangalore
S8252,P156,C6961,5,2025-02-02,59005,5,Jaipur
S8253,P5658,C2800,2,2026-03-08,78974,10,Mumbai
S8254,P9972,C9738,15,2025-03-30,459735,15,Bangalore
S8255,P5593,C4813,17,2024-08-27,359652,0,Chandigarh
S8256,P4729,C9762,5,2025-10-25,84835,5,Chandigarh
S8257,P4959,C848,8,2026-02-08,24464,0,Delhi
S8258,P3285,C3164,6,2025-03-20,276360,5,Bangalore
S8259,P1203,C6963,12,2024-11-13,469284,0,Pune
S8260,P5988,C3608,1,2024-11-25,38755,0,Chandigarh
S8261,P7627,C7001,4,2025-10-28,104212,5,Bangalore
S8262,P8031,C7404,10,2026-01-18,328520,15,Jaipur
S8263,P9282,C6518,12,2024-10-13,327108,15,Pune
S8264,P1917,C6080,16,2025-09-20,169776,15,Bangalore
S8265,P7018,C2145,15,2025-02-06,330195,5,Delhi
S8266,P517,C6459,17,2025-10-10,771970,10,Pune
S8267,P3702,C9676,1,2024-12-25,20010,10,Jaipur
S8268,P5213,C3905,7,2026-01-19,220150,5,Mumbai
S8269,P1060,C6732,12,2025-09-08,20772,5,Pune
S8270,P3459,C1250,10,2025-07-17,170820,0,Jaipur
S8271,P5445,C515,1,2025-10-23,44501,10,Delhi
S8272,P9681,C7782,15,2025-05-19,541785,0,Bangalore
S8273,P5005,C4986,13,2025-11-08,341510,5,Bangalore
S8274,P7375,C4488,14,2024-10-13,432026,0,Bangalore
S8275,P9185,C8813,14,2024-10-02,434070,15,Delhi
S8276,P3503,C5517,18,2024-06-28,149436,15,Chandigarh
S8277,P3810,C4017,17,2026-05-28,819315,10,Jaipur
S8278,P4666,C1397,14,2026-01-23,582106,15,Bangalore
S8279,P5818,C471,3,2025-06-10,63429,15,Mumbai
S8280,P5225,C4605,17,2025-08-28,479281,5,Mumbai
S8281,P1867,C9235,10,2026-03-26,239060,10,Bangalore
S8282,P9296,C3472,4,2024-06-09,53616,5,Chandigarh
S8283,P9122,C763,17,2025-02-15,218433,0,Mumbai
S8284,P6884,C6645,7,2025-04-02,149121,0,Mumbai
S8285,P5842,C4001,7,2024-07-01,36778,15,Pune
S8286,P592,C8047,20,2024-06-26,816140,0,Bangalore
S8287,P2613,C9720,2,2025-09-23,87866,10,Mumbai
S8288,P21,C4456,4,2025-06-23,156980,5,Bangalore
S8289,P9589,C7194,10,2025-01-28,215490,15,Chandigarh
S8290,P8263,C6877,2,2024-11-18,30870,5,Mumbai
S8291,P1804,C1412,6,2026-04-28,215088,15,Jaipur
S8292,P1788,C3800,1,2026-01-04,46387,0,Delhi
S8293,P1198,C8062,19,2024-07-11,511936,5,Delhi
S8294,P8278,C4341,10,2025-12-12,89890,15,Mumbai
S8295,P9728,C4477,14,2025-04-13,616392,10,Pune
S8296,P8776,C314,15,2025-01-09,301110,15,Delhi
S8297,P6310,C9284,16,2025-04-15,304864,15,Chandigarh
S8298,P3687,C8436,14,2025-04-06,683018,10,Chandigarh
S8299,P6013,C8024,9,2024-09-19,337266,5,Mumbai
S8300,P916,C6968,16,2024-08-31,460256,0,Pune
S8301,P9726,C5613,15,2025-03-28,48540,10,Bangalore
S8302,P6783,C8622,14,2026-04-08,96250,0,Delhi
S8303,P9061,C4783,4,2024-07-14,196468,5,Pune
S8304,P5723,C227,13,2024-10-02,130884,10,Chandigarh
S8305,P4983,C3971,2,2024-09-10,49492,15,Delhi
S8306,P6769,C8972,11,2026-05-22,203775,10,Mumbai
S8307,P2261,C6050,18,2024-06-03,883458,15,Mumbai
S8308,P6281,C955,10,2026-05-13,400870,10,Mumbai
S8309,P7589,C7018,17,2024-11-25,464865,10,Jaipur
S8310,P2388,C5692,5,2024-11-28,124225,5,Jaipur
S8311,P9983,C965,14,2024-12-10,216818,0,Delhi
S8312,P628,C7444,17,2025-02-04,571149,10,Jaipur
S8313,P5797,C1053,11,2024-12-11,283558,10,Mumbai
S8314,P8013,C9979,4,2026-05-23,195572,0,Mumbai
S8315,P4073,C9755,10,2026-02-21,186890,5,Mumbai
S8316,P8076,C6984,11,2025-04-01,216777,10,Mumbai
S8317,P1977,C922,16,2025-09-26,163664,15,Jaipur
S8318,P4819,C5821,12,2024-08-13,567672,5,Delhi
S8319,P223,C2286,1,2024-06-30,40864,15,Bangalore
S8320,P6380,C8154,12,2025-03-09,195684,0,Bangalore
S8321,P580,C7594,18,2025-06-05,240930,0,Bangalore
S8322,P3601,C4586,1,2025-03-17,17096,0,Chandigarh
S8323,P73,C9983,20,2024-12-11,654140,15,Delhi
S8324,P1957,C9512,2,2024-08-30,4176,15,Pune
S8325,P5958,C5320,14,2025-10-03,630952,5,Mumbai
S8326,P6902,C5453,1,2025-11-30,48385,10,Mumbai
S8327,P3733,C9320,20,2026-03-04,151320,15,Pune
S8328,P8041,C7261,1,2025-01-17,1803,5,Chandigarh
S8329,P3891,C5114,2,2025-04-22,80462,0,Bangalore
S8330,P2953,C6667,19,2025-08-15,286558,0,Jaipur
S8331,P964,C9638,20,2024-10-04,507620,0,Jaipur
S8332,P3894,C8447,20,2025-06-14,218700,10,Chandigarh
S8333,P8892,C6201,20,2025-08-07,699960,5,Delhi
S8334,P699,C133,19,2025-01-15,595460,15,Chandigarh
S8335,P8548,C6940,10,2024-12-12,194910,5,Pune
S8336,P5576,C7652,19,2025-12-11,888668,0,Mumbai
S8337,P3495,C2815,15,2024-08-09,17130,15,Chandigarh
S8338,P3711,C6987,11,2025-09-19,259259,15,Chandigarh
S8339,P7135,C7447,5,2025-05-31,112020,15,Pune
S8340,P2237,C5548,13,2025-12-03,642135,15,Chandigarh
S8341,P9263,C4254,20,2025-12-05,211260,0,Pune
S8342,P6701,C9012,6,2024-11-07,199218,15,Delhi
S8343,P5410,C8213,10,2024-08-16,333410,5,Jaipur
S8344,P6576,C6240,20,2026-02-02,991900,5,Pune
S8345,P7361,C7392,18,2024-08-27,703998,5,Mumbai
S8346,P6478,C9595,18,2025-03-04,696312,15,Chandigarh
S8347,P6421,C1763,14,2025-05-11,296436,5,Delhi
S8348,P6011,C1689,7,2025-09-02,264208,0,Jaipur
S8349,P530,C3896,13,2025-10-06,410527,15,Delhi
S8350,P6231,C5148,12,2025-08-12,172596,15,Pune
S8351,P1576,C7121,18,2025-12-24,543690,5,Jaipur
S8352,P2364,C795,16,2025-07-23,48960,15,Mumbai
S8353,P3853,C2239,4,2025-07-07,120416,10,Mumbai
S8354,P1158,C8471,15,2024-11-06,194310,0,Chandigarh
S8355,P7868,C8388,16,2025-07-05,105520,15,Jaipur
S8356,P9420,C5598,12,2024-09-18,282960,5,Bangalore
S8357,P324,C4872,7,2024-09-27,214438,0,Chandigarh
S8358,P9418,C4536,3,2025-10-24,147384,15,Mumbai
S8359,P557,C483,9,2026-02-13,262242,5,Pune
S8360,P7761,C7750,4,2024-11-23,76656,0,Mumbai
S8361,P2868,C2662,8,2026-03-27,241840,10,Bangalore
S8362,P7975,C8728,18,2025-02-03,861210,15,Bangalore
S8363,P504,C8307,8,2024-09-22,82960,0,Pune
S8364,P9806,C8577,10,2025-08-15,157150,0,Delhi
S8365,P861,C7971,9,2025-01-06,11016,5,Mumbai
S8366,P1535,C9913,10,2026-02-24,488130,15,Bangalore
S8367,P740,C2241,19,2024-10-15,940424,5,Delhi
S8368,P5169,C3996,10,2024-10-05,24330,15,Mumbai
S8369,P3292,C9601,17,2024-12-12,773279,5,Pune
S8370,P1597,C1215,6,2026-04-29,151296,15,Chandigarh
S8371,P446,C3381,17,2026-05-10,338606,5,Mumbai
S8372,P4750,C8610,19,2025-07-27,660174,10,Delhi
S8373,P915,C9976,18,2025-10-01,193122,0,Pune
S8374,P1088,C6004,9,2026-05-08,424665,10,Jaipur
S8375,P6192,C6561,2,2026-05-03,49224,15,Mumbai
S8376,P328,C7865,13,2024-07-12,397202,15,Jaipur
S8377,P9727,C2420,3,2026-03-16,25836,15,Chandigarh
S8378,P3530,C7191,5,2025-07-19,105985,0,Jaipur
S8379,P384,C1138,18,2026-02-18,302994,0,Delhi
S8380,P8431,C7495,14,2024-07-25,678202,10,Mumbai
S8381,P6473,C6471,9,2025-07-05,179469,10,Chandigarh
S8382,P1977,C2559,7,2025-08-15,142100,5,Pune
S8383,P2418,C396,20,2026-05-20,381080,10,Delhi
S8384,P3687,C1835,4,2026-02-07,75244,10,Mumbai
S8385,P3354,C4118,4,2024-07-03,57000,5,Bangalore
S8386,P9666,C2160,3,2025-06-27,41457,15,Mumbai
S8387,P1338,C6473,17,2025-09-24,457130,0,Mumbai
S8388,P9415,C4766,5,2025-08-07,157070,15,Bangalore
S8389,P1795,C3828,12,2024-10-19,240708,10,Bangalore
S8390,P745,C9056,6,2025-04-03,22014,10,Mumbai
S8391,P2419,C6276,2,2025-03-06,27304,5,Jaipur
S8392,P611,C1549,10,2025-01-01,206910,0,Chandigarh
S8393,P3895,C4230,14,2024-10-15,64764,15,Jaipur
S8394,P6040,C12,5,2025-06-13,46545,0,Pune
S8395,P332,C5433,1,2025-05-20,32149,10,Pune
S8396,P173,C3478,3,2025-11-09,98946,5,Chandigarh
S8397,P6497,C7937,1,2025-05-23,20397,10,Mumbai
S8398,P9368,C8608,14,2025-01-04,187348,5,Delhi
S8399,P5663,C8182,19,2024-06-16,631332,15,Delhi
S8400,P322,C6713,9,2025-02-09,236718,15,Mumbai
S8401,P9448,C3285,4,2024-11-10,131464,0,Bangalore
S8402,P7157,C6395,13,2025-06-10,55978,15,Pune
S8403,P9578,C5840,11,2025-08-28,298012,5,Mumbai
S8404,P1945,C7988,10,2025-02-14,168690,0,Mumbai
S8405,P9581,C3467,17,2024-11-08,593334,5,Jaipur
S8406,P7297,C7667,18,2025-01-25,374004,15,Chandigarh
S8407,P502,C8618,18,2025-05-02,312336,5,Chandigarh
S8408,P2087,C3796,12,2026-01-12,156900,10,Delhi
S8409,P8542,C2695,20,2025-11-17,459380,10,Pune
S8410,P2007,C5142,18,2025-07-01,616572,10,Pune
S8411,P9599,C4198,17,2025-02-05,804831,10,Mumbai
S8412,P3885,C3144,9,2025-12-27,123156,5,Pune
S8413,P9637,C6342,18,2025-05-12,509040,15,Mumbai
S8414,P4682,C8834,12,2026-02-12,488892,0,Jaipur
S8415,P7374,C4044,5,2026-01-08,246660,10,Pune
S8416,P4055,C8708,2,2026-05-13,52842,10,Chandigarh
S8417,P6547,C746,19,2024-06-02,95304,0,Mumbai
S8418,P2773,C4424,9,2026-03-19,215793,15,Jaipur
S8419,P4489,C618,17,2025-07-29,255085,15,Chandigarh
S8420,P1010,C5002,18,2026-04-30,660906,10,Mumbai
S8421,P5406,C2069,8,2025-02-15,288296,0,Chandigarh
S8422,P1599,C3005,17,2025-04-15,657526,10,Jaipur
S8423,P358,C7529,7,2025-10-31,331352,5,Bangalore
S8424,P5526,C6235,12,2025-09-03,568680,15,Pune
S8425,P6833,C4274,2,2025-01-08,10624,5,Jaipur
S8426,P7350,C7607,15,2024-08-08,731610,10,Jaipur
S8427,P7585,C1611,20,2024-06-14,319020,10,Mumbai
S8428,P9400,C5566,2,2025-07-04,63584,15,Jaipur
S8429,P175,C7539,6,2025-11-15,159606,0,Bangalore
S8430,P9067,C462,16,2025-08-28,129360,5,Jaipur
S8431,P5225,C3615,16,2025-06-07,338112,10,Bangalore
S8432,P1240,C5634,5,2024-09-28,189015,5,Bangalore
S8433,P5571,C7143,7,2025-12-22,122388,0,Mumbai
S8434,P2246,C1427,9,2025-11-09,205974,10,Chandigarh
S8435,P2210,C8516,11,2025-11-25,168157,10,Delhi
S8436,P1590,C8333,15,2025-07-21,615450,15,Chandigarh
S8437,P1317,C5681,12,2024-07-25,223068,15,Pune
S8438,P6077,C1562,2,2025-04-26,74896,5,Bangalore
S8439,P2728,C6467,6,2025-11-03,68286,0,Bangalore
S8440,P6360,C3480,12,2024-11-28,140448,5,Delhi
S8441,P7146,C8672,15,2024-10-02,316575,15,Jaipur
S8442,P6822,C9898,3,2025-11-26,89613,0,Delhi
S8443,P4872,C9351,3,2025-06-17,144867,10,Chandigarh
S8444,P6083,C3197,3,2026-03-04,102651,5,Delhi
S8445,P2701,C5019,17,2024-06-12,411026,15,Delhi
S8446,P2560,C7794,3,2025-03-14,31758,5,Delhi
S8447,P5107,C7004,2,2025-08-27,72952,15,Mumbai
S8448,P687,C3446,3,2025-03-29,97434,0,Chandigarh
S8449,P8420,C1963,10,2024-11-03,280770,10,Pune
S8450,P3903,C6303,7,2024-06-15,56588,0,Delhi
S8451,P300,C1677,9,2025-12-07,92457,0,Mumbai
S8452,P329,C4160,20,2024-08-16,826280,0,Mumbai
S8453,P2649,C6910,13,2024-07-18,41431,5,Pune
S8454,P9576,C4479,7,2025-12-23,59661,0,Jaipur
S8455,P5737,C9497,5,2026-03-31,99625,0,Chandigarh
S8456,P6267,C7004,15,2025-06-16,42300,15,Jaipur
S8457,P3627,C1794,7,2024-12-11,101164,5,Delhi
S8458,P3533,C1783,15,2025-12-26,603000,0,Bangalore
S8459,P2077,C2259,11,2025-11-13,141185,10,Mumbai
S8460,P572,C2804,9,2024-11-29,245511,5,Chandigarh
S8461,P619,C4539,16,2025-12-28,378768,0,Mumbai
S8462,P9544,C4468,1,2024-07-28,24779,0,Delhi
S8463,P5727,C399,1,2025-09-11,21979,10,Bangalore
S8464,P7162,C8699,1,2026-05-28,28886,15,Pune
S8465,P7224,C1277,10,2025-07-09,70220,0,Jaipur
S8466,P9840,C6115,9,2026-03-21,337059,10,Jaipur
S8467,P3087,C1061,2,2025-04-07,93526,5,Chandigarh
S8468,P5834,C826,5,2025-09-01,216340,0,Mumbai
S8469,P9069,C7456,12,2025-06-11,367140,0,Chandigarh
S8470,P4782,C5364,13,2024-10-30,320866,5,Pune
S8471,P2269,C9052,17,2025-07-03,480080,0,Bangalore
S8472,P9435,C1637,13,2025-07-03,423072,10,Pune
S8473,P8110,C64,9,2025-07-16,250119,10,Chandigarh
S8474,P3890,C4343,1,2024-06-29,25406,0,Chandigarh
S8475,P4763,C5608,12,2026-01-28,459396,15,Chandigarh
S8476,P1725,C7315,7,2024-10-05,271089,5,Delhi
S8477,P7533,C6730,14,2025-07-07,94164,0,Chandigarh
S8478,P7611,C4312,7,2025-06-11,139496,15,Jaipur
S8479,P6452,C3070,16,2025-04-22,72224,0,Bangalore
S8480,P9177,C879,11,2025-09-20,102828,15,Chandigarh
S8481,P3554,C8691,17,2025-02-13,614006,10,Delhi
S8482,P389,C5572,8,2025-04-04,214840,15,Jaipur
S8483,P4392,C2059,18,2025-10-02,640062,15,Delhi
S8484,P6735,C1762,6,2025-08-14,20484,15,Jaipur
S8485,P8465,C3232,11,2025-08-09,163075,10,Delhi
S8486,P5610,C5918,18,2025-10-08,663930,15,Bangalore
S8487,P8790,C2256,16,2024-12-13,362784,5,Jaipur
S8488,P9149,C8806,5,2024-12-29,42735,10,Chandigarh
S8489,P2063,C3478,2,2025-07-16,8190,10,Pune
S8490,P4544,C3314,20,2025-05-10,509660,10,Mumbai
S8491,P2546,C5741,16,2025-02-15,316048,15,Delhi
S8492,P7434,C3188,17,2026-01-02,306969,15,Jaipur
S8493,P2395,C4848,7,2026-01-10,53662,0,Mumbai
S8494,P9427,C3753,14,2026-02-20,354564,5,Jaipur
S8495,P4396,C8656,16,2024-12-18,251696,0,Pune
S8496,P9207,C8654,8,2025-07-06,305040,10,Mumbai
S8497,P5178,C9284,6,2025-10-11,6546,5,Mumbai
S8498,P2747,C6827,12,2024-08-28,334596,5,Mumbai
S8499,P9800,C7668,5,2025-11-25,110300,5,Delhi
S8500,P1837,C1371,6,2024-11-06,274896,10,Mumbai
S8501,P3067,C1230,11,2024-07-15,434280,5,Jaipur
S8502,P3484,C2723,9,2025-12-11,84294,0,Delhi
S8503,P6128,C7962,3,2025-01-16,73281,10,Chandigarh
S8504,P2650,C5657,3,2025-07-15,30822,15,Chandigarh
S8505,P9881,C202,13,2025-07-27,414687,5,Jaipur
S8506,P1147,C9415,4,2025-07-11,127476,15,Delhi
S8507,P6423,C8418,6,2026-05-18,203232,5,Jaipur
S8508,P9989,C4192,17,2024-08-10,109769,10,Bangalore
S8509,P9787,C1664,5,2024-10-05,24045,10,Pune
S8510,P6363,C7257,8,2026-03-18,55320,15,Jaipur
S8511,P3355,C6565,1,2026-03-23,3439,10,Bangalore
S8512,P5038,C1086,19,2025-02-25,479237,15,Delhi
S8513,P7439,C7401,10,2024-11-25,228360,15,Chandigarh
S8514,P9977,C7830,13,2025-10-14,529880,0,Chandigarh
S8515,P8314,C8031,14,2024-11-05,643258,5,Jaipur
S8516,P3484,C8762,14,2025-09-06,487172,15,Chandigarh
S8517,P7416,C8413,11,2026-04-02,36971,10,Mumbai
S8518,P4556,C9513,6,2025-08-18,84804,5,Jaipur
S8519,P5235,C5580,4,2024-10-27,132720,10,Chandigarh
S8520,P1892,C1930,9,2024-07-15,267300,0,Pune
S8521,P2063,C1308,10,2025-03-04,349620,15,Jaipur
S8522,P5078,C3658,4,2024-10-22,134312,5,Delhi
S8523,P965,C4510,11,2025-06-10,449691,5,Mumbai
S8524,P9587,C4046,8,2026-02-14,303040,5,Bangalore
S8525,P4758,C4065,11,2025-09-04,514162,0,Delhi
S8526,P1539,C1560,2,2025-05-21,87730,5,Delhi
S8527,P1583,C3660,4,2024-06-21,180884,10,Jaipur
S8528,P1643,C8055,14,2026-02-06,689542,5,Pune
S8529,P6280,C628,7,2025-11-26,113806,15,Chandigarh
S8530,P6285,C6244,13,2026-03-30,41288,5,Bangalore
S8531,P8578,C7912,13,2025-07-27,466687,5,Pune
S8532,P3659,C3509,15,2024-06-21,225870,0,Mumbai
S8533,P301,C2656,4,2024-11-20,164896,5,Delhi
S8534,P7886,C2448,5,2024-08-05,193885,5,Jaipur
S8535,P3097,C9525,16,2025-03-01,163360,15,Delhi
S8536,P9791,C3650,2,2026-05-17,41120,5,Pune
S8537,P6482,C8097,20,2025-09-04,433200,10,Mumbai
S8538,P9474,C5797,11,2025-08-16,475937,15,Mumbai
S8539,P4496,C2161,9,2025-04-07,261630,10,Bangalore
S8540,P542,C7836,2,2026-02-12,79584,15,Mumbai
S8541,P7619,C8159,15,2024-06-02,234495,15,Mumbai
S8542,P4046,C3494,12,2025-05-20,58020,0,Delhi
S8543,P6901,C6705,20,2024-10-02,333640,15,Mumbai
S8544,P5004,C3305,8,2025-11-08,146248,0,Pune
S8545,P9844,C1855,1,2024-07-18,34663,5,Delhi
S8546,P7110,C9502,4,2025-12-12,51888,0,Mumbai
S8547,P8226,C6102,10,2024-09-20,300730,0,Chandigarh
S8548,P3483,C9775,2,2026-03-29,8958,5,Chandigarh
S8549,P9588,C7577,14,2025-06-05,464044,15,Pune
S8550,P6681,C2211,3,2024-11-09,148899,0,Bangalore
S8551,P9209,C1582,17,2024-12-03,341513,5,Jaipur
S8552,P4610,C5964,20,2024-10-15,995720,5,Chandigarh
S8553,P8021,C639,8,2024-11-27,377056,15,Pune
S8554,P6235,C3325,3,2025-03-10,120042,5,Chandigarh
S8555,P6103,C5454,18,2025-11-21,206298,5,Pune
S8556,P8288,C5886,18,2026-02-21,23778,0,Mumbai
S8557,P6396,C2144,7,2025-11-27,154028,15,Jaipur
S8558,P7847,C1909,12,2025-02-25,477432,5,Delhi
S8559,P4855,C3406,18,2024-09-04,612396,0,Chandigarh
S8560,P6538,C1432,16,2026-03-03,789840,5,Mumbai
S8561,P7743,C6562,17,2025-07-29,67711,0,Mumbai
S8562,P1025,C3029,6,2026-01-16,62700,5,Jaipur
S8563,P8592,C8906,16,2025-07-04,732176,0,Pune
S8564,P4460,C6664,10,2025-12-06,301300,0,Chandigarh
S8565,P2704,C5601,18,2025-07-13,187704,5,Pune
S8566,P7573,C8714,2,2025-09-07,87388,15,Pune
S8567,P514,C1406,3,2025-08-29,56463,15,Mumbai
S8568,P9572,C8577,5,2025-01-07,176605,0,Chandigarh
S8569,P4309,C8929,1,2025-06-04,44996,5,Chandigarh
S8570,P2861,C33,18,2026-02-03,780912,5,Chandigarh
S8571,P5981,C19,7,2025-12-18,338541,10,Jaipur
S8572,P2170,C6431,4,2025-03-13,8452,0,Delhi
S8573,P3523,C1279,3,2024-12-27,13254,15,Chandigarh
S8574,P1920,C6557,3,2024-06-21,13203,0,Bangalore
S8575,P1394,C6752,8,2024-11-06,57864,5,Pune
S8576,P5392,C2378,5,2024-07-30,209270,10,Jaipur
S8577,P2732,C7170,9,2025-10-11,447534,15,Chandigarh
S8578,P533,C8042,17,2025-01-10,361216,5,Jaipur
S8579,P4698,C900,19,2026-04-06,365427,0,Jaipur
S8580,P2181,C4497,9,2024-08-27,269820,5,Bangalore
S8581,P5518,C5528,4,2025-05-27,170232,15,Chandigarh
S8582,P3363,C2648,14,2025-04-06,83748,15,Bangalore
S8583,P2440,C5559,20,2025-11-14,343960,5,Jaipur
S8584,P2587,C6002,15,2025-06-11,439335,15,Delhi
S8585,P4387,C4684,18,2026-04-21,162954,5,Delhi
S8586,P8574,C7164,10,2025-02-09,185040,5,Bangalore
S8587,P4068,C1807,20,2024-06-05,494640,0,Pune
S8588,P7215,C4182,4,2025-09-06,64472,0,Bangalore
S8589,P6220,C6659,2,2024-06-04,53060,15,Jaipur
S8590,P5916,C1141,3,2024-06-18,115572,0,Chandigarh
S8591,P842,C2424,12,2026-03-23,199536,15,Chandigarh
S8592,P3081,C571,12,2026-04-23,70584,10,Jaipur
S8593,P8571,C9317,13,2024-07-29,184691,15,Jaipur
S8594,P8217,C6057,16,2025-06-25,400976,5,Pune
S8595,P4257,C7437,18,2024-11-17,319644,15,Bangalore
S8596,P8469,C1262,11,2025-01-09,536470,10,Delhi
S8597,P3663,C669,16,2025-05-24,573328,0,Mumbai
S8598,P4584,C862,8,2024-11-10,356136,0,Pune
S8599,P7740,C9816,2,2024-11-30,17994,5,Chandigarh
S8600,P4564,C8170,10,2024-09-20,166130,10,Delhi
S8601,P3428,C4480,10,2025-12-05,230710,5,Delhi
S8602,P326,C8555,3,2025-10-23,87600,15,Chandigarh
S8603,P3442,C7292,9,2026-02-14,99522,15,Mumbai
S8604,P4524,C3473,3,2026-03-17,133794,0,Jaipur
S8605,P9673,C2463,14,2025-10-22,207788,5,Bangalore
S8606,P109,C1816,7,2025-02-03,53095,10,Mumbai
S8607,P9689,C3024,2,2026-04-07,45212,15,Jaipur
S8608,P8282,C7741,10,2024-10-15,168930,5,Delhi
S8609,P417,C7834,4,2025-01-07,147340,0,Delhi
S8610,P7222,C4837,1,2024-11-06,15877,15,Mumbai
S8611,P8989,C7394,17,2024-07-26,583933,0,Jaipur
S8612,P9195,C8373,1,2025-03-16,21278,0,Delhi
S8613,P1562,C9907,8,2025-10-14,95296,5,Bangalore
S8614,P3110,C862,5,2025-09-08,202715,0,Delhi
S8615,P4156,C2726,8,2025-05-25,28416,10,Mumbai
S8616,P485,C4590,13,2024-06-26,80873,15,Delhi
S8617,P8284,C5554,11,2026-01-28,71247,10,Jaipur
S8618,P784,C1277,12,2025-03-12,176736,15,Mumbai
S8619,P9531,C8269,12,2024-07-18,511032,10,Bangalore
S8620,P802,C5318,4,2026-03-15,4540,10,Jaipur
S8621,P268,C1016,5,2024-12-26,21045,10,Bangalore
S8622,P687,C7914,12,2024-12-29,180180,15,Mumbai
S8623,P4083,C2159,18,2025-01-26,422820,5,Pune
S8624,P6771,C6613,5,2025-04-09,155625,5,Bangalore
S8625,P1625,C6637,5,2025-04-19,18380,0,Chandigarh
S8626,P7082,C8091,6,2025-12-29,96270,10,Bangalore
S8627,P544,C7875,13,2025-07-27,633282,5,Delhi
S8628,P8008,C8174,17,2025-03-25,788239,10,Pune
S8629,P816,C8930,8,2025-03-25,295320,0,Bangalore
S8630,P9287,C8639,1,2026-05-20,14153,0,Pune
S8631,P3914,C211,6,2025-06-22,266886,10,Pune
S8632,P4043,C8885,7,2025-02-04,306495,0,Jaipur
S8633,P7391,C17,6,2026-04-24,269088,0,Mumbai
S8634,P2071,C1688,11,2024-06-11,508200,5,Bangalore
S8635,P7074,C4215,6,2025-01-22,22104,5,Mumbai
S8636,P5047,C7133,7,2025-05-22,52689,5,Delhi
S8637,P2006,C6787,12,2025-10-10,461088,10,Mumbai
S8638,P8979,C2324,19,2024-09-04,288591,10,Jaipur
S8639,P4937,C5603,16,2025-04-09,158160,10,Bangalore
S8640,P7418,C4980,16,2024-10-16,587248,10,Chandigarh
S8641,P5973,C2501,17,2025-02-08,826574,15,Pune
S8642,P8141,C1509,11,2024-11-28,336325,0,Bangalore
S8643,P7292,C2109,18,2024-11-03,576594,10,Chandigarh
S8644,P9375,C9467,1,2024-11-12,2092,0,Chandigarh
S8645,P8078,C9492,18,2025-04-27,255960,5,Pune
S8646,P1822,C5386,19,2026-02-21,267976,10,Jaipur
S8647,P6006,C9225,18,2024-12-03,356292,0,Jaipur
S8648,P5043,C336,7,2024-07-31,35042,10,Mumbai
S8649,P2466,C1979,7,2025-09-18,84882,15,Pune
S8650,P3604,C3811,2,2025-12-12,34004,0,Chandigarh
S8651,P3567,C8370,17,2024-10-10,762093,0,Pune
S8652,P9783,C7952,18,2024-11-20,649134,0,Jaipur
S8653,P5666,C5152,12,2024-09-29,55260,10,Mumbai
S8654,P8048,C5694,19,2026-03-13,624663,10,Mumbai
S8655,P8086,C3428,11,2025-07-26,101299,5,Chandigarh
S8656,P1078,C3694,16,2025-04-02,498112,10,Bangalore
S8657,P3498,C5443,10,2025-01-26,298530,10,Jaipur
S8658,P2562,C709,1,2024-07-22,25824,5,Mumbai
S8659,P2568,C2888,2,2024-07-15,33878,0,Jaipur
S8660,P8904,C765,10,2025-12-03,490130,15,Jaipur
S8661,P3210,C65,15,2025-02-24,509745,10,Pune
S8662,P7110,C4015,6,2025-06-10,27162,0,Delhi
S8663,P618,C321,8,2025-01-19,91624,15,Chandigarh
S8664,P5844,C4305,2,2026-01-17,28596,10,Bangalore
S8665,P9400,C644,13,2026-05-08,292942,15,Jaipur
S8666,P3294,C329,5,2025-05-14,211605,15,Delhi
S8667,P1938,C5087,10,2025-08-01,130640,5,Jaipur
S8668,P4966,C7018,9,2025-05-07,84798,5,Mumbai
S8669,P8620,C1423,15,2024-12-31,97560,10,Mumbai
S8670,P4292,C4132,4,2025-07-25,138124,15,Mumbai
S8671,P8107,C312,18,2025-12-26,178992,0,Pune
S8672,P4374,C3821,9,2025-01-01,229392,15,Delhi
S8673,P8204,C8656,6,2025-08-08,257808,5,Chandigarh
S8674,P4561,C8048,12,2025-03-03,406140,0,Chandigarh
S8675,P3438,C4746,8,2024-07-02,215416,5,Chandigarh
S8676,P1761,C7542,9,2025-10-01,412605,10,Jaipur
S8677,P7396,C441,1,2025-11-07,41200,5,Jaipur
S8678,P9110,C8028,9,2025-11-06,44622,10,Pune
S8679,P6660,C7231,6,2025-08-27,115554,10,Jaipur
S8680,P91,C5354,10,2025-09-28,432660,0,Bangalore
S8681,P4303,C5916,4,2025-06-14,78700,5,Chandigarh
S8682,P7693,C4500,11,2024-08-20,89177,15,Bangalore
S8683,P369,C5882,11,2025-09-28,122254,5,Pune
S8684,P6059,C7354,9,2025-07-03,16605,10,Pune
S8685,P4734,C6728,7,2024-06-04,169512,10,Chandigarh
S8686,P7050,C1502,12,2024-12-15,431988,10,Jaipur
S8687,P8422,C3930,2,2025-04-10,28584,0,Jaipur
S8688,P600,C2675,16,2025-06-28,618976,15,Bangalore
S8689,P1303,C7521,10,2024-07-31,385480,0,Jaipur
S8690,P2344,C956,8,2025-04-09,67136,5,Delhi
S8691,P8803,C8725,7,2024-11-17,325507,10,Pune
S8692,P3110,C3979,17,2025-03-29,353260,10,Jaipur
S8693,P4100,C1134,18,2024-12-15,237348,5,Mumbai
S8694,P1992,C3813,4,2025-12-29,25192,15,Jaipur
S8695,P2072,C2232,7,2025-04-18,62566,15,Mumbai
S8696,P4271,C7084,7,2026-03-26,48237,0,Mumbai
S8697,P3316,C5582,20,2025-10-28,879640,15,Bangalore
S8698,P8968,C5733,14,2024-12-17,699930,15,Chandigarh
S8699,P2294,C6607,3,2025-04-04,62415,10,Jaipur
S8700,P3655,C8414,15,2025-04-30,56265,0,Jaipur
S8701,P2618,C4265,7,2026-04-03,294735,0,Jaipur
S8702,P6923,C6882,13,2025-09-26,215956,5,Chandigarh
S8703,P680,C2975,5,2025-02-07,188180,5,Pune
S8704,P2455,C6543,5,2025-06-29,96905,15,Chandigarh
S8705,P5939,C1654,10,2025-07-22,402500,0,Chandigarh
S8706,P1733,C8575,3,2025-11-08,117774,10,Mumbai
S8707,P8667,C6108,16,2025-02-05,471152,0,Delhi
S8708,P8086,C5039,16,2025-04-04,590128,5,Mumbai
S8709,P6516,C2811,15,2025-10-12,81030,5,Mumbai
S8710,P9017,C4748,6,2025-07-25,285252,5,Mumbai
S8711,P614,C551,14,2025-11-25,317464,15,Pune
S8712,P5109,C3162,7,2025-09-19,224378,0,Jaipur
S8713,P1848,C643,12,2025-04-20,481860,0,Pune
S8714,P713,C1455,3,2025-04-10,19968,10,Chandigarh
S8715,P892,C5749,1,2024-10-26,41607,10,Delhi
S8716,P5639,C2519,8,2025-01-03,158152,5,Pune
S8717,P5575,C6119,7,2025-07-06,171178,15,Delhi
S8718,P1400,C1565,7,2025-01-16,151305,15,Mumbai
S8719,P1144,C9444,20,2024-10-12,384860,0,Chandigarh
S8720,P4724,C9216,8,2025-10-05,368160,0,Pune
S8721,P3618,C568,1,2026-03-06,10538,10,Pune
S8722,P1022,C711,1,2024-12-05,22955,5,Pune
S8723,P5090,C660,1,2025-06-19,36331,15,Delhi
S8724,P1956,C8265,6,2025-07-13,96828,5,Mumbai
S8725,P2697,C849,2,2024-11-25,46634,0,Mumbai
S8726,P8600,C7293,11,2026-05-18,88968,0,Pune
S8727,P1585,C1026,19,2026-03-13,733970,10,Bangalore
S8728,P1173,C3081,20,2024-08-14,322720,5,Chandigarh
S8729,P4501,C738,7,2025-02-05,262752,10,Bangalore
S8730,P4218,C8650,3,2025-03-28,41868,0,Jaipur
S8731,P7274,C5269,16,2025-01-17,297280,5,Mumbai
S8732,P7771,C3757,3,2025-02-08,87528,5,Pune
S8733,P3840,C703,8,2025-10-16,135472,10,Pune
S8734,P2000,C611,2,2025-11-03,14008,10,Chandigarh
S8735,P4461,C6370,18,2025-03-07,400464,5,Bangalore
S8736,P6115,C3283,12,2025-02-13,267372,5,Jaipur
S8737,P37,C5828,13,2025-09-10,357058,5,Delhi
S8738,P7738,C4886,18,2024-12-16,24732,5,Mumbai
S8739,P6204,C9618,9,2025-05-17,149049,0,Delhi
S8740,P4525,C8314,1,2025-04-24,41718,15,Chandigarh
S8741,P9348,C9549,6,2026-03-19,236580,10,Jaipur
S8742,P7892,C4441,6,2026-05-25,215016,10,Delhi
S8743,P7652,C1098,9,2024-11-03,207099,15,Pune
S8744,P6943,C3003,1,2026-03-19,11638,5,Pune
S8745,P7129,C9762,5,2025-08-14,225415,10,Mumbai
S8746,P9785,C3705,9,2025-05-05,99540,10,Delhi
S8747,P1804,C9850,14,2025-03-06,200494,5,Jaipur
S8748,P2285,C6665,11,2025-11-23,366586,0,Jaipur
S8749,P2837,C4255,12,2025-09-03,477444,10,Jaipur
S8750,P5046,C1547,12,2024-12-29,564384,15,Jaipur
S8751,P9592,C2175,20,2025-06-02,532220,0,Bangalore
S8752,P6565,C3962,15,2024-11-26,327090,0,Pune
S8753,P4554,C18,15,2026-03-27,541845,5,Bangalore
S8754,P8692,C8864,20,2026-02-11,997440,10,Mumbai
S8755,P9005,C7977,9,2024-08-01,389142,0,Chandigarh
S8756,P7061,C2616,8,2025-11-06,206112,10,Mumbai
S8757,P500,C3720,6,2024-11-08,218880,10,Bangalore
S8758,P7093,C4212,5,2024-10-06,131985,15,Chandigarh
S8759,P1483,C1985,14,2024-08-02,233240,10,Jaipur
S8760,P5829,C6936,13,2025-06-20,234273,0,Bangalore
S8761,P3484,C7524,15,2025-10-28,450360,5,Chandigarh
S8762,P1583,C7818,5,2025-04-26,159800,5,Mumbai
S8763,P6755,C9724,9,2025-06-03,255276,5,Jaipur
S8764,P9065,C5883,3,2026-03-04,55167,10,Bangalore
S8765,P5288,C3092,15,2025-10-29,515445,5,Chandigarh
S8766,P7613,C4028,10,2025-09-27,188170,5,Delhi
S8767,P5335,C7337,5,2024-09-16,234005,5,Pune
S8768,P6256,C7884,16,2024-08-15,463792,15,Jaipur
S8769,P6563,C6295,13,2025-04-21,451269,0,Mumbai
S8770,P5343,C2160,16,2025-06-17,333344,15,Pune
S8771,P218,C680,14,2025-09-28,506744,15,Jaipur
S8772,P934,C4079,7,2026-01-23,65345,0,Chandigarh
S8773,P3325,C7225,3,2026-02-09,43677,5,Delhi
S8774,P1373,C1896,1,2026-01-26,22232,15,Mumbai
S8775,P3401,C2380,16,2026-03-13,649104,5,Delhi
S8776,P4762,C9931,12,2024-09-21,360516,5,Jaipur
S8777,P668,C8101,7,2024-08-30,219793,15,Chandigarh
S8778,P8408,C1514,1,2026-01-02,19922,15,Delhi
S8779,P7007,C618,2,2025-11-16,19862,15,Delhi
S8780,P388,C345,10,2025-10-09,488770,10,Chandigarh
S8781,P3981,C2133,18,2025-10-23,125118,5,Chandigarh
S8782,P5619,C3023,19,2025-01-02,661656,0,Delhi
S8783,P6745,C1599,18,2025-07-16,576738,5,Mumbai
S8784,P9203,C6600,9,2025-08-24,71181,0,Pune
S8785,P3889,C2126,20,2025-01-14,608040,15,Jaipur
S8786,P6222,C2979,12,2025-03-25,425220,0,Bangalore
S8787,P9056,C388,3,2025-09-14,56271,10,Pune
S8788,P164,C9985,5,2024-08-10,97385,10,Pune
S8789,P386,C5320,17,2025-10-20,385679,15,Mumbai
S8790,P8124,C8754,16,2025-01-05,697472,15,Pune
S8791,P2714,C948,12,2025-05-06,407220,10,Bangalore
S8792,P6607,C7808,9,2025-03-15,302796,15,Delhi
S8793,P8997,C5872,3,2026-01-04,103128,5,Pune
S8794,P4390,C3235,12,2025-12-15,461676,10,Mumbai
S8795,P390,C5145,2,2024-12-31,60170,0,Jaipur
S8796,P5663,C2637,9,2025-04-12,252819,10,Pune
S8797,P7946,C2500,3,2025-02-28,75591,10,Pune
S8798,P7047,C7927,8,2024-09-28,73056,10,Chandigarh
S8799,P6835,C3992,15,2025-10-09,692565,0,Jaipur
S8800,P4436,C1287,17,2025-04-02,157947,5,Pune
S8801,P9897,C1096,3,2026-05-28,28155,5,Chandigarh
S8802,P4973,C1521,1,2026-02-02,11297,15,Mumbai
S8803,P4947,C6530,11,2025-12-23,357555,5,Pune
S8804,P5652,C9242,9,2025-02-22,103581,15,Mumbai
S8805,P1467,C6509,16,2025-05-30,243664,5,Bangalore
S8806,P5428,C6043,13,2026-03-27,609193,10,Bangalore
S8807,P1546,C4851,9,2024-10-04,324432,0,Delhi
S8808,P2522,C9433,16,2026-01-23,681088,5,Mumbai
S8809,P3169,C9292,13,2024-06-03,40157,0,Pune
S8810,P7142,C5886,4,2025-01-12,62268,15,Chandigarh
S8811,P3296,C5492,15,2025-04-30,381570,10,Chandigarh
S8812,P1613,C4104,6,2024-08-23,292836,10,Jaipur
S8813,P4961,C1481,17,2025-05-24,448392,10,Chandigarh
S8814,P8289,C1200,10,2024-09-07,369530,0,Bangalore
S8815,P6802,C2381,20,2025-01-21,620220,15,Bangalore
S8816,P7211,C6390,6,2025-09-11,152640,10,Jaipur
S8817,P8466,C4649,13,2026-01-17,545181,15,Pune
S8818,P7502,C1135,11,2024-08-30,180961,15,Chandigarh
S8819,P2587,C5568,14,2025-07-12,55272,15,Mumbai
S8820,P8808,C9176,12,2025-07-05,216576,15,Bangalore
S8821,P7223,C1984,2,2025-05-20,61022,0,Pune
S8822,P3009,C4832,7,2024-11-25,154469,0,Jaipur
S8823,P4826,C6877,15,2025-11-27,490635,0,Chandigarh
S8824,P4411,C9405,2,2025-05-10,26918,0,Bangalore
S8825,P898,C7559,3,2025-10-15,132861,15,Mumbai
S8826,P682,C1339,15,2024-08-01,120465,5,Mumbai
S8827,P1281,C7161,10,2024-07-18,301960,5,Jaipur
S8828,P1991,C755,20,2024-08-02,467660,15,Jaipur
S8829,P5863,C3574,3,2025-12-03,59010,15,Mumbai
S8830,P5764,C4226,8,2025-07-20,304952,5,Jaipur
S8831,P9453,C2659,5,2025-06-05,139845,15,Pune
S8832,P8980,C6930,13,2025-05-08,640796,10,Chandigarh
S8833,P17,C5290,8,2025-06-22,369040,0,Delhi
S8834,P9046,C3760,14,2025-12-30,607922,15,Delhi
S8835,P5434,C2753,18,2024-12-14,506754,0,Jaipur
S8836,P5212,C533,16,2025-12-26,376544,15,Mumbai
S8837,P1074,C7244,12,2025-07-23,35712,0,Bangalore
S8838,P556,C1406,19,2025-10-23,691638,10,Chandigarh
S8839,P1227,C5323,4,2025-12-13,188172,15,Jaipur
S8840,P3051,C8212,16,2025-05-08,377696,5,Chandigarh
S8841,P14,C7788,12,2025-01-16,58020,10,Bangalore
S8842,P5403,C3892,18,2025-01-06,576162,10,Bangalore
S8843,P3909,C2553,1,2026-01-14,34107,15,Mumbai
S8844,P9349,C800,3,2024-07-04,142029,15,Jaipur
S8845,P1498,C713,5,2025-09-24,210400,0,Bangalore
S8846,P7971,C6061,5,2024-11-18,32605,15,Mumbai
S8847,P3688,C2863,2,2025-03-19,79204,10,Mumbai
S8848,P6295,C8533,5,2025-08-15,239315,10,Bangalore
S8849,P1751,C9940,1,2026-02-02,10044,10,Chandigarh
S8850,P9475,C7840,12,2025-08-20,74772,15,Jaipur
S8851,P8816,C4883,6,2025-01-03,147498,5,Chandigarh
S8852,P7388,C8273,14,2024-11-23,448112,10,Chandigarh
S8853,P2066,C184,16,2024-10-15,720224,5,Mumbai
S8854,P2737,C8361,7,2025-04-04,240912,15,Chandigarh
S8855,P2540,C9765,15,2025-06-09,282195,5,Chandigarh
S8856,P3739,C9513,19,2026-04-03,919866,15,Mumbai
S8857,P9160,C7578,16,2025-10-02,689456,0,Jaipur
S8858,P2601,C5027,16,2025-10-24,223168,10,Chandigarh
S8859,P4412,C6506,11,2025-03-28,155463,10,Chandigarh
S8860,P8240,C4548,11,2025-07-30,66880,15,Chandigarh
S8861,P7257,C2646,19,2024-10-29,631313,5,Pune
S8862,P6071,C1094,12,2025-02-15,57192,5,Pune
S8863,P7334,C7850,18,2025-11-17,673182,10,Mumbai
S8864,P9997,C8326,7,2025-12-19,206437,0,Bangalore
S8865,P9671,C9705,7,2025-11-17,248675,5,Mumbai
S8866,P8163,C8263,12,2024-08-22,468444,0,Pune
S8867,P7877,C1381,18,2026-03-13,370836,10,Jaipur
S8868,P1439,C4315,1,2026-01-22,20392,10,Mumbai
S8869,P2370,C874,18,2025-07-26,118584,10,Chandigarh
S8870,P9667,C8909,14,2026-04-16,556486,15,Chandigarh
S8871,P626,C3109,4,2025-03-12,36328,5,Pune
S8872,P7304,C9707,14,2025-01-02,662060,10,Delhi
S8873,P8737,C5767,5,2024-11-18,178900,0,Bangalore
S8874,P4435,C6401,19,2024-09-05,594871,15,Delhi
S8875,P433,C1711,8,2024-10-16,12712,15,Jaipur
S8876,P7743,C8976,1,2025-07-30,13770,10,Delhi
S8877,P8466,C8019,1,2024-10-18,5158,5,Jaipur
S8878,P6904,C8591,16,2025-03-16,774336,0,Pune
S8879,P7620,C4090,19,2024-10-15,246354,0,Chandigarh
S8880,P191,C5164,20,2025-11-11,435420,5,Mumbai
S8881,P5647,C6176,17,2025-04-21,71247,0,Delhi
S8882,P3042,C8427,17,2024-11-11,828903,0,Pune
S8883,P8584,C8292,7,2026-03-04,306845,10,Pune
S8884,P1146,C5666,9,2025-03-09,178857,5,Delhi
S8885,P2698,C8570,12,2025-03-23,479904,15,Delhi
S8886,P616,C268,14,2026-01-15,604898,0,Delhi
S8887,P715,C5063,4,2025-01-12,16296,15,Pune
S8888,P1988,C3573,17,2024-07-07,442680,10,Pune
S8889,P8138,C9349,8,2025-05-01,161664,15,Bangalore
S8890,P9609,C6932,4,2024-06-18,115248,10,Delhi
S8891,P7309,C9862,13,2024-09-22,448357,15,Jaipur
S8892,P7580,C4824,11,2024-06-12,260073,0,Jaipur
S8893,P5871,C215,3,2025-07-30,56652,0,Delhi
S8894,P7202,C4465,18,2024-09-18,423630,0,Bangalore
S8895,P3172,C367,2,2025-05-13,89798,0,Delhi
S8896,P3538,C475,12,2024-07-11,513324,5,Delhi
S8897,P7146,C4196,16,2024-08-12,631200,0,Bangalore
S8898,P6527,C3325,4,2025-02-13,190144,5,Bangalore
S8899,P263,C3336,20,2024-06-28,858960,5,Jaipur
S8900,P737,C76,19,2026-04-11,157510,5,Bangalore
S8901,P3861,C1791,5,2025-07-07,49550,10,Jaipur
S8902,P8961,C3735,18,2024-10-04,417348,0,Pune
S8903,P8120,C3986,1,2024-10-20,4213,15,Pune
S8904,P6937,C1783,12,2024-08-26,91068,15,Pune
S8905,P803,C9817,11,2025-06-28,187088,0,Delhi
S8906,P959,C4844,9,2025-06-21,334728,15,Bangalore
S8907,P5554,C3283,10,2026-03-25,499600,0,Delhi
S8908,P7789,C6152,5,2025-10-25,133425,15,Bangalore
S8909,P8632,C2226,7,2025-04-02,214053,15,Chandigarh
S8910,P9840,C5362,11,2025-12-29,339900,0,Delhi
S8911,P6940,C4338,3,2025-06-20,123660,5,Delhi
S8912,P1312,C531,18,2025-02-13,64170,0,Mumbai
S8913,P1205,C4172,1,2024-08-19,22987,15,Pune
S8914,P2945,C589,2,2025-11-07,12144,15,Jaipur
S8915,P4119,C9809,4,2025-11-16,184604,0,Chandigarh
S8916,P9289,C1485,10,2024-07-06,206520,5,Delhi
S8917,P1628,C9852,15,2025-04-05,641490,15,Mumbai
S8918,P6350,C6818,4,2024-06-26,94096,0,Jaipur
S8919,P3611,C8183,15,2025-06-17,35010,5,Mumbai
S8920,P4178,C6109,15,2024-09-19,221490,5,Chandigarh
S8921,P915,C1555,2,2024-12-17,44488,15,Jaipur
S8922,P2127,C6767,17,2025-05-30,79764,10,Delhi
S8923,P36,C1964,17,2025-12-15,260916,10,Mumbai
S8924,P5361,C2253,7,2025-01-16,217651,10,Delhi
S8925,P3165,C6746,4,2025-03-25,59304,0,Mumbai
S8926,P5190,C8832,14,2025-09-14,692104,10,Pune
S8927,P7793,C3813,2,2024-12-19,2894,5,Bangalore
S8928,P3014,C720,17,2024-07-20,844849,5,Pune
S8929,P12,C833,20,2025-11-16,409800,10,Chandigarh
S8930,P9652,C3912,14,2026-01-21,444122,5,Jaipur
S8931,P3820,C14,8,2025-02-28,346128,0,Bangalore
S8932,P2400,C1582,1,2025-09-29,23209,0,Chandigarh
S8933,P430,C6154,5,2025-12-21,123885,0,Chandigarh
S8934,P3772,C727,8,2024-07-29,86344,0,Mumbai
S8935,P945,C5157,8,2026-05-16,150216,15,Mumbai
S8936,P2610,C2548,12,2026-02-13,466668,0,Chandigarh
S8937,P9268,C4551,12,2024-12-02,598776,0,Pune
S8938,P4837,C5737,5,2024-09-06,229280,15,Jaipur
S8939,P9191,C8668,6,2025-06-07,251634,10,Pune
S8940,P1773,C7835,10,2026-05-13,65140,0,Bangalore
S8941,P4680,C7176,13,2026-01-11,328562,15,Chandigarh
S8942,P8251,C3872,3,2025-11-25,17952,10,Jaipur
S8943,P9886,C652,15,2025-11-15,670230,0,Bangalore
S8944,P378,C6317,9,2024-08-14,352710,0,Jaipur
S8945,P5424,C2231,17,2025-08-31,791333,5,Pune
S8946,P9133,C7061,1,2026-01-29,13104,5,Delhi
S8947,P7033,C7819,19,2024-06-04,725211,0,Delhi
S8948,P3647,C3775,14,2025-10-31,314888,10,Pune
S8949,P8140,C3356,13,2026-02-07,448422,5,Chandigarh
S8950,P2380,C2292,18,2025-08-17,710190,0,Pune
S8951,P3326,C6306,8,2025-07-21,364432,10,Jaipur
S8952,P2684,C7239,2,2026-01-15,58664,5,Chandigarh
S8953,P9694,C9836,18,2024-11-28,133974,10,Chandigarh
S8954,P3917,C6090,10,2024-07-29,216110,0,Delhi
S8955,P5280,C8885,14,2026-04-25,617792,15,Bangalore
S8956,P5237,C2890,10,2025-01-31,498040,10,Chandigarh
S8957,P1260,C7779,3,2025-10-24,68604,5,Delhi
S8958,P377,C4198,19,2025-08-20,919087,10,Chandigarh
S8959,P9878,C8081,19,2025-04-06,485222,10,Mumbai
S8960,P6736,C810,4,2024-12-30,55792,0,Jaipur
S8961,P1907,C5490,20,2025-01-26,912900,15,Chandigarh
S8962,P3866,C3991,5,2024-11-01,57655,5,Jaipur
S8963,P355,C7558,6,2026-01-20,249078,0,Jaipur
S8964,P8174,C5144,4,2025-05-13,197572,15,Mumbai
S8965,P2963,C3685,19,2026-04-25,872708,10,Bangalore
S8966,P3908,C3872,12,2024-10-30,143244,15,Jaipur
S8967,P9674,C3669,4,2024-07-31,108924,0,Pune
S8968,P2511,C4247,15,2026-03-08,454260,15,Chandigarh
S8969,P2407,C6651,18,2025-05-26,39024,5,Delhi
S8970,P4586,C7647,16,2024-11-08,166640,15,Mumbai
S8971,P8678,C2787,10,2025-06-09,87720,5,Delhi
S8972,P1104,C3247,14,2025-11-30,490602,15,Jaipur
S8973,P8324,C6220,3,2026-01-27,78477,15,Pune
S8974,P6640,C2169,11,2025-01-07,197505,15,Bangalore
S8975,P5137,C5790,12,2025-11-11,567540,15,Chandigarh
S8976,P5075,C4620,6,2025-10-23,235866,5,Pune
S8977,P3004,C4198,18,2025-01-24,440802,10,Pune
S8978,P2976,C1117,18,2026-03-26,48906,5,Pune
S8979,P8465,C9207,16,2025-07-26,221456,0,Delhi
S8980,P3678,C7154,2,2026-01-30,63804,5,Jaipur
S8981,P2481,C5059,19,2025-08-24,893342,10,Delhi
S8982,P8659,C6417,6,2026-04-04,116394,5,Chandigarh
S8983,P838,C3704,10,2024-09-29,387130,5,Bangalore
S8984,P1384,C7347,10,2025-11-21,266260,5,Mumbai
S8985,P179,C8967,8,2024-11-13,148616,0,Bangalore
S8986,P8634,C8352,13,2026-01-29,490555,15,Pune
S8987,P6725,C6109,14,2025-01-11,31206,15,Chandigarh
S8988,P528,C449,5,2026-01-07,129310,5,Delhi
S8989,P860,C6794,10,2024-12-28,296760,10,Mumbai
S8990,P5296,C4944,16,2024-07-21,776240,10,Chandigarh
S8991,P3902,C1730,5,2025-04-12,150010,5,Bangalore
S8992,P3776,C6311,8,2024-12-02,303648,15,Chandigarh
S8993,P6172,C745,18,2026-01-30,223686,5,Bangalore
S8994,P1469,C255,7,2026-03-18,274428,0,Delhi
S8995,P6045,C3348,20,2025-11-13,732240,5,Delhi
S8996,P7388,C9498,14,2024-10-17,149296,0,Chandigarh
S8997,P6028,C4343,18,2026-01-11,702018,10,Delhi
S8998,P8542,C960,8,2024-12-22,204232,10,Delhi
S8999,P9070,C4445,9,2026-04-19,430857,10,Pune
S9000,P9015,C7231,12,2025-10-15,442620,10,Delhi
S9001,P1163,C2522,18,2024-07-07,94140,0,Chandigarh
S9002,P2881,C2114,15,2026-03-20,740670,15,Pune
S9003,P3227,C1101,18,2025-09-16,602946,5,Bangalore
S9004,P9076,C2667,15,2025-11-29,319815,5,Mumbai
S9005,P4733,C4532,1,2024-11-29,35482,5,Jaipur
S9006,P9657,C5311,16,2025-12-08,129088,0,Pune
S9007,P7587,C3999,18,2024-08-15,645336,15,Pune
S9008,P726,C4,1,2025-10-10,45115,0,Mumbai
S9009,P6800,C5976,18,2024-07-25,303480,10,Mumbai
S9010,P68,C8476,8,2024-08-28,207040,15,Bangalore
S9011,P7595,C1068,16,2025-09-29,577664,0,Delhi
S9012,P225,C7007,2,2025-08-20,10278,5,Bangalore
S9013,P2119,C3265,16,2026-05-06,84736,5,Mumbai
S9014,P7165,C1699,9,2025-01-18,175500,15,Delhi
S9015,P2537,C3162,1,2025-10-09,18560,0,Mumbai
S9016,P1900,C6660,14,2024-10-06,337834,0,Pune
S9017,P3031,C4448,6,2025-09-19,220404,0,Pune
S9018,P3583,C4030,2,2025-07-25,45072,5,Pune
S9019,P9038,C3669,8,2024-08-04,344128,10,Mumbai
S9020,P8203,C2480,4,2026-04-23,140452,10,Delhi
S9021,P6771,C3657,5,2025-10-10,131075,0,Delhi
S9022,P3617,C5696,7,2026-04-05,90048,5,Delhi
S9023,P7318,C4951,7,2026-02-10,274148,10,Mumbai
S9024,P2291,C836,6,2025-05-21,171672,5,Delhi
S9025,P2168,C3444,15,2025-04-04,414075,0,Chandigarh
S9026,P8179,C623,20,2025-11-25,141020,10,Delhi
S9027,P7218,C7128,19,2025-11-11,723919,15,Bangalore
S9028,P1349,C8684,8,2025-06-11,107064,5,Jaipur
S9029,P3416,C6781,13,2024-06-19,562718,15,Chandigarh
S9030,P9702,C4845,11,2024-11-24,22814,0,Chandigarh
S9031,P4730,C2985,2,2024-06-16,66840,10,Bangalore
S9032,P1575,C3672,4,2025-10-11,137984,15,Bangalore
S9033,P4231,C195,20,2025-03-13,878020,15,Delhi
S9034,P9906,C3813,1,2025-01-07,43229,5,Jaipur
S9035,P8450,C5802,20,2024-12-09,253100,0,Bangalore
S9036,P6732,C5852,15,2024-09-24,143640,5,Pune
S9037,P6107,C9741,7,2024-06-20,192157,10,Mumbai
S9038,P2255,C625,5,2026-03-16,96145,15,Jaipur
S9039,P8760,C7814,9,2025-11-28,69840,15,Delhi
S9040,P9446,C7953,11,2024-11-24,547063,0,Chandigarh
S9041,P5559,C424,15,2025-08-25,269220,10,Pune
S9042,P774,C1031,8,2025-06-04,122624,15,Bangalore
S9043,P1079,C9654,16,2025-05-13,279072,10,Jaipur
S9044,P4871,C1570,10,2025-01-11,235200,0,Mumbai
S9045,P5012,C4193,14,2025-09-14,194824,15,Mumbai
S9046,P4178,C306,19,2026-05-20,545452,5,Jaipur
S9047,P590,C7282,13,2026-01-26,549380,15,Pune
S9048,P8449,C1399,5,2025-12-11,170755,10,Jaipur
S9049,P8042,C4356,17,2024-06-08,313191,5,Chandigarh
S9050,P6386,C7457,12,2025-11-01,247536,10,Jaipur
S9051,P3084,C5103,20,2024-12-19,328100,15,Bangalore
S9052,P7451,C93,13,2024-07-16,404534,15,Jaipur
S9053,P1835,C8192,19,2024-12-07,28785,15,Pune
S9054,P6904,C1341,3,2026-01-05,112194,10,Delhi
S9055,P2143,C6311,6,2026-04-10,173178,15,Chandigarh
S9056,P1664,C1619,1,2025-05-28,25992,0,Bangalore
S9057,P3937,C7224,12,2026-02-21,152364,0,Chandigarh
S9058,P9874,C8464,9,2025-10-08,398052,5,Chandigarh
S9059,P6748,C2210,14,2025-05-23,410564,10,Bangalore
S9060,P1821,C5824,3,2025-12-12,82209,10,Chandigarh
S9061,P8272,C116,18,2024-11-17,716526,10,Mumbai
S9062,P4700,C8331,6,2024-07-21,111138,10,Chandigarh
S9063,P4406,C6080,20,2025-12-28,44460,10,Delhi
S9064,P4137,C2109,14,2025-10-04,678118,5,Chandigarh
S9065,P7975,C8178,16,2024-09-08,580176,15,Delhi
S9066,P523,C3086,9,2024-06-02,338229,10,Jaipur
S9067,P1162,C908,6,2025-02-16,47586,0,Delhi
S9068,P3647,C9633,15,2025-01-02,392910,0,Bangalore
S9069,P2166,C634,1,2026-05-21,14725,15,Mumbai
S9070,P4007,C4172,11,2025-05-02,296043,0,Mumbai
S9071,P5385,C7281,19,2024-08-25,242155,15,Delhi
S9072,P3448,C7292,11,2026-01-09,171666,0,Pune
S9073,P772,C6996,15,2025-01-01,332940,15,Delhi
S9074,P6774,C9954,12,2025-04-04,82968,5,Delhi
S9075,P1500,C5542,5,2025-12-17,78990,5,Delhi
S9076,P7307,C754,4,2024-08-02,33536,5,Chandigarh
S9077,P7424,C3483,8,2024-12-11,23320,10,Jaipur
S9078,P2250,C5618,18,2025-07-27,274626,10,Pune
S9079,P5283,C3110,11,2026-05-17,354794,5,Pune
S9080,P9762,C1898,2,2025-10-25,59952,10,Pune
S9081,P6973,C2200,15,2025-08-25,632385,10,Chandigarh
S9082,P3427,C5260,4,2025-11-25,27344,5,Jaipur
S9083,P4511,C9933,12,2025-10-07,534588,0,Mumbai
S9084,P6303,C4539,20,2025-07-03,843520,15,Chandigarh
S9085,P425,C919,17,2025-04-12,653803,5,Jaipur
S9086,P6562,C1343,18,2024-12-07,382158,15,Pune
S9087,P1107,C7617,14,2025-08-02,413336,10,Chandigarh
S9088,P9023,C6359,2,2025-08-02,22114,0,Jaipur
S9089,P6938,C1965,11,2024-07-07,520102,15,Bangalore
S9090,P1513,C6693,2,2024-10-09,46158,0,Bangalore
S9091,P1484,C5347,7,2025-11-12,172284,5,Chandigarh
S9092,P6239,C539,1,2024-06-11,3334,0,Chandigarh
S9093,P6747,C1239,3,2025-11-13,92340,0,Pune
S9094,P440,C5402,9,2025-07-29,412956,0,Chandigarh
S9095,P1676,C6948,7,2025-01-10,290563,15,Pune
S9096,P2734,C2271,20,2025-09-07,194260,5,Mumbai
S9097,P3242,C3557,16,2025-03-28,164800,10,Pune
S9098,P9221,C4375,18,2025-12-16,528624,0,Chandigarh
S9099,P9008,C1720,3,2025-10-21,57516,15,Pune
S9100,P6071,C462,12,2024-09-05,399372,15,Chandigarh
S9101,P8278,C6744,15,2025-11-21,391350,15,Jaipur
S9102,P8486,C6581,2,2024-09-26,21086,0,Chandigarh
S9103,P3241,C7915,2,2026-03-17,2642,0,Bangalore
S9104,P5922,C3054,7,2026-01-02,106561,15,Bangalore
S9105,P1864,C4273,10,2025-04-14,493700,10,Chandigarh
S9106,P1405,C2165,13,2026-01-30,43745,0,Delhi
S9107,P4323,C2409,8,2025-04-12,335168,15,Jaipur
S9108,P9816,C1556,12,2026-03-29,224856,0,Mumbai
S9109,P9875,C9799,16,2025-12-07,479648,10,Chandigarh
S9110,P5440,C5524,10,2024-06-18,206350,0,Chandigarh
S9111,P5001,C7085,13,2026-05-10,565994,5,Delhi
S9112,P1056,C9088,19,2026-03-25,117173,15,Delhi
S9113,P4536,C2847,5,2024-05-30,39265,0,Chandigarh
S9114,P7804,C9810,19,2025-09-28,72409,5,Delhi
S9115,P7175,C2518,19,2024-12-21,34143,5,Chandigarh
S9116,P1296,C4230,16,2026-01-04,218272,5,Chandigarh
S9117,P9837,C2278,12,2024-11-15,517212,0,Bangalore
S9118,P3704,C9189,4,2026-03-17,165236,5,Bangalore
S9119,P564,C1923,17,2025-08-22,406572,10,Bangalore
S9120,P9913,C3999,16,2024-11-23,732576,0,Pune
S9121,P1359,C4212,12,2025-08-28,266892,0,Pune
S9122,P2681,C1263,5,2025-07-31,200695,15,Jaipur
S9123,P3612,C1038,7,2024-08-03,241325,0,Delhi
S9124,P2765,C3146,10,2025-12-23,426920,15,Jaipur
S9125,P5661,C9999,18,2024-11-30,51264,5,Bangalore
S9126,P2804,C4358,15,2024-07-01,266100,10,Delhi
S9127,P812,C9541,1,2025-05-26,24154,15,Bangalore
S9128,P8672,C1640,1,2024-06-05,39045,0,Jaipur
S9129,P9523,C6001,4,2025-06-15,121360,5,Mumbai
S9130,P5261,C9464,20,2025-08-06,625380,15,Pune
S9131,P7551,C4902,13,2024-10-02,369148,10,Bangalore
S9132,P7237,C5928,18,2024-09-09,683802,5,Mumbai
S9133,P866,C2517,4,2024-12-11,95992,15,Mumbai
S9134,P5781,C8501,12,2026-01-29,44028,0,Pune
S9135,P7928,C3985,7,2026-03-16,204890,15,Jaipur
S9136,P1072,C7125,12,2024-07-25,367416,10,Pune
S9137,P4795,C2934,20,2026-02-18,100980,15,Pune
S9138,P6216,C4731,20,2024-07-09,839580,5,Chandigarh
S9139,P8184,C4989,12,2025-09-12,444120,5,Chandigarh
S9140,P8995,C9156,13,2025-02-09,572195,0,Bangalore
S9141,P2596,C2017,14,2026-02-14,129990,5,Delhi
S9142,P9080,C1009,3,2024-07-24,16617,10,Chandigarh
S9143,P50,C8333,5,2025-07-01,208380,5,Mumbai
S9144,P8358,C812,13,2025-09-21,582153,0,Pune
S9145,P1205,C9497,6,2024-12-26,117180,0,Bangalore
S9146,P8472,C7206,2,2026-02-04,2620,0,Mumbai
S9147,P2275,C3944,4,2025-07-08,122056,15,Pune
S9148,P5775,C4729,2,2025-04-04,40372,5,Bangalore
S9149,P1990,C2993,20,2026-03-27,339860,5,Bangalore
S9150,P7112,C6114,14,2025-09-10,604338,15,Delhi
S9151,P4864,C5023,19,2025-10-16,626411,5,Mumbai
S9152,P887,C8763,3,2024-09-27,27153,5,Chandigarh
S9153,P9088,C2597,1,2025-12-21,38311,15,Chandigarh
S9154,P8824,C1031,15,2025-11-29,309900,0,Mumbai
S9155,P2041,C5295,2,2026-04-03,71906,10,Delhi
S9156,P2807,C4398,12,2025-02-27,67956,10,Mumbai
S9157,P4683,C9157,1,2025-10-06,43243,5,Bangalore
S9158,P1466,C3884,5,2025-06-21,101560,15,Bangalore
S9159,P6690,C3064,17,2024-10-28,644878,15,Pune
S9160,P7965,C1970,1,2026-04-01,9269,5,Bangalore
S9161,P7324,C980,11,2024-11-22,216194,15,Bangalore
S9162,P7040,C7840,1,2024-11-17,17324,10,Jaipur
S9163,P2192,C9345,17,2026-04-14,20145,5,Jaipur
S9164,P5703,C2094,8,2026-01-05,42208,10,Jaipur
S9165,P2691,C7502,7,2025-11-17,190680,15,Pune
S9166,P8041,C6894,12,2024-09-21,500712,5,Chandigarh
S9167,P2161,C7878,13,2024-10-10,517881,10,Bangalore
S9168,P9142,C4530,15,2024-09-02,337065,15,Pune
S9169,P1822,C1620,2,2025-11-12,77754,5,Mumbai
S9170,P1339,C4337,15,2026-04-08,473040,15,Mumbai
S9171,P2283,C5450,6,2024-06-06,58140,0,Pune
S9172,P4280,C2282,14,2024-08-01,436296,10,Jaipur
S9173,P4059,C4843,19,2025-08-16,374623,5,Mumbai
S9174,P6677,C6063,8,2026-01-04,95056,5,Delhi
S9175,P8201,C3249,17,2025-03-17,664003,15,Mumbai
S9176,P8986,C9919,17,2025-05-07,84762,10,Pune
S9177,P1930,C8998,17,2025-03-12,593164,10,Mumbai
S9178,P2890,C2152,12,2025-02-16,453540,15,Mumbai
S9179,P2099,C265,13,2025-06-30,107341,0,Chandigarh
S9180,P5355,C3216,7,2024-08-11,249116,5,Delhi
S9181,P6975,C6702,20,2024-07-03,94980,15,Bangalore
S9182,P5589,C1586,20,2025-12-04,368900,0,Pune
S9183,P136,C2395,1,2025-11-26,5112,0,Pune
S9184,P4464,C8136,19,2025-09-28,751355,0,Bangalore
S9185,P5796,C8577,11,2025-06-18,366938,15,Bangalore
S9186,P9112,C5192,18,2025-10-30,543168,5,Bangalore
S9187,P4047,C6968,3,2026-05-21,64200,5,Chandigarh
S9188,P2375,C7658,11,2024-11-10,120505,15,Jaipur
S9189,P8116,C4466,1,2025-07-23,42178,0,Delhi
S9190,P1891,C847,19,2025-08-12,867673,5,Bangalore
S9191,P6981,C5706,10,2025-04-16,298500,10,Jaipur
S9192,P3114,C4798,4,2024-11-10,146828,10,Chandigarh
S9193,P8464,C1772,16,2025-02-26,376720,10,Delhi
S9194,P5376,C3054,17,2026-02-16,771307,10,Jaipur
S9195,P6741,C6024,20,2025-08-12,520260,15,Delhi
S9196,P8808,C7532,6,2025-03-05,214776,5,Chandigarh
S9197,P296,C3347,20,2024-05-31,146720,0,Pune
S9198,P5217,C3533,18,2026-02-27,310662,0,Chandigarh
S9199,P8957,C1713,7,2026-02-21,289415,15,Delhi
S9200,P7652,C8205,17,2024-06-03,240618,15,Jaipur
S9201,P8059,C6681,16,2025-02-28,100192,5,Mumbai
S9202,P8944,C6550,6,2024-06-23,178902,15,Pune
S9203,P4681,C3425,14,2025-04-30,295176,5,Pune
S9204,P1249,C5493,3,2025-09-28,17304,10,Bangalore
S9205,P6307,C4965,15,2024-12-08,454755,5,Chandigarh
S9206,P7999,C5722,20,2024-10-05,870240,15,Mumbai
S9207,P8818,C4135,14,2025-02-27,293328,5,Pune
S9208,P5913,C388,15,2025-03-01,50760,10,Jaipur
S9209,P4650,C6765,7,2025-04-28,271026,10,Chandigarh
S9210,P27,C5972,20,2025-11-27,284020,5,Pune
S9211,P1872,C1577,15,2026-02-05,28800,10,Chandigarh
S9212,P7127,C6135,15,2025-08-01,441585,10,Bangalore
S9213,P7473,C1956,16,2025-11-24,553440,0,Bangalore
S9214,P908,C6259,1,2025-10-19,25341,15,Bangalore
S9215,P3045,C8581,3,2025-07-21,20976,0,Bangalore
S9216,P647,C9313,5,2025-12-24,249785,0,Jaipur
S9217,P6619,C8198,2,2025-12-12,54084,5,Jaipur
S9218,P1068,C9971,20,2026-05-19,904360,10,Pune
S9219,P1137,C900,19,2024-07-13,348308,10,Delhi
S9220,P2604,C7965,10,2024-09-03,145880,15,Delhi
S9221,P9357,C4118,16,2024-08-01,635600,15,Delhi
S9222,P4860,C7693,4,2024-10-20,141988,15,Chandigarh
S9223,P3992,C7358,16,2026-05-04,523888,15,Bangalore
S9224,P4379,C7702,4,2025-04-05,112996,0,Mumbai
S9225,P2732,C5928,7,2025-07-27,24899,5,Bangalore
S9226,P6110,C9705,20,2025-12-17,638960,0,Mumbai
S9227,P7140,C4513,18,2024-10-06,160992,0,Pune
S9228,P9034,C2581,12,2024-10-20,69492,10,Chandigarh
S9229,P3304,C2557,14,2026-03-26,73556,0,Delhi
S9230,P6694,C4255,8,2025-09-01,300024,15,Bangalore
S9231,P9540,C6594,5,2024-07-07,107555,5,Delhi
S9232,P7306,C7942,13,2026-01-06,294177,0,Jaipur
S9233,P8983,C2824,19,2025-09-20,585561,0,Delhi
S9234,P9872,C6238,4,2026-03-14,47756,0,Jaipur
S9235,P1630,C7057,5,2025-06-22,204480,15,Delhi
S9236,P5408,C5638,7,2025-02-26,11858,10,Delhi
S9237,P4886,C4182,20,2024-08-03,778700,0,Pune
S9238,P9104,C2128,7,2025-06-15,38388,5,Jaipur
S9239,P1100,C805,4,2025-01-31,113508,5,Delhi
S9240,P72,C1496,16,2025-11-05,650336,0,Bangalore
S9241,P1091,C7389,5,2024-09-23,199625,0,Chandigarh
S9242,P7908,C8625,19,2025-01-17,34979,15,Mumbai
S9243,P6854,C7452,9,2026-01-04,201204,0,Delhi
S9244,P2676,C1668,12,2025-02-28,75984,10,Bangalore
S9245,P9980,C7701,20,2025-12-30,353900,15,Chandigarh
S9246,P6331,C8888,19,2025-05-11,31977,0,Pune
S9247,P2103,C462,14,2024-09-10,318304,0,Mumbai
S9248,P3552,C547,11,2025-04-05,50963,15,Jaipur
S9249,P5419,C9695,16,2025-07-14,671424,0,Delhi
S9250,P4481,C528,16,2024-05-30,49952,10,Pune
S9251,P2786,C3196,6,2024-08-20,226890,15,Jaipur
S9252,P7008,C714,12,2025-03-24,325704,15,Mumbai
S9253,P4377,C6699,15,2025-10-04,62805,0,Pune
S9254,P3339,C2937,5,2024-10-29,37180,0,Bangalore
S9255,P5238,C8132,8,2026-03-01,265616,15,Mumbai
S9256,P5843,C2125,1,2026-01-24,37338,0,Pune
S9257,P3157,C2086,1,2025-09-05,8888,5,Delhi
S9258,P6395,C80,3,2024-07-15,64344,10,Pune
S9259,P2491,C8565,4,2024-08-17,105364,10,Mumbai
S9260,P7844,C1146,19,2024-09-21,29127,10,Pune
S9261,P5378,C4680,18,2025-03-14,604602,0,Delhi
S9262,P9712,C4115,14,2024-07-14,249480,15,Jaipur
S9263,P8341,C6684,13,2025-05-25,541255,5,Pune
S9264,P4310,C4865,5,2025-01-01,206755,10,Bangalore
S9265,P1890,C7574,3,2026-05-07,118902,0,Pune
S9266,P7903,C7863,17,2025-11-10,157182,0,Bangalore
S9267,P8785,C4314,3,2024-09-25,41934,5,Jaipur
S9268,P6863,C4464,14,2025-07-11,390516,0,Mumbai
S9269,P5295,C4891,13,2025-05-23,506272,5,Pune
S9270,P1893,C5280,4,2026-03-09,8784,5,Bangalore
S9271,P449,C7798,10,2026-01-25,265510,5,Mumbai
S9272,P3686,C4854,15,2025-08-10,725865,5,Pune
S9273,P624,C8275,6,2025-05-04,22032,0,Pune
S9274,P6226,C9712,19,2025-01-17,174344,10,Bangalore
S9275,P6665,C2244,14,2025-06-22,471982,15,Pune
S9276,P1982,C3173,14,2025-02-12,320558,15,Jaipur
S9277,P1579,C6262,2,2025-11-11,94212,10,Mumbai
S9278,P3043,C8165,7,2024-10-01,184331,5,Chandigarh
S9279,P984,C6203,10,2026-04-24,449420,5,Mumbai
S9280,P120,C2077,3,2025-12-20,66705,5,Mumbai
S9281,P3996,C1833,17,2024-12-19,625906,5,Delhi
S9282,P6050,C4956,10,2024-07-16,277930,0,Delhi
S9283,P8977,C7485,9,2025-06-13,79488,5,Pune
S9284,P8518,C2313,12,2026-05-21,554940,0,Pune
S9285,P4603,C5375,7,2025-09-20,213570,0,Jaipur
S9286,P413,C1327,3,2026-01-28,132303,5,Jaipur
S9287,P4850,C9261,16,2024-06-21,285280,15,Chandigarh
S9288,P5330,C9602,6,2024-06-24,269640,15,Pune
S9289,P6143,C8708,2,2026-05-12,69896,0,Mumbai
S9290,P1441,C7056,5,2025-02-13,98725,15,Delhi
S9291,P2458,C9751,13,2025-09-21,240201,0,Chandigarh
S9292,P4445,C1713,20,2025-10-21,832680,5,Delhi
S9293,P2372,C4752,8,2025-05-28,205592,15,Jaipur
S9294,P521,C6067,17,2025-01-10,256394,10,Bangalore
S9295,P6300,C8029,20,2024-06-21,662080,10,Pune
S9296,P8755,C1008,15,2025-10-15,395715,10,Pune
S9297,P5196,C8768,2,2024-08-06,8970,15,Jaipur
S9298,P1681,C8674,14,2024-07-10,236152,15,Jaipur
S9299,P3781,C3382,1,2024-10-14,1379,5,Jaipur
S9300,P9915,C1537,16,2026-01-13,286848,0,Pune
S9301,P7192,C4092,18,2024-11-22,331704,0,Bangalore
S9302,P8256,C7937,16,2025-10-18,157760,15,Jaipur
S9303,P3482,C8691,1,2025-10-17,32653,0,Chandigarh
S9304,P6579,C2242,15,2024-11-06,666900,15,Chandigarh
S9305,P5667,C7529,5,2025-08-18,53325,5,Jaipur
S9306,P4440,C1669,7,2026-03-05,265720,5,Mumbai
S9307,P9562,C6003,6,2026-04-05,14586,10,Chandigarh
S9308,P3146,C1843,18,2026-01-16,18846,5,Pune
S9309,P2161,C5224,2,2024-10-07,39426,10,Jaipur
S9310,P8481,C7483,10,2024-05-31,306900,5,Chandigarh
S9311,P8274,C2945,20,2024-07-10,181720,10,Jaipur
S9312,P9852,C7129,10,2026-05-24,293950,10,Delhi
S9313,P6705,C4022,12,2025-07-12,400932,5,Pune
S9314,P29,C2282,2,2025-06-14,69258,5,Delhi
S9315,P2680,C4598,4,2026-02-22,137056,5,Bangalore
S9316,P4904,C7160,15,2025-10-26,725640,5,Pune
S9317,P3471,C7583,20,2024-09-24,360320,5,Bangalore
S9318,P8909,C7129,8,2026-03-25,380216,0,Chandigarh
S9319,P1660,C9567,19,2026-04-12,844892,5,Mumbai
S9320,P5658,C755,18,2025-10-05,57060,15,Mumbai
S9321,P2248,C3979,6,2025-10-03,273882,15,Pune
S9322,P1822,C5890,12,2026-03-31,24528,5,Bangalore
S9323,P791,C8137,7,2024-12-24,307566,0,Bangalore
S9324,P793,C1129,16,2024-10-07,380672,10,Delhi
S9325,P5120,C1202,16,2024-08-25,330848,15,Bangalore
S9326,P5894,C2786,7,2024-09-08,27034,10,Jaipur
S9327,P7754,C4644,10,2025-04-27,267050,0,Bangalore
S9328,P29,C9373,3,2025-03-28,37374,10,Delhi
S9329,P3658,C4013,19,2026-03-20,389139,5,Chandigarh
S9330,P673,C1361,5,2025-11-07,177715,5,Chandigarh
S9331,P1201,C8798,4,2024-08-21,181064,0,Delhi
S9332,P1207,C6765,20,2026-04-17,72220,5,Pune
S9333,P4879,C7049,18,2025-01-13,370314,5,Mumbai
S9334,P8988,C4101,3,2025-08-31,8259,15,Bangalore
S9335,P4533,C7119,12,2025-05-05,463068,15,Jaipur
S9336,P2375,C9704,6,2025-11-04,132852,0,Jaipur
S9337,P2786,C9882,16,2024-11-12,431104,10,Jaipur
S9338,P9036,C489,16,2025-08-08,272608,10,Bangalore
S9339,P9660,C6874,19,2025-12-23,594529,5,Jaipur
S9340,P2821,C8026,4,2025-11-12,22460,15,Chandigarh
S9341,P5294,C6395,13,2026-05-07,349011,5,Chandigarh
S9342,P6666,C5448,11,2025-06-19,152317,10,Chandigarh
S9343,P8077,C9094,1,2025-09-25,9527,15,Chandigarh
S9344,P7892,C6276,3,2025-05-12,124305,15,Mumbai
S9345,P2724,C3981,17,2025-02-25,709172,0,Bangalore
S9346,P1916,C9350,14,2025-12-28,143584,5,Pune
S9347,P9224,C89,15,2024-10-10,217755,15,Delhi
S9348,P5371,C3951,16,2025-08-23,446288,10,Pune
S9349,P7064,C4979,2,2025-03-03,62822,0,Delhi
S9350,P620,C2788,18,2025-11-04,744390,0,Mumbai
S9351,P7750,C4757,10,2025-09-23,46600,0,Chandigarh
S9352,P5557,C4188,4,2024-07-10,49792,0,Mumbai
S9353,P5542,C4517,12,2024-07-31,120852,5,Jaipur
S9354,P4490,C4294,12,2024-07-17,462168,0,Bangalore
S9355,P5866,C4819,3,2024-12-12,42279,15,Mumbai
S9356,P4189,C9999,19,2025-05-11,274246,10,Mumbai
S9357,P4978,C9389,15,2026-04-14,368490,10,Bangalore
S9358,P1245,C5530,9,2026-03-03,417987,0,Jaipur
S9359,P1738,C7957,16,2026-01-14,665392,5,Pune
S9360,P8797,C6354,19,2025-06-23,824391,5,Chandigarh
S9361,P7722,C2607,7,2025-02-05,218435,5,Jaipur
S9362,P9300,C3082,6,2025-11-10,211494,0,Bangalore
S9363,P4036,C2866,16,2024-12-02,559920,0,Pune
S9364,P2967,C6417,9,2024-11-27,34767,5,Jaipur
S9365,P2426,C2143,7,2025-05-05,253519,15,Bangalore
S9366,P4830,C6608,3,2025-08-29,127323,0,Pune
S9367,P8779,C252,14,2024-10-24,488180,15,Jaipur
S9368,P9277,C9387,2,2025-07-10,25164,5,Delhi
S9369,P3573,C2126,9,2026-01-02,368334,5,Delhi
S9370,P7455,C8969,13,2026-03-30,278772,0,Jaipur
S9371,P3375,C366,20,2024-08-03,236240,5,Jaipur
S9372,P2081,C1762,11,2025-03-23,302181,5,Bangalore
S9373,P1505,C9947,19,2025-10-16,588183,15,Mumbai
S9374,P5428,C9214,12,2024-07-27,109716,10,Bangalore
S9375,P7007,C6774,17,2025-03-18,787644,5,Bangalore
S9376,P8556,C8786,13,2026-01-31,80834,5,Chandigarh
S9377,P7857,C3420,16,2025-12-09,366688,10,Chandigarh
S9378,P278,C2178,17,2024-10-10,33065,0,Jaipur
S9379,P2271,C4772,17,2025-08-25,749462,15,Jaipur
S9380,P3903,C2668,20,2024-06-20,486120,15,Delhi
S9381,P3275,C2952,1,2024-11-30,38175,10,Bangalore
S9382,P9551,C4993,15,2026-05-13,745650,0,Bangalore
S9383,P7468,C6811,7,2024-12-03,345247,10,Chandigarh
S9384,P8027,C772,19,2024-08-11,314431,0,Pune
S9385,P7322,C4443,4,2024-09-04,147204,5,Jaipur
S9386,P6634,C7876,13,2025-09-28,228007,5,Jaipur
S9387,P3016,C1172,14,2024-11-07,658336,10,Jaipur
S9388,P4416,C7548,20,2024-05-30,719460,10,Mumbai
S9389,P5115,C7782,4,2025-05-02,175068,5,Chandigarh
S9390,P3971,C2553,14,2025-05-09,293734,0,Pune
S9391,P6664,C5075,18,2026-04-14,425394,15,Bangalore
S9392,P3748,C6944,10,2024-07-18,388920,15,Chandigarh
S9393,P3580,C6885,6,2024-07-24,138726,5,Pune
S9394,P9736,C3042,2,2024-06-04,30668,5,Pune
S9395,P1571,C8172,16,2025-01-09,35072,10,Jaipur
S9396,P3640,C1110,12,2025-08-25,227052,5,Mumbai
S9397,P129,C1633,5,2025-10-23,64625,0,Jaipur
S9398,P3818,C6018,10,2025-08-01,334330,0,Chandigarh
S9399,P9666,C8345,17,2025-11-29,35122,15,Pune
S9400,P4991,C1391,12,2026-02-10,325380,0,Mumbai
S9401,P3245,C2423,18,2025-03-05,127116,0,Chandigarh
S9402,P1067,C340,7,2025-12-11,217987,15,Jaipur
S9403,P9294,C1232,5,2025-02-03,125280,15,Chandigarh
S9404,P8070,C5922,1,2025-01-25,11107,15,Jaipur
S9405,P2074,C8831,3,2025-02-08,94320,10,Jaipur
S9406,P3852,C7234,20,2024-09-18,499400,15,Bangalore
S9407,P6911,C8748,2,2026-04-05,87306,10,Bangalore
S9408,P4325,C544,5,2025-08-22,208130,0,Mumbai
S9409,P7598,C2353,8,2025-10-13,346120,0,Pune
S9410,P1325,C312,3,2025-08-28,51069,10,Chandigarh
S9411,P4612,C5530,4,2025-06-22,69244,15,Delhi
S9412,P8096,C9936,12,2026-05-01,590880,15,Jaipur
S9413,P5716,C4056,4,2025-06-16,167972,0,Chandigarh
S9414,P5185,C7556,14,2025-06-04,467810,10,Delhi
S9415,P4263,C4893,18,2025-08-13,694062,0,Pune
S9416,P7553,C8062,3,2025-07-09,75768,15,Bangalore
S9417,P1677,C5439,4,2025-10-20,196592,15,Chandigarh
S9418,P1074,C9044,17,2024-11-01,91375,10,Chandigarh
S9419,P9888,C9750,5,2025-04-16,246165,15,Pune
S9420,P3512,C7456,12,2026-04-26,501840,5,Jaipur
S9421,P8570,C7403,18,2025-08-02,571050,10,Pune
S9422,P9499,C9579,17,2025-06-20,559742,15,Jaipur
S9423,P5110,C4703,4,2025-05-14,167336,5,Bangalore
S9424,P560,C290,15,2025-03-29,551955,5,Mumbai
S9425,P3516,C700,2,2025-03-02,60242,15,Mumbai
S9426,P1398,C7340,15,2025-09-08,354930,10,Pune
S9427,P5783,C6234,9,2024-08-08,385569,0,Pune
S9428,P1279,C1972,10,2024-10-12,257890,10,Bangalore
S9429,P1183,C9093,15,2025-07-23,560250,10,Delhi
S9430,P5436,C2220,5,2025-10-07,13060,10,Jaipur
S9431,P8704,C5853,10,2025-07-03,216980,5,Chandigarh
S9432,P4059,C7214,1,2025-04-08,37783,15,Jaipur
S9433,P1586,C1628,6,2025-03-22,252750,0,Bangalore
S9434,P232,C5306,14,2025-09-29,438760,15,Jaipur
S9435,P4532,C206,12,2026-01-13,227544,10,Mumbai
S9436,P5265,C7585,4,2026-01-07,117408,10,Jaipur
S9437,P5258,C7445,8,2025-06-08,90072,0,Jaipur
S9438,P1960,C4505,5,2025-09-20,116630,0,Chandigarh
S9439,P3884,C9002,11,2025-12-09,33594,5,Bangalore
S9440,P7208,C551,20,2025-04-13,379620,15,Mumbai
S9441,P4740,C2794,15,2024-10-11,517290,5,Jaipur
S9442,P782,C8883,14,2025-08-18,564270,0,Bangalore
S9443,P8015,C2339,9,2026-02-15,400995,5,Bangalore
S9444,P8339,C5241,2,2025-05-21,26350,15,Mumbai
S9445,P5962,C6118,4,2025-12-21,70764,15,Chandigarh
S9446,P3830,C4099,5,2025-03-30,183865,0,Jaipur
S9447,P8751,C3341,16,2025-12-23,306400,0,Mumbai
S9448,P6114,C2466,4,2024-09-24,40556,5,Mumbai
S9449,P2618,C4947,8,2025-12-03,256608,5,Chandigarh
S9450,P977,C1405,17,2024-06-17,688092,10,Jaipur
S9451,P8500,C899,15,2025-04-26,393465,10,Delhi
S9452,P7819,C8251,3,2024-10-02,121641,0,Delhi
S9453,P9243,C5701,4,2025-03-24,111672,10,Delhi
S9454,P7652,C4333,13,2024-10-24,366548,0,Pune
S9455,P7669,C511,4,2024-12-08,72424,5,Delhi
S9456,P4655,C3091,1,2025-10-11,8100,5,Chandigarh
S9457,P6503,C3353,1,2024-09-03,44326,0,Delhi
S9458,P5670,C6281,4,2026-02-06,4364,0,Jaipur
S9459,P6862,C5979,8,2025-03-26,335072,0,Pune
S9460,P7776,C504,13,2025-09-20,568932,0,Chandigarh
S9461,P491,C1774,17,2024-11-27,466157,15,Mumbai
S9462,P3979,C5605,13,2024-10-15,272844,5,Jaipur
S9463,P5652,C792,2,2025-02-23,96988,0,Delhi
S9464,P6874,C4067,14,2024-09-29,498400,0,Delhi
S9465,P2491,C3897,9,2025-08-28,445743,10,Bangalore
S9466,P6745,C6345,4,2024-07-12,93528,15,Chandigarh
S9467,P4392,C8502,14,2026-05-16,104384,0,Jaipur
S9468,P5565,C7136,18,2025-08-03,886086,5,Chandigarh
S9469,P9833,C3585,5,2024-10-29,23090,10,Bangalore
S9470,P2195,C9889,20,2025-09-12,419800,10,Bangalore
S9471,P309,C9045,14,2026-03-27,254478,0,Delhi
S9472,P5947,C2677,6,2025-12-30,57090,5,Jaipur
S9473,P8782,C9665,18,2026-02-16,359136,15,Bangalore
S9474,P2438,C3254,3,2025-11-18,13269,5,Pune
S9475,P5483,C554,20,2025-06-10,315520,10,Bangalore
S9476,P9441,C3948,9,2025-02-11,231984,10,Chandigarh
S9477,P6552,C2522,18,2025-12-02,72846,10,Pune
S9478,P6515,C5487,18,2025-02-03,458028,5,Delhi
S9479,P6904,C6591,7,2025-05-17,299012,5,Bangalore
S9480,P7871,C3979,7,2026-03-02,131838,5,Pune
S9481,P575,C759,1,2026-03-17,27991,5,Mumbai
S9482,P5882,C7168,8,2025-11-02,222688,5,Mumbai
S9483,P992,C8545,19,2026-04-03,403826,15,Mumbai
S9484,P6832,C2566,3,2025-03-14,49353,0,Chandigarh
S9485,P3672,C7423,18,2025-05-25,421956,5,Pune
S9486,P8597,C4701,16,2026-01-10,278832,15,Jaipur
S9487,P5530,C1397,5,2025-07-30,36140,0,Bangalore
S9488,P6283,C8904,19,2024-11-03,852606,15,Bangalore
S9489,P180,C2435,6,2026-04-14,57510,10,Bangalore
S9490,P3702,C7959,5,2025-03-11,30190,15,Delhi
S9491,P7003,C38,18,2025-05-20,613476,15,Bangalore
S9492,P6977,C6036,11,2025-10-06,520883,0,Mumbai
S9493,P9792,C3025,3,2025-06-10,108801,15,Delhi
S9494,P7240,C6406,2,2025-12-10,38102,10,Jaipur
S9495,P5839,C2514,10,2025-10-09,186530,0,Chandigarh
S9496,P8766,C5946,13,2024-07-02,265759,0,Pune
S9497,P3474,C5208,8,2025-11-13,103800,5,Bangalore
S9498,P9844,C9736,11,2024-07-19,515317,5,Delhi
S9499,P8605,C1432,14,2025-06-12,152516,15,Bangalore
S9500,P1020,C8937,16,2025-04-30,254512,0,Pune
S9501,P7114,C3652,16,2024-10-21,214560,15,Chandigarh
S9502,P7363,C9981,7,2024-08-23,256312,0,Chandigarh
S9503,P2814,C2443,14,2025-05-02,138782,5,Pune
S9504,P3680,C4742,7,2024-07-22,188993,0,Bangalore
S9505,P4480,C1240,15,2026-04-14,394185,10,Mumbai
S9506,P4625,C1827,16,2025-12-25,127872,0,Jaipur
S9507,P522,C9649,14,2025-07-30,127148,0,Pune
S9508,P5551,C7415,12,2026-01-11,412932,15,Jaipur
S9509,P8456,C455,20,2026-05-06,430640,15,Pune
S9510,P1716,C6013,20,2024-08-12,318620,15,Bangalore
S9511,P8081,C9115,3,2024-09-12,127770,10,Jaipur
S9512,P4581,C461,8,2025-05-23,51368,15,Jaipur
S9513,P1353,C3181,19,2026-01-08,773680,5,Jaipur
S9514,P6880,C992,19,2024-06-27,201552,5,Pune
S9515,P4677,C4806,7,2025-09-02,315980,10,Chandigarh
S9516,P739,C496,15,2026-01-26,383850,10,Chandigarh
S9517,P6240,C2878,4,2026-05-06,73468,0,Pune
S9518,P5773,C2834,16,2025-02-19,489408,10,Chandigarh
S9519,P3935,C1656,14,2025-03-06,450254,15,Bangalore
S9520,P952,C1588,10,2025-02-12,415440,0,Bangalore
S9521,P8830,C2531,5,2024-10-17,127795,0,Delhi
S9522,P6007,C3803,18,2025-03-10,354924,5,Jaipur
S9523,P8911,C6,5,2025-11-05,125540,10,Mumbai
S9524,P7082,C9918,20,2024-07-14,256000,10,Pune
S9525,P8578,C2494,17,2025-04-02,231795,5,Delhi
S9526,P5483,C3816,10,2026-01-25,445900,5,Mumbai
S9527,P6338,C7390,17,2026-03-25,38930,15,Delhi
S9528,P9332,C4624,13,2026-01-01,591058,15,Jaipur
S9529,P2254,C9165,15,2025-02-21,413475,15,Jaipur
S9530,P6156,C1756,16,2026-03-25,496848,10,Delhi
S9531,P4123,C4877,2,2024-11-12,66088,5,Jaipur
S9532,P8805,C1402,2,2024-10-30,5006,5,Pune
S9533,P6582,C4593,17,2024-11-13,204119,5,Jaipur
S9534,P8206,C1247,19,2025-06-18,428317,10,Pune
S9535,P9029,C7315,17,2025-07-15,30277,15,Chandigarh
S9536,P7371,C8336,10,2024-11-29,246410,0,Chandigarh
S9537,P9667,C9886,1,2025-05-30,14336,5,Bangalore
S9538,P5313,C3657,9,2025-09-02,324720,0,Mumbai
S9539,P5668,C1793,7,2025-04-03,239043,5,Jaipur
S9540,P5462,C9683,4,2025-04-21,114968,0,Mumbai
S9541,P9310,C3912,14,2025-10-23,384426,5,Chandigarh
S9542,P8268,C2045,9,2025-09-29,66141,5,Bangalore
S9543,P9210,C2783,20,2026-05-19,193280,0,Delhi
S9544,P2468,C2632,16,2025-06-05,120800,0,Delhi
S9545,P3985,C5097,2,2025-03-27,41556,5,Delhi
S9546,P4246,C2560,9,2026-03-14,390267,5,Delhi
S9547,P1836,C9812,10,2024-07-25,337970,5,Mumbai
S9548,P4032,C3281,12,2025-09-06,43764,15,Mumbai
S9549,P8404,C1405,18,2026-05-10,394956,5,Delhi
S9550,P4538,C2354,20,2025-11-26,779380,5,Jaipur
S9551,P6425,C8447,11,2025-03-12,414051,0,Pune
S9552,P409,C4886,13,2025-06-13,52910,15,Mumbai
S9553,P3224,C3652,18,2024-06-10,462600,0,Pune
S9554,P9715,C5160,6,2025-01-09,19026,5,Delhi
S9555,P5828,C4016,5,2025-09-02,40415,5,Chandigarh
S9556,P5752,C5443,16,2025-02-07,272560,10,Chandigarh
S9557,P9951,C6575,4,2026-03-06,193232,10,Chandigarh
S9558,P3302,C6763,12,2025-07-18,25548,0,Bangalore
S9559,P9640,C8717,13,2025-04-26,294658,15,Jaipur
S9560,P5202,C3716,2,2025-09-25,6308,5,Mumbai
S9561,P2763,C4840,5,2026-05-09,201595,5,Jaipur
S9562,P2778,C8183,15,2025-06-11,683685,0,Jaipur
S9563,P9549,C4758,15,2024-10-15,401265,15,Delhi
S9564,P2394,C6887,13,2026-05-05,361985,10,Delhi
S9565,P8241,C2470,6,2026-04-20,131340,15,Jaipur
S9566,P5114,C2509,12,2025-06-16,162828,0,Bangalore
S9567,P4080,C9810,1,2024-12-02,37131,15,Jaipur
S9568,P5313,C62,15,2025-10-05,315015,0,Pune
S9569,P5964,C8359,16,2025-04-12,137616,0,Bangalore
S9570,P4455,C7506,4,2025-11-04,195076,10,Chandigarh
S9571,P6599,C6962,9,2025-12-20,218349,10,Pune
S9572,P9272,C1817,17,2026-03-18,152473,10,Delhi
S9573,P6898,C3523,9,2025-02-18,101781,5,Mumbai
S9574,P4480,C627,5,2025-01-12,101820,15,Delhi
S9575,P810,C4022,16,2025-03-22,514496,0,Jaipur
S9576,P6333,C8182,2,2024-11-07,51956,0,Mumbai
S9577,P9180,C1873,15,2026-02-24,525180,15,Pune
S9578,P4397,C1737,9,2025-11-16,422721,10,Delhi
S9579,P3257,C5010,10,2025-07-24,305530,5,Pune
S9580,P3438,C7697,8,2025-06-19,77336,15,Bangalore
S9581,P2608,C4770,6,2025-09-28,118752,15,Jaipur
S9582,P4953,C8117,19,2026-05-03,873677,5,Jaipur
S9583,P1578,C108,4,2025-12-10,153952,10,Mumbai
S9584,P4945,C8795,12,2024-07-26,314928,0,Bangalore
S9585,P465,C8520,3,2024-07-03,84555,15,Bangalore
S9586,P6582,C7857,13,2024-12-17,530062,10,Bangalore
S9587,P4215,C497,11,2025-12-17,180092,10,Delhi
S9588,P4432,C2471,2,2024-06-28,3192,10,Bangalore
S9589,P7946,C3299,10,2024-08-23,240600,0,Jaipur
S9590,P7872,C1247,17,2024-12-06,220116,0,Delhi
S9591,P1053,C576,11,2025-03-05,384736,5,Delhi
S9592,P1514,C3348,8,2026-04-23,165552,10,Jaipur
S9593,P6699,C468,11,2025-02-02,472043,0,Mumbai
S9594,P7420,C7338,8,2025-05-31,21512,5,Chandigarh
S9595,P3781,C424,19,2024-11-30,650047,15,Delhi
S9596,P6136,C2711,11,2024-10-30,128832,0,Jaipur
S9597,P1851,C8704,9,2024-12-29,406107,10,Jaipur
S9598,P2213,C1572,20,2026-05-16,896240,0,Pune
S9599,P1393,C3464,18,2026-02-04,598860,15,Pune
S9600,P1621,C4792,19,2026-03-18,77805,5,Delhi
S9601,P4023,C6335,2,2024-11-23,11292,10,Chandigarh
S9602,P8306,C3085,4,2026-04-19,33700,0,Delhi
S9603,P6416,C5900,5,2025-05-29,69620,0,Mumbai
S9604,P2552,C8050,2,2025-09-16,82018,0,Bangalore
S9605,P8800,C1031,6,2025-03-15,90426,15,Jaipur
S9606,P4363,C2506,12,2024-06-16,328884,10,Pune
S9607,P5634,C530,5,2026-03-03,122810,5,Pune
S9608,P8522,C5938,2,2024-09-25,56456,0,Pune
S9609,P4558,C6169,17,2026-01-04,392360,15,Mumbai
S9610,P9773,C7623,5,2025-11-03,212540,15,Bangalore
S9611,P299,C892,19,2026-03-17,494608,15,Bangalore
S9612,P8202,C1755,11,2024-06-28,94897,10,Bangalore
S9613,P8530,C8278,10,2025-01-12,177550,15,Pune
S9614,P4536,C8543,3,2025-10-28,55353,15,Bangalore
S9615,P8915,C1981,7,2025-06-13,276801,0,Pune
S9616,P640,C9066,20,2024-07-26,393960,15,Delhi
S9617,P5927,C3258,18,2026-04-05,840456,10,Bangalore
S9618,P5738,C8246,12,2024-06-21,283788,0,Mumbai
S9619,P3040,C8134,12,2025-06-23,478944,10,Mumbai
S9620,P1438,C3510,11,2025-12-19,415492,10,Jaipur
S9621,P3190,C786,5,2026-05-23,166845,0,Bangalore
S9622,P5653,C2044,17,2025-11-28,669239,10,Pune
S9623,P985,C2393,5,2025-01-25,31360,15,Bangalore
S9624,P7651,C7901,13,2025-04-12,363844,0,Delhi
S9625,P9970,C4246,7,2025-02-26,158921,5,Delhi
S9626,P1774,C2351,5,2025-08-19,93105,5,Jaipur
S9627,P3177,C7141,16,2025-10-24,362528,15,Jaipur
S9628,P4988,C1569,4,2025-11-10,195216,15,Delhi
S9629,P244,C7999,12,2025-09-23,591780,0,Bangalore
S9630,P826,C5082,12,2026-05-11,493524,10,Chandigarh
S9631,P5924,C3506,18,2024-12-19,174942,0,Pune
S9632,P3339,C9926,2,2025-12-14,16340,0,Pune
S9633,P9918,C7151,18,2025-07-22,381402,0,Pune
S9634,P4676,C403,18,2025-10-17,873576,0,Delhi
S9635,P4782,C3461,16,2025-11-08,145872,15,Pune
S9636,P9808,C8097,3,2024-12-30,93465,15,Pune
S9637,P9391,C5437,13,2024-06-15,547105,10,Delhi
S9638,P1245,C2913,18,2025-03-19,34506,10,Delhi
S9639,P9235,C7187,6,2026-04-22,250422,0,Bangalore
S9640,P5364,C5605,13,2024-07-06,574145,10,Jaipur
S9641,P7740,C6484,12,2024-12-27,463812,5,Delhi
S9642,P1235,C5786,12,2025-12-21,217560,0,Jaipur
S9643,P2857,C7480,20,2026-01-17,261640,0,Bangalore
S9644,P3891,C786,5,2025-07-13,129690,10,Jaipur
S9645,P5964,C8705,12,2026-01-11,547296,15,Mumbai
S9646,P535,C5172,11,2024-12-27,42130,5,Mumbai
S9647,P9197,C6288,15,2025-08-08,286905,10,Mumbai
S9648,P3300,C4710,6,2025-03-11,80334,0,Delhi
S9649,P6212,C5354,19,2025-05-08,810255,15,Mumbai
S9650,P9020,C9883,5,2024-10-22,139230,10,Bangalore
S9651,P621,C9608,9,2025-10-30,160479,5,Jaipur
S9652,P1802,C3023,12,2025-10-01,178824,5,Chandigarh
S9653,P2590,C3412,5,2026-05-06,167795,10,Mumbai
S9654,P9310,C5079,9,2025-05-31,272421,5,Chandigarh
S9655,P4343,C1231,6,2024-11-29,140502,10,Pune
S9656,P2724,C2192,16,2025-01-24,65824,5,Chandigarh
S9657,P5766,C2053,2,2026-05-23,59232,10,Bangalore
S9658,P2736,C2249,16,2025-04-27,362368,5,Pune
S9659,P8685,C3896,8,2025-08-11,47048,10,Bangalore
S9660,P5222,C2484,2,2026-05-13,75572,5,Chandigarh
S9661,P9453,C1697,8,2026-04-19,313888,10,Delhi
S9662,P734,C9759,20,2025-08-29,497220,15,Jaipur
S9663,P6840,C2575,14,2025-11-23,203742,10,Bangalore
S9664,P8647,C9262,11,2024-12-10,279345,10,Jaipur
S9665,P4652,C2689,15,2024-05-29,114090,15,Pune
S9666,P1396,C5458,13,2026-01-25,97071,10,Bangalore
S9667,P570,C1526,7,2026-02-19,348362,5,Delhi
S9668,P1465,C6813,17,2025-08-07,675002,15,Jaipur
S9669,P7466,C305,19,2026-05-07,806949,15,Delhi
S9670,P114,C9604,3,2025-07-02,109869,15,Mumbai
S9671,P4673,C5080,1,2024-08-06,46082,0,Chandigarh
S9672,P3382,C1515,11,2024-06-06,464959,5,Mumbai
S9673,P8149,C579,1,2025-10-25,46938,5,Delhi
S9674,P383,C6371,12,2025-07-11,532704,5,Bangalore
S9675,P1251,C7886,13,2024-11-11,590629,5,Jaipur
S9676,P100,C2800,10,2025-11-21,253480,15,Jaipur
S9677,P994,C2692,7,2025-12-28,132979,0,Chandigarh
S9678,P9746,C2136,4,2025-07-14,26596,10,Mumbai
S9679,P9784,C990,10,2025-10-25,210660,0,Chandigarh
S9680,P3764,C7798,18,2025-07-05,108036,0,Pune
S9681,P4762,C2004,6,2024-06-25,123948,5,Delhi
S9682,P3934,C8875,15,2026-05-26,430170,10,Mumbai
S9683,P6369,C2684,10,2025-06-29,121030,10,Jaipur
S9684,P9112,C7341,1,2025-10-23,1280,0,Pune
S9685,P6042,C8123,15,2025-12-03,379515,10,Bangalore
S9686,P8518,C2700,1,2025-10-20,27634,5,Bangalore
S9687,P7089,C8275,8,2026-05-23,201944,15,Bangalore
S9688,P2973,C7138,20,2026-04-18,609660,10,Delhi
S9689,P3025,C8314,16,2025-06-16,370144,0,Delhi
S9690,P381,C9598,7,2025-12-04,46081,0,Chandigarh
S9691,P3828,C8836,20,2026-01-09,961640,5,Bangalore
S9692,P7909,C6021,4,2024-11-28,113004,15,Jaipur
S9693,P206,C2684,17,2025-01-08,801346,15,Mumbai
S9694,P6858,C1045,13,2025-03-24,160394,10,Mumbai
S9695,P8255,C4507,19,2026-01-12,529226,0,Pune
S9696,P5209,C9046,16,2024-12-31,419584,0,Bangalore
S9697,P6998,C324,15,2025-11-21,79545,10,Mumbai
S9698,P3925,C2073,13,2025-09-29,540462,15,Bangalore
S9699,P4245,C6094,12,2025-02-18,258036,5,Bangalore
S9700,P6502,C1052,10,2024-06-05,330500,5,Delhi
S9701,P9105,C7925,5,2025-11-18,82375,5,Chandigarh
S9702,P2001,C5691,6,2025-12-03,222066,15,Pune
S9703,P9905,C1147,15,2025-07-19,540690,15,Chandigarh
S9704,P5555,C1275,12,2025-07-15,190824,0,Pune
S9705,P651,C9637,2,2026-05-17,67890,15,Mumbai
S9706,P1922,C4075,10,2025-05-21,390380,10,Pune
S9707,P1998,C1868,7,2026-03-13,113876,10,Chandigarh
S9708,P2646,C1093,11,2024-09-29,32428,5,Mumbai
S9709,P1576,C9592,20,2025-05-19,446680,15,Pune
S9710,P9458,C2528,1,2024-09-20,42976,0,Pune
S9711,P6463,C1267,7,2025-12-08,333564,0,Delhi
S9712,P7692,C4802,15,2024-08-03,652635,15,Mumbai
S9713,P7837,C5475,17,2024-08-24,304606,15,Pune
S9714,P6071,C2637,1,2025-03-12,16542,0,Pune
S9715,P4159,C6853,19,2024-09-27,868110,0,Mumbai
S9716,P5026,C1526,3,2026-04-16,75042,5,Jaipur
S9717,P9083,C7718,20,2025-10-09,690200,15,Bangalore
S9718,P4747,C8060,15,2024-12-27,201360,0,Jaipur
S9719,P764,C5699,20,2025-09-14,301300,10,Mumbai
S9720,P9732,C9820,10,2025-03-30,421990,0,Jaipur
S9721,P3165,C3118,18,2024-07-24,94518,5,Bangalore
S9722,P1198,C114,9,2025-12-25,140085,15,Pune
S9723,P1144,C7407,10,2025-03-14,213370,15,Bangalore
S9724,P7477,C719,7,2026-01-05,180593,15,Pune
S9725,P7362,C9326,19,2025-03-03,684817,10,Mumbai
S9726,P7623,C8627,12,2025-06-05,39360,10,Mumbai
S9727,P8498,C1045,3,2025-02-27,60528,10,Bangalore
S9728,P7011,C8479,13,2025-05-07,614263,5,Bangalore
S9729,P2945,C7794,20,2024-11-30,406860,0,Delhi
S9730,P4519,C7582,3,2025-01-11,63630,0,Mumbai
S9731,P6131,C8054,12,2025-11-08,424224,10,Chandigarh
S9732,P8290,C5964,3,2025-03-22,99639,0,Mumbai
S9733,P9090,C6642,1,2025-05-16,30014,10,Chandigarh
S9734,P8704,C6172,2,2024-09-15,81850,5,Chandigarh
S9735,P8637,C15,3,2024-11-12,75306,0,Delhi
S9736,P5516,C4695,7,2024-06-06,169225,10,Mumbai
S9737,P5111,C55,11,2024-06-02,426547,15,Pune
S9738,P3504,C5208,14,2024-09-23,97748,15,Delhi
S9739,P9008,C5309,20,2025-04-28,885000,15,Jaipur
S9740,P7676,C9513,6,2025-10-18,52704,5,Chandigarh
S9741,P8840,C6824,11,2026-01-17,328064,10,Chandigarh
S9742,P9748,C6614,3,2024-09-12,70764,0,Mumbai
S9743,P2177,C4767,5,2025-01-12,241690,5,Pune
S9744,P1674,C1478,4,2024-10-08,122368,15,Bangalore
S9745,P7564,C1032,17,2026-02-18,130322,5,Delhi
S9746,P1082,C2883,10,2025-02-11,333650,0,Chandigarh
S9747,P636,C7682,20,2026-01-29,857900,15,Pune
S9748,P2717,C5771,10,2026-01-14,242090,10,Pune
S9749,P2949,C4022,20,2024-12-16,928880,10,Chandigarh
S9750,P4993,C9681,19,2025-10-27,232294,15,Bangalore
S9751,P8567,C5143,18,2026-01-02,702648,0,Bangalore
S9752,P7910,C6114,16,2026-04-29,219232,10,Jaipur
S9753,P7951,C683,4,2026-01-18,100276,10,Chandigarh
S9754,P6018,C3776,14,2025-06-29,529676,0,Bangalore
S9755,P7706,C7105,9,2024-12-17,10548,15,Mumbai
S9756,P9732,C4845,20,2025-08-25,180740,15,Pune
S9757,P9697,C4067,2,2026-04-11,20848,10,Pune
S9758,P9960,C3671,19,2025-03-21,874076,15,Pune
S9759,P8458,C6738,1,2024-12-22,4762,15,Bangalore
S9760,P209,C229,4,2025-02-11,53368,5,Delhi
S9761,P8224,C4721,5,2024-07-08,156520,10,Mumbai
S9762,P4207,C4495,15,2025-04-11,117135,10,Delhi
S9763,P9807,C5388,7,2025-02-10,67431,10,Bangalore
S9764,P5968,C694,11,2026-01-21,521323,10,Pune
S9765,P6259,C8067,5,2024-12-23,139215,5,Mumbai
S9766,P9254,C7856,7,2025-07-24,309421,10,Delhi
S9767,P8232,C5740,1,2025-04-03,12551,5,Bangalore
S9768,P9988,C1253,3,2024-10-07,23811,10,Mumbai
S9769,P333,C458,15,2025-12-05,514170,5,Pune
S9770,P6703,C5892,19,2025-03-16,470535,15,Bangalore
S9771,P6413,C4109,7,2026-05-14,268744,15,Jaipur
S9772,P7619,C8290,13,2025-08-14,142506,15,Delhi
S9773,P5863,C8329,13,2026-05-23,613548,0,Jaipur
S9774,P4144,C2588,6,2025-04-06,294462,10,Mumbai
S9775,P7230,C8077,9,2025-01-01,185445,10,Mumbai
S9776,P2838,C100,13,2025-05-03,129740,10,Bangalore
S9777,P6384,C6845,5,2026-03-07,81460,10,Delhi
S9778,P7015,C9071,14,2025-10-06,561120,0,Bangalore
S9779,P8140,C9165,9,2024-09-19,131544,15,Chandigarh
S9780,P3334,C6741,20,2026-01-16,883860,15,Pune
S9781,P9247,C866,15,2024-10-21,680940,0,Bangalore
S9782,P6102,C5717,14,2024-11-10,25816,15,Bangalore
S9783,P6879,C5280,16,2025-07-12,390800,15,Bangalore
S9784,P3454,C4850,20,2026-03-09,651320,10,Chandigarh
S9785,P3581,C9016,15,2025-02-24,664755,10,Mumbai
S9786,P966,C8983,5,2024-12-08,88515,10,Chandigarh
S9787,P6553,C7215,14,2024-11-06,535724,10,Delhi
S9788,P6789,C3586,19,2025-09-08,245727,5,Mumbai
S9789,P7122,C8385,4,2024-10-22,176804,15,Mumbai
S9790,P6834,C8058,13,2024-12-06,18902,0,Pune
S9791,P3259,C5364,19,2024-12-19,929081,10,Chandigarh
S9792,P683,C2567,15,2025-05-19,658110,5,Bangalore
S9793,P740,C8987,5,2024-07-24,75135,10,Chandigarh
S9794,P5943,C8258,15,2026-04-25,319395,0,Chandigarh
S9795,P8139,C5900,1,2025-10-22,28727,0,Jaipur
S9796,P8081,C7091,13,2025-10-17,459485,5,Pune
S9797,P976,C7042,2,2024-06-30,50516,5,Chandigarh
S9798,P1276,C6374,3,2026-04-14,119991,5,Pune
S9799,P8468,C8604,15,2025-08-12,330585,10,Chandigarh
S9800,P1494,C6295,17,2025-02-07,579717,15,Chandigarh
S9801,P1339,C180,1,2024-11-22,40520,0,Pune
S9802,P1291,C74,2,2025-12-26,47446,10,Chandigarh
S9803,P8094,C5147,6,2025-10-18,146106,5,Mumbai
S9804,P3388,C2683,2,2025-05-06,50780,0,Bangalore
S9805,P6502,C7420,5,2025-04-07,216795,10,Delhi
S9806,P595,C7929,2,2024-12-17,18664,5,Pune
S9807,P4192,C3586,20,2024-07-30,980620,0,Pune
S9808,P9938,C3850,10,2025-12-14,471770,5,Jaipur
S9809,P2898,C1589,3,2025-01-15,50250,15,Delhi
S9810,P1374,C7757,16,2025-11-16,547968,0,Mumbai
S9811,P2114,C5003,14,2024-12-08,451724,15,Bangalore
S9812,P7577,C9565,13,2025-06-24,580944,0,Delhi
S9813,P8875,C3783,4,2025-01-21,89352,0,Pune
S9814,P978,C4345,15,2025-01-06,104595,5,Delhi
S9815,P9913,C8410,2,2024-08-09,31398,0,Delhi
S9816,P8325,C3279,7,2025-05-06,10871,15,Mumbai
S9817,P510,C7967,7,2024-07-16,198912,10,Delhi
S9818,P4020,C4859,15,2026-03-14,104250,0,Pune
S9819,P4668,C8669,8,2025-01-29,372144,10,Pune
S9820,P387,C8028,16,2024-07-24,112128,0,Delhi
S9821,P4584,C9245,5,2026-02-02,19280,0,Pune
S9822,P3439,C906,20,2025-09-25,440580,5,Mumbai
S9823,P7288,C9579,13,2024-08-29,427531,10,Jaipur
S9824,P3893,C4509,9,2024-08-18,403857,15,Pune
S9825,P3409,C3467,18,2025-12-30,607140,5,Chandigarh
S9826,P9915,C9737,14,2025-04-17,46914,10,Pune
S9827,P3683,C9991,17,2026-03-07,57766,0,Delhi
S9828,P9655,C1440,18,2024-06-30,527526,15,Chandigarh
S9829,P9685,C3069,3,2024-11-13,95478,5,Chandigarh
S9830,P6324,C1117,13,2025-01-25,29575,10,Chandigarh
S9831,P3932,C8701,3,2025-05-05,111150,10,Bangalore
S9832,P9882,C8588,20,2025-08-28,129280,15,Jaipur
S9833,P6273,C2247,11,2025-01-27,254111,0,Bangalore
S9834,P8455,C5,3,2026-04-25,72144,0,Mumbai
S9835,P7331,C1294,10,2025-11-10,376140,0,Chandigarh
S9836,P8750,C4297,20,2025-05-18,423380,5,Bangalore
S9837,P6709,C1752,4,2025-01-04,98616,0,Delhi
S9838,P2980,C9085,14,2026-03-09,30044,10,Bangalore
S9839,P3419,C943,11,2025-11-04,270248,5,Pune
S9840,P2219,C5539,20,2024-09-28,57100,0,Pune
S9841,P3907,C5427,11,2025-05-01,131219,15,Delhi
S9842,P6619,C2780,6,2025-11-15,188604,0,Delhi
S9843,P2378,C2134,16,2025-02-10,463568,10,Bangalore
S9844,P4249,C4162,7,2025-07-26,128821,15,Delhi
S9845,P1381,C3580,16,2024-07-26,355968,0,Mumbai
S9846,P301,C7958,18,2026-03-18,534528,0,Delhi
S9847,P1681,C2966,18,2024-05-30,493380,0,Chandigarh
S9848,P7853,C7295,10,2025-03-09,204050,15,Mumbai
S9849,P365,C9034,17,2026-02-04,619378,0,Delhi
S9850,P1733,C3103,9,2024-10-31,351765,0,Bangalore
S9851,P7058,C5920,10,2024-10-15,185680,0,Pune
S9852,P3489,C9697,9,2024-10-08,100827,15,Mumbai
S9853,P7325,C3912,1,2025-10-21,35320,5,Jaipur
S9854,P9983,C9913,18,2025-06-06,160614,5,Bangalore
S9855,P3054,C1822,15,2026-05-26,394035,15,Jaipur
S9856,P7312,C3146,18,2025-12-02,349488,15,Delhi
S9857,P8554,C6425,14,2025-01-31,471184,10,Pune
S9858,P6327,C5748,5,2025-08-15,193230,15,Bangalore
S9859,P6038,C8082,11,2025-06-17,471427,15,Mumbai
S9860,P5365,C2427,9,2025-09-27,229464,10,Bangalore
S9861,P875,C5689,5,2024-05-30,92655,15,Delhi
S9862,P8435,C5991,9,2024-12-29,62550,5,Mumbai
S9863,P3258,C6226,17,2026-05-25,27897,0,Delhi
S9864,P5311,C9348,18,2024-06-23,48240,10,Delhi
S9865,P7586,C6082,2,2025-09-24,31294,0,Delhi
S9866,P4244,C8925,2,2025-04-27,41668,5,Delhi
S9867,P2528,C2876,3,2024-07-25,28350,5,Bangalore
S9868,P6683,C2062,16,2025-05-04,391568,10,Pune
S9869,P2338,C5457,3,2025-06-16,67386,5,Mumbai
S9870,P9155,C376,7,2025-06-21,243474,10,Jaipur
S9871,P6352,C9251,9,2024-11-29,322911,10,Delhi
S9872,P1965,C7987,17,2024-08-12,376482,10,Jaipur
S9873,P5311,C7342,18,2025-06-08,590112,0,Bangalore
S9874,P9063,C1383,11,2025-03-04,447348,5,Chandigarh
S9875,P7300,C6635,9,2024-06-13,79470,15,Bangalore
S9876,P5232,C2388,15,2025-01-27,267015,10,Bangalore
S9877,P658,C9825,2,2024-08-26,93498,10,Chandigarh
S9878,P2927,C9385,2,2026-05-13,50806,5,Pune
S9879,P4593,C3771,14,2025-09-23,76034,0,Bangalore
S9880,P6736,C8398,6,2026-04-29,86712,15,Pune
S9881,P5080,C7467,7,2025-05-08,183519,0,Bangalore
S9882,P1638,C9009,11,2025-08-17,34133,10,Chandigarh
S9883,P8918,C4031,2,2025-07-02,95488,15,Delhi
S9884,P3090,C2757,13,2025-10-24,146445,15,Pune
S9885,P5501,C2303,19,2024-12-28,890226,15,Delhi
S9886,P7573,C8104,4,2025-08-19,60148,0,Mumbai
S9887,P2311,C9898,16,2025-06-22,266256,15,Pune
S9888,P563,C8703,20,2025-04-26,394660,5,Bangalore
S9889,P5927,C48,10,2026-03-08,305340,5,Bangalore
S9890,P2217,C3156,1,2025-10-19,23688,0,Pune
S9891,P8223,C4077,1,2025-08-25,14580,5,Chandigarh
S9892,P2599,C2800,9,2024-06-22,92583,15,Bangalore
S9893,P6809,C144,1,2024-06-22,27038,15,Pune
S9894,P5500,C5372,13,2025-01-21,231452,5,Chandigarh
S9895,P2069,C5328,6,2025-11-24,72102,10,Bangalore
S9896,P7934,C2279,19,2025-11-11,947226,0,Delhi
S9897,P8145,C6433,19,2025-06-04,714134,15,Bangalore
S9898,P9156,C4252,16,2025-12-14,419616,0,Jaipur
S9899,P6036,C3118,6,2024-11-20,249528,0,Chandigarh
S9900,P7202,C2694,4,2025-10-15,114104,15,Chandigarh
S9901,P7774,C2025,15,2024-10-14,73350,5,Mumbai
S9902,P4593,C3671,18,2024-06-13,313578,15,Chandigarh
S9903,P9435,C8476,13,2026-05-23,367367,15,Pune
S9904,P1362,C1842,5,2025-02-04,70510,15,Delhi
S9905,P3429,C3052,1,2025-01-08,5381,15,Bangalore
S9906,P3682,C1337,12,2024-07-18,572436,10,Pune
S9907,P4215,C3583,20,2024-09-25,744900,5,Mumbai
S9908,P8097,C461,17,2025-11-24,45492,15,Bangalore
S9909,P6072,C2133,17,2025-01-16,641937,0,Pune
S9910,P1538,C2920,5,2024-07-01,97935,15,Chandigarh
S9911,P5604,C150,5,2026-04-04,205435,5,Mumbai
S9912,P1237,C4495,5,2025-06-24,228440,10,Jaipur
S9913,P2279,C3784,17,2024-11-04,589458,15,Pune
S9914,P4803,C223,12,2025-03-20,66924,15,Pune
S9915,P1680,C3956,13,2026-05-22,348751,15,Chandigarh
S9916,P3707,C1833,4,2026-05-24,113084,0,Delhi
S9917,P3993,C6284,14,2024-07-23,651616,0,Mumbai
S9918,P1650,C8462,19,2026-03-04,139251,0,Mumbai
S9919,P2757,C2729,16,2025-09-01,447312,15,Chandigarh
S9920,P1589,C2886,17,2026-02-01,343876,15,Chandigarh
S9921,P3991,C8055,14,2025-12-10,177870,15,Bangalore
S9922,P483,C3624,3,2026-02-03,136554,5,Pune
S9923,P9694,C2650,5,2025-05-26,159750,10,Delhi
S9924,P4710,C2197,7,2026-01-26,292964,5,Delhi
S9925,P5450,C6678,3,2024-08-03,138732,0,Chandigarh
S9926,P4274,C8893,13,2024-12-08,468910,5,Mumbai
S9927,P7258,C3352,6,2025-08-26,217842,0,Mumbai
S9928,P8227,C1643,11,2025-04-08,89947,10,Bangalore
S9929,P208,C3257,9,2025-01-22,250794,15,Bangalore
S9930,P700,C8487,4,2026-01-31,23248,10,Mumbai
S9931,P4134,C3089,19,2026-03-03,399380,15,Chandigarh
S9932,P2511,C6849,1,2024-06-09,21468,10,Mumbai
S9933,P1264,C2130,13,2025-03-13,436033,10,Jaipur
S9934,P7601,C2585,9,2024-08-21,154818,0,Bangalore
S9935,P3995,C3836,15,2026-02-26,324225,10,Mumbai
S9936,P9868,C5823,16,2026-05-24,265616,0,Bangalore
S9937,P9429,C7560,20,2024-10-05,343440,10,Mumbai
S9938,P4952,C1273,13,2025-09-12,173498,5,Delhi
S9939,P6673,C9639,9,2024-08-20,47655,10,Delhi
S9940,P4136,C752,12,2025-07-13,159300,0,Chandigarh
S9941,P9367,C3308,11,2025-07-20,36157,15,Delhi
S9942,P189,C113,17,2024-07-03,180336,5,Chandigarh
S9943,P4665,C8643,2,2025-08-24,42048,0,Jaipur
S9944,P4519,C5207,8,2024-08-23,346264,10,Chandigarh
S9945,P8614,C2294,3,2025-11-19,48690,15,Chandigarh
S9946,P8022,C5951,7,2025-02-27,249522,10,Chandigarh
S9947,P3034,C1174,11,2026-02-04,152053,10,Bangalore
S9948,P346,C8950,11,2025-04-17,71247,15,Mumbai
S9949,P6700,C5846,18,2026-04-27,838926,0,Chandigarh
S9950,P6501,C7358,5,2025-01-10,94330,15,Chandigarh
S9951,P1144,C4613,3,2025-11-08,90783,15,Mumbai
S9952,P3346,C4656,19,2024-07-25,31350,15,Chandigarh
S9953,P4818,C5921,13,2024-08-14,172302,5,Chandigarh
S9954,P6990,C7710,1,2024-11-20,12340,0,Pune
S9955,P8702,C3074,11,2025-10-07,498080,0,Delhi
S9956,P9075,C5239,6,2025-10-06,19386,0,Jaipur
S9957,P6643,C1304,1,2024-11-24,11071,10,Pune
S9958,P3767,C5510,17,2025-03-25,364837,5,Delhi
S9959,P4006,C3559,6,2025-12-11,27468,15,Mumbai
S9960,P6686,C3874,14,2025-11-20,480270,15,Mumbai
S9961,P7184,C5041,13,2024-07-12,417950,0,Pune
S9962,P3013,C5537,17,2025-09-05,345644,0,Delhi
S9963,P4792,C4993,13,2025-01-16,216554,15,Chandigarh
S9964,P5537,C4535,18,2024-09-06,844506,10,Jaipur
S9965,P9169,C3601,7,2025-01-21,122213,0,Chandigarh
S9966,P4837,C4756,16,2024-10-08,36512,10,Chandigarh
S9967,P7063,C4399,17,2025-06-01,190468,10,Bangalore
S9968,P4920,C1895,12,2025-11-22,496728,10,Pune
S9969,P3538,C63,16,2026-01-29,339600,15,Bangalore
S9970,P6225,C6961,2,2025-03-04,64056,15,Mumbai
S9971,P2923,C7217,11,2025-01-17,123893,15,Delhi
S9972,P680,C6688,5,2026-04-23,222985,10,Mumbai
S9973,P3350,C57,6,2025-05-15,263724,15,Jaipur
S9974,P9611,C2832,8,2024-08-27,10616,0,Bangalore
S9975,P7882,C3174,17,2026-04-18,464576,5,Mumbai
S9976,P3109,C8284,4,2025-03-01,107324,15,Pune
S9977,P9357,C1993,10,2024-06-19,461400,5,Mumbai
S9978,P560,C3316,11,2025-07-05,525602,5,Bangalore
S9979,P768,C7596,5,2025-05-07,24275,15,Delhi
S9980,P7903,C1237,2,2026-02-28,90820,5,Chandigarh
S9981,P3866,C3590,15,2024-06-19,25590,10,Mumbai
S9982,P6944,C6551,11,2025-08-21,308341,10,Chandigarh
S9983,P2629,C6324,15,2025-02-24,653985,0,Chandigarh
S9984,P9344,C5008,18,2025-01-07,18810,0,Chandigarh
S9985,P4028,C8726,6,2026-04-27,166164,15,Pune
S9986,P5545,C6408,19,2025-05-04,288002,10,Bangalore
S9987,P635,C701,16,2025-06-26,776720,10,Mumbai
S9988,P5027,C2066,14,2024-11-11,295820,0,Delhi
S9989,P9278,C6110,13,2024-08-28,266851,15,Mumbai
S9990,P1442,C2339,5,2024-11-20,145565,10,Chandigarh
S9991,P9948,C4446,19,2025-02-05,620578,15,Chandigarh
S9992,P596,C9476,10,2026-04-14,21600,0,Pune
S9993,P572,C5314,2,2025-05-19,12850,15,Pune
S9994,P4283,C1384,7,2025-05-18,345226,10,Bangalore
S9995,P7993,C2670,13,2025-02-01,597844,15,Chandigarh
S9996,P9330,C505,19,2025-08-13,826025,15,Chandigarh
S9997,P1002,C9427,12,2026-03-17,448536,0,Chandigarh
S9998,P5733,C7371,10,2025-02-09,171810,15,Jaipur
S9999,P638,C3336,14,2026-04-02,258188,5,Mumbai
S10000,P266,C4271,3,2025-08-09,105915,5,Pune
