supplier_id,supplier_name,product_id,lead_time,supplier_rating
SUP1,Allen-Martin,P9313,8,3.9
SUP2,Combs Group,P2249,5,4.0
SUP3,Hart-Gonzalez,P9038,17,4.6
SUP4,Douglas-Martin,P8485,8,3.8
SUP5,Chen and Sons,P8838,17,3.4
SUP6,Alvarez and Sons,P1590,3,3.0
SUP7,Hunt-Garcia,P354,16,3.1
SUP8,Velazquez Ltd,P4552,11,3.2
SUP9,Myers LLC,P2326,18,3.1
SUP10,Reeves Group,P2644,20,2.7
SUP11,Smith PLC,P1794,6,2.6
SUP12,Day and Sons,P3521,15,4.8
SUP13,Walker Ltd,P7423,11,4.0
SUP14,Gates-Ray,P3199,10,4.9
SUP15,"Tran, Grant and Adams",P1392,6,3.1
SUP16,"Cain, Robinson and Kline",P970,10,3.0
SUP17,May PLC,P258,16,4.7
SUP18,Ramirez-Sellers,P202,6,4.9
SUP19,"Tran, Ross and Hayes",P4717,16,2.7
SUP20,"Rivera, Franklin and Dominguez",P7479,9,3.6
SUP21,Bautista LLC,P641,12,3.3
SUP22,King-Garcia,P2336,9,3.9
SUP23,Johnson-Hernandez,P8025,6,4.9
SUP24,Yu Ltd,P1131,9,2.6
SUP25,Obrien Group,P5376,10,3.2
SUP26,"Long, Henry and Hunter",P6961,12,3.4
SUP27,Scott Group,P9477,3,2.7
SUP28,Jennings-Williams,P7785,8,3.5
SUP29,Lee Ltd,P3454,11,4.4
SUP30,Zimmerman-Levine,P3714,16,2.6
SUP31,Stafford-Jones,P1345,3,3.8
SUP32,Walker-Li,P7410,19,2.6
SUP33,Valentine-Maldonado,P5360,6,3.8
SUP34,Castro Group,P5169,9,4.5
SUP35,"Smith, Lewis and Flores",P8800,15,3.0
SUP36,Ross-Atkins,P4173,14,2.8
SUP37,"Williamson, Green and Keith",P3727,4,3.2
SUP38,Castro and Sons,P9170,12,4.0
SUP39,Ruiz Ltd,P2456,3,4.2
SUP40,"Brooks, Hendricks and Day",P5723,11,3.0
SUP41,Ashley Inc,P4940,14,4.6
SUP42,Hernandez Ltd,P3275,4,4.5
SUP43,Griffith Inc,P1641,9,3.1
SUP44,"Green, Chan and Mathews",P7480,13,4.5
SUP45,"Rodriguez, Long and Elliott",P5443,10,5.0
SUP46,Parker-Ross,P3017,4,3.8
SUP47,"Garcia, Lambert and Miller",P3071,8,4.5
SUP48,Caldwell-Nelson,P8328,14,3.4
SUP49,"Lucas, Gibson and Oliver",P6276,6,2.8
SUP50,Vargas-Young,P6843,13,4.4
SUP51,"Morales, Owens and Mcgrath",P69,4,4.4
SUP52,Hudson LLC,P2822,14,4.0
SUP53,Walker-Kirby,P2119,15,3.0
SUP54,Whitaker Group,P974,2,4.5
SUP55,Hansen LLC,P9402,15,4.2
SUP56,Burnett Ltd,P1310,3,4.9
SUP57,Bell LLC,P3563,7,3.5
SUP58,Daniels Inc,P742,8,3.2
SUP59,"Johnson, Morales and Coleman",P3068,14,4.4
SUP60,Sosa LLC,P6497,16,2.8
SUP61,Rowe-Murphy,P9210,10,2.7
SUP62,"Garcia, Fowler and Obrien",P3213,3,4.3
SUP63,Richards Inc,P5183,13,2.9
SUP64,Sherman Inc,P8203,2,4.0
SUP65,Marquez-Baker,P9788,9,3.4
SUP66,Alvarez-Joseph,P3879,12,3.0
SUP67,"Morales, Chan and Owens",P1704,15,2.6
SUP68,Liu-Curry,P8496,17,4.7
SUP69,Esparza Inc,P8874,7,4.3
SUP70,Lopez-Cline,P3799,2,4.8
SUP71,Peterson-Ross,P8503,17,5.0
SUP72,Clark-Weiss,P6234,14,2.7
SUP73,Williams-Nguyen,P3620,16,4.6
SUP74,Bray PLC,P353,17,2.7
SUP75,Bowman PLC,P9155,7,3.7
SUP76,Wall Inc,P1892,8,2.5
SUP77,Stark Group,P7311,4,2.9
SUP78,Washington-Wallace,P3381,19,3.7
SUP79,Mitchell PLC,P6943,7,2.7
SUP80,Rodriguez-Mendoza,P3530,13,3.2
SUP81,Medina-Marshall,P5605,6,3.1
SUP82,"Moore, Lopez and Rivera",P8863,2,3.7
SUP83,Mathews and Sons,P7260,13,4.4
SUP84,"Mendoza, Murray and Beard",P3998,6,4.4
SUP85,"Medina, Nguyen and Perez",P3707,12,3.2
SUP86,Campbell-Moore,P7003,10,2.8
SUP87,Rowe-Cohen,P3612,14,3.8
SUP88,"Allen, Jackson and Smith",P929,4,4.6
SUP89,"Vasquez, Young and Alexander",P6756,17,4.8
SUP90,Reynolds PLC,P7586,17,4.3
SUP91,"Pena, Petty and Mcgrath",P9636,14,3.3
SUP92,"Jones, Parks and Franklin",P2541,20,4.9
SUP93,Hodges-Thomas,P8728,3,3.6
SUP94,Black Ltd,P9793,17,4.4
SUP95,Compton-Santos,P8050,13,4.1
SUP96,"Peterson, Castro and Price",P2827,18,4.9
SUP97,Watson-Huff,P4584,16,4.2
SUP98,"Woods, Williams and Bishop",P3430,19,4.6
SUP99,"Dennis, Ramirez and Mora",P5663,6,4.8
SUP100,"Andersen, Henderson and Lopez",P3497,4,4.7
SUP101,Petersen-Harmon,P2735,10,4.8
SUP102,"Campbell, May and Espinoza",P9574,19,4.2
SUP103,Smith Ltd,P6290,2,4.2
SUP104,Herring LLC,P6536,2,4.2
SUP105,Shaw-Torres,P3797,4,2.6
SUP106,Parker-Bolton,P1490,14,4.3
SUP107,"Cooke, Anderson and Green",P5640,13,4.4
SUP108,"Watson, Snyder and Kim",P1724,16,4.9
SUP109,Clarke-Moreno,P538,8,4.6
SUP110,Figueroa-Browning,P5715,10,2.9
SUP111,Pope LLC,P8696,20,4.5
SUP112,Malone Inc,P5306,9,3.9
SUP113,Bennett Ltd,P1534,6,4.1
SUP114,Jennings Group,P6351,15,3.0
SUP115,Black-Whitaker,P2750,19,4.1
SUP116,Eaton Inc,P154,4,2.5
SUP117,"Powell, Estrada and Wise",P8050,13,3.5
SUP118,Brewer-Davis,P8459,20,4.2
SUP119,Rodriguez Group,P7228,4,3.1
SUP120,Ramirez-Williams,P5232,8,2.9
SUP121,Martin-Torres,P5709,13,2.6
SUP122,Torres-Martin,P1712,19,4.9
SUP123,"Jordan, Espinoza and Brooks",P7602,4,2.9
SUP124,"Pearson, Palmer and Duncan",P8565,7,2.8
SUP125,Dorsey-Klein,P2728,2,3.5
SUP126,"Howard, Curtis and Brown",P7139,12,2.8
SUP127,Ward-King,P9837,19,3.3
SUP128,Herrera PLC,P271,3,4.6
SUP129,Blackburn-Boyd,P2801,6,2.8
SUP130,Hernandez-Franklin,P4216,4,2.7
SUP131,Griffin-Combs,P9580,18,3.0
SUP132,Curry LLC,P6677,20,2.9
SUP133,"Leach, Holland and Rowe",P8918,2,3.9
SUP134,"Mann, Clayton and White",P7645,9,3.5
SUP135,"Torres, Warner and Harper",P3580,13,4.4
SUP136,Mcmahon Group,P6582,15,4.4
SUP137,"Mckinney, Lopez and Castro",P8801,10,4.3
SUP138,Smith Group,P2989,4,3.4
SUP139,Dyer-Mason,P7761,8,3.9
SUP140,"Lopez, Wheeler and Rivera",P630,9,3.1
SUP141,"Pratt, Reynolds and Steele",P1912,4,3.2
SUP142,Martin Inc,P8567,12,2.5
SUP143,"Cruz, Walker and Martinez",P7057,4,2.7
SUP144,Gregory-Flynn,P8179,17,3.1
SUP145,"Vaughn, Parker and Cardenas",P4153,20,5.0
SUP146,Bridges-Sanchez,P2026,4,4.4
SUP147,Wiley-Robertson,P4509,20,3.5
SUP148,"Walter, Bernard and Coleman",P9813,18,2.9
SUP149,Turner-Stephens,P9678,10,3.3
SUP150,Perez Inc,P8023,2,4.1
SUP151,"Weaver, Kelly and Smith",P9183,10,4.1
SUP152,King-Choi,P3884,4,2.6
SUP153,Webster-Ramirez,P9946,20,4.3
SUP154,"Schmidt, Gomez and Francis",P4467,19,4.4
SUP155,Bradley Ltd,P7284,10,5.0
SUP156,Schwartz-Martinez,P3814,2,3.8
SUP157,Flowers Inc,P2875,5,4.8
SUP158,Nichols-Myers,P9960,10,3.9
SUP159,Holmes-Black,P742,10,4.2
SUP160,Noble Group,P3369,9,3.9
SUP161,"Schneider, Pierce and Stewart",P1728,12,2.7
SUP162,Wilson LLC,P8226,9,3.6
SUP163,Peterson-Jordan,P2140,4,2.9
SUP164,Williams-Chung,P4546,15,3.6
SUP165,"Rubio, Jones and Martin",P4083,7,4.2
SUP166,Hood-Good,P4657,10,3.8
SUP167,Smith-Anderson,P9329,11,2.6
SUP168,Wilcox Ltd,P4864,2,3.7
SUP169,Wells LLC,P1261,19,3.8
SUP170,Boyd PLC,P1242,2,3.4
SUP171,Ayers Ltd,P9720,9,3.5
SUP172,Garcia Inc,P2766,9,3.3
SUP173,Edwards-Thomas,P9027,13,4.1
SUP174,Bishop-Frost,P2878,3,3.4
SUP175,"Caldwell, Barnes and Holt",P696,3,4.4
SUP176,Reeves-Hoffman,P4614,13,4.9
SUP177,Torres Ltd,P6,18,2.9
SUP178,Bolton Inc,P8207,20,4.5
SUP179,Collins PLC,P368,7,3.9
SUP180,Howell Ltd,P8698,19,3.6
SUP181,"Cooper, Thompson and Miles",P8889,6,3.6
SUP182,Fox Group,P1720,10,5.0
SUP183,"Hicks, Shaffer and Hall",P4843,9,3.9
SUP184,Vega LLC,P5133,19,3.3
SUP185,"Shepherd, Sexton and Ross",P3188,10,4.0
SUP186,Vaughn Ltd,P3308,4,3.8
SUP187,Phillips-Dillon,P3479,2,2.6
SUP188,Tucker-Mueller,P4479,16,4.5
SUP189,"Spencer, Chambers and Lowe",P4400,4,4.1
SUP190,Carpenter-Carson,P7434,4,3.6
SUP191,"Smith, Moore and Brown",P4431,9,4.2
SUP192,Durham PLC,P1032,15,3.2
SUP193,"Mitchell, Mcintosh and Michael",P5133,18,3.2
SUP194,"Moore, Davenport and Hall",P8273,5,3.3
SUP195,Peterson PLC,P72,10,3.6
SUP196,Wright and Sons,P3707,14,2.6
SUP197,"Chen, Rhodes and Jacobs",P4727,12,4.5
SUP198,Martin PLC,P9695,12,3.9
SUP199,Moore and Sons,P6105,2,3.4
SUP200,"Suarez, Conley and Mccarthy",P2068,18,3.7
SUP201,Turner PLC,P2940,8,4.8
SUP202,Hayes-Evans,P3785,13,3.8
SUP203,"Floyd, Gonzalez and Dawson",P2128,7,5.0
SUP204,Davis Ltd,P1110,3,2.8
SUP205,Morales LLC,P8688,16,2.6
SUP206,Miller PLC,P4028,15,2.9
SUP207,Ferrell-Ross,P6415,15,4.3
SUP208,"Fuentes, Hicks and Ward",P8727,5,2.6
SUP209,Frazier and Sons,P1431,4,4.2
SUP210,Rogers-Lamb,P4221,3,4.4
SUP211,Mckinney LLC,P786,12,3.4
SUP212,Reed-Henderson,P3122,17,2.6
SUP213,Harris PLC,P8313,6,4.7
SUP214,"Smith, Hall and Bell",P6658,11,3.8
SUP215,Fisher Ltd,P6510,2,2.8
SUP216,"Owens, French and Brewer",P9889,15,3.8
SUP217,"Horn, Schwartz and Russell",P1773,20,4.0
SUP218,Moore-Turner,P8538,15,2.8
SUP219,Mcdonald and Sons,P2285,3,3.7
SUP220,"Nguyen, Phillips and Grant",P8266,20,2.8
SUP221,Stuart Inc,P1710,20,3.7
SUP222,Villarreal-Peterson,P431,2,3.0
SUP223,"Garcia, Garcia and Pace",P2023,19,3.0
SUP224,Carr Ltd,P5985,20,3.5
SUP225,"Ruiz, Miller and Lowe",P9250,20,4.1
SUP226,Rodriguez Group,P4311,3,3.1
SUP227,"Wilson, Spears and Barron",P1507,5,3.0
SUP228,"Williams, Ortiz and Brown",P8434,15,3.9
SUP229,Perry-Daniels,P6459,20,4.9
SUP230,Gibson-Dalton,P6336,13,4.2
SUP231,"Martinez, Conner and Stewart",P9235,3,3.1
SUP232,"Reed, Smith and Carroll",P5974,3,4.3
SUP233,Kim-Vasquez,P4349,3,4.4
SUP234,Martinez Ltd,P6676,4,3.3
SUP235,Walker Group,P8476,19,4.8
SUP236,Taylor and Sons,P2890,12,3.4
SUP237,"Duran, Mayo and Brown",P298,16,4.5
SUP238,"Jones, Wilkinson and Tran",P2814,12,3.5
SUP239,Bennett-Anderson,P353,14,2.7
SUP240,Robinson-Avery,P3042,20,4.6
SUP241,Moore Ltd,P8869,5,3.1
SUP242,"Dawson, Thomas and Waller",P857,5,3.8
SUP243,Burton PLC,P7118,9,3.2
SUP244,Wilson-Manning,P8350,6,2.8
SUP245,"Grant, Clark and Cox",P4865,5,3.2
SUP246,Miles Ltd,P79,19,3.8
SUP247,Simmons Group,P9718,16,4.7
SUP248,Love Ltd,P2753,8,4.1
SUP249,"Winters, Rice and Adams",P8322,3,4.2
SUP250,Jones PLC,P2933,4,4.0
SUP251,"Zimmerman, Wright and Briggs",P1883,17,3.2
SUP252,Day LLC,P889,15,4.9
SUP253,"Lee, Garcia and Johnston",P2870,12,3.6
SUP254,Fuller Group,P545,5,3.9
SUP255,Fry Ltd,P6423,9,2.7
SUP256,"Washington, Salazar and Lewis",P6992,12,4.6
SUP257,Cooper-Fletcher,P6871,7,2.7
SUP258,"Holmes, Williams and Guerrero",P8294,3,4.4
SUP259,Hickman Ltd,P6127,2,4.4
SUP260,Mooney Group,P5842,14,5.0
SUP261,Middleton Group,P5285,3,3.1
SUP262,"Buchanan, Lambert and Walton",P6635,10,2.6
SUP263,Ramirez Ltd,P5949,6,2.5
SUP264,Smith-Johnson,P9949,17,4.7
SUP265,"Mitchell, Sherman and Perez",P1623,3,3.5
SUP266,Johnson PLC,P4706,20,2.6
SUP267,Pena-Spencer,P4362,12,3.3
SUP268,Farrell Group,P9859,17,4.9
SUP269,"Clarke, Larson and Long",P3114,13,3.7
SUP270,"Stafford, Carter and Reynolds",P5279,18,3.4
SUP271,Williamson-Bell,P8612,8,2.8
SUP272,Everett-Gilbert,P8551,2,2.5
SUP273,Banks Inc,P5197,14,3.1
SUP274,Carlson PLC,P5413,12,3.9
SUP275,Miles PLC,P6574,19,4.6
SUP276,Larson and Sons,P9042,17,4.1
SUP277,Watkins LLC,P5123,20,3.1
SUP278,"Morgan, Anthony and Garcia",P5541,9,2.8
SUP279,Moore-Walker,P1031,16,2.9
SUP280,Smith-Logan,P6216,6,4.9
SUP281,Nichols Group,P213,9,4.0
SUP282,Fletcher Ltd,P6820,6,4.0
SUP283,"Sanford, Bailey and Johnson",P1928,11,3.7
SUP284,West LLC,P2103,8,2.6
SUP285,"Thomas, Warren and Sanders",P711,15,4.9
SUP286,Hart-Smith,P2203,13,3.6
SUP287,Elliott-Clark,P540,13,3.8
SUP288,"Riggs, Hawkins and Clements",P9129,17,4.9
SUP289,"Thompson, Schmitt and Brown",P968,12,3.5
SUP290,"Lopez, Robinson and Cherry",P9342,14,4.2
SUP291,Nelson and Sons,P431,5,3.0
SUP292,Martin-Myers,P3949,18,3.8
SUP293,Smith Inc,P7078,14,4.4
SUP294,Johnston-Mullen,P3195,20,3.0
SUP295,Cummings-Brown,P1267,16,3.9
SUP296,Cox Ltd,P505,15,4.2
SUP297,Trujillo PLC,P55,2,3.1
SUP298,"Rocha, Baker and Livingston",P8072,6,4.0
SUP299,Edwards and Sons,P633,4,3.7
SUP300,"Henry, Silva and Dawson",P3900,14,2.6
SUP301,"Lyons, Hale and Strickland",P5627,19,2.6
SUP302,"Simpson, Rodgers and Robinson",P4468,20,3.0
SUP303,Smith-Miller,P9584,7,3.9
SUP304,"Gutierrez, Kent and Stewart",P4191,14,3.5
SUP305,"Ross, Pham and Grimes",P7357,5,4.6
SUP306,"Garcia, Huang and Burns",P957,20,4.7
SUP307,"Alvarez, Smith and Cole",P6347,17,4.5
SUP308,"Robinson, Gardner and Smith",P2603,10,2.6
SUP309,Gutierrez-Schaefer,P8560,6,4.4
SUP310,"Webster, Welch and Harrison",P3430,11,4.3
SUP311,Gregory Ltd,P5287,18,4.2
SUP312,"Smith, Craig and Ward",P8727,18,2.5
SUP313,Bryant-Walls,P6368,17,4.6
SUP314,Brown-Martin,P3591,3,4.4
SUP315,"Kline, Parsons and Williams",P4674,13,3.6
SUP316,Torres-Barnes,P3855,12,5.0
SUP317,Roberts LLC,P2224,10,3.3
SUP318,"Thompson, Davis and Banks",P3362,6,2.8
SUP319,Smith-Ramirez,P8288,16,3.0
SUP320,"Kelley, Holder and Price",P9582,11,4.8
SUP321,Jensen Inc,P6660,8,4.4
SUP322,Howard LLC,P8706,16,3.8
SUP323,Sharp PLC,P9579,13,4.7
SUP324,"Lamb, Miller and Floyd",P3574,10,5.0
SUP325,Vargas Group,P4558,6,4.7
SUP326,Wilson-Keith,P2106,19,4.4
SUP327,Cruz-Mason,P4804,2,2.9
SUP328,"James, Pena and Hammond",P4459,3,4.2
SUP329,"Clark, Moody and Sullivan",P1111,5,4.9
SUP330,"Richardson, Mitchell and White",P7050,5,2.8
SUP331,Thompson-Jones,P160,6,2.8
SUP332,"Barrett, Sanchez and Wilson",P5179,17,2.9
SUP333,Maxwell-Wilson,P4667,17,3.3
SUP334,Jefferson Ltd,P7265,7,4.5
SUP335,Obrien-Arnold,P9206,9,4.0
SUP336,Black-Larsen,P8062,15,4.9
SUP337,Cardenas-Cowan,P8701,12,4.9
SUP338,"Lewis, Jones and Miller",P1011,12,3.4
SUP339,Brown-Leon,P7853,5,3.7
SUP340,Perkins LLC,P9853,6,3.2
SUP341,Baldwin PLC,P2906,10,4.1
SUP342,Perkins PLC,P8397,11,3.2
SUP343,"Mcdonald, Parsons and Hawkins",P6710,17,4.8
SUP344,"Miller, Sanders and Green",P2023,19,3.6
SUP345,Thompson and Sons,P4184,14,4.8
SUP346,Barnes LLC,P9289,13,4.8
SUP347,Simpson-Terrell,P51,18,3.2
SUP348,Mcmahon LLC,P2474,15,3.1
SUP349,Johnson Ltd,P3541,8,2.7
SUP350,"Smith, Sellers and Tucker",P4731,15,2.7
SUP351,Jones and Sons,P5312,7,3.7
SUP352,"Anderson, Serrano and Diaz",P7473,6,4.3
SUP353,"Branch, West and Welch",P7430,6,2.5
SUP354,"Evans, David and Waller",P1746,8,4.1
SUP355,Smith LLC,P3124,6,3.1
SUP356,Brooks-Hernandez,P992,20,4.7
SUP357,Williams-Perry,P2416,14,4.6
SUP358,"Thompson, Rangel and Vasquez",P6344,18,2.7
SUP359,Jenkins Inc,P2767,10,3.9
SUP360,Robertson Ltd,P4469,9,3.9
SUP361,Cook-Kane,P2251,4,4.1
SUP362,"Williams, Wilson and Roberson",P5911,6,2.9
SUP363,Romero-Lee,P3470,8,4.9
SUP364,"White, Ford and Maldonado",P2944,20,3.5
SUP365,"York, Johnson and Stone",P2289,11,3.1
SUP366,Valencia Ltd,P5122,11,3.4
SUP367,Ayala-Parker,P5924,10,4.5
SUP368,Wong-Allen,P2469,19,4.4
SUP369,"George, Campbell and Griffith",P7353,12,4.3
SUP370,Vazquez PLC,P1195,9,2.6
SUP371,Richardson-Hall,P8043,10,3.9
SUP372,Rios-Wilson,P7843,11,2.6
SUP373,Smith Inc,P1988,8,4.6
SUP374,Garcia-Martinez,P6376,15,3.6
SUP375,Mclaughlin-Adams,P8161,12,4.6
SUP376,Hicks and Sons,P3257,19,3.2
SUP377,Ramirez-Roberts,P3665,11,4.8
SUP378,"Mcpherson, Warren and Duncan",P9913,3,4.6
SUP379,Green Ltd,P1349,20,4.9
SUP380,"Snyder, Wilcox and Schmidt",P4764,11,3.1
SUP381,Fleming-Mcfarland,P6795,10,4.4
SUP382,Eaton-Howell,P4017,7,3.5
SUP383,"Cervantes, Mendez and Brown",P931,20,3.6
SUP384,"Moore, Chase and Henry",P9533,18,2.6
SUP385,"Anthony, Atkins and Hughes",P8738,13,3.2
SUP386,"Hall, Ramsey and Soto",P536,10,3.7
SUP387,Johnson Inc,P912,5,3.5
SUP388,"Neal, Calderon and Hernandez",P9574,17,4.2
SUP389,"Newman, Mayo and James",P5166,17,2.7
SUP390,"Silva, Acosta and Smith",P3898,8,3.4
SUP391,"Tate, Potter and Snyder",P7956,8,4.6
SUP392,"Cruz, Hernandez and Gutierrez",P1770,4,4.0
SUP393,Smith-Thompson,P286,9,2.6
SUP394,Myers and Sons,P3673,15,4.0
SUP395,Gonzalez Ltd,P6350,7,3.4
SUP396,Savage-Steele,P6303,6,4.0
SUP397,Diaz-Simmons,P4111,10,4.2
SUP398,Garcia-Espinoza,P6786,15,3.4
SUP399,"Walker, Dominguez and Freeman",P9385,18,3.7
SUP400,Mueller PLC,P6632,19,4.2
SUP401,Cannon PLC,P5522,20,3.2
SUP402,Pierce Inc,P6136,3,4.2
SUP403,"Stevens, Castro and Gomez",P2129,16,3.9
SUP404,"Cobb, Gonzalez and Stevenson",P2513,4,3.7
SUP405,Patton Inc,P9736,3,2.8
SUP406,"Brown, Jones and Curry",P9498,17,4.3
SUP407,Sanders PLC,P5489,16,4.4
SUP408,"Gray, Perez and Lee",P9110,11,4.0
SUP409,Cabrera Ltd,P815,18,4.8
SUP410,Hughes LLC,P4838,2,3.1
SUP411,King and Sons,P8687,2,3.4
SUP412,"Mejia, Williams and Bell",P7542,11,4.6
SUP413,"Garcia, Stevens and Marsh",P2892,16,5.0
SUP414,Wagner Inc,P6447,10,3.8
SUP415,"Jackson, Zamora and Strickland",P9825,3,4.1
SUP416,Ho-Clarke,P4955,12,4.9
SUP417,"Dunn, Castillo and Hogan",P2600,19,3.0
SUP418,Jackson-Roberts,P6384,16,2.7
SUP419,"Keller, Foley and Johnson",P7605,16,3.8
SUP420,"Todd, Kelly and Webb",P9371,9,2.6
SUP421,Middleton LLC,P5984,8,3.7
SUP422,"Flores, Smith and Dudley",P7683,18,2.8
SUP423,"Smith, Cruz and Alexander",P6618,13,3.9
SUP424,Reed PLC,P6716,5,4.8
SUP425,Espinoza-Reyes,P183,10,2.8
SUP426,Jensen-Green,P4550,15,3.2
SUP427,"Jones, Marquez and Stephens",P3445,16,4.4
SUP428,Harper Group,P4591,18,3.7
SUP429,Lawson Ltd,P1021,15,3.3
SUP430,"Reid, Hendricks and Page",P9768,11,3.3
SUP431,Hernandez-Young,P5675,6,3.3
SUP432,Jenkins-Simmons,P9909,7,4.4
SUP433,"Reese, Hanson and Adams",P9106,8,5.0
SUP434,Meadows-Barker,P6286,7,4.7
SUP435,"Escobar, Ortiz and Hood",P3926,17,3.6
SUP436,Moore and Sons,P4696,13,3.1
SUP437,Schultz-Rogers,P315,5,4.1
SUP438,Jenkins-Mason,P4462,19,2.8
SUP439,Davis-Caldwell,P8461,3,4.4
SUP440,Carr-Moore,P5628,4,4.5
SUP441,Ellis Group,P2916,18,3.5
SUP442,Alexander PLC,P5677,4,4.7
SUP443,Morris and Sons,P6485,17,4.3
SUP444,"Ruiz, Williams and Pearson",P1591,15,3.0
SUP445,Santos-Moore,P7203,8,2.8
SUP446,"Mejia, Dawson and Austin",P3282,18,3.3
SUP447,Smith-Wood,P2741,4,3.8
SUP448,Pollard-Walker,P2879,6,3.1
SUP449,"Hernandez, Robinson and Jones",P7917,17,4.2
SUP450,"Hernandez, Heath and Vazquez",P210,9,3.6
SUP451,Case Ltd,P8242,18,3.6
SUP452,Harris-Santana,P2620,13,4.5
SUP453,Herman-Harris,P8186,2,3.2
SUP454,Sanchez-Peters,P8180,7,2.9
SUP455,"Thompson, Carpenter and Price",P8298,9,2.7
SUP456,"Sanchez, Bolton and Campbell",P6900,15,4.9
SUP457,Clark Group,P3192,16,4.2
SUP458,Bowen PLC,P8782,10,4.8
SUP459,"Singh, Figueroa and Hall",P8206,6,2.9
SUP460,Barron-Dennis,P5213,2,4.0
SUP461,Collier-Brooks,P4226,19,3.8
SUP462,"Gray, Hernandez and Buchanan",P8968,13,2.8
SUP463,Gilbert-Frazier,P8258,12,2.6
SUP464,Huffman-Allen,P9674,19,3.7
SUP465,Smith-Peck,P1918,5,3.2
SUP466,Williams-Bruce,P7401,6,4.9
SUP467,Carter-Orr,P3429,18,3.6
SUP468,Davis Inc,P1146,5,4.5
SUP469,Navarro Inc,P9712,14,4.6
SUP470,"Hoffman, Holt and Mcconnell",P5289,18,3.6
SUP471,Campbell LLC,P7426,14,3.7
SUP472,Kim-Miller,P9948,2,4.5
SUP473,Morales LLC,P1119,10,3.8
SUP474,Carlson PLC,P6523,12,4.9
SUP475,"Martinez, Hunt and Curtis",P3659,9,2.9
SUP476,Carey Group,P4048,8,4.3
SUP477,Francis-Hernandez,P9155,16,3.6
SUP478,Anderson-Johnson,P2171,6,3.9
SUP479,"Lopez, Hunter and Garcia",P9420,7,3.5
SUP480,"Ruiz, Greene and Nelson",P7454,17,3.6
SUP481,Lewis Ltd,P6172,8,2.6
SUP482,Ramsey PLC,P8259,19,3.9
SUP483,Beard-Fields,P1813,5,3.2
SUP484,"Baker, Taylor and Lin",P1880,15,2.6
SUP485,Bass-Hobbs,P6417,2,4.1
SUP486,Alvarez Inc,P4452,2,4.5
SUP487,"Alexander, Jones and Coleman",P8308,20,4.7
SUP488,"Skinner, Carroll and Clark",P5748,2,4.3
SUP489,Mcintyre-Johnson,P6604,20,4.2
SUP490,Wilson and Sons,P9005,7,3.3
SUP491,"Martin, Garcia and Moses",P895,16,4.4
SUP492,Hendrix LLC,P2914,9,4.1
SUP493,"Johnson, Mason and Swanson",P5058,6,4.3
SUP494,White-Juarez,P2329,13,4.6
SUP495,Bright-Walters,P4906,15,3.8
SUP496,Martin-Andrade,P6432,18,3.3
SUP497,Adams Inc,P4542,11,4.0
SUP498,Travis PLC,P1006,8,3.6
SUP499,Swanson and Sons,P935,8,4.2
SUP500,"Johnson, Osborne and Wheeler",P7389,4,2.7
SUP501,Peck Ltd,P293,15,3.6
SUP502,"Cross, Robinson and Daniels",P2773,6,4.8
SUP503,"Ware, Thomas and Taylor",P8925,11,3.4
SUP504,"Harris, Miller and Thompson",P3135,17,2.7
SUP505,"Morgan, Curtis and Barry",P253,13,3.6
SUP506,Brown-Mcdonald,P7062,12,3.0
SUP507,Allen Ltd,P725,12,3.9
SUP508,Camacho-Werner,P9778,12,2.9
SUP509,Gonzalez-Nichols,P7746,5,3.3
SUP510,Dougherty-Rodgers,P2721,9,3.3
SUP511,"Phillips, Lam and Porter",P1782,7,2.8
SUP512,"Thompson, Williams and Griffith",P3452,20,3.1
SUP513,Warner Ltd,P4402,13,2.6
SUP514,Patterson and Sons,P76,10,4.9
SUP515,Saunders and Sons,P6276,9,2.8
SUP516,Evans-Humphrey,P888,18,5.0
SUP517,Brown and Sons,P1891,6,3.7
SUP518,Snyder-Solomon,P1219,12,3.5
SUP519,"Mcintyre, Carter and Mcintyre",P6962,15,4.6
SUP520,"Wright, Jimenez and Thompson",P5080,18,3.1
SUP521,Caldwell-Gilbert,P4968,13,5.0
SUP522,Hall-Flores,P2435,11,4.0
SUP523,Green-Benitez,P7503,10,4.0
SUP524,Liu Ltd,P5022,4,3.4
SUP525,Abbott Inc,P4037,11,2.8
SUP526,Gardner Group,P5652,13,3.1
SUP527,"Hester, Boyd and Hanson",P3949,18,2.5
SUP528,"Johnson, Kane and Phillips",P9069,14,3.5
SUP529,Mcintosh-Wallace,P1471,17,4.1
SUP530,"Acosta, Carter and Miller",P3813,15,3.6
SUP531,Nelson PLC,P1670,5,4.4
SUP532,Hays-Garcia,P5916,2,4.0
SUP533,Werner-Ford,P8793,6,3.3
SUP534,Huynh Group,P1925,19,3.9
SUP535,"Clark, Sparks and Garcia",P7170,5,2.9
SUP536,Andersen-Orozco,P2868,3,2.9
SUP537,"Owen, Knight and Miranda",P2723,12,3.7
SUP538,Beard-Bennett,P4956,14,4.5
SUP539,"Ruiz, Campbell and Morris",P4398,19,2.6
SUP540,Kennedy and Sons,P1230,13,3.8
SUP541,"Garner, Adams and Fernandez",P6620,4,3.3
SUP542,Thompson-Francis,P4132,20,2.8
SUP543,"Smith, Alvarez and Russell",P384,20,2.7
SUP544,Silva Ltd,P2771,20,3.9
SUP545,Caldwell-Terry,P8746,15,3.6
SUP546,Johns PLC,P3562,13,4.9
SUP547,Miller-Hensley,P3815,13,4.2
SUP548,Kim Group,P4652,15,4.9
SUP549,Castillo-Esparza,P4775,5,2.6
SUP550,"Scott, Hart and Walker",P4897,3,3.6
SUP551,"Long, Brooks and Avila",P5316,15,4.3
SUP552,"Wu, Dudley and Jones",P4805,10,2.5
SUP553,Meyers Group,P186,12,2.7
SUP554,Zamora-Skinner,P5625,19,4.7
SUP555,Smith and Sons,P2493,20,3.1
SUP556,Powell-Browning,P8741,8,4.8
SUP557,Scott-Wright,P7826,9,4.4
SUP558,Kaiser Group,P5947,9,3.7
SUP559,Donovan PLC,P4052,11,2.8
SUP560,Price PLC,P7039,9,4.4
SUP561,"Briggs, Contreras and Perez",P2739,19,4.0
SUP562,"Martin, Hunter and Campbell",P3296,12,2.9
SUP563,"King, Hall and Edwards",P8150,7,2.6
SUP564,Horn PLC,P3114,8,4.2
SUP565,Anderson-Gross,P2437,20,3.3
SUP566,"Smith, Vega and Anderson",P4849,6,3.7
SUP567,"Russell, Watson and Lloyd",P6949,8,3.1
SUP568,Noble LLC,P4409,4,3.7
SUP569,Austin-Thompson,P5880,8,2.9
SUP570,Walton-Thompson,P3010,15,4.4
SUP571,"Gonzalez, Smith and Lopez",P5427,6,3.6
SUP572,Ford Ltd,P5605,20,3.1
SUP573,Wilson Group,P9509,4,5.0
SUP574,Thomas and Sons,P7484,12,2.8
SUP575,Torres Ltd,P387,9,4.4
SUP576,Frye-Zimmerman,P2355,3,4.4
SUP577,Rice-Lynch,P2194,9,3.4
SUP578,Butler-Casey,P5674,16,2.6
SUP579,"Hall, Peters and Parker",P2658,16,3.4
SUP580,"Hancock, Mckay and Martin",P9978,9,3.5
SUP581,Cohen Ltd,P2714,18,4.3
SUP582,Watson and Sons,P4453,12,2.9
SUP583,Arellano LLC,P4482,8,2.9
SUP584,Holt PLC,P2863,11,4.1
SUP585,Myers-Ross,P6221,17,4.5
SUP586,Pineda and Sons,P3234,12,4.7
SUP587,Campbell-Schroeder,P799,11,3.1
SUP588,Shields Group,P7192,4,4.0
SUP589,"Bryant, Willis and Wiley",P8299,19,3.7
SUP590,Morris-Walker,P951,16,4.0
SUP591,"Lewis, Bailey and Jones",P7064,3,4.5
SUP592,Walker-Hansen,P5092,11,5.0
SUP593,Jones LLC,P800,8,2.7
SUP594,Patton-Torres,P6786,10,3.6
SUP595,Davis-Pennington,P1285,12,3.2
SUP596,Gonzalez-Castro,P2168,3,4.6
SUP597,Harris LLC,P3475,19,4.4
SUP598,"Fry, Oneill and Munoz",P5150,14,2.8
SUP599,Carr and Sons,P4570,12,4.8
SUP600,Steele-Garrison,P942,11,4.8
SUP601,"Smith, Jones and Wilkins",P7850,9,2.9
SUP602,"Stafford, Johnson and Oconnor",P5390,14,4.9
SUP603,Mcbride LLC,P7892,12,3.8
SUP604,Mueller-Morgan,P5472,8,4.2
SUP605,Ayers Group,P9003,20,3.2
SUP606,Ramos-Salazar,P5369,18,4.9
SUP607,"Moreno, Suarez and Mendoza",P7895,6,2.6
SUP608,Burch and Sons,P2851,10,4.8
SUP609,Moore Group,P5144,8,3.2
SUP610,Thomas PLC,P6248,5,3.2
SUP611,Schmidt LLC,P1473,16,4.3
SUP612,Stuart-Moore,P9309,12,2.5
SUP613,Saunders-Berry,P4287,13,3.0
SUP614,Galloway-Miller,P264,18,2.5
SUP615,Williams-Ayala,P1825,7,4.2
SUP616,"Goodwin, Powell and Nichols",P6955,9,4.6
SUP617,Cruz Group,P1001,11,3.4
SUP618,Thomas-Bauer,P7855,5,4.4
SUP619,"Jones, Olsen and Summers",P3730,10,4.6
SUP620,"Ortiz, Navarro and Huffman",P6288,2,2.7
SUP621,"Smith, Gonzales and Adams",P1009,4,3.1
SUP622,"Wise, Gardner and Wolf",P8586,7,2.9
SUP623,Mcguire-Anderson,P6056,8,3.4
SUP624,Olson Ltd,P5414,9,2.6
SUP625,"Young, Perry and Miller",P9463,20,4.2
SUP626,Brown-Sampson,P1980,7,3.7
SUP627,"Shepherd, Willis and Olson",P2066,14,3.9
SUP628,"Holmes, Dominguez and Levy",P5246,4,3.3
SUP629,"Wilson, Smith and Alexander",P6424,5,4.6
SUP630,Hopkins-Fox,P7177,6,2.8
SUP631,Gates LLC,P3173,18,3.2
SUP632,Macias-Harvey,P1598,6,3.8
SUP633,"Ball, Khan and Hunter",P1376,11,3.2
SUP634,"Mclean, Cook and West",P7895,17,3.3
SUP635,"Montgomery, Mitchell and Waller",P5680,19,3.4
SUP636,Warren-Lopez,P9308,4,3.8
SUP637,"Caldwell, Mills and Gutierrez",P7051,15,3.4
SUP638,Mcintyre-Taylor,P3423,4,2.7
SUP639,Porter PLC,P5351,17,4.2
SUP640,Mendez LLC,P7501,9,4.9
SUP641,Lee Group,P9985,5,4.0
SUP642,"Bowers, Burke and Cunningham",P4255,19,4.0
SUP643,"Matthews, Howe and Stephens",P100,16,3.4
SUP644,Lopez-Holmes,P787,15,4.0
SUP645,Yoder-Rogers,P6786,3,2.7
SUP646,"Hill, Griffin and Day",P8404,10,4.3
SUP647,Maynard-Foster,P4953,3,4.2
SUP648,Salazar Group,P8207,12,4.6
SUP649,Graham Group,P5288,19,3.6
SUP650,Taylor Group,P2673,5,4.0
SUP651,"Clark, Gould and Weiss",P513,4,3.7
SUP652,Thompson-Washington,P9659,7,3.8
SUP653,Lester-Cantrell,P7403,18,3.9
SUP654,Marquez-Miller,P727,14,4.6
SUP655,"Myers, Long and Koch",P626,17,2.7
SUP656,Jones-Meyer,P8093,18,3.9
SUP657,"Owens, Harmon and Rollins",P6475,19,3.8
SUP658,"Green, Ross and Perez",P2631,3,5.0
SUP659,"Mcfarland, Cox and Cole",P2665,14,4.2
SUP660,Young Group,P6944,4,3.4
SUP661,"Foley, Mercado and Johnson",P1317,3,2.8
SUP662,Hall and Sons,P3428,20,3.4
SUP663,Griffin-Fuller,P7765,6,2.5
SUP664,"Hill, Mata and Moss",P9863,4,4.4
SUP665,Scott Ltd,P1132,12,4.1
SUP666,Roy Inc,P9892,14,4.5
SUP667,"Lewis, Young and Howard",P5907,9,3.9
SUP668,"Haas, Mosley and Fisher",P1171,12,4.7
SUP669,Hayes-Baker,P9222,17,3.0
SUP670,Stephens-Hansen,P4090,20,3.4
SUP671,Gordon-Mills,P4026,12,4.0
SUP672,Davis-Russell,P4641,7,5.0
SUP673,Barron and Sons,P6877,10,4.0
SUP674,Wise Ltd,P7366,3,4.3
SUP675,Moore-Kent,P6561,11,4.5
SUP676,Jenkins Inc,P8265,19,3.0
SUP677,"Houston, Ramirez and Marquez",P3579,15,2.9
SUP678,Brown and Sons,P7268,5,3.0
SUP679,Rubio PLC,P272,7,3.7
SUP680,Zimmerman Inc,P9785,7,2.9
SUP681,Mcdonald Group,P9769,9,4.6
SUP682,Williams LLC,P6776,9,3.6
SUP683,"Golden, Hardy and Moore",P9900,15,2.8
SUP684,Brown Inc,P2390,5,4.0
SUP685,Pierce Ltd,P146,8,3.1
SUP686,Strickland-Smith,P5954,20,3.0
SUP687,"Gould, Hickman and Blake",P1204,7,4.6
SUP688,"Melendez, Brooks and Hernandez",P8567,3,4.2
SUP689,Decker Group,P2016,18,4.1
SUP690,Wells Group,P3041,11,2.8
SUP691,Bowers-Reid,P6354,16,4.8
SUP692,"Brown, Cook and Brown",P8060,5,4.7
SUP693,"Powell, Huerta and Smith",P5220,7,3.6
SUP694,Soto-Lamb,P3788,14,4.2
SUP695,Hayes LLC,P8969,8,3.9
SUP696,"Buck, Mcdonald and Rosales",P1218,20,4.3
SUP697,Hayes Inc,P9910,5,2.8
SUP698,Roth Inc,P2882,14,4.9
SUP699,James-Charles,P8900,6,3.4
SUP700,"Soto, Mckay and Ortiz",P4421,15,3.5
SUP701,"Petersen, Carroll and Miller",P2039,7,3.6
SUP702,Calderon-White,P1705,13,3.4
SUP703,Garcia LLC,P1301,6,3.8
SUP704,Hernandez Ltd,P3989,18,4.1
SUP705,Jordan-Myers,P8028,11,4.6
SUP706,"Christian, Mccormick and Peterson",P6508,7,5.0
SUP707,Carpenter LLC,P731,19,4.0
SUP708,Mcmillan-Hill,P9044,10,4.4
SUP709,"Duarte, Hampton and Miller",P7275,19,4.2
SUP710,Palmer LLC,P233,20,4.5
SUP711,Jenkins PLC,P269,19,4.2
SUP712,"Bishop, Smith and Webb",P4506,5,3.7
SUP713,"Allen, Shea and Mayer",P6906,9,4.9
SUP714,Fisher-Foley,P7320,18,4.4
SUP715,Mendoza and Sons,P6245,17,3.8
SUP716,Romero-Lopez,P5466,3,2.7
SUP717,Michael-Reynolds,P3449,12,3.4
SUP718,Valdez LLC,P3425,8,2.7
SUP719,Castaneda and Sons,P7933,20,4.0
SUP720,Small-Williams,P4233,14,4.0
SUP721,White-Francis,P6373,3,4.6
SUP722,Gilbert PLC,P7513,3,2.6
SUP723,"Gutierrez, Burns and Cooley",P6122,11,2.9
SUP724,Richards Inc,P139,20,4.0
SUP725,Lowery-Williams,P1378,3,2.7
SUP726,Gonzalez-Burton,P1362,9,2.6
SUP727,Ramsey-Wallace,P4227,4,3.6
SUP728,Logan PLC,P9523,2,3.4
SUP729,Wall-Valenzuela,P6860,4,4.7
SUP730,"Campbell, Johnson and Lopez",P1832,16,4.7
SUP731,Hawkins Group,P7008,13,4.9
SUP732,Cummings and Sons,P1490,17,3.6
SUP733,Hunt PLC,P4761,11,3.3
SUP734,Williams Inc,P7812,16,4.1
SUP735,Peters-Huffman,P9899,14,4.8
SUP736,Evans-Davis,P1391,3,4.0
SUP737,Cain-Gordon,P339,5,5.0
SUP738,"Fowler, Taylor and Roy",P1730,8,2.8
SUP739,"Walker, Hudson and Barrett",P2879,10,3.5
SUP740,"Sims, Grimes and Castaneda",P6651,14,2.7
SUP741,"Sloan, Woods and Wood",P1182,14,4.0
SUP742,Perez-Welch,P8894,6,3.5
SUP743,Rios-Craig,P5392,6,4.8
SUP744,Gutierrez Ltd,P436,4,3.8
SUP745,"Lang, Sanders and Smith",P1788,11,2.6
SUP746,Ross-Contreras,P1502,19,4.3
SUP747,"Smith, Perez and Schwartz",P1581,9,4.3
SUP748,Garcia and Sons,P7875,19,4.0
SUP749,Franco PLC,P5428,6,3.3
SUP750,Duffy-Williams,P1868,13,2.7
SUP751,Davis Ltd,P9135,12,4.9
SUP752,Dixon-Davis,P1766,15,3.4
SUP753,"Lawson, Welch and Palmer",P2522,17,4.6
SUP754,Gray Inc,P3588,19,3.2
SUP755,Cummings-Harper,P137,15,3.2
SUP756,West-Patel,P4514,13,2.7
SUP757,Robinson Group,P5283,7,4.4
SUP758,Washington Group,P258,18,4.9
SUP759,Kelly LLC,P6941,9,4.8
SUP760,Brown Group,P7260,3,3.5
SUP761,Mcdonald PLC,P2540,16,2.5
SUP762,Smith and Sons,P5219,15,2.5
SUP763,Smith-Carr,P9720,10,4.1
SUP764,"Matthews, Richards and Carroll",P3028,3,3.5
SUP765,"Gutierrez, Lee and Roberson",P4682,12,2.7
SUP766,"Kemp, Arnold and Wilson",P6982,10,2.7
SUP767,Galloway Group,P9755,6,4.9
SUP768,"Stevenson, Miller and Davis",P1929,7,3.8
SUP769,"Long, Edwards and Fox",P4562,6,3.6
SUP770,Gonzalez LLC,P1031,4,4.7
SUP771,Sullivan Ltd,P1198,20,4.7
SUP772,Smith LLC,P9021,3,2.7
SUP773,Wong-Chase,P9254,5,3.7
SUP774,Pruitt Inc,P5630,7,4.4
SUP775,"Bridges, Rivera and Jones",P7502,8,4.0
SUP776,Ramirez Inc,P7129,19,4.2
SUP777,Burns-Wright,P4670,2,2.8
SUP778,"Lopez, Rogers and Morrison",P3729,13,4.9
SUP779,Williams-Allen,P5305,4,2.7
SUP780,Shaw-Alexander,P9158,16,3.0
SUP781,Thomas Ltd,P6967,20,3.5
SUP782,Smith Ltd,P4236,8,4.0
SUP783,"Bryant, Brown and Hernandez",P5345,17,3.5
SUP784,Smith and Sons,P171,6,3.4
SUP785,"Chase, Morse and Floyd",P4686,4,3.1
SUP786,Smith-Wilson,P7999,6,2.7
SUP787,Brown-Richardson,P3465,3,4.2
SUP788,Baxter-Barber,P5271,6,2.9
SUP789,Reynolds PLC,P7388,13,3.6
SUP790,Price-Moses,P1768,14,5.0
SUP791,Harris Group,P133,16,4.3
SUP792,Carpenter and Sons,P9666,18,4.9
SUP793,Smith-Smith,P5695,14,2.5
SUP794,"Acosta, Johnson and Johnson",P9139,5,4.3
SUP795,Reyes-George,P8946,7,2.6
SUP796,"Davis, Phillips and Andrews",P7525,16,2.9
SUP797,Johnson Ltd,P8469,4,4.1
SUP798,Bishop-Ball,P1686,14,2.6
SUP799,Gilbert Group,P780,20,2.6
SUP800,"Deleon, Banks and Goodwin",P9109,4,3.0
SUP801,Hernandez and Sons,P2385,6,3.3
SUP802,Delgado LLC,P842,6,4.6
SUP803,"Phillips, Chandler and Haney",P7887,14,4.7
SUP804,Rose-Allen,P1262,7,4.5
SUP805,Ramirez and Sons,P3589,7,3.0
SUP806,"Phillips, Gray and Ballard",P1930,14,4.4
SUP807,Griffin Group,P952,14,3.7
SUP808,"Kirby, Bray and Snyder",P4858,18,2.8
SUP809,Jones Group,P7387,17,2.6
SUP810,"Barnett, Griffin and Morris",P8351,10,4.4
SUP811,Green Group,P2572,17,3.3
SUP812,"Turner, Taylor and Mason",P6308,4,3.9
SUP813,"Simmons, Martin and Little",P1611,17,2.6
SUP814,"Miller, Howard and Salas",P7046,16,4.2
SUP815,"Torres, Miller and King",P2904,2,4.1
SUP816,Murphy-Malone,P1754,10,4.8
SUP817,Lee-Roberts,P8793,14,3.5
SUP818,"Lamb, Banks and Daniels",P1223,15,4.3
SUP819,Moore-Miller,P4650,19,4.9
SUP820,Wilkerson LLC,P8455,13,2.9
SUP821,Rosales-Murray,P5097,4,4.8
SUP822,Wright Ltd,P2544,10,2.7
SUP823,"Smith, Williams and Stevenson",P6203,17,5.0
SUP824,Norton Group,P9656,2,2.9
SUP825,Palmer-Haas,P6370,10,4.4
SUP826,"Rollins, Anthony and Carpenter",P8073,5,3.3
SUP827,"Wilson, Meza and Gonzalez",P2538,9,2.5
SUP828,Nguyen PLC,P2171,2,3.0
SUP829,"Wilson, Hunter and Duran",P8564,3,3.3
SUP830,Norris Group,P7750,6,4.1
SUP831,Rodriguez-Robinson,P1998,19,3.1
SUP832,Ramirez-Dyer,P7793,10,4.8
SUP833,Ryan-Williams,P5731,2,4.0
SUP834,"Schwartz, Perry and Wheeler",P402,10,4.5
SUP835,Rivas-Guzman,P5553,5,3.7
SUP836,"Harrison, Howard and Williams",P1021,7,5.0
SUP837,Anthony-Bryant,P3863,11,4.3
SUP838,"Bailey, Crawford and Riddle",P7823,8,2.7
SUP839,James Group,P6632,12,2.6
SUP840,Perez Ltd,P4916,18,3.5
SUP841,Young PLC,P8108,5,2.9
SUP842,Lucas-Miller,P1136,11,2.7
SUP843,"Cunningham, Jackson and Webb",P2380,13,4.5
SUP844,Odom-Aguirre,P3576,11,4.0
SUP845,"Potter, Fritz and Valdez",P8233,15,4.5
SUP846,Schultz-Simpson,P9719,4,4.8
SUP847,"Williams, Guzman and Vasquez",P3582,11,4.4
SUP848,Johnson Ltd,P3607,12,4.4
SUP849,Garcia-Hall,P177,7,3.0
SUP850,Martin Inc,P3563,13,4.1
SUP851,Wood Ltd,P5447,20,3.0
SUP852,Cole-Price,P1180,7,4.1
SUP853,Santiago-Anderson,P9764,15,3.5
SUP854,Townsend-Brewer,P3308,5,3.5
SUP855,Hernandez Inc,P4394,2,2.6
SUP856,Potts PLC,P8512,16,3.1
SUP857,Young-May,P3006,15,4.7
SUP858,"Richards, Owens and Jones",P749,15,4.5
SUP859,"Page, Sullivan and Carey",P2388,13,2.7
SUP860,Velasquez-Reyes,P3288,20,4.5
SUP861,Rowland Inc,P5395,10,2.7
SUP862,Moore-Torres,P345,7,3.1
SUP863,"Allen, Johnston and Avila",P1135,17,3.0
SUP864,Jackson PLC,P3281,7,4.8
SUP865,"Hardy, Pierce and Price",P4297,13,4.4
SUP866,"Rogers, Simpson and Vincent",P4705,18,3.2
SUP867,Jones Inc,P6693,16,4.2
SUP868,Hendricks-Green,P3712,17,3.5
SUP869,"Mccarthy, Turner and Potter",P1862,10,2.7
SUP870,Graves-Moore,P856,14,2.8
SUP871,Young LLC,P2195,2,2.5
SUP872,Thompson-Barnes,P4865,9,3.0
SUP873,"Oconnor, Ferguson and Anderson",P5877,5,3.5
SUP874,"Harris, Knight and Thomas",P3504,15,2.9
SUP875,"Martinez, Clark and Watson",P9178,18,3.2
SUP876,"Lopez, Farrell and Brennan",P6439,20,3.5
SUP877,Roberts-White,P2004,14,4.8
SUP878,"Waller, Garner and Brennan",P9779,10,2.6
SUP879,"Mason, Carter and Taylor",P9528,9,4.6
SUP880,Harris LLC,P4132,5,3.2
SUP881,"Manning, Fuller and Miles",P5372,3,3.3
SUP882,Ross Ltd,P9815,3,4.4
SUP883,Dunn-Mclean,P6656,8,3.7
SUP884,Chan PLC,P4472,18,4.1
SUP885,"Warner, Herring and Barrera",P9242,13,4.2
SUP886,"Colon, Lawson and Baxter",P7999,10,4.6
SUP887,"Simon, Glass and Ferguson",P9109,13,4.9
SUP888,"Stevens, Lawrence and Smith",P9830,11,4.8
SUP889,"Gonzalez, Jennings and Woodward",P8859,7,3.2
SUP890,"Orr, Ramos and Davis",P5235,10,4.0
SUP891,"Brewer, Sutton and Stone",P2549,4,4.2
SUP892,James Group,P11,12,4.7
SUP893,Clark LLC,P1827,12,3.8
SUP894,Wilson-Franco,P566,11,4.1
SUP895,Shannon-Williams,P7358,13,3.3
SUP896,Rodriguez Ltd,P5693,4,4.9
SUP897,Phillips-Lin,P3548,19,4.0
SUP898,Johnson and Sons,P1648,8,3.0
SUP899,"Curtis, Edwards and Maldonado",P3436,4,3.3
SUP900,Christian Group,P9754,16,4.4
SUP901,"Roberts, Conner and Welch",P2289,8,4.7
SUP902,Mercado Group,P1628,12,4.4
SUP903,"Daniels, Adams and Lynn",P3867,19,3.4
SUP904,Davila Ltd,P7897,12,4.9
SUP905,Smith-Day,P688,11,3.9
SUP906,"Lang, Watkins and Reynolds",P3813,11,2.7
SUP907,"Greene, Russell and Howard",P1064,9,4.0
SUP908,"Ball, Holland and Payne",P6321,3,2.5
SUP909,Rodriguez-Allen,P9166,10,2.8
SUP910,Schultz-Glover,P345,18,4.4
SUP911,Gordon-Ferguson,P2226,15,3.3
SUP912,"Sandoval, Landry and Clark",P9196,9,3.3
SUP913,"Meyers, Lewis and Huerta",P3050,3,3.1
SUP914,Duncan Ltd,P2065,2,3.0
SUP915,Young Inc,P6367,16,3.4
SUP916,Brewer-Thompson,P4584,16,3.9
SUP917,"White, Craig and Mcgee",P3168,15,3.5
SUP918,Schwartz-Long,P8048,3,3.5
SUP919,Baker-Stafford,P1208,19,3.6
SUP920,Thomas-Larson,P6150,11,3.9
SUP921,"Nelson, Wallace and Lee",P6356,15,3.8
SUP922,"Patterson, Trujillo and Smith",P4335,4,3.1
SUP923,Coleman Inc,P4460,20,4.6
SUP924,Hamilton LLC,P7774,10,4.9
SUP925,"James, Morton and Chavez",P3251,5,4.5
SUP926,"Robinson, Watson and Thomas",P1619,15,2.6
SUP927,"Kaufman, Gould and Huff",P4046,10,3.7
SUP928,Peterson LLC,P6684,8,2.8
SUP929,Santiago-Cole,P5837,3,4.3
SUP930,Marquez PLC,P2786,11,2.8
SUP931,Watts-Rice,P5183,4,3.6
SUP932,Garcia and Sons,P4479,9,2.5
SUP933,"Ochoa, Myers and Johnson",P8993,11,4.3
SUP934,"Stewart, Howard and Watson",P308,5,3.8
SUP935,Thomas-Jones,P4478,3,5.0
SUP936,Reed-West,P4129,5,4.1
SUP937,"Foster, Hanson and Bright",P9335,12,3.3
SUP938,Phillips-Rogers,P9043,8,4.7
SUP939,Garcia Ltd,P3694,16,4.7
SUP940,Cruz Ltd,P7565,17,4.8
SUP941,Chan-Jackson,P9421,11,2.5
SUP942,Camacho Ltd,P1221,15,3.1
SUP943,"Payne, Archer and Moody",P1125,4,2.8
SUP944,Young PLC,P9341,10,2.8
SUP945,Harmon-Taylor,P1044,13,4.9
SUP946,Curry Ltd,P6799,15,4.8
SUP947,Young-Young,P741,8,4.1
SUP948,Martinez PLC,P3854,12,2.9
SUP949,Graves and Sons,P2388,4,3.5
SUP950,Russo Inc,P6344,10,3.7
SUP951,Pearson-Waller,P9712,9,4.2
SUP952,Jarvis-Williams,P7897,11,4.0
SUP953,"Hartman, Ward and Harvey",P6859,4,3.8
SUP954,"Alvarez, Terrell and Adams",P2533,10,3.1
SUP955,Schultz-Wilson,P8337,19,3.6
SUP956,White-Lynch,P6145,20,3.9
SUP957,Taylor-Tanner,P4701,20,2.9
SUP958,Mckinney LLC,P6632,17,4.2
SUP959,Smith Inc,P4961,11,3.5
SUP960,Hopkins PLC,P7848,14,4.8
SUP961,"Mills, Smith and Santana",P1389,6,4.2
SUP962,Mcgee and Sons,P7982,8,2.8
SUP963,Gross-Harris,P1711,19,2.6
SUP964,"Delgado, Berger and Burns",P8970,16,4.8
SUP965,Peters-Wells,P1387,2,3.9
SUP966,Wilson-Harris,P9027,8,3.3
SUP967,Martinez Group,P1698,9,2.8
SUP968,Olson LLC,P473,2,4.3
SUP969,"Hill, Morris and Nixon",P7084,10,4.4
SUP970,Armstrong and Sons,P826,9,3.2
SUP971,"Lopez, Frost and Crawford",P7756,18,3.6
SUP972,Reynolds Group,P5240,7,3.6
SUP973,Peterson-Anderson,P2606,16,2.6
SUP974,Meyers-Sanchez,P3695,4,3.4
SUP975,Miller Ltd,P2887,14,2.9
SUP976,"Griffin, Melendez and Lopez",P9163,7,4.2
SUP977,"Rose, Alvarez and Watkins",P7268,3,3.5
SUP978,Farmer Group,P8122,20,2.9
SUP979,Cox Inc,P5737,4,3.9
SUP980,Daniels Inc,P813,5,4.9
SUP981,"Hunter, Anderson and Berg",P7967,12,2.9
SUP982,Jensen-Thompson,P3714,19,3.0
SUP983,Caldwell and Sons,P4236,14,4.4
SUP984,"Kim, Collier and Stokes",P148,17,3.7
SUP985,Ochoa Group,P3916,3,2.9
SUP986,Miller PLC,P249,2,3.1
SUP987,Love-Huang,P4925,13,4.0
SUP988,"Gilbert, Osborn and Sampson",P1396,3,2.9
SUP989,"Olson, Howell and Stewart",P3478,18,3.0
SUP990,"Nguyen, Cisneros and Walton",P5192,11,3.4
SUP991,"Martin, Nelson and Sanders",P9106,2,3.7
SUP992,"Mcintosh, Landry and Nelson",P8840,3,3.7
SUP993,"Gallagher, White and Carr",P3635,3,3.1
SUP994,"Fitzgerald, Perry and Bond",P3203,7,3.4
SUP995,"Hogan, Hernandez and Lopez",P6975,7,3.8
SUP996,Turner-Brooks,P291,15,4.5
SUP997,Ross and Sons,P674,10,2.7
SUP998,Martinez-Smith,P7665,20,4.2
SUP999,Frost Ltd,P3257,2,3.8
SUP1000,Walker PLC,P5574,7,2.9
SUP1001,Reynolds and Sons,P705,19,4.5
SUP1002,"Thompson, Brown and Stewart",P7878,13,2.7
SUP1003,Castillo-Hebert,P2556,8,3.4
SUP1004,"Sanchez, Snyder and West",P3403,14,4.7
SUP1005,Carlson-Cummings,P6033,19,3.7
SUP1006,Romero Group,P7126,5,4.6
SUP1007,Solis-Jordan,P8653,6,5.0
SUP1008,Williams Group,P92,7,4.8
SUP1009,Mcdaniel-Collins,P7092,16,2.8
SUP1010,Miller LLC,P7975,5,4.2
SUP1011,"Hodge, Smith and Shelton",P749,10,3.2
SUP1012,Black Ltd,P278,3,4.2
SUP1013,"Hopkins, Jacobs and Kelly",P2865,16,2.8
SUP1014,"Pratt, Simpson and Barrett",P9064,2,2.7
SUP1015,Woods Group,P6840,17,3.1
SUP1016,"Woods, Rivera and Munoz",P3251,5,3.7
SUP1017,Ritter Ltd,P6040,13,3.8
SUP1018,Martin Group,P814,11,3.7
SUP1019,"Mclaughlin, Diaz and Oneill",P8511,12,4.9
SUP1020,"Hoffman, Macdonald and Russell",P1437,6,4.1
SUP1021,Campbell-Spears,P8879,12,3.2
SUP1022,"Romero, Hood and Freeman",P9582,14,2.7
SUP1023,"Young, Torres and Gonzales",P869,3,3.0
SUP1024,"Stanley, Daniels and Bruce",P1545,20,3.1
SUP1025,Carter LLC,P5866,18,3.1
SUP1026,Thomas PLC,P7263,3,2.5
SUP1027,Martin-Clements,P6765,3,4.2
SUP1028,Richardson PLC,P9626,11,4.1
SUP1029,Anthony LLC,P7614,11,3.2
SUP1030,Ochoa-Villegas,P1650,20,3.9
SUP1031,Thompson LLC,P9442,4,2.9
SUP1032,Fuller-Huynh,P6941,14,4.6
SUP1033,Flores Group,P507,9,4.7
SUP1034,"Holmes, Gomez and Campbell",P7213,20,2.5
SUP1035,"Bell, Mosley and Anderson",P6837,4,3.0
SUP1036,"Phillips, Phillips and Gray",P2510,11,2.8
SUP1037,Dawson-Drake,P7841,15,4.9
SUP1038,Cox PLC,P7653,12,4.6
SUP1039,Smith Group,P1532,12,3.5
SUP1040,"Allen, Green and Parker",P8875,3,3.9
SUP1041,Swanson-Dickson,P1020,20,3.0
SUP1042,"Baker, Melton and Kim",P777,17,4.9
SUP1043,"Martinez, Clark and Weaver",P3673,16,2.8
SUP1044,Butler-Lloyd,P6518,2,3.1
SUP1045,Baker-Johnson,P919,10,2.8
SUP1046,Robinson-Ellison,P1783,6,4.2
SUP1047,Webster Inc,P108,4,4.3
SUP1048,"Whitaker, Armstrong and Yoder",P4498,3,4.7
SUP1049,Knox-Anderson,P6100,9,3.4
SUP1050,Jensen Group,P8289,17,3.9
SUP1051,Weeks Group,P120,18,3.8
SUP1052,Hernandez-Clark,P2954,14,4.2
SUP1053,"Mcdowell, White and Garcia",P5519,2,3.2
SUP1054,Smith-Walter,P8666,6,3.5
SUP1055,"Haynes, Gonzales and Smith",P9337,20,3.7
SUP1056,Weber PLC,P6288,16,3.0
SUP1057,"Rodriguez, Deleon and Barrera",P7642,16,3.4
SUP1058,Cameron-Dean,P2760,16,3.7
SUP1059,"Chang, Mills and Payne",P9429,14,4.7
SUP1060,Sullivan LLC,P7235,7,4.3
SUP1061,Williams-Coleman,P6304,10,3.6
SUP1062,"Snyder, Mckee and Alvarez",P9143,17,4.4
SUP1063,Williams-Kelly,P1809,2,4.7
SUP1064,"Vasquez, Austin and Moore",P8330,13,4.6
SUP1065,Myers Ltd,P2964,17,3.7
SUP1066,Smith-Dixon,P5458,11,3.5
SUP1067,Gray Ltd,P3780,20,4.0
SUP1068,Cordova-Glover,P9411,8,4.6
SUP1069,"Stewart, Delgado and Harris",P2780,8,4.4
SUP1070,Anderson LLC,P3078,16,3.2
SUP1071,Castillo-Martin,P1796,6,2.8
SUP1072,Richmond Group,P1142,8,3.9
SUP1073,Arroyo PLC,P8323,20,3.7
SUP1074,Howe-Williams,P6532,18,2.9
SUP1075,Smith Inc,P315,3,3.1
SUP1076,"Evans, Barnes and Carroll",P1548,20,3.0
SUP1077,Campbell PLC,P1685,8,4.8
SUP1078,Holloway Group,P7585,14,4.9
SUP1079,"Burns, Adams and Sharp",P4808,16,2.6
SUP1080,"Yates, Nunez and Gilbert",P1658,14,3.0
SUP1081,"Jenkins, West and Schwartz",P2812,20,4.5
SUP1082,Guerrero-Martinez,P3932,18,3.3
SUP1083,Parker-Dominguez,P5722,19,3.7
SUP1084,Stein-Williams,P7774,11,3.8
SUP1085,Gross-Hall,P1369,9,4.9
SUP1086,Wall LLC,P5964,15,3.3
SUP1087,"Brown, Yates and Tate",P216,3,3.0
SUP1088,"Stevenson, Jones and Caldwell",P215,2,4.9
SUP1089,Tran-Henderson,P8794,2,4.3
SUP1090,"Werner, Duffy and Fisher",P8918,3,4.4
SUP1091,"Castaneda, Grant and Thomas",P3566,7,2.8
SUP1092,Morris-Martinez,P1434,7,3.2
SUP1093,"Price, Oneill and Payne",P2629,20,3.2
SUP1094,Guzman Inc,P8924,18,3.1
SUP1095,Copeland Ltd,P1341,2,2.8
SUP1096,"Nolan, Johnson and Ali",P7836,12,4.8
SUP1097,"Snyder, Nicholson and Parks",P7612,18,3.7
SUP1098,"Cooper, Barnes and Kirby",P5383,3,3.5
SUP1099,Gordon-Johnson,P5270,10,4.4
SUP1100,"Peterson, Edwards and Moore",P3361,13,2.6
SUP1101,Cannon-Rice,P3745,17,4.8
SUP1102,"Johnson, Olsen and Smith",P3348,18,4.1
SUP1103,"Johnson, Davis and Khan",P6734,15,3.7
SUP1104,Martinez-Mitchell,P8734,12,4.5
SUP1105,"Palmer, Simmons and Craig",P6172,17,4.1
SUP1106,Lane LLC,P6006,13,4.3
SUP1107,Ward-Williams,P9639,6,2.8
SUP1108,"Powell, Alexander and Schroeder",P8026,10,3.2
SUP1109,Ball-Thompson,P9394,12,4.8
SUP1110,Johnson-Carson,P2475,16,2.6
SUP1111,Frederick-Murphy,P9389,12,4.1
SUP1112,Rosales-Dunn,P5600,9,3.8
SUP1113,"Copeland, Nguyen and Lloyd",P1532,20,3.3
SUP1114,"Ruiz, Miller and Wong",P6164,5,3.6
SUP1115,Taylor PLC,P5236,14,3.7
SUP1116,Nelson Inc,P5604,7,3.1
SUP1117,"Matthews, Ponce and Gibbs",P5431,6,3.1
SUP1118,"Lam, Hodge and Martin",P4788,13,4.4
SUP1119,"Tran, Palmer and Vega",P7127,11,4.4
SUP1120,Coleman Group,P3553,17,3.8
SUP1121,Baker-Hernandez,P5548,14,3.5
SUP1122,"Clark, Stone and Bryant",P3954,20,4.4
SUP1123,Walters Group,P3149,11,3.0
SUP1124,Knapp and Sons,P9608,7,4.6
SUP1125,Allen PLC,P3418,4,2.6
SUP1126,Hughes-Daniels,P6099,7,4.2
SUP1127,Shields Group,P9803,10,3.9
SUP1128,Morgan PLC,P6636,9,3.9
SUP1129,"Vasquez, Marquez and Hill",P1922,10,4.5
SUP1130,Williams-Willis,P174,13,4.4
SUP1131,"Bailey, Clements and Eaton",P8384,8,2.8
SUP1132,Silva and Sons,P4668,14,4.4
SUP1133,Mcguire Group,P2474,16,3.9
SUP1134,Davidson-Haynes,P1359,15,4.6
SUP1135,Barnes-Diaz,P7926,3,2.9
SUP1136,Moreno-Daniels,P9155,9,4.3
SUP1137,Waters Inc,P9415,20,2.6
SUP1138,"Doyle, Roberts and Chavez",P1572,5,3.6
SUP1139,"Acevedo, Frederick and Jennings",P1636,20,2.8
SUP1140,Henderson-Foster,P3737,16,2.5
SUP1141,Kim-Thomas,P7368,15,2.8
SUP1142,Gross-Wheeler,P3522,13,3.7
SUP1143,"Schultz, Weaver and Clark",P630,4,2.8
SUP1144,Drake and Sons,P307,17,2.7
SUP1145,Vance-Humphrey,P7950,19,4.7
SUP1146,Gonzalez Group,P14,4,5.0
SUP1147,Jensen Ltd,P1345,20,2.7
SUP1148,Wheeler-Walters,P3698,17,3.6
SUP1149,Howard-Humphrey,P5752,12,3.7
SUP1150,Drake Ltd,P1314,3,4.2
SUP1151,"Reed, Mitchell and Murphy",P3948,15,3.8
SUP1152,Cain and Sons,P5129,13,3.7
SUP1153,"Roberts, Arnold and Richardson",P1068,18,2.8
SUP1154,"Lee, Pitts and Walker",P473,2,4.3
SUP1155,"Miller, Gonzalez and Brown",P1438,9,4.3
SUP1156,"Jackson, Potts and Day",P8390,5,4.1
SUP1157,Hernandez PLC,P9705,16,2.8
SUP1158,"Shaw, Armstrong and Owens",P565,12,4.1
SUP1159,Burton PLC,P8212,3,4.1
SUP1160,Williams-Johnson,P8658,3,4.2
SUP1161,Johnson-Watson,P5114,17,3.1
SUP1162,"Johnson, Tucker and Davis",P2598,9,3.7
SUP1163,Chapman Ltd,P6120,4,4.6
SUP1164,Christensen-Foley,P3966,3,4.1
SUP1165,White PLC,P1608,17,4.2
SUP1166,"Lewis, Collins and Hurst",P976,13,3.4
SUP1167,White Group,P8288,4,2.6
SUP1168,Collins LLC,P6396,16,2.6
SUP1169,"Flynn, Stark and Ward",P6491,20,4.8
SUP1170,Turner LLC,P5033,20,4.3
SUP1171,Fuentes Group,P7254,12,4.6
SUP1172,"Poole, Johnson and Perkins",P6527,12,2.6
SUP1173,"Jones, Davis and Russell",P4735,7,4.0
SUP1174,Hampton-Martinez,P5328,20,2.6
SUP1175,Black-Stevens,P6266,12,4.8
SUP1176,Chavez Group,P9518,2,3.2
SUP1177,Wilson-Thomas,P205,18,3.4
SUP1178,"Anderson, Tran and Parks",P5593,3,4.8
SUP1179,Pittman-Tucker,P7981,9,3.3
SUP1180,Cruz-Jones,P2700,16,3.9
SUP1181,"Garner, Patterson and White",P850,4,3.5
SUP1182,"Schaefer, Taylor and Barnes",P1180,6,3.6
SUP1183,"Nguyen, Warren and Hayes",P7902,7,2.7
SUP1184,Payne LLC,P6041,20,2.7
SUP1185,"Wilson, Koch and Kelley",P6110,2,4.4
SUP1186,Fitzgerald-Andrews,P4968,18,3.9
SUP1187,James LLC,P2030,6,3.9
SUP1188,Acevedo-Sanchez,P329,2,3.7
SUP1189,"Weeks, Moore and Thornton",P555,6,4.4
SUP1190,"Patterson, Brooks and Hardy",P2926,10,2.6
SUP1191,"Rivers, Cook and Landry",P4252,19,2.8
SUP1192,Cortez-Lawrence,P6224,17,4.4
SUP1193,"Martin, Craig and Smith",P7682,16,4.7
SUP1194,Jones Ltd,P7598,19,4.8
SUP1195,"Thompson, Brown and Taylor",P556,3,2.6
SUP1196,Stephens-Turner,P3566,11,4.5
SUP1197,Stewart-Robles,P9379,8,4.0
SUP1198,"Long, Brown and Woods",P6801,13,3.8
SUP1199,"Parker, Arroyo and Osborne",P9237,5,3.1
SUP1200,"Morgan, Gonzales and Jones",P7835,3,2.9
SUP1201,Garcia Group,P3832,16,3.6
SUP1202,Arnold-Ellis,P9894,10,3.9
SUP1203,Stephens Group,P7334,13,4.6
SUP1204,Butler Group,P1548,13,4.2
SUP1205,Jackson Inc,P1583,17,3.1
SUP1206,Moore Group,P8951,2,3.9
SUP1207,Cox-Hill,P2721,7,3.7
SUP1208,Kelly Group,P3235,9,3.1
SUP1209,Williams-Tyler,P1609,17,2.7
SUP1210,"Graham, Hickman and Rogers",P2403,4,3.9
SUP1211,Marshall-Gibbs,P8012,4,4.3
SUP1212,"Knight, Brown and Owens",P5290,13,3.4
SUP1213,"Brooks, Brown and Pittman",P5042,5,4.6
SUP1214,Calderon Group,P6878,14,4.7
SUP1215,Bailey PLC,P6511,5,2.8
SUP1216,Wright-Armstrong,P9568,3,4.4
SUP1217,Gray-Cobb,P434,8,4.1
SUP1218,Powell-Harris,P2115,6,4.3
SUP1219,Martin PLC,P5052,12,4.5
SUP1220,"Ware, Murphy and Perez",P3982,5,4.6
SUP1221,Robinson PLC,P2532,7,4.9
SUP1222,"Aguilar, Farmer and Tanner",P9456,5,2.9
SUP1223,"Jones, Barber and Lane",P690,13,4.2
SUP1224,Brown Inc,P1743,13,3.8
SUP1225,Hess-Davila,P7505,12,3.9
SUP1226,Phillips LLC,P2016,15,3.3
SUP1227,Harris Ltd,P9547,2,4.5
SUP1228,Nguyen Group,P9383,5,3.6
SUP1229,Bush-Flores,P8855,15,3.1
SUP1230,Smith-Anderson,P84,7,3.8
SUP1231,Howe LLC,P6257,4,3.6
SUP1232,Bell-Garcia,P499,12,3.8
SUP1233,Potts-Scott,P1261,18,3.6
SUP1234,"Grant, Stewart and Grant",P770,10,3.5
SUP1235,Stewart Group,P2838,16,3.9
SUP1236,Wilson-Jones,P4326,16,4.2
SUP1237,Aguilar Inc,P5007,20,3.5
SUP1238,Foley LLC,P3459,9,3.9
SUP1239,Miller-Prince,P1852,5,4.1
SUP1240,Christian-Hernandez,P6366,9,3.0
SUP1241,Ramirez-Knight,P9311,19,2.9
SUP1242,Brown Group,P7897,7,4.9
SUP1243,Good-Garcia,P1939,9,3.3
SUP1244,"Martinez, Alexander and Carter",P5317,6,3.2
SUP1245,Foster-Horton,P6357,11,4.1
SUP1246,Hernandez Inc,P9562,16,4.5
SUP1247,Morgan and Sons,P1690,7,2.6
SUP1248,Merritt-Hudson,P4845,20,3.5
SUP1249,Jones Inc,P3685,11,2.9
SUP1250,Sanchez LLC,P8767,20,3.6
SUP1251,"Harrell, Harris and Myers",P6925,12,3.3
SUP1252,Lynch PLC,P8339,14,4.0
SUP1253,"Wilkerson, Howard and Contreras",P9189,4,4.5
SUP1254,Beasley LLC,P7720,5,3.1
SUP1255,Cain and Sons,P7399,9,3.6
SUP1256,"Wright, Davis and Anderson",P2540,16,3.3
SUP1257,Montes Group,P7174,11,3.4
SUP1258,Gibson and Sons,P7971,8,4.4
SUP1259,Velazquez-Nguyen,P1391,9,4.0
SUP1260,"Edwards, Miller and Lawson",P8260,10,3.6
SUP1261,Montgomery Inc,P6054,17,3.0
SUP1262,Phelps LLC,P5402,20,4.9
SUP1263,"Kirk, Copeland and Henry",P3619,13,4.7
SUP1264,Watson-Arnold,P9877,5,5.0
SUP1265,Delgado Ltd,P1812,2,3.0
SUP1266,Dean and Sons,P5723,11,4.0
SUP1267,Spencer Ltd,P2121,19,4.5
SUP1268,"Lewis, Bryant and Odonnell",P1238,19,4.8
SUP1269,"Roberts, Willis and Turner",P6923,11,4.3
SUP1270,Williams-Coleman,P4645,14,4.9
SUP1271,Miller Ltd,P6059,5,3.1
SUP1272,Wilkerson LLC,P6423,14,4.4
SUP1273,"Garcia, Flores and Wallace",P4480,18,4.7
SUP1274,Webster Inc,P7035,2,3.1
SUP1275,Torres Inc,P9555,3,3.7
SUP1276,"Klein, Massey and Murphy",P9313,14,4.4
SUP1277,"Hayes, King and Jones",P7385,7,3.8
SUP1278,Knight and Sons,P6262,2,3.5
SUP1279,Taylor LLC,P5560,7,2.7
SUP1280,Thomas-Young,P7613,2,4.7
SUP1281,Reyes-Campbell,P4570,16,3.7
SUP1282,Solis-Garrison,P1656,9,4.1
SUP1283,Matthews Inc,P9565,10,2.9
SUP1284,Allen-Hayden,P9856,5,2.6
SUP1285,Gonzales-Singh,P1826,11,4.1
SUP1286,"Jenkins, Serrano and Reeves",P9235,7,4.0
SUP1287,Garza and Sons,P6930,7,4.7
SUP1288,"Johns, Barton and Williams",P7529,18,2.7
SUP1289,Barnes-Vaughn,P638,14,4.6
SUP1290,James-Smith,P6767,4,4.7
SUP1291,"Thomas, Francis and Barber",P5809,3,4.2
SUP1292,Robinson-Clark,P2716,17,3.4
SUP1293,"King, Norton and Durham",P7445,12,3.0
SUP1294,"Duarte, Kelly and Moore",P2913,9,3.5
SUP1295,King-Barber,P5666,7,5.0
SUP1296,"Guzman, Miller and Brown",P6453,4,4.5
SUP1297,"Mcintyre, Brown and Wheeler",P3474,2,4.3
SUP1298,"Rodriguez, Barton and Howard",P1217,20,3.1
SUP1299,Brooks-Yoder,P7768,14,4.6
SUP1300,"Smith, York and Wolfe",P8580,4,2.8
SUP1301,Cohen Inc,P834,2,2.9
SUP1302,Simmons-Duncan,P4758,9,3.7
SUP1303,Foster-Salazar,P5921,5,3.6
SUP1304,Garcia Ltd,P3657,10,4.4
SUP1305,"Smith, Davis and Thompson",P6427,6,4.5
SUP1306,"Martin, Morales and Wilson",P6271,11,4.0
SUP1307,"Berg, Davis and Gonzalez",P4713,9,3.6
SUP1308,Davis-Lewis,P2433,12,4.7
SUP1309,Stephenson Inc,P7844,15,2.8
SUP1310,"Thomas, Thompson and Lopez",P9774,7,4.9
SUP1311,Arnold-Nunez,P1550,15,4.1
SUP1312,"Hawkins, Guzman and Crawford",P7563,14,4.3
SUP1313,Kirk Inc,P4356,17,4.0
SUP1314,Jones-Paul,P261,15,4.7
SUP1315,Turner-Johnson,P3347,4,2.7
SUP1316,Jones PLC,P7177,8,2.8
SUP1317,Barron PLC,P449,6,3.0
SUP1318,"Bennett, Harmon and Brown",P7272,9,2.9
SUP1319,Stewart-Glenn,P3697,7,4.6
SUP1320,Greer-Trevino,P1319,16,2.7
SUP1321,Allen-Hawkins,P9248,13,2.8
SUP1322,Norris Group,P1041,13,4.4
SUP1323,"Perry, Santos and Garcia",P246,11,3.8
SUP1324,"Sweeney, Lucas and Johnson",P2367,15,4.5
SUP1325,Wade LLC,P1797,20,3.4
SUP1326,Walker LLC,P2496,9,4.9
SUP1327,Smith-Nguyen,P6371,5,3.9
SUP1328,"Livingston, Smith and Simpson",P1566,19,3.9
SUP1329,Dawson-Chapman,P7849,8,2.7
SUP1330,Simmons Inc,P9175,5,2.5
SUP1331,Johnson-Garcia,P8455,8,4.7
SUP1332,Davis-Evans,P5118,13,4.1
SUP1333,"Miller, Castro and Reid",P2166,4,2.6
SUP1334,Dickerson Group,P6375,4,2.8
SUP1335,Brooks Ltd,P2618,13,4.0
SUP1336,"Stein, Wolfe and Frazier",P439,15,2.7
SUP1337,Bennett PLC,P1631,13,4.2
SUP1338,Johnson PLC,P5331,4,3.5
SUP1339,Walsh-Robles,P4309,15,4.1
SUP1340,"Dougherty, Beasley and Freeman",P8564,19,4.6
SUP1341,Williams Inc,P2429,12,4.0
SUP1342,Gutierrez-Gonzalez,P8295,14,4.7
SUP1343,Ho LLC,P8913,7,3.7
SUP1344,Waters Inc,P8009,11,4.4
SUP1345,"Brewer, Rice and Oconnor",P6379,11,4.0
SUP1346,Cunningham-Anderson,P4295,8,4.9
SUP1347,Good and Sons,P509,5,4.9
SUP1348,Bass-Rodriguez,P3645,5,5.0
SUP1349,Steele Ltd,P9778,8,4.3
SUP1350,Harris-Anderson,P7748,2,4.5
SUP1351,Graham-Morris,P5049,17,4.4
SUP1352,Berry LLC,P7211,5,3.8
SUP1353,"Franco, Brown and Vega",P724,13,3.2
SUP1354,Spears-Carter,P70,3,4.1
SUP1355,Todd Inc,P6689,15,3.8
SUP1356,Smith Group,P7775,12,4.9
SUP1357,Dixon LLC,P4988,15,4.3
SUP1358,Cortez LLC,P7623,5,4.6
SUP1359,"Johnson, Holder and Sexton",P2409,17,2.9
SUP1360,Vaughan Inc,P6930,8,4.8
SUP1361,Montgomery Ltd,P7436,3,3.4
SUP1362,"Rodgers, White and Hughes",P6852,15,3.6
SUP1363,Young-Mcconnell,P3746,7,2.8
SUP1364,Contreras-Jacobs,P7904,12,3.4
SUP1365,"Lucas, Mclean and Russell",P9853,20,3.8
SUP1366,Campos-Ruiz,P1581,6,4.9
SUP1367,Welch-Williams,P9006,20,4.5
SUP1368,Leblanc LLC,P347,8,3.9
SUP1369,"Cunningham, Taylor and Schroeder",P9967,10,4.4
SUP1370,Garza Group,P8600,17,3.4
SUP1371,"Robinson, Tanner and Glenn",P8291,14,3.4
SUP1372,Jones-Mullins,P9324,17,3.1
SUP1373,"Lawrence, Hall and Nelson",P9999,13,3.1
SUP1374,Fitzpatrick-Martin,P6577,11,4.8
SUP1375,Stevenson Ltd,P5217,16,4.7
SUP1376,Fletcher Group,P1546,6,4.5
SUP1377,Ryan and Sons,P9828,17,4.1
SUP1378,"Cooper, White and Brown",P4446,9,4.3
SUP1379,Lopez-Alexander,P4527,2,4.9
SUP1380,Green Group,P4278,3,5.0
SUP1381,Dalton-Fuentes,P3400,14,4.1
SUP1382,"Gallegos, Brown and James",P2940,5,4.8
SUP1383,Lozano Group,P7644,20,3.9
SUP1384,"Rojas, Miller and Rice",P1696,18,4.6
SUP1385,Johnston-Lozano,P4334,18,4.1
SUP1386,Santos and Sons,P2454,6,3.7
SUP1387,"Lopez, White and Murphy",P1751,19,3.3
SUP1388,Ball Ltd,P247,19,4.6
SUP1389,Taylor LLC,P1898,14,3.6
SUP1390,Harvey-Steele,P3464,14,3.0
SUP1391,Sanchez LLC,P1116,5,4.5
SUP1392,Montgomery-Jones,P7273,3,3.5
SUP1393,Lara Ltd,P3322,11,4.5
SUP1394,Arias Ltd,P4552,4,3.0
SUP1395,"Marshall, Aguilar and Miller",P7493,12,4.3
SUP1396,Wilson-Jones,P59,19,3.8
SUP1397,"Freeman, Jacobs and Martin",P6670,2,3.8
SUP1398,"Ford, Smith and Ball",P4648,16,4.9
SUP1399,Mitchell LLC,P9834,8,2.9
SUP1400,"Jones, White and Hobbs",P9875,9,2.9
SUP1401,Sosa PLC,P1993,20,4.3
SUP1402,"Kennedy, Ward and Hamilton",P8487,6,4.2
SUP1403,"Miller, Phillips and Burch",P8266,2,3.9
SUP1404,"Brown, Lopez and Rice",P2846,11,3.5
SUP1405,Taylor-Smith,P5400,15,4.5
SUP1406,Galloway Group,P6474,14,3.7
SUP1407,King-Briggs,P5882,10,2.6
SUP1408,Jenkins Ltd,P830,2,3.0
SUP1409,"Houston, Curry and Miller",P910,19,3.0
SUP1410,Scott Group,P3791,8,3.0
SUP1411,Krause Group,P5643,12,2.9
SUP1412,"Williams, Pearson and White",P4618,6,4.8
SUP1413,Sullivan-Johnson,P9314,12,3.3
SUP1414,"Lee, Summers and Parks",P3906,14,4.8
SUP1415,Jones-Elliott,P4736,19,3.9
SUP1416,"Cannon, Torres and Hicks",P5489,4,4.5
SUP1417,Thomas-Martin,P5225,2,4.1
SUP1418,"Figueroa, Berry and Lowe",P9747,2,4.9
SUP1419,"Marshall, Butler and Anderson",P2264,19,4.3
SUP1420,Holmes Inc,P2243,8,4.1
SUP1421,Jennings LLC,P5853,2,3.4
SUP1422,"Roberts, Hunt and Ramsey",P4989,13,4.8
SUP1423,Molina-Kennedy,P6443,15,4.1
SUP1424,"Martinez, Whitaker and Li",P6862,20,3.7
SUP1425,"Marshall, Rose and Stout",P3848,12,4.0
SUP1426,"Mitchell, Morgan and Phillips",P3188,19,2.9
SUP1427,"Fisher, Phillips and Callahan",P6789,17,4.4
SUP1428,Watkins LLC,P1942,4,3.3
SUP1429,Alexander-Martinez,P3770,4,3.3
SUP1430,"Kennedy, Butler and Harper",P5566,12,3.4
SUP1431,Harris-Rowe,P7502,14,2.7
SUP1432,Smith LLC,P9689,8,3.3
SUP1433,Johnson Ltd,P2048,19,3.5
SUP1434,"Crosby, Perkins and Robinson",P8563,10,3.1
SUP1435,Nelson PLC,P3547,12,4.9
SUP1436,Webster-Valdez,P4281,19,3.5
SUP1437,"Price, Daniels and Griffin",P7343,4,4.1
SUP1438,Johnson-Glover,P1835,5,3.6
SUP1439,Cooper Ltd,P3814,9,3.6
SUP1440,"Bailey, Miller and Conrad",P8809,18,2.7
SUP1441,"Lawson, Duffy and Ford",P6106,7,2.7
SUP1442,Wilson-Mitchell,P3469,6,2.8
SUP1443,Johnson Inc,P5348,19,2.5
SUP1444,"Burke, Jackson and Gutierrez",P7297,4,3.3
SUP1445,Evans-Norton,P4490,16,3.8
SUP1446,Dougherty LLC,P2878,5,3.0
SUP1447,Ellis-Chen,P7394,4,4.5
SUP1448,"Moran, Holmes and Valentine",P2588,2,3.5
SUP1449,Morgan-Cline,P6061,2,3.3
SUP1450,"Ramos, Jacobs and Cooper",P9965,2,4.0
SUP1451,Garrett-Rodriguez,P130,5,4.8
SUP1452,Aguirre-Gibson,P4155,18,4.1
SUP1453,Brown PLC,P4290,8,3.1
SUP1454,"Rodriguez, Murphy and Olson",P3374,9,3.4
SUP1455,Stevens PLC,P4600,13,4.9
SUP1456,"Williams, Cohen and Arellano",P9733,19,2.8
SUP1457,"Kelly, Smith and Alexander",P6289,12,2.8
SUP1458,Grant-Hart,P1369,13,2.6
SUP1459,"Johnson, Lawson and Vazquez",P2364,17,3.1
SUP1460,Kim Group,P2081,6,3.6
SUP1461,Lindsey-Murphy,P9016,19,2.7
SUP1462,Hill Ltd,P9269,9,3.7
SUP1463,Reynolds-Hood,P6268,13,4.8
SUP1464,Ward-Hamilton,P7180,3,2.6
SUP1465,Lucas LLC,P8208,19,3.9
SUP1466,Graves LLC,P7629,7,3.2
SUP1467,Smith LLC,P3422,3,2.8
SUP1468,Lane-Riley,P4446,5,3.7
SUP1469,Navarro-Lee,P1736,17,3.9
SUP1470,Rios Group,P5782,19,3.5
SUP1471,Barnes PLC,P6185,12,3.7
SUP1472,Franklin and Sons,P6319,16,4.8
SUP1473,Cole Ltd,P8292,11,4.7
SUP1474,"Lee, Yang and Dunn",P1094,5,4.4
SUP1475,Mitchell Ltd,P3391,10,4.8
SUP1476,Meyer-Michael,P9490,20,4.2
SUP1477,Thompson-Torres,P8776,20,4.8
SUP1478,"Underwood, Phillips and Hawkins",P4442,10,4.1
SUP1479,"Lewis, Steele and Morgan",P7131,15,3.9
SUP1480,Coffey-Hernandez,P4103,7,4.2
SUP1481,Mahoney and Sons,P4795,9,4.3
SUP1482,Garcia Group,P4096,2,2.8
SUP1483,"Hess, Howard and Richardson",P8717,17,4.1
SUP1484,Anderson-Cox,P3841,2,2.5
SUP1485,Rivas-Donaldson,P9153,11,4.1
SUP1486,Mejia-Hess,P520,13,3.2
SUP1487,Stanley PLC,P2941,6,2.8
SUP1488,Wilson-Flores,P7112,13,3.0
SUP1489,"Dixon, Mooney and Williams",P28,19,3.2
SUP1490,"Martinez, Juarez and Hernandez",P3238,4,3.8
SUP1491,Smith Group,P5167,3,3.1
SUP1492,Fisher-Franco,P8435,16,4.4
SUP1493,"Hopkins, Reilly and Murray",P7754,15,4.7
SUP1494,Jones-Aguilar,P645,3,3.3
SUP1495,"Jimenez, Wilson and Mcmahon",P6955,15,3.9
SUP1496,"Smith, House and Fisher",P1183,11,3.3
SUP1497,"Johnson, Jennings and Campbell",P3864,20,4.8
SUP1498,"Johnson, May and Thomas",P2328,7,3.3
SUP1499,"Collins, Jones and Lester",P403,19,4.0
SUP1500,Mata-Moody,P2733,11,3.0
SUP1501,Harris Inc,P7990,19,3.3
SUP1502,Smith PLC,P8719,9,4.6
SUP1503,"Lopez, Patel and Sanders",P5324,20,3.0
SUP1504,Carter LLC,P2101,8,4.6
SUP1505,Meyer-Wright,P6162,6,3.9
SUP1506,Mccarthy and Sons,P6299,14,3.8
SUP1507,"Harris, Brewer and Martin",P3815,4,2.9
SUP1508,Smith-Velazquez,P7885,3,2.9
SUP1509,"Howell, Smith and Weaver",P6572,20,4.9
SUP1510,Frey Inc,P7325,14,3.8
SUP1511,Roberts-Knapp,P8325,12,4.4
SUP1512,Key and Sons,P8329,13,4.2
SUP1513,"Welch, Anderson and Schneider",P4555,13,4.2
SUP1514,Thompson Inc,P6611,5,5.0
SUP1515,"Meyer, Johnson and Browning",P2288,10,3.7
SUP1516,"Spencer, Spencer and Lewis",P7614,4,4.4
SUP1517,Rodriguez-Rivera,P4503,17,4.0
SUP1518,Hughes-Montoya,P8094,3,2.7
SUP1519,Lopez-Boyd,P8822,12,4.3
SUP1520,Woods Inc,P9073,11,3.8
SUP1521,Martinez Group,P8726,11,4.2
SUP1522,Mueller and Sons,P9230,18,4.6
SUP1523,"Harrison, Lloyd and Cox",P4142,15,4.9
SUP1524,Cook-Miller,P3692,16,4.2
SUP1525,Miller-Horne,P811,17,2.6
SUP1526,Brewer-Adams,P1361,17,4.8
SUP1527,"Hall, Jimenez and Brown",P1136,14,3.7
SUP1528,Hopkins-Allen,P2176,2,3.6
SUP1529,Munoz-Rosario,P7765,10,4.4
SUP1530,"Myers, Thomas and Morris",P9770,14,3.1
SUP1531,Bishop Ltd,P5003,16,3.0
SUP1532,"Simpson, Johnson and Yu",P4842,13,3.9
SUP1533,Wood-Vance,P6115,5,4.8
SUP1534,Thompson-Smith,P234,4,4.1
SUP1535,"Perez, Wilson and Freeman",P9313,10,3.6
SUP1536,Wise-Franklin,P8894,19,2.9
SUP1537,Davis-Williams,P5393,17,4.8
SUP1538,Harrington-Lopez,P8631,18,4.2
SUP1539,Chapman PLC,P7468,9,4.3
SUP1540,"Blair, Estrada and Evans",P4162,19,3.5
SUP1541,Alvarez LLC,P2475,19,4.1
SUP1542,Davis-Potter,P5201,3,2.6
SUP1543,"Ray, King and Drake",P9256,16,4.7
SUP1544,Scott Inc,P3179,14,4.2
SUP1545,Scott-Anderson,P3782,16,4.7
SUP1546,Campbell Ltd,P6196,10,4.4
SUP1547,Rangel-Palmer,P1344,16,3.7
SUP1548,Ewing-Cervantes,P7138,8,3.9
SUP1549,Sanchez Inc,P8722,17,3.9
SUP1550,"Ayers, Anthony and Johnson",P4831,14,3.0
SUP1551,Melendez Ltd,P8260,9,3.7
SUP1552,"Williams, Brown and Beasley",P8535,13,3.1
SUP1553,Rivera and Sons,P3459,11,3.6
SUP1554,Melton Group,P764,13,4.3
SUP1555,Baker Inc,P3722,20,4.2
SUP1556,Chapman Group,P2738,13,4.2
SUP1557,"Smith, Harper and Adams",P1485,4,3.5
SUP1558,Hughes-Mendoza,P6663,5,4.7
SUP1559,"Evans, Andersen and Smith",P9716,10,4.1
SUP1560,Weiss and Sons,P8900,9,4.9
SUP1561,Brewer PLC,P9825,5,4.2
SUP1562,Pitts Group,P9251,5,3.8
SUP1563,Kaiser Ltd,P8253,3,4.8
SUP1564,"Gibson, Hall and Mccormick",P7668,4,3.5
SUP1565,Jimenez-Foster,P9127,8,3.3
SUP1566,"Smith, Miller and Murphy",P9511,8,4.5
SUP1567,Frazier PLC,P4524,12,3.1
SUP1568,Adams Group,P9338,14,2.5
SUP1569,Gutierrez Group,P4575,11,4.8
SUP1570,Barrett and Sons,P2885,3,4.8
SUP1571,"Harrison, Miller and Hill",P1268,20,4.8
SUP1572,Harris-Gardner,P6928,7,2.7
SUP1573,"French, Williams and Moss",P9196,9,3.5
SUP1574,Conway-Pearson,P9640,13,2.7
SUP1575,"Gomez, Duffy and Wallace",P1728,4,4.9
SUP1576,"Allen, Saunders and Ward",P4419,12,4.7
SUP1577,Vargas-Frye,P9457,13,4.4
SUP1578,"Ellis, Castro and Price",P3612,8,3.5
SUP1579,"Deleon, Howell and Rhodes",P1156,19,2.9
SUP1580,Cook-Adams,P8982,3,3.7
SUP1581,"Morris, Lester and Elliott",P4764,19,4.9
SUP1582,Pham Group,P7406,5,2.9
SUP1583,Burton Group,P5355,17,2.9
SUP1584,Reyes Ltd,P3779,15,3.1
SUP1585,Cervantes Inc,P3204,13,3.0
SUP1586,Sims Ltd,P976,4,2.5
SUP1587,Klein Group,P3579,16,3.7
SUP1588,"Haynes, Stevens and Hall",P797,14,3.0
SUP1589,Ray-Dyer,P4923,13,4.7
SUP1590,Johnson LLC,P598,8,4.5
SUP1591,Berg Inc,P4367,2,3.8
SUP1592,"Garcia, Moody and Miller",P2097,10,4.8
SUP1593,Jones-Terry,P1765,8,2.7
SUP1594,Wilson-Campbell,P9509,12,4.0
SUP1595,Knight-Wiley,P948,18,3.4
SUP1596,Medina-Jimenez,P7139,10,2.9
SUP1597,Reynolds Group,P9414,17,4.1
SUP1598,Mack PLC,P6948,12,4.6
SUP1599,Hawkins-Banks,P1304,11,3.3
SUP1600,"King, Brown and Morris",P8241,11,3.0
SUP1601,Floyd and Sons,P4724,8,4.6
SUP1602,"Armstrong, Williams and Perez",P1421,15,4.3
SUP1603,Robinson and Sons,P1074,2,2.9
SUP1604,Bell Inc,P8412,14,3.9
SUP1605,"Clark, Jackson and Lewis",P5663,10,3.8
SUP1606,"Ward, Gibson and Campbell",P2891,3,4.2
SUP1607,"Lopez, Owens and Williamson",P9546,12,2.7
SUP1608,Freeman Ltd,P7160,8,2.8
SUP1609,Faulkner-Knapp,P2990,12,4.3
SUP1610,Contreras-Massey,P918,20,4.7
SUP1611,"Nunez, Kerr and Smith",P2431,8,4.5
SUP1612,Guzman-Krueger,P918,15,4.6
SUP1613,Buckley Inc,P4117,12,4.1
SUP1614,"Houston, Hughes and Black",P6350,8,4.0
SUP1615,"Joseph, Shaw and Gibson",P554,9,3.1
SUP1616,"Harris, Perkins and Turner",P836,7,4.5
SUP1617,Hall and Sons,P7603,2,4.7
SUP1618,"Martin, Rose and Jacobs",P8820,16,3.0
SUP1619,Hayden-Smith,P6934,7,4.7
SUP1620,Allen LLC,P6317,13,3.4
SUP1621,"Wright, Gamble and Ward",P5620,2,4.5
SUP1622,Ramirez and Sons,P3920,15,3.7
SUP1623,Reyes and Sons,P5868,20,2.8
SUP1624,Ward Inc,P317,13,2.6
SUP1625,Acosta-Martin,P9025,2,2.9
SUP1626,Mitchell PLC,P4912,3,3.0
SUP1627,Peterson Inc,P1993,6,3.0
SUP1628,"Ruiz, Gibson and Pierce",P7275,16,3.5
SUP1629,Dennis LLC,P1915,16,3.6
SUP1630,Ross and Sons,P2606,15,4.4
SUP1631,Mayo Group,P2192,7,2.6
SUP1632,Taylor Ltd,P6590,3,3.5
SUP1633,"Vazquez, Little and Cole",P7558,9,3.5
SUP1634,"Rivera, Preston and Fischer",P4273,2,3.0
SUP1635,Taylor Inc,P2558,8,3.6
SUP1636,Moore-Lopez,P8063,15,4.4
SUP1637,"Nelson, James and Rodriguez",P329,19,3.4
SUP1638,Howell LLC,P3222,6,3.0
SUP1639,Brown PLC,P4201,4,3.6
SUP1640,"Cobb, Wyatt and Wood",P5273,7,2.6
SUP1641,Ramos and Sons,P2517,5,2.8
SUP1642,Bryant and Sons,P6099,5,3.0
SUP1643,"Blevins, Leblanc and Cunningham",P101,4,2.8
SUP1644,Torres Ltd,P1930,17,4.2
SUP1645,Ward and Sons,P801,12,3.5
SUP1646,Smith-Horton,P917,18,3.5
SUP1647,Williams LLC,P8072,3,3.5
SUP1648,"Taylor, Jones and Marks",P9811,9,4.7
SUP1649,Mayo PLC,P1162,12,3.3
SUP1650,Taylor PLC,P9214,6,4.3
SUP1651,Mendoza LLC,P721,19,4.2
SUP1652,Hoffman-Wright,P9441,18,2.9
SUP1653,"Wong, Harris and Webb",P9746,19,4.0
SUP1654,"Willis, Gray and Watson",P7657,17,3.6
SUP1655,Anderson Inc,P1049,12,3.1
SUP1656,Williams LLC,P1460,11,4.8
SUP1657,Hall Inc,P95,7,4.3
SUP1658,"Harris, Fitzpatrick and Townsend",P2355,8,2.8
SUP1659,King-Evans,P6242,5,2.6
SUP1660,Moore Ltd,P939,17,2.8
SUP1661,Brown LLC,P1779,2,3.2
SUP1662,Griffin Inc,P4458,5,3.6
SUP1663,Rodriguez-Williams,P5966,14,3.8
SUP1664,Horne-Cook,P1704,7,4.9
SUP1665,Morgan PLC,P8136,4,2.8
SUP1666,"Wood, Alexander and Hanna",P8307,6,2.8
SUP1667,Miller-Young,P4869,20,3.0
SUP1668,"Fields, Diaz and Pierce",P8616,5,4.8
SUP1669,Williams-Carr,P8866,18,4.2
SUP1670,Baker PLC,P4356,16,4.3
SUP1671,Irwin and Sons,P1584,6,3.3
SUP1672,"Ramirez, Shepard and Lee",P5414,6,4.8
SUP1673,Sawyer-Mcdonald,P8149,10,2.7
SUP1674,Kelley LLC,P4442,17,3.4
SUP1675,Martinez-Sandoval,P5271,15,4.9
SUP1676,Cooke and Sons,P3123,9,2.9
SUP1677,"Diaz, Jordan and Morgan",P102,10,4.9
SUP1678,Contreras-Bryant,P9577,18,4.2
SUP1679,Walton Inc,P6126,20,3.3
SUP1680,Nelson Group,P582,4,3.1
SUP1681,Bennett LLC,P6019,16,4.5
SUP1682,Campbell LLC,P246,7,2.7
SUP1683,Mercer Inc,P2400,2,3.8
SUP1684,"Montoya, Nelson and Suarez",P2849,20,3.5
SUP1685,"Owen, Thomas and French",P6501,19,2.8
SUP1686,Hunter LLC,P5404,3,3.4
SUP1687,Cunningham-Murphy,P5691,5,2.5
SUP1688,Robinson-Keith,P3407,19,3.5
SUP1689,Nelson-Reid,P135,2,3.9
SUP1690,"Oneill, White and Mays",P9658,16,3.7
SUP1691,Miller-Parsons,P9810,16,4.8
SUP1692,"Kirk, Collins and Murray",P4831,9,2.8
SUP1693,Wilson-Young,P6756,19,3.7
SUP1694,Keller Inc,P7759,6,4.3
SUP1695,Cain-Parker,P3332,7,4.6
SUP1696,Hoover-Bridges,P2435,15,4.4
SUP1697,Mendoza-Robertson,P3700,4,3.6
SUP1698,Rose-Webb,P8718,18,4.3
SUP1699,Powell LLC,P6692,15,2.6
SUP1700,"Stephens, Key and Mcguire",P4406,6,3.5
SUP1701,Cardenas-Wilson,P4531,2,5.0
SUP1702,Roberts Inc,P9100,20,2.8
SUP1703,"Jones, Anderson and Bennett",P8599,8,4.6
SUP1704,Kent-White,P8500,17,3.4
SUP1705,"Maxwell, Francis and Rodriguez",P3245,4,2.8
SUP1706,Howell Ltd,P6387,15,2.9
SUP1707,"Thompson, Johnson and George",P2298,14,3.0
SUP1708,"Gross, Clark and Briggs",P8595,9,4.2
SUP1709,Christian Ltd,P9239,19,3.2
SUP1710,"Paul, Parks and Jenkins",P9283,16,4.0
SUP1711,White LLC,P2585,9,3.5
SUP1712,Burgess-Mason,P9444,10,3.3
SUP1713,Walker-Rivera,P8054,4,3.3
SUP1714,"Stein, Gonzalez and Sanders",P9911,3,2.8
SUP1715,Jordan LLC,P7256,5,4.0
SUP1716,Evans Ltd,P4808,9,3.6
SUP1717,Cox Ltd,P914,18,3.5
SUP1718,"Petersen, Lawrence and Lopez",P3906,11,2.6
SUP1719,"Casey, Griffith and Mcdonald",P8613,7,4.9
SUP1720,"Gomez, Wolfe and King",P5317,20,4.8
SUP1721,Sims-Johnson,P6451,20,4.1
SUP1722,Mora Inc,P3193,19,2.8
SUP1723,Gomez LLC,P1567,12,3.8
SUP1724,Williams Ltd,P3543,6,3.6
SUP1725,Lee LLC,P3489,17,4.3
SUP1726,Ramirez and Sons,P7230,17,2.8
SUP1727,Simpson-Duke,P3175,5,4.5
SUP1728,Ramirez PLC,P1186,17,2.8
SUP1729,Raymond LLC,P7202,13,4.8
SUP1730,Johnson-Mcgee,P2610,12,2.9
SUP1731,"Cooper, Jimenez and Thompson",P2236,2,2.6
SUP1732,Greene Inc,P1619,5,2.9
SUP1733,"Conley, Rose and Thompson",P6798,8,3.5
SUP1734,"Jackson, Khan and Stephens",P3139,7,3.8
SUP1735,"Knight, Christensen and Jones",P741,7,2.7
SUP1736,Cook Ltd,P8708,3,4.8
SUP1737,Gordon-Bennett,P5602,9,3.6
SUP1738,Clark-Calhoun,P5734,8,3.4
SUP1739,Collins-Fowler,P1259,20,4.4
SUP1740,Little Group,P731,17,4.9
SUP1741,Browning-Vega,P8592,3,2.5
SUP1742,Gray Inc,P7288,10,2.8
SUP1743,Farrell-Smith,P328,11,3.0
SUP1744,Rodriguez LLC,P6385,11,2.6
SUP1745,Vazquez-Parker,P9563,13,3.0
SUP1746,"Hanson, Brown and Adams",P7858,3,2.6
SUP1747,Martin LLC,P1783,15,4.3
SUP1748,Singleton PLC,P1681,2,3.4
SUP1749,Young-Benson,P3704,20,2.6
SUP1750,"Torres, Jones and Kim",P6564,17,4.0
SUP1751,"Miller, Lee and Henderson",P2427,18,4.8
SUP1752,"Richardson, Scott and Henry",P5968,10,3.8
SUP1753,"Jones, Hill and Graham",P2168,14,3.9
SUP1754,Franklin Ltd,P2761,8,4.6
SUP1755,"Hill, Ross and Shaffer",P902,9,4.3
SUP1756,Cook-Taylor,P3716,14,4.8
SUP1757,Brown LLC,P4808,18,4.5
SUP1758,"Duncan, Moore and Moore",P9262,3,3.4
SUP1759,"Ford, Davis and Chen",P1762,13,4.6
SUP1760,Lopez-Garcia,P9605,16,4.1
SUP1761,Meyer and Sons,P7433,19,4.0
SUP1762,Miller-Powell,P1153,13,3.5
SUP1763,Roberts-Perkins,P2717,14,3.3
SUP1764,Moore-Wilkinson,P3699,14,4.9
SUP1765,"Olson, Dixon and Nelson",P3110,15,4.6
SUP1766,"Williamson, Nielsen and Burch",P6351,7,3.0
SUP1767,Parker Group,P1563,18,4.0
SUP1768,"Orr, Nichols and Riley",P7404,3,2.6
SUP1769,"Cooper, Jackson and Booth",P2674,2,5.0
SUP1770,Rodriguez-Mejia,P3308,12,4.1
SUP1771,Contreras-Gentry,P6566,17,4.2
SUP1772,Strickland Ltd,P1840,17,4.1
SUP1773,Wood-Miller,P5091,13,4.1
SUP1774,"Petersen, Wilson and Phillips",P4141,7,3.0
SUP1775,Williams Inc,P8488,4,2.7
SUP1776,Harris-Vaughn,P8730,14,3.4
SUP1777,Shields-Fox,P2983,2,3.2
SUP1778,"Pitts, Johnson and Castro",P274,15,4.2
SUP1779,"Johnson, Lang and Smith",P474,3,3.5
SUP1780,Turner Inc,P9034,5,4.3
SUP1781,Long Group,P3021,5,4.6
SUP1782,Chandler-Long,P9071,5,3.9
SUP1783,Taylor LLC,P112,9,4.3
SUP1784,"Stanley, Perez and Bowman",P4013,8,2.9
SUP1785,Martinez-Davila,P7685,13,2.6
SUP1786,Anderson Inc,P7860,18,2.9
SUP1787,Jenkins-Mccann,P5698,14,3.3
SUP1788,Moore and Sons,P3748,8,3.8
SUP1789,"Scott, Green and Schwartz",P8007,3,3.3
SUP1790,"Hahn, Oneal and Davis",P95,7,3.9
SUP1791,Dunlap Group,P5487,4,2.5
SUP1792,Smith and Sons,P9480,19,3.8
SUP1793,Thompson-Powell,P3704,14,4.8
SUP1794,Allison-Frey,P3948,7,2.8
SUP1795,Lane Group,P6838,18,4.0
SUP1796,"Alvarez, Garza and Donovan",P1294,8,3.3
SUP1797,"Green, Schneider and Barrett",P5755,17,4.9
SUP1798,Wright LLC,P8483,13,3.4
SUP1799,"Friedman, Thompson and Williams",P7473,15,4.1
SUP1800,Landry-Pacheco,P1602,9,4.7
SUP1801,"Wolfe, Melendez and Smith",P4253,9,3.7
SUP1802,Stevens-Richards,P8548,15,3.1
SUP1803,"Roberts, Reyes and Mercado",P8042,20,3.3
SUP1804,Mitchell-Ford,P2602,11,3.0
SUP1805,"Bowen, Ponce and Simon",P9556,11,3.2
SUP1806,Cooke-Gonzalez,P5166,14,4.7
SUP1807,"Acevedo, Tran and Adkins",P3885,18,5.0
SUP1808,"Ingram, Smith and Miller",P4716,11,3.2
SUP1809,"Mathews, Roman and Lopez",P7880,16,3.6
SUP1810,Davis-Sanchez,P5144,16,3.8
SUP1811,Cardenas-Reed,P8590,19,4.8
SUP1812,Blair-Castillo,P1972,6,4.0
SUP1813,"Barr, Robinson and Miller",P680,12,3.6
SUP1814,Herman-Woods,P6092,5,4.8
SUP1815,"Pitts, Hale and Mejia",P5083,12,4.1
SUP1816,Bell LLC,P6039,20,4.0
SUP1817,Daniel-Harris,P1758,10,4.9
SUP1818,"Simmons, Campbell and Cantrell",P9838,3,4.1
SUP1819,Chambers Group,P5036,8,4.8
SUP1820,"Jensen, Boyer and Martinez",P5690,17,3.6
SUP1821,Burke-Gomez,P7343,10,3.6
SUP1822,"Hooper, Kelley and Bray",P6299,17,4.2
SUP1823,Jones LLC,P7341,3,4.1
SUP1824,Hale-Allen,P464,8,3.1
SUP1825,"Acevedo, Mack and Hess",P1622,12,3.4
SUP1826,"Cowan, Moore and Deleon",P6063,17,4.7
SUP1827,"Hopkins, Adams and Flynn",P3422,16,4.7
SUP1828,"Warren, Le and Good",P3542,2,2.9
SUP1829,Fitzgerald and Sons,P5170,13,3.5
SUP1830,"Walters, Carter and Munoz",P9687,2,3.7
SUP1831,Harris Ltd,P2588,12,2.5
SUP1832,"Rodriguez, Herrera and Contreras",P7004,6,2.7
SUP1833,"Bryant, Brown and Thompson",P3370,9,4.8
SUP1834,Gutierrez PLC,P440,10,4.1
SUP1835,Johnson-Graham,P7206,6,4.0
SUP1836,Wilson-Vasquez,P4667,6,3.6
SUP1837,"Jenkins, Smith and Maynard",P7422,8,3.5
SUP1838,Davis-Nelson,P5228,19,4.8
SUP1839,Harvey Group,P7395,10,3.4
SUP1840,Bowen-Powell,P5499,3,4.5
SUP1841,Frey LLC,P5996,19,4.2
SUP1842,"Garcia, Drake and Castillo",P3790,3,3.6
SUP1843,Patterson and Sons,P8010,12,4.8
SUP1844,King-Madden,P1439,4,3.1
SUP1845,"Garrett, Smith and Peterson",P3388,10,2.9
SUP1846,Kirk-Walsh,P1618,19,3.8
SUP1847,"Martinez, Jones and Smith",P1390,5,2.9
SUP1848,"Williams, Hampton and Jones",P582,7,4.1
SUP1849,"French, Nguyen and Jackson",P7805,3,4.4
SUP1850,Johns LLC,P8675,14,2.8
SUP1851,Lucero-Sanders,P6522,3,2.7
SUP1852,Lucas Group,P5940,12,4.6
SUP1853,"Harrell, Chen and Grant",P5444,15,4.9
SUP1854,Kelly Inc,P4676,17,3.6
SUP1855,Scott LLC,P3871,5,4.2
SUP1856,"Burns, Wilson and Miller",P4339,12,4.1
SUP1857,Edwards-West,P4773,11,3.4
SUP1858,"Woods, Ryan and White",P2092,11,3.9
SUP1859,Howell Inc,P3203,6,4.6
SUP1860,"Atkinson, Mitchell and Weaver",P7949,2,2.8
SUP1861,"Campbell, Ross and Hess",P8605,4,4.8
SUP1862,Terrell PLC,P1005,15,3.3
SUP1863,"Kennedy, Khan and Mathews",P5010,10,4.2
SUP1864,"Garcia, Kelly and Johnson",P3343,12,4.2
SUP1865,Davidson-Higgins,P8896,14,2.9
SUP1866,"Murphy, Brooks and Stokes",P2271,16,4.8
SUP1867,Taylor Group,P2708,19,3.4
SUP1868,"Cook, Bruce and Simmons",P4624,13,4.9
SUP1869,Acevedo Ltd,P4557,18,3.4
SUP1870,Kirk-Williams,P9377,14,4.2
SUP1871,"Sellers, Tucker and Greer",P2101,18,4.8
SUP1872,"Norris, Phillips and Paul",P257,14,4.0
SUP1873,"Brown, Jones and Smith",P9680,13,4.5
SUP1874,Richards PLC,P4479,4,4.6
SUP1875,"Mcconnell, Conley and Alvarez",P1075,9,3.8
SUP1876,Hill and Sons,P4991,3,5.0
SUP1877,Manning-Baker,P8209,13,4.9
SUP1878,"Craig, Wu and Edwards",P8371,14,3.0
SUP1879,"Miller, Lopez and Evans",P9555,20,3.6
SUP1880,"Rowe, Hunt and Bailey",P8348,12,2.8
SUP1881,Anderson-Campbell,P5667,18,2.7
SUP1882,"Martin, Moss and Barrett",P334,15,4.2
SUP1883,Cunningham-Moore,P9957,15,2.8
SUP1884,Taylor Ltd,P4226,2,3.7
SUP1885,Hutchinson-Jacobs,P1103,17,3.9
SUP1886,Harvey Ltd,P914,5,2.6
SUP1887,Ortiz-Simpson,P7190,7,4.0
SUP1888,"Tucker, Mcknight and Ward",P7299,16,3.2
SUP1889,Ochoa and Sons,P6949,15,3.3
SUP1890,Butler-Barton,P2736,10,3.0
SUP1891,Harris LLC,P9758,13,2.7
SUP1892,Wade-Rivas,P1971,12,2.7
SUP1893,Stewart-Adams,P6458,5,2.6
SUP1894,"Ballard, Carter and Stephens",P23,5,3.5
SUP1895,Flores Group,P1628,3,4.9
SUP1896,Edwards LLC,P4584,13,4.3
SUP1897,"Church, Bailey and Castaneda",P1396,15,3.6
SUP1898,Johnson Ltd,P5912,20,3.8
SUP1899,"Johns, Watts and Ellis",P3678,8,3.1
SUP1900,"Torres, Ward and Walker",P8663,8,3.5
SUP1901,Walker Inc,P3842,13,4.4
SUP1902,Alvarez-Fisher,P9301,20,2.9
SUP1903,Owens PLC,P2138,15,4.2
SUP1904,Johnson Ltd,P5848,6,4.8
SUP1905,"Carter, Hutchinson and Ward",P1992,4,4.9
SUP1906,Baker Ltd,P3662,11,4.0
SUP1907,"Salas, Smith and Goodwin",P2738,7,3.5
SUP1908,Leach-Roberts,P8968,3,3.2
SUP1909,"Smith, Graham and Wilson",P432,13,4.2
SUP1910,Fleming-Zamora,P6438,11,4.6
SUP1911,Vance LLC,P1917,2,3.6
SUP1912,Torres-Cantu,P2085,16,4.9
SUP1913,"Sullivan, White and Johnson",P6349,3,3.0
SUP1914,Hall Group,P3066,8,3.2
SUP1915,Jackson LLC,P6921,5,3.3
SUP1916,Travis Group,P7040,15,3.4
SUP1917,Zimmerman-Cox,P5514,11,2.7
SUP1918,Herrera and Sons,P9924,7,4.5
SUP1919,Baker LLC,P7368,17,4.6
SUP1920,"Friedman, Gibson and Martin",P7887,5,2.6
SUP1921,Acosta-Jones,P524,16,3.1
SUP1922,Castillo-Thomas,P9168,8,2.8
SUP1923,Owen Inc,P5862,20,3.2
SUP1924,Weaver-Rodriguez,P98,20,3.4
SUP1925,Johnson-Cruz,P961,2,2.8
SUP1926,Davis Inc,P9954,5,3.3
SUP1927,Olson-Terrell,P603,10,2.6
SUP1928,Morrison-Zhang,P4105,15,3.8
SUP1929,Charles-Barry,P3009,14,4.7
SUP1930,"Adams, Wood and Wright",P8501,10,3.0
SUP1931,Noble-Hall,P6014,7,3.7
SUP1932,Mckinney-Hampton,P4828,9,4.5
SUP1933,"Hahn, Houston and Hodge",P2058,7,4.7
SUP1934,Chavez-Mcneil,P4879,8,4.8
SUP1935,Frazier-Olson,P4983,13,3.8
SUP1936,Meyer-Cannon,P7119,13,4.2
SUP1937,"Torres, Mccormick and Ortega",P471,10,4.9
SUP1938,Sandoval Inc,P3826,6,2.6
SUP1939,Browning and Sons,P3846,9,2.5
SUP1940,"Lawson, Johnson and Porter",P3097,14,4.6
SUP1941,"Rodriguez, Johnson and Taylor",P4040,17,3.9
SUP1942,White LLC,P3429,9,3.0
SUP1943,Turner Ltd,P8359,16,2.6
SUP1944,Smith Group,P280,4,3.1
SUP1945,"Lowe, Warren and Daugherty",P8343,19,2.8
SUP1946,Bass-Griffin,P3727,9,4.6
SUP1947,Mays Inc,P700,5,4.1
SUP1948,Moreno-Davis,P7230,4,2.5
SUP1949,Ingram Inc,P1836,4,5.0
SUP1950,Williams-Lopez,P1494,11,3.2
SUP1951,Patterson Group,P9332,5,3.8
SUP1952,Moore Ltd,P1437,17,4.7
SUP1953,"Lucas, Navarro and Williams",P8555,16,4.5
SUP1954,"Leonard, Ramos and Bennett",P5797,5,3.3
SUP1955,Rowe-Jennings,P176,7,4.4
SUP1956,"Perry, Davis and Salazar",P1499,20,4.6
SUP1957,Phelps Inc,P5648,6,2.5
SUP1958,Sanford-Carter,P5145,3,3.4
SUP1959,Coleman LLC,P3319,2,3.0
SUP1960,"Fischer, West and Fisher",P6690,19,2.6
SUP1961,Hicks LLC,P8015,12,2.7
SUP1962,Davies-Smith,P4856,18,3.7
SUP1963,Reyes LLC,P1789,13,4.8
SUP1964,Harris LLC,P9610,3,4.6
SUP1965,Nguyen Group,P7392,19,3.6
SUP1966,Nelson Inc,P8101,19,4.2
SUP1967,Haney-Dean,P6124,2,3.8
SUP1968,"Miller, Davis and Johnson",P7972,8,2.8
SUP1969,Wilson LLC,P1506,14,3.5
SUP1970,Hayden-Wright,P8704,17,2.6
SUP1971,Campbell PLC,P5990,13,4.6
SUP1972,Hines Inc,P3463,13,3.8
SUP1973,"Holmes, Rodriguez and Johnson",P3828,18,3.2
SUP1974,Baker Group,P1076,10,3.4
SUP1975,Lopez-Sherman,P9646,7,4.8
SUP1976,Snow Inc,P3964,15,4.2
SUP1977,Rose Ltd,P7303,7,3.9
SUP1978,"Jones, Williams and Roberts",P1004,6,3.8
SUP1979,"Wright, Mcclain and Bartlett",P3061,12,2.7
SUP1980,Mendez Ltd,P1546,5,3.0
SUP1981,"Davis, Davis and Cline",P7398,18,4.1
SUP1982,"Smith, Matthews and Anderson",P4581,11,4.0
SUP1983,Weber Inc,P7353,15,2.9
SUP1984,Ramirez-Fletcher,P6256,12,3.0
SUP1985,"Martinez, Wilson and Marsh",P104,15,3.6
SUP1986,Thomas and Sons,P6855,10,3.8
SUP1987,Shah Inc,P819,15,4.3
SUP1988,"Williams, Harrison and Meyer",P8904,6,3.4
SUP1989,"Orozco, Cox and Krueger",P503,7,3.1
SUP1990,Brown LLC,P9826,8,3.8
SUP1991,"Smith, Roberts and Owens",P8676,8,3.6
SUP1992,"Hodges, Stark and Ross",P6776,14,4.7
SUP1993,Hahn LLC,P6640,18,4.9
SUP1994,"Johnson, Hicks and Lane",P9119,7,4.5
SUP1995,Jefferson-Walker,P8077,17,2.9
SUP1996,"Howard, Medina and Moody",P2067,8,4.9
SUP1997,Mendez LLC,P7897,15,4.8
SUP1998,Barron-Clark,P8911,4,4.0
SUP1999,Scott Inc,P6401,8,3.6
SUP2000,Levine-Sharp,P6850,7,3.1
SUP2001,Sanchez and Sons,P3799,9,4.1
SUP2002,Marquez Ltd,P1791,16,3.1
SUP2003,Barnett Inc,P1801,3,4.1
SUP2004,Hawkins-Rodriguez,P3512,19,3.6
SUP2005,Smith-Smith,P5186,19,3.8
SUP2006,Baird-Schroeder,P5674,9,3.8
SUP2007,Wood and Sons,P7381,18,3.2
SUP2008,Moore LLC,P8131,17,3.1
SUP2009,"Terrell, Hubbard and Roberts",P4580,10,3.5
SUP2010,"Myers, Taylor and Garcia",P2738,8,3.2
SUP2011,Zamora Inc,P1081,8,3.1
SUP2012,Reed Group,P122,7,4.5
SUP2013,"Ryan, Gregory and Johnson",P3267,2,4.8
SUP2014,Evans-Dominguez,P8895,3,3.8
SUP2015,"Pham, Dawson and Jones",P7378,6,4.5
SUP2016,Barr Group,P9258,20,3.6
SUP2017,Smith-Hunt,P2914,12,4.4
SUP2018,"Weeks, Rose and Doyle",P2500,17,4.3
SUP2019,"Robinson, Smith and Smith",P2610,12,4.2
SUP2020,Watson-Roman,P3799,4,3.2
SUP2021,Tucker and Sons,P7856,8,4.8
SUP2022,Roberts Ltd,P6742,13,3.1
SUP2023,"Hurley, Jones and Martinez",P5546,6,2.9
SUP2024,Carson-Castillo,P3717,10,2.7
SUP2025,"Lambert, Brown and Byrd",P8981,4,4.0
SUP2026,"Colon, Stafford and Medina",P8867,15,3.6
SUP2027,Johnson-Hardin,P2981,19,2.5
SUP2028,Edwards and Sons,P7812,13,4.6
SUP2029,Gutierrez Group,P9505,20,3.8
SUP2030,"Owens, Skinner and Lewis",P3059,5,4.5
SUP2031,"Harris, Abbott and Bolton",P2526,20,3.0
SUP2032,Bishop-Smith,P7509,14,2.9
SUP2033,Hoover-Green,P1249,10,4.0
SUP2034,Schneider LLC,P8445,20,3.2
SUP2035,"Scott, Ellis and Wade",P1460,15,4.5
SUP2036,Trujillo-Miranda,P8538,10,4.0
SUP2037,"Brown, Green and Jackson",P5388,5,3.8
SUP2038,Garcia Inc,P5926,18,4.8
SUP2039,"Brown, Smith and Newman",P2678,18,3.4
SUP2040,Cohen Ltd,P2083,12,3.0
SUP2041,Villanueva-Jennings,P6484,6,3.9
SUP2042,Austin Ltd,P6258,11,4.8
SUP2043,Hill Ltd,P5034,16,2.6
SUP2044,"Baker, Jones and Banks",P4407,9,3.9
SUP2045,Green-Carpenter,P8294,16,3.1
SUP2046,Morse Inc,P5998,11,2.6
SUP2047,"Phillips, Madden and Lowe",P1438,16,4.1
SUP2048,"Pearson, Burke and Dickson",P855,15,4.1
SUP2049,"Osborn, Diaz and Hunt",P3625,5,4.1
SUP2050,"Salazar, Brown and Jones",P7240,5,4.0
SUP2051,"Lewis, Kaufman and Berry",P4072,4,4.0
SUP2052,Weber-Potter,P3530,2,3.5
SUP2053,George and Sons,P6515,5,3.7
SUP2054,Houston Inc,P4818,18,2.8
SUP2055,Lopez LLC,P2220,13,4.1
SUP2056,"Foster, Cabrera and Henderson",P3681,17,3.9
SUP2057,Johnson PLC,P9104,16,4.9
SUP2058,Hunt LLC,P1518,19,4.9
SUP2059,Burnett-Diaz,P2375,11,3.1
SUP2060,"Allen, White and Ward",P1992,9,3.1
SUP2061,Richardson-Houston,P6693,18,3.7
SUP2062,Blackwell PLC,P5581,4,4.9
SUP2063,"Lee, Lucero and Carpenter",P7420,3,4.1
SUP2064,"Wagner, Evans and Bernard",P4251,6,4.4
SUP2065,Stokes-Johnson,P4857,14,3.5
SUP2066,Ramos Ltd,P8256,2,2.5
SUP2067,Manning LLC,P7852,20,3.3
SUP2068,Reyes-Garcia,P4511,20,3.9
SUP2069,Marks Group,P7878,19,3.7
SUP2070,Smith Ltd,P500,9,3.2
SUP2071,Jordan-Cooke,P3515,16,4.1
SUP2072,Yang-Carter,P8017,16,4.1
SUP2073,Richardson and Sons,P1010,15,4.6
SUP2074,Roberts-Evans,P508,16,3.2
SUP2075,Crosby Ltd,P9534,16,4.4
SUP2076,Barker-Dawson,P1532,17,2.5
SUP2077,Oneill PLC,P5616,5,4.9
SUP2078,"Sharp, Hines and Harris",P778,3,4.9
SUP2079,"Brown, King and Nelson",P3408,19,3.9
SUP2080,Mcdonald Ltd,P2451,11,3.2
SUP2081,"Skinner, Lee and Cooper",P5995,16,3.6
SUP2082,Hopkins Group,P7197,17,4.6
SUP2083,Carrillo and Sons,P927,15,2.7
SUP2084,Richardson and Sons,P5656,18,3.7
SUP2085,Burke LLC,P9705,10,2.7
SUP2086,"Rosario, Dyer and Ortega",P4709,19,3.6
SUP2087,"Ortiz, Guerrero and Yoder",P2929,13,3.0
SUP2088,Compton-Sutton,P5907,6,4.5
SUP2089,Tapia and Sons,P740,3,2.6
SUP2090,"Vincent, Howell and Wang",P9437,13,3.9
SUP2091,Aguilar-Cox,P6228,11,3.0
SUP2092,"Mata, Roth and Molina",P9526,10,3.8
SUP2093,Blair Group,P332,9,4.9
SUP2094,Brown PLC,P3963,10,4.9
SUP2095,"Jones, Cole and Cox",P5772,7,4.7
SUP2096,Ray LLC,P9100,16,2.5
SUP2097,"Davis, Watson and Howard",P4047,9,3.2
SUP2098,Sampson Group,P9347,7,2.6
SUP2099,"Williams, Drake and Rogers",P6166,16,2.7
SUP2100,"Cross, Grimes and Harrison",P6337,2,4.2
SUP2101,Choi PLC,P5519,7,4.8
SUP2102,Bryant-Hogan,P3928,11,3.6
SUP2103,Coleman-Martinez,P2516,19,3.9
SUP2104,Day Inc,P9072,9,3.2
SUP2105,"Briggs, Clayton and Garcia",P5748,3,3.6
SUP2106,Pearson-Vega,P6452,19,3.5
SUP2107,"Newton, Wilson and Davis",P4202,20,4.6
SUP2108,Weaver Inc,P199,2,3.0
SUP2109,Taylor-Allen,P7505,15,4.1
SUP2110,Dillon-White,P1994,14,2.7
SUP2111,"Caldwell, Harris and Webster",P8643,19,4.1
SUP2112,Williams-Wilson,P9988,20,4.0
SUP2113,Diaz Ltd,P6383,20,4.2
SUP2114,Bailey Group,P9796,8,4.4
SUP2115,Johnson-Buckley,P5175,14,4.9
SUP2116,Castro Ltd,P4526,2,3.7
SUP2117,"Wilson, Carrillo and Smith",P3643,18,2.6
SUP2118,Clay Inc,P433,20,3.2
SUP2119,"Chavez, Williams and Holland",P3428,13,3.0
SUP2120,Lewis-Murphy,P8867,14,4.1
SUP2121,"Murray, Ochoa and Castro",P2664,8,4.9
SUP2122,Browning Ltd,P6698,14,3.9
SUP2123,"Dominguez, Walls and Todd",P4537,9,4.4
SUP2124,Mitchell PLC,P6800,4,2.5
SUP2125,Kramer-Singh,P817,3,3.7
SUP2126,Browning-Mcdaniel,P8095,5,3.5
SUP2127,Taylor-Olson,P9538,6,4.2
SUP2128,"Smith, Mack and Lewis",P9846,10,3.1
SUP2129,Mooney-Parrish,P9558,15,4.7
SUP2130,Adams PLC,P9764,4,2.6
SUP2131,"Jimenez, Reynolds and Robertson",P3123,5,4.7
SUP2132,"Williams, Orozco and White",P1778,19,2.6
SUP2133,"Avila, Moses and Frost",P5829,14,4.7
SUP2134,Pace Ltd,P7054,8,3.7
SUP2135,Brady LLC,P1641,12,3.4
SUP2136,"Snyder, Santiago and Brown",P5247,16,3.5
SUP2137,Brewer LLC,P5072,12,3.2
SUP2138,"Daniels, Rodriguez and Morris",P806,11,3.0
SUP2139,Williams-Copeland,P466,18,2.5
SUP2140,"Hicks, Davis and Hall",P5819,3,4.5
SUP2141,White-Edwards,P8638,19,3.2
SUP2142,"Williams, Daniel and Burton",P4167,11,4.8
SUP2143,Myers LLC,P5645,10,4.4
SUP2144,Dennis Group,P7782,13,3.9
SUP2145,Castillo and Sons,P8428,20,4.3
SUP2146,"Bailey, Daniel and Barr",P1671,9,4.1
SUP2147,Gilbert Inc,P5105,12,3.8
SUP2148,"Long, Schwartz and Gordon",P9302,12,3.4
SUP2149,Howell-Johnson,P7675,9,2.9
SUP2150,"White, Hartman and Arias",P3126,9,2.9
SUP2151,Ball and Sons,P1591,9,3.2
SUP2152,"Anderson, Hicks and Lopez",P847,9,2.6
SUP2153,"Day, Galloway and Mccann",P7039,3,2.9
SUP2154,Scott PLC,P5821,7,2.8
SUP2155,"Gordon, Potts and Mcdonald",P8618,4,3.9
SUP2156,"Johnson, Moreno and Stephens",P868,15,4.4
SUP2157,"Perez, Boyle and Ferguson",P4071,4,4.0
SUP2158,Young and Sons,P7820,16,4.0
SUP2159,Harrison-Sullivan,P5859,12,4.1
SUP2160,"Crane, Bishop and Wright",P8542,2,4.9
SUP2161,Ortega and Sons,P2808,11,3.8
SUP2162,Hutchinson-Ball,P6303,8,2.7
SUP2163,"Macdonald, Baker and Tapia",P4235,19,4.8
SUP2164,"Cole, Buckley and Schaefer",P9252,17,3.6
SUP2165,Freeman Ltd,P1722,9,3.4
SUP2166,"Romero, Li and Meza",P4449,8,4.8
SUP2167,Herring PLC,P7952,2,3.6
SUP2168,"Moreno, Jones and Hobbs",P2742,15,4.9
SUP2169,Brewer PLC,P5628,4,3.5
SUP2170,Robertson Group,P2729,14,2.8
SUP2171,"Juarez, Hunt and Perry",P2210,19,3.6
SUP2172,Miller Inc,P7883,11,3.3
SUP2173,Clements Inc,P9532,13,4.3
SUP2174,"Khan, Neal and Pearson",P2118,15,4.0
SUP2175,"Thomas, Williamson and Lee",P9042,16,4.9
SUP2176,"Kim, Morales and Williams",P8871,19,2.9
SUP2177,"Wright, Michael and Kirk",P8,18,5.0
SUP2178,Hatfield-Dickson,P4422,20,3.6
SUP2179,"Blankenship, Shaw and Lee",P5582,16,4.1
SUP2180,Schwartz Inc,P5013,3,3.2
SUP2181,Williams-Thompson,P9948,7,4.5
SUP2182,Green-Ball,P182,9,4.3
SUP2183,"Wilson, Oconnor and Hill",P7605,10,4.7
SUP2184,Collins Ltd,P958,9,4.9
SUP2185,Velazquez-Barker,P9873,3,2.9
SUP2186,Stevens Ltd,P8075,3,4.8
SUP2187,"Harrison, Valencia and Salazar",P9058,4,3.9
SUP2188,Stewart-Faulkner,P9918,7,4.3
SUP2189,Roberts-Miller,P7610,19,2.5
SUP2190,Rivas Group,P9346,8,3.4
SUP2191,Parrish-Phillips,P8208,10,2.9
SUP2192,"Bowen, Maxwell and Reyes",P7311,14,4.7
SUP2193,"Murphy, Strickland and Watkins",P5026,13,3.9
SUP2194,Wilson and Sons,P3054,11,4.3
SUP2195,Fisher LLC,P5839,8,3.9
SUP2196,"Herrera, Wu and Hopkins",P2411,3,2.6
SUP2197,Avery-Wallace,P1575,8,2.6
SUP2198,Anderson Ltd,P9749,3,3.9
SUP2199,Payne and Sons,P2753,13,4.5
SUP2200,Johnson-Webb,P6772,7,3.5
SUP2201,Acosta-James,P6936,17,4.7
SUP2202,Collins-Dixon,P4869,5,2.6
SUP2203,"Fox, Morris and Bryant",P6204,10,2.8
SUP2204,Page-Zhang,P5579,15,3.4
SUP2205,"Walker, French and Taylor",P7114,13,4.5
SUP2206,Day Inc,P5554,20,4.6
SUP2207,"King, Williams and Stafford",P454,16,3.0
SUP2208,Smith Inc,P8374,3,3.6
SUP2209,Fisher-Shannon,P1003,4,3.8
SUP2210,Rios-Walker,P5169,10,3.3
SUP2211,Mcgee Ltd,P5119,13,2.8
SUP2212,Jones-Long,P5715,11,4.5
SUP2213,Blair Group,P5916,11,4.4
SUP2214,Chase Inc,P8753,2,4.3
SUP2215,Kelly Inc,P6364,16,2.9
SUP2216,Bailey Ltd,P8754,2,4.5
SUP2217,"Hurley, Zhang and House",P616,4,4.6
SUP2218,Long Group,P8721,16,2.7
SUP2219,Sanchez Group,P5034,20,4.8
SUP2220,"French, Tanner and Hebert",P6700,8,4.2
SUP2221,Kaiser-Johnson,P972,17,2.5
SUP2222,"Smith, Curtis and Hoffman",P1934,3,3.5
SUP2223,Shaw Group,P7050,19,3.3
SUP2224,Wagner and Sons,P6504,6,3.8
SUP2225,Gallegos LLC,P9530,14,3.4
SUP2226,Harris Inc,P3314,7,3.3
SUP2227,Oliver-Miller,P5163,5,2.5
SUP2228,Solis Group,P2971,10,2.8
SUP2229,"Moore, Kelly and Black",P2453,18,2.7
SUP2230,Kramer-Norman,P6433,13,3.0
SUP2231,"Schneider, Holland and Beltran",P851,7,4.7
SUP2232,Randolph-Castillo,P219,14,4.3
SUP2233,Williams and Sons,P9900,12,2.6
SUP2234,"Todd, Singleton and Murphy",P8246,4,2.6
SUP2235,Peck-Stewart,P4915,12,2.5
SUP2236,"Lee, Carter and Hernandez",P9526,10,3.7
SUP2237,Stevens-Cooper,P1644,12,3.8
SUP2238,"Garcia, Hicks and Carson",P987,18,3.0
SUP2239,"Harris, Best and Caldwell",P2664,17,3.2
SUP2240,"Nguyen, Baxter and Lopez",P9169,13,3.1
SUP2241,"Sanchez, Campbell and Jenkins",P4888,11,2.6
SUP2242,"Flores, Romero and Baker",P1929,11,4.2
SUP2243,Patterson-Mcgee,P9217,2,2.7
SUP2244,Daniels-Weber,P8096,15,4.9
SUP2245,Alexander-Johnson,P8426,4,4.6
SUP2246,Kim Group,P5876,10,4.1
SUP2247,"Green, Foster and Gonzales",P8082,6,4.6
SUP2248,"Bailey, Lowe and Middleton",P7931,17,3.5
SUP2249,Brown PLC,P9784,15,4.5
SUP2250,"Huff, Rogers and Carney",P660,8,3.1
SUP2251,Campbell and Sons,P7390,16,3.6
SUP2252,"Montoya, Smith and Moon",P8723,16,3.8
SUP2253,Hall Group,P1089,4,4.6
SUP2254,Le Ltd,P5376,6,2.6
SUP2255,"Love, Patrick and Jimenez",P1416,12,2.8
SUP2256,"Jones, Huerta and Ferguson",P4962,18,3.3
SUP2257,Caldwell-Bradley,P5121,13,4.0
SUP2258,Underwood-Andrade,P2392,11,3.1
SUP2259,Franklin-Torres,P2885,8,3.1
SUP2260,"Baker, Reid and Miller",P99,14,2.9
SUP2261,Davis Ltd,P5317,17,3.1
SUP2262,Benitez-Harper,P2046,3,5.0
SUP2263,"Moore, Garcia and Riddle",P9037,16,3.2
SUP2264,Hill-Daniel,P2755,12,3.3
SUP2265,Caldwell PLC,P1192,9,4.0
SUP2266,Peterson-Miller,P6940,8,2.8
SUP2267,Evans PLC,P6135,16,2.6
SUP2268,"Vasquez, Orozco and Scott",P7930,13,4.9
SUP2269,Tucker-Wright,P4550,3,4.9
SUP2270,Sandoval-Snyder,P7081,19,4.2
SUP2271,"Zimmerman, Gonzalez and Snyder",P5048,20,4.9
SUP2272,Carpenter Inc,P6577,16,3.7
SUP2273,Collins-Webb,P2871,7,2.9
SUP2274,Rodriguez-Fisher,P1191,7,4.0
SUP2275,West-Malone,P4736,12,4.6
SUP2276,Howard LLC,P992,17,2.6
SUP2277,"Robinson, Bonilla and Greene",P3164,20,3.9
SUP2278,"Campbell, Freeman and Jordan",P7068,15,4.8
SUP2279,Jones-Wood,P1848,17,3.8
SUP2280,Jacobson-Taylor,P9479,10,2.7
SUP2281,Johnson and Sons,P9851,17,3.0
SUP2282,"Andrews, Kelly and Wagner",P3409,16,4.1
SUP2283,Armstrong Ltd,P4248,19,5.0
SUP2284,Moore Inc,P7667,8,2.5
SUP2285,Barnes PLC,P4593,11,3.1
SUP2286,Contreras-Taylor,P9498,4,4.3
SUP2287,"Wilson, Welch and Ferguson",P2082,2,3.5
SUP2288,Powers LLC,P887,4,3.1
SUP2289,Rodriguez-Atkins,P947,20,4.2
SUP2290,French-Jacobs,P4703,2,3.2
SUP2291,Jackson-Lewis,P6000,15,3.5
SUP2292,Hamilton Ltd,P9691,10,4.6
SUP2293,"Thompson, Romero and Osborn",P7470,5,3.1
SUP2294,"Martin, Daniel and Sanchez",P5407,20,4.5
SUP2295,"Wright, Delgado and Martin",P834,8,3.5
SUP2296,"Wolf, Baldwin and Sanchez",P8637,15,3.9
SUP2297,Durham-Daniel,P9429,11,4.6
SUP2298,"Casey, Erickson and Lang",P6022,4,4.7
SUP2299,Smith-Brown,P9256,17,3.8
SUP2300,Smith LLC,P1707,11,4.0
SUP2301,Thomas-Hill,P9411,12,3.6
SUP2302,Alexander-Booth,P6602,5,2.8
SUP2303,"Nelson, Steele and Brown",P3695,14,3.9
SUP2304,Bowen-Miller,P524,13,3.7
SUP2305,Morrow PLC,P5591,11,3.9
SUP2306,Martin and Sons,P7995,3,4.4
SUP2307,Parker Group,P3557,11,3.6
SUP2308,Ayers-Macdonald,P74,7,3.7
SUP2309,Stevens Ltd,P8426,18,3.3
SUP2310,"Boone, Harrell and Mendoza",P6383,14,3.2
SUP2311,Watts-Anderson,P7125,17,3.9
SUP2312,Collins-Myers,P8087,19,4.9
SUP2313,Butler-Wilson,P1180,20,3.9
SUP2314,Patterson-Ryan,P1057,3,4.6
SUP2315,Smith Ltd,P2465,3,3.0
SUP2316,Rodriguez-Miller,P3752,4,4.3
SUP2317,"Gonzalez, Holland and Williams",P4230,5,3.4
SUP2318,"Gilbert, Patton and Bowen",P5866,14,3.5
SUP2319,"Livingston, Hubbard and Boone",P8493,13,3.0
SUP2320,"Nelson, Hines and Ingram",P3668,10,4.6
SUP2321,Rivera-Bean,P5185,12,3.4
SUP2322,Robinson-Anderson,P7934,17,3.9
SUP2323,Allen Inc,P7493,5,4.7
SUP2324,"Miller, Robinson and Wilson",P5597,19,3.5
SUP2325,Mooney Ltd,P2514,3,4.8
SUP2326,Madden and Sons,P9399,7,3.8
SUP2327,Clark LLC,P3196,12,3.4
SUP2328,Martin PLC,P6993,13,2.7
SUP2329,Green-Arellano,P9237,12,4.8
SUP2330,Reed and Sons,P749,15,4.5
SUP2331,"Sparks, Flores and Flores",P5479,13,4.2
SUP2332,Perez LLC,P5346,12,2.8
SUP2333,Garcia-Lucas,P1209,15,4.3
SUP2334,Smith LLC,P2978,8,4.7
SUP2335,Conley and Sons,P3120,3,4.9
SUP2336,Rice-Allison,P859,2,4.1
SUP2337,"Allen, Mercado and Rivas",P4278,18,4.4
SUP2338,Buck LLC,P7770,20,4.0
SUP2339,Wilkinson-Warren,P1851,20,5.0
SUP2340,"Welch, Hicks and Moss",P7655,15,2.5
SUP2341,Taylor LLC,P5254,17,4.1
SUP2342,Cortez Group,P147,10,5.0
SUP2343,Miles-Snyder,P5907,17,3.5
SUP2344,Wright Ltd,P8426,11,2.6
SUP2345,"Johnson, Bowen and Jackson",P6180,15,3.5
SUP2346,"Gaines, Short and Wheeler",P6275,2,3.7
SUP2347,Mullins-Fuller,P5178,17,4.4
SUP2348,Williams Group,P687,8,4.0
SUP2349,Weber Group,P6918,14,3.7
SUP2350,Parks-Mckinney,P9727,14,2.7
SUP2351,Hansen PLC,P6476,20,4.7
SUP2352,Townsend Inc,P1924,8,4.4
SUP2353,Davis Ltd,P9970,18,4.3
SUP2354,Christian LLC,P8485,10,4.3
SUP2355,Lane-Aguirre,P1406,6,4.3
SUP2356,Schmidt-Jones,P2561,10,3.3
SUP2357,Higgins-Payne,P1647,13,3.9
SUP2358,Manning-Marquez,P5658,16,3.7
SUP2359,Williams LLC,P8136,3,2.8
SUP2360,Garcia-Stephens,P8637,6,4.1
SUP2361,"Gonzalez, Brown and Cook",P1729,7,2.5
SUP2362,Vaughn Ltd,P3913,14,3.8
SUP2363,"Bentley, Cox and Martinez",P3423,13,4.8
SUP2364,Powell-Young,P9950,15,3.7
SUP2365,Leonard-Allen,P7934,4,3.6
SUP2366,"Burke, Wheeler and Moreno",P4017,11,3.6
SUP2367,"Miranda, Salazar and King",P9006,2,4.3
SUP2368,"Miller, Ferguson and Frazier",P9260,2,2.5
SUP2369,"Cardenas, Hodges and Cole",P2325,18,4.6
SUP2370,Cuevas-Johnson,P5836,14,3.8
SUP2371,"Miller, Tate and Arnold",P5211,13,4.4
SUP2372,Johnson-Dean,P4470,12,3.7
SUP2373,Petersen Ltd,P4689,14,2.7
SUP2374,"Garcia, Powell and Walters",P4870,13,4.2
SUP2375,Hale-Reeves,P2883,15,3.2
SUP2376,Hodge-Kennedy,P2070,20,3.6
SUP2377,Martinez PLC,P7522,17,4.8
SUP2378,"Tran, Franklin and Dorsey",P1634,17,3.9
SUP2379,"Griffin, Williams and West",P7211,13,4.1
SUP2380,Sanchez-Allen,P1367,18,4.4
SUP2381,James PLC,P4093,13,2.5
SUP2382,Hansen Inc,P8546,13,3.1
SUP2383,Thomas Ltd,P9862,11,4.1
SUP2384,Davis-Johnson,P5371,18,4.2
SUP2385,Williams Ltd,P4227,7,3.2
SUP2386,Arnold-Garza,P7331,3,3.6
SUP2387,Munoz Inc,P9991,2,3.8
SUP2388,Burke and Sons,P2392,11,3.5
SUP2389,Grant LLC,P7164,18,4.8
SUP2390,Wright-Goodman,P4073,9,2.9
SUP2391,Watts PLC,P7391,16,3.6
SUP2392,"Miller, Velez and Logan",P5289,11,2.5
SUP2393,Brown Inc,P1178,8,4.8
SUP2394,Mclaughlin and Sons,P2451,2,3.3
SUP2395,Parrish PLC,P8354,17,4.9
SUP2396,Kline PLC,P5708,8,2.5
SUP2397,Thompson and Sons,P3815,2,4.0
SUP2398,Jennings-Thompson,P7099,9,4.4
SUP2399,Jones-Johnson,P9178,5,4.4
SUP2400,Wiggins-Garcia,P7116,2,4.7
SUP2401,Martin-Hatfield,P1089,17,3.1
SUP2402,Dennis-Powell,P9806,8,3.1
SUP2403,Tapia Group,P8504,11,3.8
SUP2404,Gallagher and Sons,P4432,17,4.5
SUP2405,Mason-Johnson,P3440,16,3.3
SUP2406,Baker Inc,P4254,8,4.3
SUP2407,"Allen, Wilson and Mack",P4558,4,3.9
SUP2408,Parsons Inc,P215,18,3.0
SUP2409,"Horton, Mueller and Cowan",P2317,13,3.3
SUP2410,Dunlap-Miller,P173,2,3.7
SUP2411,"Garcia, Parker and Holmes",P5905,9,4.2
SUP2412,Johnson-Leon,P5666,14,2.6
SUP2413,"Gonzalez, Lewis and Garcia",P11,7,4.7
SUP2414,Edwards and Sons,P9793,5,4.1
SUP2415,Hall-Mack,P7046,7,3.8
SUP2416,Morrison-Perkins,P6299,3,2.8
SUP2417,Buchanan LLC,P8659,17,4.9
SUP2418,Douglas-Fisher,P6941,15,4.2
SUP2419,Cole-Castillo,P6976,6,3.4
SUP2420,"Powell, Davis and Marshall",P7192,11,3.6
SUP2421,"Moore, Jones and Rogers",P9291,3,3.4
SUP2422,Carney-Roberts,P1476,18,3.2
SUP2423,Torres Ltd,P5734,16,2.8
SUP2424,"Lopez, Espinoza and Ward",P1493,10,4.9
SUP2425,"Cunningham, Jones and Jackson",P9357,12,2.9
SUP2426,"Mills, Johnson and Saunders",P1605,6,4.0
SUP2427,"Parsons, Harper and Castillo",P2454,20,3.7
SUP2428,Perry LLC,P3480,4,2.9
SUP2429,"Briggs, Singleton and Larson",P4491,5,2.8
SUP2430,Murillo Group,P5765,16,2.8
SUP2431,Harrison-Bennett,P8852,16,3.6
SUP2432,Hansen LLC,P3167,8,4.9
SUP2433,Wilcox-Williams,P6090,14,3.4
SUP2434,"Schwartz, Webb and Rush",P4362,10,3.0
SUP2435,Estrada-Brown,P1718,10,2.6
SUP2436,Smith Inc,P2784,15,3.9
SUP2437,Mccormick-Cruz,P8431,11,3.4
SUP2438,Heath and Sons,P9339,6,4.8
SUP2439,Gutierrez Ltd,P7062,10,3.2
SUP2440,Griffin-Monroe,P1484,17,4.7
SUP2441,"Garza, Henry and Walker",P497,12,4.3
SUP2442,"Stanton, Barton and Anderson",P4379,10,4.7
SUP2443,Whitehead LLC,P9891,3,4.0
SUP2444,Hunt Ltd,P4890,15,2.8
SUP2445,"Gonzales, Hughes and Anderson",P289,8,3.2
SUP2446,Torres-Barajas,P927,15,2.6
SUP2447,Williams Ltd,P7204,12,5.0
SUP2448,Jones-Castro,P5739,17,4.4
SUP2449,Taylor-Weaver,P2702,4,5.0
SUP2450,Thompson-Johnson,P120,19,3.6
SUP2451,Martin and Sons,P7201,19,2.7
SUP2452,Banks LLC,P3639,15,4.7
SUP2453,Foster-Gomez,P1263,8,3.4
SUP2454,"Johnston, Mills and Bradley",P7438,5,3.7
SUP2455,Coleman PLC,P7102,3,2.5
SUP2456,"Castro, Reed and Rowe",P8675,6,2.7
SUP2457,Williams Group,P2778,4,3.3
SUP2458,Campbell-Frazier,P5221,19,2.9
SUP2459,"Martinez, Moore and Mckinney",P4197,8,2.7
SUP2460,Glenn Ltd,P2595,15,4.0
SUP2461,"Barnes, Lewis and Thomas",P710,6,3.6
SUP2462,Wilson Ltd,P2147,4,3.9
SUP2463,Carlson and Sons,P8313,8,4.3
SUP2464,Mullins PLC,P6978,2,2.8
SUP2465,Ramirez-Miller,P1973,18,2.6
SUP2466,"Saunders, Reyes and Cunningham",P6592,11,3.5
SUP2467,"Stevens, Coleman and Bird",P7031,9,4.1
SUP2468,Simpson LLC,P5780,15,3.9
SUP2469,Smith-Wright,P2071,6,3.1
SUP2470,"Duncan, Grant and Hanson",P1125,7,2.7
SUP2471,"Bennett, Singh and Morales",P1575,14,2.8
SUP2472,Daniels-Edwards,P1935,17,3.6
SUP2473,Howard PLC,P6474,13,3.5
SUP2474,Oneill-Robertson,P1728,6,3.8
SUP2475,Webb-Taylor,P2279,9,3.0
SUP2476,Townsend Ltd,P9769,2,2.6
SUP2477,Smith-White,P5780,12,2.7
SUP2478,"Richardson, Ayala and Johnson",P2940,12,3.1
SUP2479,"Nolan, Cooper and Wells",P8418,11,3.0
SUP2480,Marshall-Espinoza,P3906,17,4.3
SUP2481,Douglas-Marshall,P888,7,3.5
SUP2482,"Clark, Moore and Garcia",P4873,9,4.4
SUP2483,Webb-Holloway,P2252,11,2.5
SUP2484,Walsh Group,P3026,17,4.8
SUP2485,White-Johnson,P6501,7,2.8
SUP2486,Vargas Ltd,P6198,3,3.5
SUP2487,Taylor PLC,P775,5,4.1
SUP2488,Russell-Price,P4857,18,4.6
SUP2489,Flores LLC,P1582,4,3.3
SUP2490,"Santana, Pacheco and Young",P3845,13,4.5
SUP2491,"Carey, Harris and Nelson",P4569,19,5.0
SUP2492,"Boone, Edwards and Monroe",P1122,6,3.5
SUP2493,Quinn-Rojas,P5807,3,3.2
SUP2494,Ramirez and Sons,P453,6,4.9
SUP2495,Rodriguez Inc,P9949,18,2.6
SUP2496,"Roach, Barnett and Graham",P720,8,2.9
SUP2497,Garcia LLC,P6849,14,4.9
SUP2498,Leonard-Shepard,P7499,6,4.6
SUP2499,Wall-Nichols,P4674,18,3.6
SUP2500,Reed-Chavez,P4518,17,2.6
SUP2501,"Smith, Edwards and Graham",P6813,5,4.7
SUP2502,Hill Ltd,P9020,20,2.9
SUP2503,Harvey-Mccarty,P1270,6,4.4
SUP2504,Williams-Maldonado,P8439,5,2.5
SUP2505,Martin-Russo,P7316,16,4.3
SUP2506,Rogers Group,P9946,9,5.0
SUP2507,Smith-Hernandez,P7504,20,4.6
SUP2508,Howard Ltd,P5951,3,2.8
SUP2509,"Cook, Weber and Young",P9635,19,3.4
SUP2510,Anthony Group,P5205,13,4.8
SUP2511,Jones PLC,P1575,12,5.0
SUP2512,Hall PLC,P4200,20,4.9
SUP2513,"White, Dickerson and Moore",P1410,4,3.0
SUP2514,"Jordan, Potts and Howard",P8991,18,3.7
SUP2515,"Mendoza, Baker and Mason",P6000,10,4.0
SUP2516,"Richmond, Lang and Bauer",P3685,14,3.3
SUP2517,"Guzman, Hayes and Williams",P3421,7,3.6
SUP2518,Davies LLC,P6628,15,3.7
SUP2519,"Wilson, Anderson and Cook",P4167,2,3.4
SUP2520,Solomon and Sons,P2588,10,3.9
SUP2521,Stein Inc,P7573,5,4.0
SUP2522,Edwards-Montes,P792,4,3.0
SUP2523,Young-Watkins,P706,20,4.0
SUP2524,Castillo-Wheeler,P2706,18,3.4
SUP2525,"Bass, Wiley and Galvan",P5232,18,3.9
SUP2526,Hernandez Group,P6441,13,3.1
SUP2527,Vargas Group,P5463,13,3.5
SUP2528,Wheeler-Thompson,P7848,6,3.7
SUP2529,Smith-Williams,P5780,12,3.5
SUP2530,"Bell, Hanna and Smith",P524,7,4.8
SUP2531,"Graham, Shelton and Jones",P9386,18,3.1
SUP2532,Merritt-Black,P8355,5,2.5
SUP2533,Clarke LLC,P5935,6,3.8
SUP2534,Martinez LLC,P4032,13,4.5
SUP2535,Schultz PLC,P4670,4,4.3
SUP2536,"Perez, Banks and Porter",P5722,13,2.8
SUP2537,"Rivera, Smith and Adams",P8344,7,3.1
SUP2538,"Pruitt, Krueger and Welch",P5780,2,3.0
SUP2539,Cook PLC,P8276,16,4.3
SUP2540,"Munoz, Fleming and Rivera",P2260,6,4.1
SUP2541,"Hart, Petersen and Soto",P9222,19,2.7
SUP2542,Daniels and Sons,P4831,2,4.4
SUP2543,Dunlap Ltd,P9973,9,2.7
SUP2544,"Martinez, Flores and Gomez",P2719,18,3.9
SUP2545,"Reynolds, Mitchell and Perkins",P7770,3,3.3
SUP2546,Foster-Macias,P5867,13,3.8
SUP2547,"Jimenez, Weber and Chambers",P5701,2,3.5
SUP2548,Williams-Johnston,P5543,6,3.7
SUP2549,Miller-Brown,P4637,7,3.4
SUP2550,"Moreno, Clark and Houston",P8472,8,4.7
SUP2551,Bray Inc,P2819,10,3.6
SUP2552,Hall Inc,P8622,10,4.8
SUP2553,Murillo Ltd,P7949,9,4.4
SUP2554,Pugh-Martin,P8595,20,3.7
SUP2555,Brown and Sons,P8187,11,3.6
SUP2556,"Hernandez, White and Cooper",P1914,17,4.0
SUP2557,Bailey-Jimenez,P5336,16,2.7
SUP2558,Lee Ltd,P7723,5,3.9
SUP2559,Acosta and Sons,P841,4,4.5
SUP2560,Jenkins-Simmons,P6343,8,3.5
SUP2561,Conner Group,P7545,11,4.0
SUP2562,Watson-Yang,P5125,14,2.9
SUP2563,Ramos-Campbell,P9700,17,3.4
SUP2564,Allen Group,P6057,14,2.7
SUP2565,Cameron PLC,P1801,15,3.4
SUP2566,Odonnell Inc,P7459,14,3.4
SUP2567,Johnson-Choi,P2197,6,4.2
SUP2568,"Mcneil, Dalton and Martin",P1504,14,4.2
SUP2569,"Adams, Bowman and Underwood",P6095,9,2.6
SUP2570,Jenkins PLC,P3363,9,4.3
SUP2571,Martinez-Wood,P1095,16,3.4
SUP2572,"Mathis, Young and Johnson",P893,14,4.7
SUP2573,Mcintyre Inc,P5557,6,2.7
SUP2574,Murphy-Deleon,P1392,10,4.2
SUP2575,"Snyder, Nguyen and Johnson",P3859,8,4.0
SUP2576,Delgado-Rodriguez,P7377,20,4.2
SUP2577,Ochoa-Brown,P6846,17,4.4
SUP2578,Murphy-Thomas,P9037,13,3.8
SUP2579,Mills LLC,P7061,8,3.8
SUP2580,"Roy, Bowman and Young",P4912,10,4.4
SUP2581,Hodges-Duran,P7927,8,4.5
SUP2582,"Andrews, Green and Smith",P6550,11,3.9
SUP2583,Farmer Group,P1907,15,3.3
SUP2584,"Morris, Wilson and Romero",P7893,4,3.9
SUP2585,"Thomas, Thompson and Maxwell",P3650,14,4.4
SUP2586,Carroll-Ryan,P7952,2,2.8
SUP2587,"Hamilton, Nguyen and Aguilar",P6407,14,3.5
SUP2588,Michael-Johnson,P6113,2,3.7
SUP2589,"Reeves, Norton and Stein",P8868,7,3.2
SUP2590,English Ltd,P2073,5,4.7
SUP2591,Gordon-Case,P5991,8,2.8
SUP2592,Ramirez-Lawrence,P4016,3,4.6
SUP2593,"Mitchell, Mason and Beard",P2216,4,4.5
SUP2594,Taylor-Blankenship,P7617,3,4.2
SUP2595,Hall-Shaw,P3974,7,3.3
SUP2596,Hall Group,P2648,12,3.6
SUP2597,Larsen-Acevedo,P1653,5,4.4
SUP2598,Perkins-Brown,P5780,2,4.9
SUP2599,"Vaughn, Kennedy and Martinez",P4581,20,4.1
SUP2600,Brown and Sons,P8601,19,3.5
SUP2601,Rodriguez Ltd,P3128,2,3.1
SUP2602,West PLC,P5037,9,4.5
SUP2603,"Phelps, Chen and Baldwin",P3301,14,3.1
SUP2604,Rollins Ltd,P7597,3,4.2
SUP2605,Goodwin-Marsh,P5071,12,4.7
SUP2606,"Vasquez, Bates and Conner",P2861,7,3.0
SUP2607,"Nguyen, Mann and Turner",P1217,9,3.7
SUP2608,Duran-Turner,P3288,3,4.1
SUP2609,"Maxwell, Pope and Smith",P2337,15,3.3
SUP2610,Cruz-Mclean,P2144,19,2.8
SUP2611,Schultz-Stewart,P3844,20,2.9
SUP2612,"Anderson, Richardson and Marquez",P6096,15,3.2
SUP2613,Edwards-Hanson,P5103,17,4.4
SUP2614,"Montoya, Vazquez and Mcdowell",P9685,13,3.4
SUP2615,"White, Howard and Gates",P6462,3,2.9
SUP2616,Hicks-Grimes,P7582,4,4.4
SUP2617,Austin LLC,P9690,8,4.0
SUP2618,"Romero, Freeman and Mason",P3464,7,3.3
SUP2619,"Vance, Garcia and Mendoza",P7022,5,4.6
SUP2620,Bates-Rodriguez,P3696,9,2.9
SUP2621,"Hansen, Gonzalez and Bradley",P733,13,2.5
SUP2622,Cooper Inc,P9425,12,3.7
SUP2623,"Baker, Johnson and Day",P8814,19,2.7
SUP2624,Hicks PLC,P7233,8,4.2
SUP2625,Copeland-Fleming,P826,20,3.9
SUP2626,Vasquez-Gonzales,P6496,7,4.3
SUP2627,"Hill, Mcbride and Stewart",P6767,6,3.5
SUP2628,Peterson Inc,P8951,19,2.6
SUP2629,"Maxwell, Watson and Cook",P446,12,3.7
SUP2630,Taylor-Mendoza,P861,2,2.8
SUP2631,"Jones, Parker and Taylor",P6466,15,2.7
SUP2632,"Elliott, Aguirre and Fowler",P9424,13,4.9
SUP2633,"Best, Reyes and Green",P8599,16,2.7
SUP2634,Hawkins PLC,P834,15,3.9
SUP2635,Johnson-Ingram,P8592,11,3.8
SUP2636,Acosta-Pollard,P8990,16,4.6
SUP2637,"Meadows, Williams and Ramirez",P2277,13,2.8
SUP2638,Oconnor LLC,P2483,13,4.4
SUP2639,"Burke, Rogers and Burton",P4803,6,2.6
SUP2640,"Phillips, Vaughn and Quinn",P8085,15,3.3
SUP2641,Zavala-Campbell,P3686,12,4.4
SUP2642,Mcdonald Group,P7157,11,3.3
SUP2643,"Lucas, Clark and Jennings",P893,15,3.5
SUP2644,Leon and Sons,P4294,5,3.1
SUP2645,Oconnell-Phillips,P4443,6,2.9
SUP2646,"Estrada, Sanders and Gomez",P3643,6,4.0
SUP2647,"Gomez, White and Roberson",P6595,13,4.3
SUP2648,Ballard PLC,P917,20,4.2
SUP2649,Hall LLC,P9558,14,3.4
SUP2650,Higgins Group,P2140,6,4.7
SUP2651,Wright LLC,P5064,17,3.3
SUP2652,"Johnson, Burns and Adams",P823,20,3.2
SUP2653,White-Bell,P9063,20,3.3
SUP2654,Zhang Ltd,P6666,11,4.5
SUP2655,Jenkins-Burns,P9150,15,3.0
SUP2656,"Gardner, Collins and Mills",P8967,2,3.5
SUP2657,Newton-Dixon,P3177,13,4.5
SUP2658,"Lee, Little and Krueger",P9161,5,2.8
SUP2659,Guzman and Sons,P5438,7,3.2
SUP2660,Macias Group,P910,2,3.1
SUP2661,"Warren, Hall and Anderson",P9439,17,3.5
SUP2662,Casey and Sons,P5195,12,4.8
SUP2663,"Patton, Cox and Brewer",P2413,15,4.8
SUP2664,"Davis, David and Watkins",P9703,11,2.9
SUP2665,Walters-Robertson,P6005,10,3.7
SUP2666,Kim LLC,P9454,19,2.7
SUP2667,Cannon-Robbins,P1789,12,4.1
SUP2668,Cruz LLC,P9639,10,2.9
SUP2669,"Moore, Dixon and Brooks",P9820,18,3.3
SUP2670,"Wise, Strickland and Farmer",P485,13,3.8
SUP2671,"Evans, Taylor and Brady",P9441,16,3.2
SUP2672,Walker Ltd,P4671,14,3.0
SUP2673,"Jones, King and Jones",P3820,16,3.0
SUP2674,Taylor-Delacruz,P9475,9,3.4
SUP2675,Hopkins-Mills,P431,16,4.7
SUP2676,Conley PLC,P1423,5,3.5
SUP2677,Hall and Sons,P1530,18,4.8
SUP2678,"Powell, Greer and Matthews",P3046,19,4.9
SUP2679,"Vincent, Thomas and Oconnor",P9954,12,4.5
SUP2680,Eaton-Moore,P2646,20,4.2
SUP2681,Peterson Inc,P8215,17,4.6
SUP2682,"Lopez, Shannon and Lewis",P801,4,3.9
SUP2683,Barnes-Brown,P4217,14,4.0
SUP2684,Bentley and Sons,P6707,4,3.6
SUP2685,"Harrison, Trevino and Baxter",P7744,15,3.6
SUP2686,"Collins, Powell and Walker",P6317,4,4.3
SUP2687,"Hicks, Miller and George",P7684,5,5.0
SUP2688,Johnson Group,P6788,16,3.6
SUP2689,Frazier-Terry,P6895,12,2.8
SUP2690,Jones-Buckley,P7328,20,3.6
SUP2691,Simpson-Davis,P1690,8,4.0
SUP2692,"Cantu, Hardin and Briggs",P540,19,3.5
SUP2693,Mccarthy-Anderson,P7037,15,2.9
SUP2694,"Adams, Yang and Wolf",P8759,10,4.0
SUP2695,"Watson, Anderson and Stein",P2620,4,2.8
SUP2696,Pruitt-Cruz,P5950,16,4.2
SUP2697,Berry and Sons,P5420,15,4.1
SUP2698,Schwartz-Lopez,P4617,7,2.9
SUP2699,Jones-Acevedo,P9117,18,3.4
SUP2700,"Garcia, Jackson and Coleman",P7633,7,3.0
SUP2701,Sanchez-Carr,P1558,19,3.5
SUP2702,Massey-Silva,P1823,18,2.5
SUP2703,Hall and Sons,P5343,11,2.9
SUP2704,Clayton-Morris,P6063,18,2.6
SUP2705,"Summers, Adkins and Brown",P7120,5,2.8
SUP2706,Jackson-Boyd,P2137,14,2.9
SUP2707,Kline-Pierce,P8064,14,3.2
SUP2708,Pham LLC,P5182,8,3.4
SUP2709,"Skinner, Glass and Mendez",P9503,18,3.6
SUP2710,Moreno-Rogers,P1986,13,4.6
SUP2711,Bryant-Bishop,P3150,11,4.7
SUP2712,"Turner, Velez and Smith",P9568,20,2.8
SUP2713,Foster Ltd,P5663,9,4.1
SUP2714,Harris Group,P3410,17,4.5
SUP2715,"Robinson, Vega and Fuller",P4267,4,5.0
SUP2716,Taylor Group,P9670,4,4.1
SUP2717,Murphy PLC,P4795,12,2.7
SUP2718,"Blackburn, Brown and Miller",P8545,19,2.9
SUP2719,"Garcia, Thompson and Jenkins",P4628,2,2.6
SUP2720,Chambers Ltd,P4154,19,4.1
SUP2721,Santiago-Hess,P6842,7,3.9
SUP2722,Butler-Doyle,P9697,2,3.0
SUP2723,Taylor-Crane,P5429,20,4.8
SUP2724,Jenkins Ltd,P9841,18,4.6
SUP2725,Hill Ltd,P586,9,2.6
SUP2726,Sanchez and Sons,P1294,4,4.0
SUP2727,Joseph-Williams,P7051,10,2.9
SUP2728,Orr PLC,P616,20,4.6
SUP2729,"Dunn, Martinez and Bradshaw",P109,6,4.1
SUP2730,"Stevens, Williams and Davis",P9321,4,3.2
SUP2731,"Bass, Nichols and Haley",P2534,13,2.7
SUP2732,Tucker Group,P2673,13,3.4
SUP2733,"Scott, Ward and Arnold",P78,11,4.0
SUP2734,Martinez Group,P8607,2,5.0
SUP2735,Bonilla-Drake,P299,9,4.3
SUP2736,Scott-Walker,P1393,4,2.7
SUP2737,Ramirez-Boyer,P2876,17,4.2
SUP2738,Houston LLC,P311,4,4.0
SUP2739,Anderson-Morgan,P8835,16,4.4
SUP2740,Hall-Bryan,P2328,5,3.9
SUP2741,"Johnson, Pope and Thompson",P1030,7,2.9
SUP2742,Ho-Garner,P6637,4,4.4
SUP2743,Hall-King,P2383,20,4.9
SUP2744,"Beard, Brown and Knapp",P4614,14,4.5
SUP2745,Ward-Oconnell,P174,13,4.9
SUP2746,"Wallace, Kirby and Poole",P7824,5,3.9
SUP2747,"Padilla, Small and Bonilla",P3879,11,4.4
SUP2748,Rodriguez LLC,P498,9,3.4
SUP2749,"Leonard, Mann and Berry",P1524,3,5.0
SUP2750,Osborn-Brennan,P7608,19,4.5
SUP2751,Valentine Inc,P8628,3,4.9
SUP2752,Kim-Gutierrez,P4127,15,4.2
SUP2753,"Hayes, Taylor and Bell",P2145,19,2.9
SUP2754,Mckenzie-Munoz,P8242,15,4.2
SUP2755,"Jacobs, Roberts and Wilson",P6147,17,3.1
SUP2756,Salas Group,P9390,11,3.5
SUP2757,Espinoza Ltd,P2406,13,3.7
SUP2758,"Williams, Pitts and Parker",P2373,8,3.4
SUP2759,Mayo-Moore,P7536,7,4.2
SUP2760,Cohen and Sons,P5371,16,4.1
SUP2761,Sherman-Carpenter,P2991,4,2.7
SUP2762,Gibson Inc,P3065,18,2.9
SUP2763,Marks LLC,P977,16,4.0
SUP2764,Ho and Sons,P4722,4,3.6
SUP2765,Williams-Anderson,P91,9,5.0
SUP2766,Fisher PLC,P1109,2,4.7
SUP2767,Richardson-Murray,P5668,2,3.9
SUP2768,Butler LLC,P4982,9,2.5
SUP2769,"Nelson, Franklin and Hall",P9631,2,4.8
SUP2770,Fischer-Smith,P2999,10,2.7
SUP2771,Jarvis-Bell,P6297,10,3.5
SUP2772,Nelson Inc,P3383,17,5.0
SUP2773,Serrano Ltd,P8586,14,3.1
SUP2774,"Shepard, Martinez and Gomez",P775,8,3.2
SUP2775,"Martinez, Murray and Rogers",P7865,11,3.7
SUP2776,Gordon Ltd,P2198,8,4.9
SUP2777,"Hall, Martin and Vincent",P5158,20,2.9
SUP2778,"Chapman, Rodriguez and Smith",P9995,14,3.7
SUP2779,Reed and Sons,P4532,10,3.3
SUP2780,Stone LLC,P6844,19,2.9
SUP2781,"Hodge, Wong and Lopez",P579,19,2.8
SUP2782,Davis-Avila,P52,2,2.9
SUP2783,Harris-Reed,P4350,10,3.2
SUP2784,Mitchell-Mcclain,P4728,3,4.9
SUP2785,"Miller, Orozco and Good",P9099,2,4.4
SUP2786,"Phillips, Sanders and Velez",P5030,16,4.8
SUP2787,"Walton, Campbell and Russell",P8323,17,4.0
SUP2788,Jackson-Myers,P44,7,4.1
SUP2789,"Valencia, Jones and Stewart",P9443,12,4.6
SUP2790,"Young, Roberts and Sullivan",P5663,16,5.0
SUP2791,Elliott-Brown,P2477,20,3.2
SUP2792,"Potter, Smith and Jones",P7001,11,2.6
SUP2793,Lee PLC,P5597,5,2.5
SUP2794,Taylor LLC,P4646,13,2.6
SUP2795,White-Harvey,P1384,8,3.7
SUP2796,Torres and Sons,P9645,15,3.4
SUP2797,Roberts-Carrillo,P9887,14,3.0
SUP2798,Sullivan LLC,P8360,11,4.1
SUP2799,Haney-Taylor,P7779,19,2.9
SUP2800,"Smith, Henry and Brown",P3318,17,4.8
SUP2801,Lopez LLC,P1892,14,4.9
SUP2802,Pace Group,P4188,8,4.2
SUP2803,"Pena, Scott and Jackson",P2243,6,3.2
SUP2804,Reed Group,P4313,2,4.5
SUP2805,Sanford Ltd,P2169,14,3.0
SUP2806,"Evans, Miller and Terrell",P1999,12,4.9
SUP2807,Stewart-Skinner,P3620,2,3.1
SUP2808,"Holmes, Martin and Luna",P1217,17,4.1
SUP2809,Schwartz PLC,P9569,3,3.5
SUP2810,Ayala PLC,P787,10,5.0
SUP2811,Ruiz-Phillips,P8333,3,4.1
SUP2812,Baker-Richardson,P5465,5,5.0
SUP2813,"West, Freeman and Griffin",P128,7,3.6
SUP2814,"Odonnell, Hernandez and Morrison",P3759,17,2.8
SUP2815,Schultz-Pearson,P97,9,3.5
SUP2816,Terrell-Davis,P2001,8,4.0
SUP2817,Nguyen Ltd,P6889,3,3.5
SUP2818,Park-Davis,P5149,18,4.7
SUP2819,"Johnson, Clark and Lyons",P2206,8,3.7
SUP2820,Hayden Group,P5627,18,4.6
SUP2821,Goodman-Park,P1739,9,4.6
SUP2822,Morgan Ltd,P7104,5,4.8
SUP2823,"Allen, Garcia and Hernandez",P5036,17,3.9
SUP2824,Deleon Group,P932,16,3.7
SUP2825,Bishop-Richardson,P9885,3,2.8
SUP2826,"Hicks, Lewis and Jimenez",P4553,5,2.9
SUP2827,Richard and Sons,P4942,11,4.1
SUP2828,Sweeney Inc,P1871,3,2.7
SUP2829,Taylor Inc,P7148,20,3.9
SUP2830,Mendez-Mckee,P2014,7,3.4
SUP2831,Davis LLC,P3561,12,3.5
SUP2832,Rivera Inc,P4884,9,3.6
SUP2833,Lyons Group,P6834,16,3.6
SUP2834,Stokes Ltd,P2976,16,3.6
SUP2835,Mathis-Mccullough,P1403,14,2.8
SUP2836,Gross-Stewart,P9205,13,4.3
SUP2837,"Lopez, Matthews and Dunlap",P9218,11,4.7
SUP2838,"Parks, Mitchell and Stark",P8400,11,4.2
SUP2839,"Montgomery, Holt and Luna",P7877,12,3.7
SUP2840,Wagner-Smith,P6643,10,4.2
SUP2841,Ortiz-Allen,P7901,12,4.6
SUP2842,Brown-Santiago,P8771,16,2.7
SUP2843,Allen Group,P9794,19,4.7
SUP2844,Williams LLC,P9958,5,3.4
SUP2845,"Herrera, Johnson and Anderson",P9071,2,3.7
SUP2846,Griffith and Sons,P7977,9,4.1
SUP2847,Smith Group,P4152,19,4.6
SUP2848,"Williams, Kelly and Morales",P6697,20,4.8
SUP2849,Ayala-Owen,P3456,11,4.5
SUP2850,Holmes-Baldwin,P5240,6,2.6
SUP2851,Bartlett Inc,P8508,5,3.6
SUP2852,"Frederick, Morris and Green",P5999,9,5.0
SUP2853,"Floyd, Ellison and Weber",P3767,19,5.0
SUP2854,"Cole, Myers and Peterson",P6226,4,4.1
SUP2855,Trujillo-Johnson,P1988,20,3.6
SUP2856,Cole-Williams,P7919,17,3.9
SUP2857,"Lambert, Martin and Morris",P4300,9,3.0
SUP2858,Patterson and Sons,P8358,13,2.7
SUP2859,Garza-Cain,P8603,13,4.9
SUP2860,Kramer PLC,P4967,4,3.9
SUP2861,Pope-Villarreal,P2137,20,4.6
SUP2862,Cole-White,P6668,12,4.6
SUP2863,Vasquez and Sons,P2627,19,2.5
SUP2864,Rice Inc,P882,20,4.3
SUP2865,Patterson-Love,P9159,11,3.6
SUP2866,Yu Inc,P4424,2,4.6
SUP2867,"Allison, Sanchez and Swanson",P6612,3,3.6
SUP2868,Pennington LLC,P2076,10,3.2
SUP2869,"Weber, Foley and Bailey",P3207,9,4.5
SUP2870,"Jones, Peterson and Mcknight",P9346,17,3.9
SUP2871,"Guerrero, Johnson and Hunt",P4398,7,3.5
SUP2872,Wallace-Strong,P7282,4,3.0
SUP2873,"Cooper, Ortiz and Dunlap",P4410,14,4.9
SUP2874,Sanchez LLC,P2584,13,3.8
SUP2875,"Hamilton, Miller and Adams",P936,16,4.9
SUP2876,Mckinney LLC,P1653,14,3.7
SUP2877,Ortega-Singh,P7310,19,4.0
SUP2878,"Greene, Harding and Grimes",P2021,6,3.3
SUP2879,Oconnell Group,P9043,4,3.0
SUP2880,Sanchez-Smith,P2514,2,4.9
SUP2881,Case-Hall,P6606,6,2.9
SUP2882,Merritt LLC,P5100,5,4.9
SUP2883,"Dixon, Wood and Andrade",P3648,2,3.3
SUP2884,"Gonzales, Kane and Hernandez",P8298,11,2.5
SUP2885,Terrell-Edwards,P171,2,4.8
SUP2886,Frey-Murphy,P8026,14,4.9
SUP2887,Hughes Ltd,P4380,5,3.9
SUP2888,"Daniel, Santiago and Hill",P4952,16,2.9
SUP2889,"Gonzalez, Crane and Boyd",P9639,14,4.9
SUP2890,"Hughes, Frazier and King",P643,7,3.5
SUP2891,Horn-Vasquez,P825,11,3.6
SUP2892,"Johnson, Mueller and Bush",P7499,11,2.8
SUP2893,"Gonzalez, Hill and Thompson",P3711,17,4.3
SUP2894,Smith PLC,P9495,16,4.2
SUP2895,Thompson Group,P6092,15,3.3
SUP2896,"Smith, Olson and Jones",P9790,16,3.7
SUP2897,Montgomery and Sons,P5669,9,4.2
SUP2898,"Davidson, Schroeder and Arroyo",P3705,14,3.1
SUP2899,Palmer and Sons,P4122,17,3.6
SUP2900,"Thompson, Perkins and Parrish",P7502,12,4.6
SUP2901,"Turner, Brown and Walker",P4336,7,4.8
SUP2902,"Mason, Reid and Gardner",P8796,3,5.0
SUP2903,"Cummings, Wheeler and Crane",P8248,11,3.1
SUP2904,Gutierrez-Thompson,P6542,2,5.0
SUP2905,Frey Ltd,P2652,16,4.5
SUP2906,"Norman, Smith and Morrow",P3570,17,4.9
SUP2907,"Scott, Edwards and Lowery",P3652,16,3.7
SUP2908,Park-Williams,P1869,12,4.8
SUP2909,Perry-Conrad,P8670,17,4.8
SUP2910,"Morris, Cox and Moses",P7844,20,4.8
SUP2911,Moore-Graham,P8708,12,4.2
SUP2912,Strong Inc,P9641,2,3.1
SUP2913,Green PLC,P6062,5,3.9
SUP2914,"Castaneda, Mack and Gilmore",P9514,15,3.9
SUP2915,Fisher LLC,P5223,9,3.6
SUP2916,Williams and Sons,P1740,15,2.7
SUP2917,"Martin, Lopez and Gibson",P2742,15,4.0
SUP2918,"Aguilar, James and Rosales",P9073,10,3.9
SUP2919,Williams Inc,P3279,20,3.3
SUP2920,"Thompson, Sanford and Gonzalez",P6230,11,2.6
SUP2921,Wheeler and Sons,P9233,10,4.7
SUP2922,Young PLC,P473,10,4.1
SUP2923,Bennett PLC,P5859,6,3.0
SUP2924,Chandler LLC,P7191,10,3.2
SUP2925,Glass LLC,P8394,4,4.0
SUP2926,Stone-Haas,P5246,3,4.0
SUP2927,Cruz LLC,P451,11,3.0
SUP2928,"White, Howard and Lopez",P3587,3,3.9
SUP2929,"Butler, Price and Harrington",P9644,11,3.3
SUP2930,Knight and Sons,P6099,4,2.5
SUP2931,"Jackson, Peterson and Fisher",P6711,10,4.3
SUP2932,"Anderson, Wise and Griffith",P1720,19,4.4
SUP2933,Conley Group,P1652,11,4.7
SUP2934,Gomez Group,P7237,6,3.0
SUP2935,"Palmer, Friedman and Young",P6582,6,3.7
SUP2936,Johnson Inc,P572,12,4.2
SUP2937,"Thompson, Cervantes and Best",P410,16,2.9
SUP2938,Richard-Hernandez,P7468,5,2.6
SUP2939,Shelton Group,P6,10,3.7
SUP2940,"Black, Mitchell and Taylor",P4739,7,2.9
SUP2941,"Poole, Stanton and Rodriguez",P320,19,2.9
SUP2942,Hall-Merritt,P1819,9,2.6
SUP2943,Reeves LLC,P2157,2,3.2
SUP2944,Washington-Berry,P8434,10,4.6
SUP2945,"Wilson, Thompson and Moreno",P7228,8,4.2
SUP2946,Saunders Group,P7732,16,2.8
SUP2947,Parker-Osborne,P4781,6,4.3
SUP2948,"Rivas, Evans and Ramsey",P6862,8,4.5
SUP2949,"Pittman, Nguyen and Wagner",P6514,3,4.3
SUP2950,Lin Inc,P1828,20,4.3
SUP2951,Davis-Smith,P6721,14,2.8
SUP2952,Rivera Group,P5277,4,4.1
SUP2953,Blackwell-Hoffman,P1884,3,3.2
SUP2954,"Campbell, Beck and Chavez",P3759,9,4.6
SUP2955,Howell Inc,P7880,10,3.7
SUP2956,Goodwin Ltd,P2058,6,3.3
SUP2957,"Jones, Lee and Smith",P2829,11,4.1
SUP2958,Cervantes LLC,P9753,19,4.4
SUP2959,"Roberts, Morris and Lindsey",P6743,17,3.9
SUP2960,Thomas-Beck,P3092,15,3.0
SUP2961,Haas-Johnson,P681,8,3.4
SUP2962,Adams-Clarke,P6019,16,4.0
SUP2963,Jones-Moore,P4791,9,4.4
SUP2964,Roy-Moody,P604,7,4.9
SUP2965,Mclean-Bernard,P63,14,4.0
SUP2966,Wang Ltd,P8742,6,3.1
SUP2967,"Clark, Mcmahon and Rowe",P6417,20,3.1
SUP2968,"Peterson, Cisneros and White",P1937,14,4.2
SUP2969,Bailey-Roberts,P3312,20,2.6
SUP2970,Parrish Ltd,P9172,2,3.7
SUP2971,Huang-Parsons,P8054,11,3.3
SUP2972,"Carlson, Lopez and Moore",P9656,15,3.0
SUP2973,Molina Ltd,P4824,10,4.0
SUP2974,"Graham, Hood and Reed",P7632,13,4.6
SUP2975,"Reed, Webster and Thompson",P2154,16,4.8
SUP2976,Buchanan-Jenkins,P5027,9,4.4
SUP2977,"Robbins, Stewart and Chapman",P5507,12,2.6
SUP2978,Hill Ltd,P9070,9,4.2
SUP2979,"Hendrix, Martinez and Peters",P1801,12,3.2
SUP2980,"Fuller, Perez and Todd",P4879,3,4.2
SUP2981,Fowler-Wilson,P4041,3,3.1
SUP2982,"Brown, Pena and Johnson",P4445,14,3.1
SUP2983,Williams-Peters,P9149,20,4.6
SUP2984,Clark Ltd,P6480,20,2.9
SUP2985,Villarreal-Smith,P8941,11,3.2
SUP2986,Todd Inc,P9133,2,3.6
SUP2987,"Brown, Flores and Oliver",P2192,10,3.9
SUP2988,"Buckley, Moreno and Garcia",P8302,20,3.4
SUP2989,Shelton Ltd,P9405,7,3.8
SUP2990,Garza LLC,P972,20,3.2
SUP2991,"Sheppard, Brown and Higgins",P7555,11,4.8
SUP2992,Booth-Rush,P1165,17,4.0
SUP2993,"Key, Mcmahon and Aguirre",P7160,7,4.3
SUP2994,Lopez LLC,P5057,12,4.7
SUP2995,"Schmidt, Yu and Blair",P9085,3,3.2
SUP2996,King PLC,P1600,17,4.6
SUP2997,"Ruiz, Snow and Torres",P1189,16,4.6
SUP2998,Aguilar-Butler,P4722,6,3.8
SUP2999,"Bauer, Baker and Burch",P2935,8,4.3
SUP3000,"Wallace, Simpson and Anderson",P6693,9,3.8
SUP3001,Berry-Dean,P7291,6,4.3
SUP3002,Turner Group,P7067,3,3.0
SUP3003,"Keller, Burnett and Russell",P5735,10,4.9
SUP3004,Wood and Sons,P7528,9,4.1
SUP3005,Stevens-Gutierrez,P7799,5,3.3
SUP3006,Cox Ltd,P396,4,3.7
SUP3007,Ho-Morris,P6258,19,2.8
SUP3008,Gordon-Knight,P3779,17,3.2
SUP3009,Davis and Sons,P812,13,3.6
SUP3010,"Patel, Shields and Bennett",P2850,13,3.4
SUP3011,Davenport-Beck,P7089,12,2.6
SUP3012,Bates PLC,P3661,3,5.0
SUP3013,"Gonzalez, Mcfarland and Harrison",P6377,16,4.9
SUP3014,"Booth, Crosby and Morris",P8178,8,2.7
SUP3015,"Mendoza, Collier and Padilla",P6187,18,4.8
SUP3016,Adams-Thompson,P1421,9,3.3
SUP3017,"Palmer, Gross and Murphy",P4712,19,3.3
SUP3018,"King, King and Sanchez",P1768,12,4.8
SUP3019,Elliott-Watson,P129,2,4.8
SUP3020,Cervantes Group,P6417,5,3.7
SUP3021,Richards-Fox,P1470,7,3.9
SUP3022,Peters LLC,P9832,10,4.6
SUP3023,"Scott, Robinson and Sullivan",P1510,11,4.8
SUP3024,King-Richardson,P3765,19,3.1
SUP3025,Young PLC,P2756,19,3.4
SUP3026,Hayes-Woods,P8348,6,4.7
SUP3027,Miller-Perez,P6081,13,3.4
SUP3028,"Page, Jenkins and Mercado",P1583,3,4.8
SUP3029,Maxwell-Miller,P7842,6,3.4
SUP3030,"Thompson, Swanson and Richmond",P2803,15,4.1
SUP3031,Harris LLC,P8586,14,4.8
SUP3032,"King, Roberts and Johnson",P55,6,4.3
SUP3033,"Ashley, Brandt and Clark",P3525,5,4.8
SUP3034,"Fuentes, Riggs and Hansen",P9778,16,4.6
SUP3035,Avery PLC,P8505,19,4.7
SUP3036,Cooper-Orozco,P9000,19,4.9
SUP3037,Moss-Collier,P8770,2,4.7
SUP3038,"Fisher, Moore and Blair",P3950,3,4.5
SUP3039,Parker LLC,P8081,4,4.5
SUP3040,Walker-Ruiz,P7831,10,3.2
SUP3041,Roberts-Sampson,P7773,17,3.5
SUP3042,Williams-Fowler,P5084,14,4.1
SUP3043,"Sanchez, Kent and Downs",P2764,4,4.0
SUP3044,Lewis-Collins,P9275,18,2.5
SUP3045,Martin PLC,P5034,10,4.6
SUP3046,Phillips-Nelson,P187,5,4.8
SUP3047,"Pitts, Williamson and Yang",P9261,13,4.9
SUP3048,Clark PLC,P4766,2,4.8
SUP3049,Rice Inc,P1814,6,3.5
SUP3050,Moore-Adkins,P9811,7,3.6
SUP3051,Mccann PLC,P6125,16,4.8
SUP3052,Jordan Ltd,P661,11,5.0
SUP3053,Salazar Group,P4088,12,3.9
SUP3054,"Chaney, Mays and Mccarthy",P8621,17,2.9
SUP3055,"Hickman, Mitchell and Murphy",P4499,5,3.0
SUP3056,Gross Ltd,P8977,20,4.4
SUP3057,"Fox, Silva and Cox",P1369,18,3.7
SUP3058,"Novak, Jones and Bennett",P7727,19,4.6
SUP3059,Williams and Sons,P2427,3,4.0
SUP3060,"Beasley, Morales and Gonzalez",P3836,19,3.9
SUP3061,Crane-Howard,P8976,20,3.5
SUP3062,Hanson Group,P4742,13,4.4
SUP3063,Gonzalez Ltd,P8818,5,3.7
SUP3064,Murphy Ltd,P2577,12,4.8
SUP3065,"Lowery, Wright and Collier",P2932,20,2.7
SUP3066,"Lee, Mercado and Freeman",P4580,14,4.8
SUP3067,Smith Ltd,P9316,15,4.0
SUP3068,Lee-Smith,P4958,3,4.2
SUP3069,Johnson-Williams,P1959,10,2.7
SUP3070,Mcconnell-Baker,P6145,10,4.5
SUP3071,Cruz and Sons,P903,8,3.6
SUP3072,Elliott PLC,P668,14,4.1
SUP3073,"Williams, Salinas and Stone",P27,6,5.0
SUP3074,Adams-Hubbard,P3531,7,4.9
SUP3075,Alvarez Inc,P1269,7,3.9
SUP3076,Cobb and Sons,P3365,16,3.0
SUP3077,Ball-Gilbert,P8787,15,5.0
SUP3078,"Johnson, Moreno and Stewart",P1118,5,3.1
SUP3079,Kennedy Group,P186,11,3.7
SUP3080,"Greene, King and Jordan",P7975,14,4.0
SUP3081,Hicks and Sons,P6921,14,4.2
SUP3082,Miller-Holt,P8626,10,3.4
SUP3083,Maxwell-Becker,P9184,6,2.6
SUP3084,Cox and Sons,P616,5,3.9
SUP3085,West LLC,P4313,16,4.6
SUP3086,"Ward, Ware and Williams",P5951,15,3.6
SUP3087,Mullins-Howell,P765,12,4.6
SUP3088,Reynolds-Harrison,P4547,10,2.7
SUP3089,"Green, Porter and Cunningham",P7074,18,3.6
SUP3090,Walsh-Haley,P1657,20,4.9
SUP3091,"Vasquez, Day and Hinton",P2617,20,2.7
SUP3092,Gonzalez LLC,P7558,18,3.0
SUP3093,"Elliott, White and Monroe",P4710,13,3.2
SUP3094,Rodriguez-Murphy,P2182,13,3.9
SUP3095,Lin-Spencer,P8986,4,3.7
SUP3096,"Bailey, Anderson and Macias",P6198,7,4.2
SUP3097,Jackson PLC,P2127,15,3.3
SUP3098,Murillo-Vega,P3914,3,4.8
SUP3099,Fields-Adams,P6306,16,4.2
SUP3100,Dean-Arnold,P8694,11,3.3
SUP3101,"Roberts, Bauer and Ortiz",P3731,11,3.4
SUP3102,Medina-Parrish,P3514,11,4.4
SUP3103,Brown Ltd,P5840,11,3.6
SUP3104,Williams Ltd,P5041,17,4.5
SUP3105,Jordan and Sons,P6636,12,3.8
SUP3106,Thompson and Sons,P849,4,2.5
SUP3107,Hamilton Inc,P5216,20,3.7
SUP3108,"Carter, Martinez and Garcia",P1064,8,4.1
SUP3109,"Smith, Powell and Walter",P3684,11,5.0
SUP3110,Burns-Cole,P7649,5,2.6
SUP3111,Davis and Sons,P1202,19,3.2
SUP3112,Powell-Cole,P8002,16,3.2
SUP3113,Gonzalez-Barnes,P9964,5,3.6
SUP3114,"Castillo, Allen and Booker",P4532,19,3.9
SUP3115,"Pope, Little and Keith",P2244,15,3.5
SUP3116,"Walker, Mullins and Gonzalez",P4961,2,2.7
SUP3117,Cole-Rodriguez,P1666,16,3.4
SUP3118,Anderson Ltd,P5728,2,3.7
SUP3119,"Vasquez, Cummings and Riddle",P6777,13,2.6
SUP3120,Wilson Ltd,P9771,9,2.7
SUP3121,Smith PLC,P3674,19,3.3
SUP3122,"Collins, Long and Miller",P9862,18,4.9
SUP3123,"Clarke, Rios and Clark",P188,18,3.7
SUP3124,Ramirez-Bates,P8089,6,3.5
SUP3125,Collins PLC,P1942,4,3.7
SUP3126,Nixon-Brown,P6671,6,4.2
SUP3127,"Hanna, Brown and Jackson",P2818,3,4.8
SUP3128,"Roberts, Mitchell and Reese",P6903,10,4.6
SUP3129,Mann and Sons,P3190,9,3.5
SUP3130,"Mcmillan, Glover and Gibson",P5868,11,3.5
SUP3131,"Wilson, Ford and Hurley",P1042,4,3.5
SUP3132,King LLC,P2903,14,4.4
SUP3133,Jackson-Jackson,P1848,17,4.9
SUP3134,Lucas-Ayala,P1333,6,3.2
SUP3135,Lawson-Wood,P8106,5,4.6
SUP3136,Smith-Hardy,P4988,14,4.6
SUP3137,"Adams, Flores and Mccullough",P9714,6,4.8
SUP3138,Macias-Bonilla,P8113,5,3.4
SUP3139,Salazar-Velasquez,P4082,14,3.7
SUP3140,Campbell Group,P3116,15,4.9
SUP3141,"Luna, Ruiz and Gibson",P1677,14,3.6
SUP3142,Elliott Ltd,P5018,20,4.1
SUP3143,Marshall Ltd,P7906,19,3.0
SUP3144,Romero-Wood,P8493,19,4.7
SUP3145,Yang-Rogers,P8375,5,2.8
SUP3146,Oneill PLC,P9346,15,3.0
SUP3147,"Garrett, Woodard and Parker",P3202,12,4.6
SUP3148,"Cabrera, White and Cantrell",P2674,15,4.6
SUP3149,Baldwin-Anderson,P2672,20,3.9
SUP3150,"Sullivan, Pruitt and Bennett",P5626,9,4.2
SUP3151,Anthony-Payne,P5879,9,4.5
SUP3152,"Franklin, Valentine and Cox",P4502,17,4.8
SUP3153,Moody-Davila,P8621,12,4.8
SUP3154,Lane and Sons,P5358,8,3.6
SUP3155,Rose Inc,P4733,18,3.3
SUP3156,Shea Ltd,P4244,20,3.8
SUP3157,Raymond-Norris,P8312,5,3.8
SUP3158,Roberts-Hart,P2335,12,3.8
SUP3159,"Young, Rivera and Hicks",P4809,5,2.7
SUP3160,Ashley-Lewis,P6575,2,3.6
SUP3161,"Robinson, Richardson and Brandt",P6719,18,4.8
SUP3162,Freeman and Sons,P6852,12,3.2
SUP3163,"Good, Donovan and Payne",P8367,17,3.9
SUP3164,"Fletcher, Harris and Mcbride",P8207,15,3.6
SUP3165,"Smith, Williams and Robinson",P2052,19,3.3
SUP3166,"Hernandez, Harris and Cowan",P2028,5,3.3
SUP3167,Parker-Johnson,P3318,6,3.4
SUP3168,Fletcher-Ward,P6175,3,4.7
SUP3169,Gonzalez-Johnston,P6395,20,3.7
SUP3170,Byrd-Mcgee,P495,7,3.2
SUP3171,"Harris, Henry and Johnson",P6057,13,3.2
SUP3172,"Reed, Thomas and Williams",P6425,14,3.8
SUP3173,Haynes-Williams,P5068,16,3.3
SUP3174,Jones PLC,P5161,19,3.2
SUP3175,Adkins Group,P5062,3,4.7
SUP3176,"Sweeney, Deleon and Freeman",P8417,12,3.5
SUP3177,"Holt, Meyers and King",P3343,17,2.6
SUP3178,Anderson Inc,P1938,20,3.8
SUP3179,Wiggins-Mccall,P9805,6,2.9
SUP3180,Pace PLC,P6456,11,4.9
SUP3181,Jones LLC,P2120,6,4.8
SUP3182,"Bolton, Johnson and Townsend",P8589,15,3.9
SUP3183,"Sweeney, Reynolds and Nelson",P5443,17,3.5
SUP3184,"Hudson, Yates and Warren",P286,3,4.6
SUP3185,"Lloyd, Garcia and Carroll",P8280,3,3.8
SUP3186,"Sharp, Mcdonald and Owen",P8959,18,5.0
SUP3187,"Miller, Stuart and Miller",P5915,16,4.0
SUP3188,Reyes and Sons,P2465,18,2.8
SUP3189,Horton Ltd,P5455,11,5.0
SUP3190,"Herrera, Boyd and Knight",P1774,9,3.0
SUP3191,"Stevens, Lee and Hutchinson",P4716,18,3.1
SUP3192,"Maddox, Hubbard and Hoover",P1986,16,3.1
SUP3193,"Rose, Coleman and Raymond",P8871,2,4.0
SUP3194,Black PLC,P334,7,4.9
SUP3195,Castillo PLC,P9496,15,4.8
SUP3196,Turner-Villegas,P7623,17,3.5
SUP3197,Murphy PLC,P9919,16,4.0
SUP3198,Powers-Meza,P3061,20,4.5
SUP3199,Chang-Johnson,P6247,2,3.8
SUP3200,Gordon-Welch,P2913,9,3.2
SUP3201,"Russell, Miller and Schmidt",P2490,10,4.3
SUP3202,Taylor-Russell,P6907,7,2.8
SUP3203,Alexander-Walker,P5347,15,2.5
SUP3204,Zhang Group,P9178,4,3.7
SUP3205,"Hebert, Murphy and Thompson",P6368,14,4.6
SUP3206,Frye PLC,P1353,4,4.5
SUP3207,Mosley Inc,P3909,6,4.7
SUP3208,Pennington PLC,P7546,5,4.7
SUP3209,Bell-Daniels,P8444,18,3.8
SUP3210,Elliott Inc,P8596,11,2.7
SUP3211,"Franklin, Francis and Graham",P6448,3,3.7
SUP3212,Ortiz-Wu,P9945,15,3.5
SUP3213,Hanson PLC,P2418,11,3.5
SUP3214,"Mcdonald, Gilbert and Dyer",P5277,4,3.4
SUP3215,"Garcia, Simpson and Graham",P1517,5,4.7
SUP3216,"Collins, Newman and Rose",P6927,8,3.4
SUP3217,Summers Ltd,P6480,11,3.4
SUP3218,Gaines-Young,P1828,5,3.3
SUP3219,Forbes Ltd,P4976,7,2.9
SUP3220,"Lee, Burton and Lewis",P5857,16,3.9
SUP3221,Smith Inc,P3473,10,3.9
SUP3222,Johnson PLC,P4756,7,2.6
SUP3223,"Chan, Lewis and Barnes",P168,20,3.5
SUP3224,"Henry, Walls and Adkins",P5730,10,4.9
SUP3225,Greene-Cook,P7327,14,3.2
SUP3226,Moore-Love,P3253,16,4.0
SUP3227,Baker-May,P2316,6,3.4
SUP3228,Smith-Santiago,P9004,13,4.2
SUP3229,Mcdonald and Sons,P5481,2,2.6
SUP3230,Pierce-Murray,P601,4,3.5
SUP3231,"Hunter, Holder and Robinson",P9781,7,4.2
SUP3232,Swanson-Mclaughlin,P6664,5,4.1
SUP3233,Smith Ltd,P4106,12,4.0
SUP3234,Morgan LLC,P4883,6,2.8
SUP3235,Harmon PLC,P4770,7,3.5
SUP3236,Mack-Flores,P7127,6,2.9
SUP3237,"Barnes, Reed and Farmer",P9483,13,3.0
SUP3238,Foster Ltd,P4527,18,2.8
SUP3239,Flores-Lester,P6391,18,2.7
SUP3240,Acevedo LLC,P1036,18,4.8
SUP3241,Haas and Sons,P1302,8,5.0
SUP3242,Williams-Wright,P6084,15,2.6
SUP3243,"Johnson, Weaver and Becker",P5956,20,2.7
SUP3244,Freeman Group,P7948,9,4.3
SUP3245,"Lowe, Smith and Haley",P2058,9,4.8
SUP3246,Parks Group,P3722,2,3.4
SUP3247,Willis Ltd,P2698,11,4.3
SUP3248,Bonilla-Schmidt,P9365,3,3.4
SUP3249,Perez Group,P1118,13,3.9
SUP3250,Robinson Group,P5404,3,2.7
SUP3251,"Fischer, Obrien and Hughes",P9166,3,4.3
SUP3252,Kaiser-Henry,P5554,13,4.1
SUP3253,Santiago-Meyer,P1744,13,4.7
SUP3254,Smith-Webb,P7047,6,4.4
SUP3255,Cochran-Carter,P634,3,3.4
SUP3256,Robertson LLC,P546,19,3.2
SUP3257,"Trujillo, Steele and Sherman",P4978,16,3.0
SUP3258,Turner-Reyes,P2322,15,3.9
SUP3259,"Booker, Williams and Cobb",P3187,18,3.5
SUP3260,Hunt-Smith,P6897,2,3.0
SUP3261,Hutchinson-Rodriguez,P8295,13,3.6
SUP3262,Wheeler LLC,P463,18,3.0
SUP3263,Weiss LLC,P8178,18,4.6
SUP3264,Martinez-Thompson,P398,15,3.7
SUP3265,Jackson-Koch,P5878,5,3.9
SUP3266,Jones Inc,P6140,12,3.6
SUP3267,Whitaker-Stevens,P9353,12,3.8
SUP3268,Johnson LLC,P9754,10,3.7
SUP3269,Orozco-Hanson,P8413,10,3.2
SUP3270,Munoz-Horton,P3839,14,3.2
SUP3271,Bradley-Rodriguez,P5558,12,4.7
SUP3272,Robertson Ltd,P3860,12,4.3
SUP3273,James Inc,P1227,7,2.6
SUP3274,Guzman LLC,P1716,9,4.3
SUP3275,"Harris, Reyes and Saunders",P3389,11,2.9
SUP3276,Roy Ltd,P8992,5,4.2
SUP3277,Harris PLC,P3424,16,3.8
SUP3278,"Wheeler, Stokes and Cline",P8941,18,3.7
SUP3279,Murray-Woods,P7365,18,2.5
SUP3280,Benton-Weber,P1376,11,3.4
SUP3281,"Cervantes, Evans and Wade",P3360,20,3.9
SUP3282,Benton PLC,P8895,19,3.6
SUP3283,"Murray, Howard and Payne",P2121,9,3.4
SUP3284,Graham-Taylor,P390,2,3.6
SUP3285,Robertson-King,P6777,3,4.9
SUP3286,Lawson and Sons,P7783,12,2.8
SUP3287,"Pearson, Hill and Garcia",P6360,13,4.4
SUP3288,Williams-Phillips,P8698,11,4.8
SUP3289,"Campbell, Hays and Smith",P494,3,2.8
SUP3290,Henry Inc,P1835,3,3.1
SUP3291,"Davis, Wu and Johnson",P6919,20,3.3
SUP3292,Williams PLC,P5077,14,3.2
SUP3293,"Horton, Newman and Hernandez",P8653,18,4.9
SUP3294,"Chavez, Huynh and Martin",P2352,18,4.1
SUP3295,Kim-Thompson,P4321,2,4.1
SUP3296,"Reynolds, Kirby and Novak",P9519,15,3.3
SUP3297,Blackwell and Sons,P6882,17,5.0
SUP3298,Cooper LLC,P3651,6,5.0
SUP3299,"Shaffer, Clark and Brown",P8393,19,3.1
SUP3300,Lang-Neal,P9066,2,3.6
SUP3301,Snyder-Mathis,P6312,11,3.1
SUP3302,Perez LLC,P281,11,4.8
SUP3303,"Bradford, Collins and Wilkerson",P1000,18,3.2
SUP3304,"Richards, Murphy and Myers",P3896,5,2.8
SUP3305,Proctor-Carter,P857,16,2.5
SUP3306,Beasley LLC,P3854,10,3.3
SUP3307,Hammond-Ortega,P8704,7,3.9
SUP3308,Richardson-Valencia,P4773,2,4.9
SUP3309,"Washington, Gomez and Knight",P9399,11,2.5
SUP3310,"Harmon, Skinner and Reed",P6295,8,4.2
SUP3311,"Howard, Simon and Smith",P1876,19,4.2
SUP3312,Cuevas-Singh,P8844,8,3.6
SUP3313,Haynes-Ramirez,P5115,2,3.2
SUP3314,"Steele, Huynh and Johnson",P644,14,3.3
SUP3315,Phillips PLC,P3697,10,2.7
SUP3316,Lucas and Sons,P4118,8,4.6
SUP3317,Davis Ltd,P5814,6,3.4
SUP3318,Cook Group,P7274,17,4.2
SUP3319,"Barron, Tucker and Williams",P8092,5,4.2
SUP3320,Richardson PLC,P7400,15,3.6
SUP3321,"Norman, Watson and Lindsey",P734,5,3.1
SUP3322,Vazquez LLC,P2777,10,3.3
SUP3323,Fletcher-Blake,P580,16,2.8
SUP3324,"Green, Barker and Schneider",P2680,10,2.7
SUP3325,"Ruiz, Wilson and Byrd",P2628,9,3.2
SUP3326,Elliott-Williams,P7964,14,4.7
SUP3327,Salas and Sons,P9455,19,3.4
SUP3328,Franklin Ltd,P5056,9,3.0
SUP3329,Mendez-Hancock,P8517,2,3.0
SUP3330,Martinez-Taylor,P8877,3,3.6
SUP3331,"Crawford, Hunter and Richard",P6653,15,4.5
SUP3332,Davila Ltd,P4452,15,3.0
SUP3333,"Hughes, Blair and Bennett",P5763,11,4.3
SUP3334,Grant Group,P2760,7,2.6
SUP3335,Robinson PLC,P1167,19,4.2
SUP3336,Moran-Henry,P1500,11,4.1
SUP3337,Martin Inc,P7834,11,2.8
SUP3338,"Mcmillan, Miller and Reyes",P2632,10,4.4
SUP3339,Mccullough PLC,P3788,2,4.3
SUP3340,Figueroa Ltd,P3689,2,4.4
SUP3341,"Jones, Martinez and Lawson",P5072,13,4.7
SUP3342,Collins-Lutz,P4184,20,3.6
SUP3343,Johnson-Chapman,P49,16,2.6
SUP3344,"Simmons, Cohen and Anderson",P3374,6,2.9
SUP3345,Colon PLC,P7228,20,3.1
SUP3346,Evans-Cruz,P6394,19,2.8
SUP3347,"Curtis, King and Carpenter",P7891,9,3.4
SUP3348,Salas-Wade,P7605,17,2.7
SUP3349,"Vaughn, Yu and Haas",P506,9,4.6
SUP3350,Hubbard Group,P2059,11,4.0
SUP3351,Mcknight PLC,P842,16,2.9
SUP3352,Walker and Sons,P3002,4,4.3
SUP3353,"Garza, Welch and Wells",P8923,17,3.9
SUP3354,"White, Mcintosh and Schneider",P8528,16,3.0
SUP3355,"White, Powell and Gillespie",P3488,18,3.4
SUP3356,Smith-Hurley,P1283,11,4.0
SUP3357,Willis Group,P9719,15,4.8
SUP3358,"Medina, Johnson and Ortiz",P8715,7,3.0
SUP3359,"Thompson, Thomas and Welch",P6127,13,3.0
SUP3360,Travis-Lin,P4569,15,2.6
SUP3361,Baker-Ortega,P8449,5,3.0
SUP3362,"Rodriguez, Garrett and Burgess",P3971,18,4.4
SUP3363,"Goodwin, Murphy and Hamilton",P9351,11,3.4
SUP3364,"Cross, Collins and Hicks",P719,17,3.1
SUP3365,Robinson LLC,P8778,17,2.5
SUP3366,"Robinson, Harrison and Black",P9723,17,3.4
SUP3367,Mueller-Ware,P2996,2,4.5
SUP3368,Choi Inc,P2033,13,2.8
SUP3369,Wheeler-Collins,P1973,12,3.8
SUP3370,Armstrong-Bell,P2560,8,3.0
SUP3371,"Watson, Herman and Rollins",P2329,9,3.1
SUP3372,Miller-Johnson,P3681,19,3.0
SUP3373,"Alvarado, Richard and Hoffman",P2493,6,3.8
SUP3374,Jones Group,P2122,7,2.9
SUP3375,Allen Inc,P2413,4,2.9
SUP3376,Freeman Inc,P7408,7,4.5
SUP3377,"Roach, Brown and Perez",P5720,16,4.9
SUP3378,"Robertson, Johnson and Green",P8271,5,3.3
SUP3379,Miller Ltd,P9511,11,3.9
SUP3380,"Bush, Delgado and Clark",P7108,12,3.4
SUP3381,"Walsh, Mann and Graves",P3835,4,4.7
SUP3382,Harrison and Sons,P2665,3,4.6
SUP3383,"Rodriguez, Burke and Smith",P4673,20,4.8
SUP3384,Navarro-Morgan,P7810,20,3.6
SUP3385,Benson-Adams,P2930,15,2.6
SUP3386,Clark-Perkins,P1801,18,4.8
SUP3387,Jenkins and Sons,P6144,8,4.6
SUP3388,Ho-Phillips,P2359,5,4.6
SUP3389,Robertson LLC,P1302,13,4.6
SUP3390,"Moody, Miller and Glass",P4733,10,2.8
SUP3391,Chase LLC,P2032,4,3.8
SUP3392,"Brooks, Myers and Brown",P6510,6,3.7
SUP3393,Fowler Group,P6986,8,3.0
SUP3394,Barker-Smith,P1141,3,3.9
SUP3395,White-Compton,P3365,10,4.8
SUP3396,"Thomas, Blanchard and Lopez",P5172,19,4.1
SUP3397,Brady Inc,P1945,15,3.3
SUP3398,Garza-Bowen,P606,14,3.8
SUP3399,"Erickson, Savage and Jones",P288,9,3.4
SUP3400,"Perez, Hall and Joyce",P7531,15,4.7
SUP3401,"Davis, Wright and Frazier",P4592,9,4.2
SUP3402,Patterson Ltd,P6384,6,3.4
SUP3403,"Gray, Snyder and Contreras",P4127,19,3.0
SUP3404,Higgins-Leach,P9319,3,2.7
SUP3405,Morris Inc,P8565,6,4.6
SUP3406,Robinson Group,P5974,2,3.0
SUP3407,Clark-Johns,P3573,10,3.0
SUP3408,Flores LLC,P2186,16,4.5
SUP3409,"Griffin, Collins and Chen",P9835,6,2.5
SUP3410,"Novak, Johnson and Brown",P9379,20,2.7
SUP3411,"Johnson, Finley and Vincent",P5665,6,3.5
SUP3412,"Ortega, Thompson and Brown",P540,14,3.7
SUP3413,"Anderson, Harmon and Kennedy",P5493,16,3.6
SUP3414,Baker and Sons,P7969,14,4.6
SUP3415,"Jimenez, Wolfe and Lee",P3851,7,3.1
SUP3416,Whitaker-Tucker,P7137,15,4.1
SUP3417,"Smith, Brown and Perry",P9050,8,3.6
SUP3418,"Ballard, Deleon and Cox",P1329,18,4.1
SUP3419,"Holt, Parker and Fuller",P7254,11,2.5
SUP3420,Potter-Flores,P8374,13,3.7
SUP3421,Ashley Group,P3280,11,2.7
SUP3422,"Rodriguez, Diaz and Hahn",P8320,19,3.4
SUP3423,Christian LLC,P8008,5,2.9
SUP3424,Farley-Larson,P2194,10,3.2
SUP3425,Hall-Johnson,P6123,16,3.1
SUP3426,Cook LLC,P4415,10,3.6
SUP3427,Armstrong LLC,P676,6,4.6
SUP3428,Mcdonald-Harrison,P5599,10,2.9
SUP3429,Wilkins LLC,P4922,4,3.1
SUP3430,Soto LLC,P8418,10,4.4
SUP3431,"Barker, Wilson and Haynes",P4622,4,2.7
SUP3432,"Espinoza, Moreno and Campos",P5733,6,4.1
SUP3433,Andrews LLC,P8001,8,4.7
SUP3434,Frost-Stokes,P8946,6,3.0
SUP3435,Nelson-Shields,P878,4,2.9
SUP3436,"Dickerson, Rojas and Jones",P1242,7,3.5
SUP3437,Stewart-Rivers,P1902,3,4.9
SUP3438,Cervantes-Herrera,P9885,20,2.5
SUP3439,Davis and Sons,P1702,18,4.2
SUP3440,Ferguson-Miller,P566,20,3.8
SUP3441,Zimmerman-Rice,P6394,13,3.2
SUP3442,Benson LLC,P8122,15,3.0
SUP3443,Jordan-Murphy,P1672,3,4.6
SUP3444,Cox-Coleman,P6862,11,2.7
SUP3445,"Trujillo, Nash and Cooper",P6769,2,3.6
SUP3446,Donaldson and Sons,P8107,11,2.6
SUP3447,Williams-Davis,P4311,4,4.8
SUP3448,Middleton-Jackson,P9454,17,4.7
SUP3449,Goodwin-Reed,P1264,17,4.7
SUP3450,Carlson-Miranda,P7450,9,4.6
SUP3451,Chen-Waters,P6352,17,3.2
SUP3452,Smith Group,P5324,6,4.3
SUP3453,Bradley Inc,P7401,20,3.1
SUP3454,Bailey-Edwards,P6210,2,3.5
SUP3455,Maxwell-Harris,P7400,3,3.1
SUP3456,Wright-Williams,P8946,2,3.7
SUP3457,"Dougherty, Cohen and Brown",P6381,11,4.4
SUP3458,Miller Inc,P7169,20,4.8
SUP3459,Jones Inc,P7655,11,4.7
SUP3460,Romero-Mendoza,P2028,20,4.3
SUP3461,Murphy-Martinez,P839,11,3.5
SUP3462,"Rodriguez, Miller and Hall",P7004,12,2.7
SUP3463,Simon-Edwards,P2383,16,3.7
SUP3464,"Parker, Miller and Brewer",P2664,3,4.1
SUP3465,"Collier, Malone and Walker",P2703,18,4.9
SUP3466,Holmes-Collins,P2032,10,3.9
SUP3467,Solis Group,P4313,14,3.2
SUP3468,Nguyen-Williams,P2321,20,3.9
SUP3469,Robinson-Hill,P9117,16,3.1
SUP3470,Powell Ltd,P7973,10,4.8
SUP3471,"Miles, Richards and French",P904,14,2.5
SUP3472,"Miller, Conner and Davies",P4724,5,4.6
SUP3473,"Fields, Perkins and Price",P2562,10,4.5
SUP3474,Leblanc LLC,P7646,19,2.9
SUP3475,Sparks-Shields,P8746,6,2.9
SUP3476,"Gregory, Dean and Smith",P7217,4,4.1
SUP3477,"Smith, Martinez and Gonzales",P9719,17,4.6
SUP3478,Rice-Harding,P452,2,2.6
SUP3479,"Jordan, Payne and Jackson",P1440,9,4.4
SUP3480,Carrillo-Rivers,P8051,20,3.8
SUP3481,"Lambert, Peters and Garcia",P1216,6,3.4
SUP3482,"Ford, Stanley and Johnston",P2271,19,4.0
SUP3483,Patrick and Sons,P2695,5,4.0
SUP3484,Mooney-Cohen,P877,13,5.0
SUP3485,Carrillo-Gonzales,P5447,13,4.4
SUP3486,Stewart Group,P664,9,4.4
SUP3487,"Nelson, Carey and Lopez",P8083,10,3.9
SUP3488,Clark Ltd,P7195,2,3.8
SUP3489,Davis Ltd,P3879,8,4.1
SUP3490,"Knox, Moore and Shaw",P9837,11,4.2
SUP3491,"Johnson, Higgins and Gonzalez",P9329,7,3.2
SUP3492,Martinez-Pearson,P8780,11,3.5
SUP3493,Wagner and Sons,P8255,9,3.1
SUP3494,"Alvarez, Cooper and Richardson",P4155,3,4.2
SUP3495,Baldwin-Johnson,P9993,17,5.0
SUP3496,"Martin, Walton and Glenn",P885,10,3.2
SUP3497,"Gaines, Davis and Shelton",P4241,14,3.6
SUP3498,"Davis, Silva and Tucker",P1895,7,4.7
SUP3499,Phillips-Keller,P7122,5,3.3
SUP3500,Heath PLC,P4380,4,4.1
SUP3501,Gonzalez and Sons,P7295,19,4.9
SUP3502,Harvey-Smith,P3932,11,4.6
SUP3503,Davis LLC,P673,16,5.0
SUP3504,Cochran-Johnson,P2712,8,4.0
SUP3505,Garcia-Miller,P4987,14,3.5
SUP3506,Sanders Inc,P516,14,4.6
SUP3507,"Smith, Vargas and Clark",P4627,3,4.3
SUP3508,Moore-Manning,P627,10,4.4
SUP3509,Walton-Molina,P9953,3,4.4
SUP3510,"Roach, Coleman and Boyd",P6168,8,3.3
SUP3511,"Cantu, Smith and Stone",P8345,6,3.0
SUP3512,Ball PLC,P4332,6,2.7
SUP3513,Caldwell-Russell,P1994,8,3.4
SUP3514,"Marshall, Maxwell and Gonzalez",P8851,13,3.7
SUP3515,Delgado Inc,P5182,4,3.5
SUP3516,Murphy-Robbins,P2288,15,3.8
SUP3517,Stewart Inc,P5154,16,4.5
SUP3518,"Rodriguez, Webb and Thomas",P7909,9,3.9
SUP3519,Hodge Inc,P5932,20,2.7
SUP3520,"Phillips, White and Barnes",P9283,16,3.0
SUP3521,"Owens, Romero and Mcdaniel",P4011,19,4.2
SUP3522,"Gray, Mcintosh and Costa",P8368,2,4.7
SUP3523,"Henry, Gonzalez and Moore",P3342,19,4.7
SUP3524,Garcia-Sexton,P9007,12,3.2
SUP3525,"Bell, Larsen and Ward",P7881,15,4.9
SUP3526,Little-Shah,P4234,2,4.6
SUP3527,Smith Group,P787,7,3.6
SUP3528,Baldwin-Mcgee,P3714,2,4.6
SUP3529,"Woods, Anderson and Stewart",P8918,16,4.8
SUP3530,"Scott, Elliott and Avila",P816,10,4.9
SUP3531,Hernandez Inc,P3378,3,2.9
SUP3532,"King, Harris and Bartlett",P5828,7,4.9
SUP3533,Walker and Sons,P1642,10,3.6
SUP3534,"Cole, Beard and Stephens",P8087,5,2.7
SUP3535,"Jackson, Foster and Lopez",P7994,20,4.1
SUP3536,Cummings-Cervantes,P5288,6,3.1
SUP3537,"Bean, Patterson and Vargas",P2716,20,4.5
SUP3538,Simpson Inc,P1084,5,2.7
SUP3539,Rodriguez PLC,P9676,20,3.8
SUP3540,Foster Group,P8913,17,4.1
SUP3541,"Martin, Leach and Ball",P4201,8,4.7
SUP3542,Jenkins PLC,P8988,4,3.0
SUP3543,"White, Baldwin and Butler",P6232,15,4.7
SUP3544,Washington PLC,P9840,6,2.7
SUP3545,Mcdonald and Sons,P7893,3,4.4
SUP3546,Rollins-Thomas,P7818,2,3.6
SUP3547,"Palmer, Browning and Orr",P4610,14,3.5
SUP3548,Vargas Ltd,P1618,17,4.6
SUP3549,White-Hooper,P8494,5,2.6
SUP3550,"Robinson, Burns and Johnson",P4781,16,4.2
SUP3551,"Dickerson, Blackwell and Lee",P7971,18,3.7
SUP3552,Andrews PLC,P9278,4,4.6
SUP3553,Patel Ltd,P6733,3,2.8
SUP3554,Carlson-Moore,P3949,5,3.5
SUP3555,Goodman and Sons,P3281,14,3.0
SUP3556,Kelley-Hoffman,P9279,16,3.4
SUP3557,Smith-Carter,P6535,5,4.4
SUP3558,Morris-Walker,P7604,15,3.3
SUP3559,Ray Inc,P3960,10,2.9
SUP3560,"Murphy, Harmon and Molina",P7476,17,3.1
SUP3561,Bishop-Schroeder,P8425,16,4.3
SUP3562,"Rosario, Jones and Diaz",P485,11,4.1
SUP3563,Ritter Inc,P517,7,2.8
SUP3564,Macias Ltd,P1869,19,3.4
SUP3565,Duke-Gomez,P1244,12,4.5
SUP3566,Moreno LLC,P7618,7,2.7
SUP3567,Marshall Ltd,P9878,5,4.8
SUP3568,"Berry, Brown and Villa",P9248,16,4.9
SUP3569,Smith PLC,P5201,18,3.3
SUP3570,Munoz-Williams,P8052,5,4.2
SUP3571,Williams Group,P3961,18,3.1
SUP3572,Mills-Rhodes,P8129,15,4.9
SUP3573,"Shaw, Perez and Joseph",P3027,17,4.6
SUP3574,"Hunter, Pena and Reyes",P4027,14,3.9
SUP3575,Phillips and Sons,P5979,7,4.3
SUP3576,Sweeney LLC,P2635,18,3.7
SUP3577,"Reynolds, Walter and Jones",P2131,12,2.8
SUP3578,Carroll Ltd,P3955,15,3.2
SUP3579,"Cobb, Ford and Park",P3420,14,3.4
SUP3580,Porter Inc,P1809,16,4.1
SUP3581,Thornton Inc,P3736,6,3.8
SUP3582,Martin PLC,P4809,20,2.9
SUP3583,"Smith, Kent and Waller",P7682,8,2.7
SUP3584,"Hayes, Hayes and Cobb",P7535,9,4.6
SUP3585,"Ortega, Cross and Reyes",P774,7,3.6
SUP3586,Pitts-Gutierrez,P5857,2,3.9
SUP3587,Beck and Sons,P6498,15,4.0
SUP3588,"Montgomery, Ramos and James",P6826,12,4.3
SUP3589,"Leach, Carson and Wiggins",P9146,20,2.7
SUP3590,Kane and Sons,P5684,6,5.0
SUP3591,"Olson, Irwin and Rojas",P992,6,3.8
SUP3592,Mcgrath Group,P3299,8,3.0
SUP3593,"Johnson, Fox and Pierce",P1243,13,4.3
SUP3594,"Moore, Castillo and Smith",P3355,18,4.5
SUP3595,"Thompson, Ross and Jacobs",P6595,2,4.5
SUP3596,"Sharp, Thornton and Crosby",P5789,9,3.7
SUP3597,Garcia Group,P2677,6,4.4
SUP3598,"Morgan, Anderson and Carter",P4728,14,3.3
SUP3599,Smith-Valdez,P3351,10,3.3
SUP3600,"Smith, Alexander and Adkins",P7695,2,3.4
SUP3601,"Ware, Gilbert and Mcdaniel",P8281,9,5.0
SUP3602,Keller-Thomas,P1613,11,3.4
SUP3603,"Harris, Holmes and Owens",P8431,15,3.0
SUP3604,"Gibson, Knight and Vargas",P2563,18,5.0
SUP3605,Scott-Rodriguez,P9995,12,3.1
SUP3606,"Miller, Hernandez and Castro",P6948,4,2.5
SUP3607,"Campbell, Wagner and Vaughan",P9347,12,3.1
SUP3608,"Garcia, Coleman and Stewart",P2597,19,4.0
SUP3609,"Perkins, Martinez and Fisher",P5967,8,4.6
SUP3610,Smith LLC,P3601,13,3.2
SUP3611,"Nichols, Olson and Dorsey",P8380,6,3.8
SUP3612,Turner-Wallace,P2100,12,3.0
SUP3613,"Garrett, Ellis and Underwood",P7865,8,4.0
SUP3614,Glenn-Gardner,P6028,3,3.5
SUP3615,Copeland-Scott,P4888,20,4.8
SUP3616,"Koch, Orr and Ingram",P1917,14,4.0
SUP3617,Green and Sons,P8958,13,4.1
SUP3618,Peterson Ltd,P6935,18,4.1
SUP3619,Mitchell-Hurst,P8291,8,3.3
SUP3620,"Powell, Ruiz and Ortiz",P4354,14,2.7
SUP3621,Garcia Group,P6742,2,4.2
SUP3622,"Smith, Macdonald and Palmer",P6445,11,4.6
SUP3623,"Gregory, Lyons and Rivera",P8705,9,3.9
SUP3624,"Henry, Byrd and Valdez",P7594,19,3.1
SUP3625,Dixon-Eaton,P7992,3,4.8
SUP3626,Stevens-English,P4556,5,4.8
SUP3627,"Smith, Garcia and Davila",P3729,19,4.1
SUP3628,Macias PLC,P4333,3,3.2
SUP3629,Wood-Johnson,P4678,7,4.3
SUP3630,Howard Inc,P658,10,3.7
SUP3631,"Collins, Hughes and Smith",P7552,17,3.5
SUP3632,Elliott-Brown,P629,15,3.6
SUP3633,Sandoval-Joseph,P5497,18,3.2
SUP3634,"Keller, Snyder and Johnson",P415,14,4.6
SUP3635,Wood-Strickland,P4974,18,4.3
SUP3636,Bailey Ltd,P9953,20,3.9
SUP3637,Clark-Johnson,P45,15,3.0
SUP3638,"Carlson, Wood and Hartman",P9278,16,3.5
SUP3639,"Morrow, Graham and Case",P6659,18,4.5
SUP3640,Liu and Sons,P2325,17,3.0
SUP3641,"Smith, Bush and Davies",P9261,11,3.5
SUP3642,Terrell Inc,P4445,14,4.0
SUP3643,Garcia-Valencia,P6055,17,3.2
SUP3644,"Richmond, Martin and Singh",P795,11,2.6
SUP3645,"Lowe, Santiago and Schwartz",P3717,5,3.3
SUP3646,"Herrera, Brown and Ho",P1978,8,3.1
SUP3647,Rodriguez Ltd,P7886,8,3.2
SUP3648,Gonzalez PLC,P1289,6,3.2
SUP3649,Little Inc,P4248,10,3.3
SUP3650,Garcia LLC,P1336,8,3.6
SUP3651,Trevino-Hines,P1504,6,4.4
SUP3652,"Rice, Rodriguez and Harding",P3225,8,3.1
SUP3653,Franklin-Sawyer,P9923,18,3.2
SUP3654,Rodriguez-Neal,P1500,12,4.7
SUP3655,Patrick-Gonzalez,P2787,7,4.2
SUP3656,"Tate, Santos and Weiss",P3776,20,2.8
SUP3657,Ellis PLC,P6432,15,3.0
SUP3658,Smith LLC,P2909,8,3.5
SUP3659,Shelton and Sons,P5688,11,4.9
SUP3660,"Fletcher, Griffith and Williams",P1117,16,3.2
SUP3661,Banks and Sons,P1350,19,2.8
SUP3662,Webb-Weiss,P1674,6,2.6
SUP3663,"Davis, Hull and Richardson",P3540,10,3.0
SUP3664,Meyer-Higgins,P3904,8,3.2
SUP3665,"Wilson, Hill and Torres",P9893,12,4.2
SUP3666,Padilla-Terry,P2790,5,3.1
SUP3667,"Evans, Gay and Austin",P557,4,3.0
SUP3668,Brown-Olson,P8536,19,2.9
SUP3669,Lee Ltd,P171,20,4.4
SUP3670,Phelps-Taylor,P4604,2,4.4
SUP3671,"Scott, Sanders and Galvan",P9640,16,3.2
SUP3672,"Christensen, Owen and Douglas",P3844,7,2.8
SUP3673,Hopkins-Ellis,P289,13,4.5
SUP3674,"Conrad, White and Lambert",P2355,3,3.1
SUP3675,Thompson and Sons,P7242,14,4.6
SUP3676,Davis-Smith,P1257,5,2.8
SUP3677,Torres Inc,P1191,19,4.0
SUP3678,Jimenez-Wise,P5537,10,4.6
SUP3679,Mercer-Smith,P8850,5,4.3
SUP3680,"Hudson, Pittman and Davis",P6672,8,3.8
SUP3681,"Giles, Figueroa and Mcdonald",P8711,6,3.1
SUP3682,Smith Ltd,P7723,3,3.3
SUP3683,Campbell-Beck,P8869,5,4.8
SUP3684,Dickson-Hall,P1903,5,3.1
SUP3685,Lewis-Lee,P6867,8,4.9
SUP3686,"Patrick, Hoover and Murphy",P560,6,4.4
SUP3687,Barajas and Sons,P1065,16,2.5
SUP3688,Johnston Inc,P9379,17,3.0
SUP3689,Hunt LLC,P8597,18,3.8
SUP3690,"Gray, Alvarez and Hess",P5165,4,3.9
SUP3691,Stephens Inc,P2265,18,3.2
SUP3692,Jenkins Group,P1740,13,3.7
SUP3693,Schwartz-Morris,P6960,8,5.0
SUP3694,Washington and Sons,P1313,19,4.5
SUP3695,"Montgomery, Phillips and Gutierrez",P3570,14,4.8
SUP3696,"Mathis, Scott and Peters",P9807,3,4.2
SUP3697,Dean-Smith,P9234,7,2.9
SUP3698,Bishop-Nelson,P4629,6,3.8
SUP3699,Greene-Johnson,P25,19,4.2
SUP3700,Sawyer Inc,P6959,5,4.3
SUP3701,Patrick Group,P5693,10,4.8
SUP3702,Miller and Sons,P5231,2,4.4
SUP3703,"Hernandez, Ayers and Bullock",P3065,18,4.2
SUP3704,"Moreno, Cole and Morris",P7664,16,3.6
SUP3705,Garcia-Whitaker,P6240,10,4.4
SUP3706,Fuentes Ltd,P7929,7,2.6
SUP3707,"Perez, Bailey and Henderson",P3677,20,4.7
SUP3708,Wilson LLC,P6950,5,4.4
SUP3709,Clark PLC,P9747,19,4.7
SUP3710,White-Robles,P290,19,4.2
SUP3711,"Peterson, Williams and Walsh",P423,13,4.1
SUP3712,White PLC,P7634,4,4.9
SUP3713,"Perry, Cameron and Hunt",P4833,17,4.7
SUP3714,Miller-Thompson,P231,3,3.7
SUP3715,Hays Ltd,P2416,20,3.5
SUP3716,"Hicks, Simpson and Turner",P249,6,4.3
SUP3717,Taylor-Anderson,P2899,11,2.8
SUP3718,White LLC,P5945,5,3.0
SUP3719,Raymond Inc,P2294,20,4.5
SUP3720,"Perez, Parsons and Gentry",P1345,12,2.7
SUP3721,Jones Inc,P2607,17,3.1
SUP3722,"Rojas, Clements and Johnson",P4091,10,2.9
SUP3723,Hernandez-Roberts,P660,7,4.1
SUP3724,"Moore, Boyd and Wood",P5272,5,2.7
SUP3725,Hardy LLC,P7124,13,2.9
SUP3726,"Cole, Sandoval and Marks",P4219,16,2.5
SUP3727,"Cervantes, Harper and Douglas",P9745,6,3.1
SUP3728,"Juarez, Lee and Thomas",P2105,16,3.4
SUP3729,Boyd Inc,P3122,15,4.1
SUP3730,Gonzalez Ltd,P1640,5,4.4
SUP3731,Kirby Group,P3486,6,5.0
SUP3732,Green-Sosa,P9795,6,3.6
SUP3733,"Weaver, Copeland and Davis",P3951,11,3.1
SUP3734,Ross-Calderon,P6221,3,3.3
SUP3735,"Kelly, Klein and Pittman",P5698,6,4.8
SUP3736,Norman-Gardner,P8633,2,2.9
SUP3737,Clay-Jones,P9563,16,4.9
SUP3738,"Smith, Jimenez and Koch",P9280,17,3.7
SUP3739,Santiago-Garner,P7979,12,4.2
SUP3740,Fuller-Mosley,P6578,3,4.1
SUP3741,Olson-Morris,P5185,9,2.8
SUP3742,Rosario LLC,P1136,3,3.6
SUP3743,"Mcbride, Huber and Gilbert",P8499,5,4.4
SUP3744,Wilson-Parker,P9391,20,3.0
SUP3745,"Lawson, Dunn and Swanson",P2954,5,3.4
SUP3746,"Shelton, Hayes and Dixon",P1779,16,4.7
SUP3747,Williams Group,P1344,2,4.3
SUP3748,Pierce-Mitchell,P6988,17,2.6
SUP3749,"Bennett, Cole and Henry",P4687,13,4.1
SUP3750,York-Gonzalez,P3868,6,4.4
SUP3751,Rodgers LLC,P9944,6,4.5
SUP3752,Adkins-Soto,P618,15,3.3
SUP3753,Welch Group,P588,14,2.7
SUP3754,Burke-Adams,P5190,15,4.7
SUP3755,"Stewart, May and Edwards",P4537,2,3.0
SUP3756,Walker-King,P8509,14,4.1
SUP3757,Gillespie LLC,P7044,13,3.3
SUP3758,Huynh-Pena,P8704,10,3.6
SUP3759,Drake and Sons,P6092,11,2.9
SUP3760,Ryan and Sons,P6762,20,4.9
SUP3761,"Morales, Rodgers and Shah",P6083,15,4.7
SUP3762,Lambert and Sons,P9665,5,4.1
SUP3763,"Wiggins, Buckley and Sanchez",P9726,9,4.0
SUP3764,Hinton Group,P256,8,2.7
SUP3765,Franco Inc,P6730,17,3.2
SUP3766,Carter-Nash,P3673,13,4.6
SUP3767,"Hart, Watts and Pearson",P7243,5,4.2
SUP3768,Maldonado LLC,P7728,10,3.2
SUP3769,"Thompson, Marquez and Hanson",P3649,15,4.4
SUP3770,"Adams, Crawford and Jackson",P7785,5,4.9
SUP3771,Caldwell and Sons,P360,5,2.6
SUP3772,Edwards Ltd,P3877,4,4.6
SUP3773,Hanson-Cox,P87,12,4.6
SUP3774,"Martin, Mack and Meyer",P9369,7,4.5
SUP3775,Powell Group,P9145,15,3.7
SUP3776,"Mcgee, Burgess and Gonzalez",P866,19,3.3
SUP3777,Barnett-Nelson,P5855,18,2.9
SUP3778,"Weeks, Fox and Rodriguez",P6471,9,3.0
SUP3779,Torres LLC,P6068,6,4.1
SUP3780,Jenkins PLC,P2924,7,4.1
SUP3781,Andrade Inc,P3168,19,3.5
SUP3782,Smith-Romero,P1315,2,4.1
SUP3783,"Willis, Macias and Kelly",P91,15,4.7
SUP3784,Lynch-Baker,P2044,6,4.9
SUP3785,Jarvis-Prince,P6764,17,4.2
SUP3786,"Monroe, Wolfe and Austin",P6411,15,4.7
SUP3787,"Barnes, Cabrera and Thompson",P5713,20,4.5
SUP3788,Pitts Inc,P9485,6,3.8
SUP3789,"Forbes, Moore and Cruz",P5250,18,5.0
SUP3790,Thompson-Acevedo,P874,5,3.3
SUP3791,Perry-Sanchez,P4217,17,3.4
SUP3792,"Middleton, Aguirre and Adams",P670,12,2.9
SUP3793,"Hill, Wilson and Miller",P7746,19,4.8
SUP3794,Duncan PLC,P7418,20,4.9
SUP3795,"Moore, Castillo and Kirby",P9738,17,4.1
SUP3796,"Yates, Mcintyre and Robinson",P1433,16,3.5
SUP3797,Burgess Ltd,P9618,10,3.0
SUP3798,Wolfe and Sons,P3588,6,3.2
SUP3799,Christensen-Coffey,P277,6,4.2
SUP3800,Zimmerman-Meyer,P6468,14,4.7
SUP3801,Mills Group,P6426,5,3.4
SUP3802,Mills and Sons,P9490,12,4.2
SUP3803,Anderson-Hebert,P108,10,4.6
SUP3804,Snyder PLC,P149,15,4.6
SUP3805,Beck Group,P5947,12,3.5
SUP3806,Diaz-Green,P361,6,4.8
SUP3807,Robertson-Brown,P2472,10,4.4
SUP3808,Yang-Floyd,P7526,15,3.9
SUP3809,"Burns, Francis and Collins",P4997,8,3.7
SUP3810,"Cox, Mejia and Smith",P1674,20,4.3
SUP3811,Koch-Mata,P2031,13,3.9
SUP3812,"Patterson, Brown and Jones",P8234,13,3.5
SUP3813,Fitzgerald-Williams,P3481,5,3.5
SUP3814,Leblanc LLC,P1006,4,3.7
SUP3815,Johnson Group,P8412,19,3.2
SUP3816,Bates PLC,P196,17,4.3
SUP3817,Norton-Oconnell,P7264,7,4.3
SUP3818,"Rosario, Rogers and Miller",P1743,20,4.7
SUP3819,"Shaffer, Wood and Green",P9312,2,3.3
SUP3820,Mcgrath Group,P5587,2,4.5
SUP3821,Miller-Williamson,P2485,6,4.4
SUP3822,Smith-Kennedy,P2742,9,4.6
SUP3823,Mills-Osborne,P2845,17,4.2
SUP3824,Johnson-Marks,P6974,5,4.2
SUP3825,Williams-Wheeler,P2891,4,3.4
SUP3826,"Craig, Pineda and Brown",P5609,20,3.9
SUP3827,"Hall, Pace and Mason",P503,2,4.4
SUP3828,Jacobson-Arnold,P8522,5,3.2
SUP3829,"Carpenter, Cross and Fox",P3062,13,2.9
SUP3830,"Stark, Wells and Owen",P442,2,2.7
SUP3831,Foster-Wang,P1629,7,3.2
SUP3832,White Inc,P7575,2,4.9
SUP3833,Alvarez and Sons,P24,10,4.4
SUP3834,"Brown, Perez and Williamson",P8934,19,2.9
SUP3835,"Mueller, Ortiz and Kemp",P9332,3,4.2
SUP3836,Flores LLC,P3232,6,3.7
SUP3837,Ryan-Rose,P8822,15,3.7
SUP3838,Santos-Morgan,P139,6,4.3
SUP3839,"Carter, Rios and Williams",P8559,12,4.5
SUP3840,Lynch and Sons,P4417,13,2.9
SUP3841,"Nixon, White and Bass",P597,16,3.4
SUP3842,"Lyons, Cook and Carter",P1551,8,3.3
SUP3843,"Fletcher, Maxwell and Burch",P2073,18,3.2
SUP3844,Johnson-Price,P373,15,4.5
SUP3845,"Mcdaniel, Lambert and Carrillo",P4569,5,3.6
SUP3846,"Hess, Jackson and Duran",P3818,14,3.2
SUP3847,Wood and Sons,P7430,9,3.9
SUP3848,"Mendez, Hansen and Young",P2001,4,4.2
SUP3849,Phillips-Chase,P7396,6,3.1
SUP3850,Miles-Jones,P1259,8,4.9
SUP3851,Mendoza-Kemp,P1860,8,3.7
SUP3852,Jones-Patton,P3537,16,4.5
SUP3853,Dunn-Ross,P8230,13,3.6
SUP3854,Watson LLC,P6841,14,5.0
SUP3855,Fowler LLC,P2097,6,2.5
SUP3856,Reeves-House,P5922,19,4.6
SUP3857,Hughes-Jimenez,P6416,3,3.7
SUP3858,"Kirby, Lewis and Perkins",P9278,13,3.1
SUP3859,Cooper Ltd,P5806,3,3.3
SUP3860,Rivas PLC,P8342,17,4.9
SUP3861,Maddox-Wheeler,P8794,3,3.6
SUP3862,"Brown, Thompson and Banks",P7973,2,3.9
SUP3863,"Garcia, Lang and Farrell",P7767,14,2.9
SUP3864,Velez and Sons,P8451,18,4.3
SUP3865,Wood LLC,P3416,2,2.9
SUP3866,Miles-Branch,P5217,16,3.5
SUP3867,"Lee, Evans and Baker",P8510,14,2.7
SUP3868,Delgado-Maxwell,P9069,15,4.4
SUP3869,"Turner, Simmons and Knight",P7991,17,3.9
SUP3870,"Stout, Bowman and Bentley",P6787,9,4.6
SUP3871,"Miller, Newton and Taylor",P781,20,2.5
SUP3872,"Evans, Reyes and Gonzales",P2639,8,4.1
SUP3873,Morton Group,P8514,16,4.5
SUP3874,Hernandez and Sons,P8722,15,3.1
SUP3875,"Livingston, Johnson and Lucas",P6419,18,3.2
SUP3876,Walters and Sons,P7179,19,4.0
SUP3877,"Wood, Ramirez and Garcia",P650,7,2.6
SUP3878,Johnson-George,P8686,6,4.3
SUP3879,Robinson-Aguirre,P3241,3,3.6
SUP3880,Hull-Thompson,P9679,5,4.0
SUP3881,Carter LLC,P2892,10,4.2
SUP3882,Clark-Parsons,P8228,5,4.2
SUP3883,"Smith, Jacobs and Morrow",P9093,2,4.1
SUP3884,Villa Inc,P2174,11,4.9
SUP3885,"Gonzales, Rodriguez and Mitchell",P6107,10,2.6
SUP3886,Alvarez LLC,P834,2,4.5
SUP3887,Cummings-Harrell,P7110,9,4.2
SUP3888,Cole Ltd,P1181,12,4.5
SUP3889,Chung Ltd,P7863,2,4.6
SUP3890,Edwards Inc,P213,13,3.6
SUP3891,"Martin, Hardy and Parker",P6293,10,3.6
SUP3892,"Jones, Moss and Jones",P5090,4,3.3
SUP3893,Singleton-Valenzuela,P3651,10,3.8
SUP3894,"Wilson, Burnett and Brown",P3560,18,3.6
SUP3895,"White, Walls and Gonzalez",P4525,7,4.7
SUP3896,Williams PLC,P9063,7,4.3
SUP3897,Poole and Sons,P5176,17,5.0
SUP3898,Singh-Kennedy,P6966,15,2.6
SUP3899,Young Ltd,P6488,20,4.6
SUP3900,Lawrence and Sons,P1542,16,3.4
SUP3901,Berry PLC,P8346,8,3.8
SUP3902,Fleming-Martinez,P652,13,3.7
SUP3903,"Wise, Cruz and Jones",P7065,4,4.0
SUP3904,Franklin PLC,P4208,2,3.7
SUP3905,"Webb, Moore and Moore",P7549,5,2.9
SUP3906,Oneill and Sons,P5550,2,3.4
SUP3907,"Wilson, Huff and Lee",P5740,7,3.4
SUP3908,Clark-Cooley,P1542,14,3.2
SUP3909,Simon-Bentley,P6686,8,4.8
SUP3910,Baker Ltd,P8080,5,4.3
SUP3911,Hernandez Group,P8826,18,2.7
SUP3912,Mcconnell-Kane,P7047,10,3.3
SUP3913,Russo-Myers,P5568,16,3.1
SUP3914,Johnson PLC,P5573,2,4.8
SUP3915,"Moore, Jackson and Thompson",P9446,3,4.3
SUP3916,Harvey-Anderson,P2905,8,3.6
SUP3917,Larson-Reed,P414,12,3.4
SUP3918,Gould Inc,P9224,13,4.7
SUP3919,Simmons and Sons,P777,16,4.1
SUP3920,Thomas LLC,P2265,7,4.4
SUP3921,Hall Ltd,P8570,11,2.9
SUP3922,Wright and Sons,P3005,6,4.7
SUP3923,Porter-Torres,P1379,11,4.3
SUP3924,Bryant-Johnson,P2077,3,2.9
SUP3925,Martin LLC,P3351,8,4.2
SUP3926,"Huang, Jones and Hayes",P1901,16,4.7
SUP3927,"Cruz, Dean and Phillips",P4121,3,3.8
SUP3928,Stanton Inc,P6658,4,3.5
SUP3929,"Green, Smith and Rodriguez",P4491,16,3.9
SUP3930,Cruz-Owen,P5659,18,4.2
SUP3931,Wiley-Mcconnell,P3737,20,2.5
SUP3932,"Mcdaniel, Crawford and Alvarez",P9401,20,2.5
SUP3933,Yates Ltd,P7695,12,3.6
SUP3934,Davis LLC,P3663,3,3.0
SUP3935,"Ortega, King and Anthony",P2592,2,4.3
SUP3936,Vargas Ltd,P1678,19,4.8
SUP3937,Harris-House,P4123,9,2.9
SUP3938,Adams and Sons,P9041,13,4.8
SUP3939,"Johnson, Nelson and Brock",P7957,16,4.9
SUP3940,Oneal PLC,P7345,20,4.9
SUP3941,Cobb Ltd,P2564,16,3.0
SUP3942,Grant Group,P8803,7,3.6
SUP3943,Hampton-Johnson,P201,8,3.9
SUP3944,Andrews and Sons,P8483,14,3.3
SUP3945,Mcclain Group,P4419,13,3.7
SUP3946,Lee-Whitaker,P9879,4,3.0
SUP3947,Boyer Group,P4095,6,5.0
SUP3948,"Reid, Garcia and Crawford",P6480,13,3.2
SUP3949,Heath LLC,P3910,7,4.6
SUP3950,Wood Group,P9781,15,3.5
SUP3951,Hernandez-Bell,P369,7,3.4
SUP3952,"Vargas, Blackwell and Berg",P6660,14,2.5
SUP3953,Walker Group,P2459,3,4.1
SUP3954,"Miller, Valdez and Roberts",P5090,11,3.2
SUP3955,Park Inc,P8020,8,3.7
SUP3956,Pearson-Walker,P3544,19,4.3
SUP3957,"Stevens, Chang and Contreras",P855,7,4.6
SUP3958,"Strickland, Clark and Kennedy",P2250,15,4.1
SUP3959,"Phelps, Smith and Keller",P3900,13,4.5
SUP3960,"Johnson, Green and Barnes",P6385,6,4.0
SUP3961,Young PLC,P8252,20,4.8
SUP3962,"Jones, Lang and Burke",P9548,13,5.0
SUP3963,"Carr, Harris and Mcbride",P3807,2,2.9
SUP3964,Hudson-Blair,P9356,20,3.2
SUP3965,"Chung, Henderson and Mills",P8557,12,4.5
SUP3966,Williams-Mcguire,P9714,19,3.6
SUP3967,Sherman Group,P4269,16,4.9
SUP3968,"Hall, Wu and Hoffman",P7387,5,3.1
SUP3969,Shea Group,P1521,15,2.5
SUP3970,Moon-Moon,P6879,5,3.2
SUP3971,Jackson-Oconnell,P4027,16,2.8
SUP3972,"Romero, Brewer and Ward",P4971,19,3.0
SUP3973,Young-Brown,P1637,19,4.9
SUP3974,Baker Group,P8356,19,2.8
SUP3975,Rodgers-Gonzalez,P1297,4,4.8
SUP3976,Dorsey PLC,P7775,14,3.3
SUP3977,Carroll-Michael,P1729,18,3.4
SUP3978,Brown Inc,P5741,9,3.5
SUP3979,"Russo, Zhang and Dyer",P1538,4,4.8
SUP3980,"Griffin, Baker and Matthews",P3077,9,3.0
SUP3981,Rodriguez PLC,P1398,17,4.3
SUP3982,Reed Group,P2940,15,3.6
SUP3983,Lara-Powell,P4435,8,3.3
SUP3984,Edwards-Contreras,P5221,4,4.4
SUP3985,"James, Knight and Silva",P8250,7,3.9
SUP3986,King-Mitchell,P6368,14,4.1
SUP3987,Chavez PLC,P4866,5,2.8
SUP3988,Gray-Myers,P5718,7,3.5
SUP3989,Bailey-Norman,P8052,2,3.9
SUP3990,Mitchell-Matthews,P7686,19,4.4
SUP3991,"Tucker, Smith and Johnson",P9725,3,3.1
SUP3992,"Flowers, Rice and Fisher",P6118,14,3.8
SUP3993,Suarez-Logan,P464,14,4.6
SUP3994,Clark LLC,P3177,18,3.1
SUP3995,Rose-Allen,P5161,2,4.4
SUP3996,Gonzalez-Jackson,P9430,4,4.6
SUP3997,Jones-Allen,P5999,14,3.5
SUP3998,Fisher Inc,P9382,10,3.3
SUP3999,Wagner Inc,P4840,10,4.0
SUP4000,King-Smith,P2824,3,3.7
SUP4001,Mason-Casey,P1969,19,4.6
SUP4002,"Sanchez, Williams and Sharp",P3022,18,3.1
SUP4003,Chang-Merritt,P1463,4,3.0
SUP4004,Henderson PLC,P9992,12,2.7
SUP4005,"Leblanc, Wang and Austin",P6857,13,2.6
SUP4006,Casey LLC,P9091,17,4.4
SUP4007,"Reed, Hernandez and Pratt",P8708,2,3.1
SUP4008,Weeks Group,P1149,11,3.0
SUP4009,Davis-Hunt,P7139,19,3.6
SUP4010,"Jacobson, Villa and Griffin",P3006,15,4.2
SUP4011,Chaney-Patterson,P6362,18,4.5
SUP4012,Manning-Harris,P5631,15,4.8
SUP4013,Mcbride Group,P5443,13,4.3
SUP4014,Campbell-Cook,P921,16,2.9
SUP4015,Mercer-Mcmahon,P890,20,3.3
SUP4016,"Henry, Parks and Fischer",P9900,18,4.9
SUP4017,Herrera Group,P7996,8,2.6
SUP4018,Lopez Ltd,P3711,16,4.8
SUP4019,Young-Carey,P2094,19,3.7
SUP4020,Nichols-Miles,P3658,2,4.9
SUP4021,"Ford, Sullivan and Reynolds",P4213,11,3.1
SUP4022,Obrien Ltd,P458,12,2.9
SUP4023,Klein-Rodriguez,P9855,4,3.9
SUP4024,Adams PLC,P2529,16,3.9
SUP4025,Reid-Cabrera,P1683,9,2.6
SUP4026,"Hines, Edwards and Lopez",P4619,6,3.1
SUP4027,Wood-Carey,P1972,10,4.2
SUP4028,"Matthews, Guzman and Wilson",P1163,11,3.1
SUP4029,"Obrien, Gilbert and Morales",P8458,6,4.9
SUP4030,"Whitaker, Garrett and Duran",P9624,18,2.9
SUP4031,"Caldwell, Mccormick and Knapp",P8029,4,2.8
SUP4032,Walsh LLC,P1451,17,4.9
SUP4033,Eaton-Kelly,P3054,14,4.7
SUP4034,Griffin Inc,P5989,19,4.3
SUP4035,"Delgado, Jones and Odonnell",P8447,7,4.8
SUP4036,Nielsen-Harrell,P7422,5,3.6
SUP4037,Nguyen LLC,P1444,10,3.0
SUP4038,"Phillips, Knox and Hubbard",P6063,18,4.8
SUP4039,"Stark, Ramos and Rose",P7787,5,3.3
SUP4040,Mitchell-White,P9014,10,3.6
SUP4041,"Robertson, Doyle and Phillips",P8897,16,3.9
SUP4042,Wilson-Walls,P3715,8,3.1
SUP4043,Mccall and Sons,P7633,2,4.7
SUP4044,Ramirez-Baldwin,P8364,14,4.6
SUP4045,"Young, Fletcher and Brown",P1560,10,2.5
SUP4046,Henry Ltd,P353,11,3.4
SUP4047,Rivera-Collins,P8098,7,4.9
SUP4048,Potter-Gibbs,P4073,18,3.9
SUP4049,"Wheeler, Powell and Hodge",P5547,6,4.9
SUP4050,Miller LLC,P5231,4,3.2
SUP4051,Robinson-Cruz,P1449,20,4.0
SUP4052,Harris-Armstrong,P7482,13,4.5
SUP4053,Boyle-Molina,P1864,16,2.8
SUP4054,Campos Ltd,P9919,18,2.7
SUP4055,Montoya LLC,P3047,9,3.8
SUP4056,Rodriguez and Sons,P8551,7,3.9
SUP4057,Schneider PLC,P2912,11,4.3
SUP4058,Mcmahon-Griffin,P9745,6,4.2
SUP4059,Norman-Collins,P2293,17,3.5
SUP4060,"King, Tucker and Walker",P6836,14,3.0
SUP4061,Saunders-Foster,P8386,5,4.8
SUP4062,Mckinney PLC,P1272,19,4.0
SUP4063,Taylor Ltd,P8229,20,3.9
SUP4064,Hunt-Moore,P7500,15,4.8
SUP4065,"Joseph, Schultz and Burgess",P1704,8,2.7
SUP4066,"Richardson, Jordan and Riley",P137,10,2.9
SUP4067,Salazar-Duran,P9818,9,3.9
SUP4068,Mcdaniel-Lucas,P2383,14,2.5
SUP4069,"Elliott, Edwards and Lam",P1451,12,3.9
SUP4070,Young LLC,P4003,7,3.0
SUP4071,Frey Ltd,P4477,10,4.2
SUP4072,"Fleming, Flowers and Robles",P9223,2,2.7
SUP4073,Adams-Brown,P5807,6,3.7
SUP4074,"Gill, Meyers and Beasley",P603,7,2.9
SUP4075,Acosta-Smith,P8239,12,4.7
SUP4076,"Flores, Myers and Porter",P2036,11,4.5
SUP4077,Moss-Hanson,P818,18,2.9
SUP4078,Campbell Ltd,P305,8,3.8
SUP4079,Rodriguez-Brown,P5967,8,3.8
SUP4080,"Shannon, Patterson and Mcbride",P767,18,5.0
SUP4081,"Oliver, Yu and Phillips",P6404,12,3.0
SUP4082,"Stanley, Murphy and Wagner",P5149,9,3.8
SUP4083,King PLC,P8406,8,3.6
SUP4084,"Thompson, Hall and Duncan",P8628,3,2.8
SUP4085,"Walton, Harvey and Smith",P2637,5,4.8
SUP4086,Garcia Ltd,P5980,17,3.5
SUP4087,Jones LLC,P2657,9,4.9
SUP4088,"Cardenas, Mcdaniel and Snow",P9361,20,3.9
SUP4089,"Medina, Campos and Rodriguez",P4729,5,2.5
SUP4090,"Payne, Evans and Robinson",P6805,19,4.2
SUP4091,Lee Ltd,P5866,19,3.7
SUP4092,Mason-Hines,P659,13,2.7
SUP4093,Yoder-Anderson,P197,11,4.4
SUP4094,Bartlett-Gregory,P9995,14,3.2
SUP4095,"Maynard, Osborne and Clark",P3488,7,4.9
SUP4096,Brown-Mason,P2659,12,3.3
SUP4097,"Jones, Brown and Miller",P2613,2,4.4
SUP4098,"Moses, Lambert and Stevenson",P2284,8,3.7
SUP4099,"Alexander, Ramos and Pollard",P6139,15,3.7
SUP4100,"Turner, Alvarado and Hunter",P7999,12,3.2
SUP4101,Meadows-Cruz,P3638,7,2.8
SUP4102,"Atkinson, Morris and Wallace",P2805,3,3.8
SUP4103,"Howell, Jones and Smith",P2941,15,4.1
SUP4104,Lee-Green,P2951,17,2.8
SUP4105,Drake Group,P8300,3,2.6
SUP4106,Murillo-Wall,P9902,14,4.1
SUP4107,"Harris, Wilson and Rubio",P6643,5,2.8
SUP4108,"Kim, Turner and Cole",P6710,2,3.5
SUP4109,"Rojas, Buchanan and Griffin",P7212,7,5.0
SUP4110,"Holloway, White and Wilson",P8034,13,2.5
SUP4111,Little Ltd,P612,4,4.8
SUP4112,Wright Group,P6523,4,4.0
SUP4113,Wilcox Inc,P7271,17,2.8
SUP4114,Vasquez-Nguyen,P3641,16,4.5
SUP4115,"Carney, Nicholson and Kim",P7111,7,5.0
SUP4116,Morales-Macdonald,P22,6,3.4
SUP4117,Gibson-Brooks,P7066,20,3.9
SUP4118,"Garrett, Kelley and Davis",P5878,13,3.1
SUP4119,Thomas-Johnson,P6074,14,2.5
SUP4120,"Murray, Mann and Wallace",P1185,19,2.7
SUP4121,"Shepard, Jones and Robinson",P4019,8,4.1
SUP4122,Fuentes PLC,P143,8,4.9
SUP4123,Smith Ltd,P3836,9,3.8
SUP4124,"Walker, Glenn and Perez",P9443,13,4.0
SUP4125,"Kelly, Howe and West",P9300,3,4.5
SUP4126,Lam and Sons,P5979,9,3.6
SUP4127,"Luna, Wagner and Combs",P9159,17,3.4
SUP4128,Collins-Hoover,P880,13,3.1
SUP4129,"Daniels, Jones and Mejia",P5360,5,4.9
SUP4130,"Clark, Hickman and Carpenter",P7560,11,2.7
SUP4131,Boyer-Sawyer,P4430,10,4.3
SUP4132,James Inc,P1539,8,3.1
SUP4133,Jones PLC,P114,10,3.0
SUP4134,"Fisher, Davis and Harrison",P7318,12,3.6
SUP4135,"Austin, Robertson and Simpson",P4985,20,4.7
SUP4136,Garcia-Henry,P8376,20,3.9
SUP4137,Bonilla Ltd,P7672,4,4.1
SUP4138,Bennett-Jones,P1208,13,3.1
SUP4139,Kelly Group,P2252,12,4.9
SUP4140,"Skinner, Roman and Henry",P8892,5,4.2
SUP4141,Scott-Lynn,P1832,12,2.9
SUP4142,Lewis PLC,P943,18,5.0
SUP4143,Hull LLC,P597,13,4.8
SUP4144,French PLC,P4475,20,2.8
SUP4145,Green-Grant,P4698,5,4.9
SUP4146,"Hill, Diaz and Rush",P1864,5,4.1
SUP4147,Wilson Ltd,P1163,19,2.6
SUP4148,"Bray, Ward and Pineda",P4117,15,4.7
SUP4149,Armstrong-Harris,P954,11,3.7
SUP4150,"Crosby, Hawkins and Gates",P673,6,3.7
SUP4151,Francis-Schultz,P616,16,2.9
SUP4152,Salas-Ochoa,P1867,17,3.2
SUP4153,Reed-Cruz,P4051,14,2.9
SUP4154,Reed-Ellis,P2842,14,2.6
SUP4155,Oconnor Inc,P6586,13,3.9
SUP4156,Salazar-Wilson,P9016,11,3.3
SUP4157,Spears-Brown,P8387,5,2.9
SUP4158,Myers Inc,P3409,10,2.7
SUP4159,Sanchez Inc,P7670,6,4.6
SUP4160,Russo PLC,P4023,8,3.5
SUP4161,Lozano Inc,P651,7,2.8
SUP4162,Garcia and Sons,P1799,8,3.0
SUP4163,"Hall, Mahoney and Chavez",P4893,11,4.9
SUP4164,Young-Fox,P7106,18,2.6
SUP4165,"Smith, Nunez and Bishop",P561,20,3.6
SUP4166,Diaz Inc,P5475,17,4.0
SUP4167,Pugh Group,P5671,20,5.0
SUP4168,Benjamin-Hernandez,P5676,9,3.9
SUP4169,Manning PLC,P916,14,2.6
SUP4170,"Cooper, Martin and Gallagher",P367,3,3.6
SUP4171,Evans and Sons,P121,19,2.6
SUP4172,Jones-Casey,P2170,16,3.0
SUP4173,Harvey and Sons,P5407,14,2.7
SUP4174,Garcia-Carter,P7179,3,2.7
SUP4175,Tate Inc,P4000,2,4.3
SUP4176,Newman Inc,P6455,12,3.8
SUP4177,Ramos and Sons,P7497,10,3.5
SUP4178,"Davis, Cervantes and Graves",P6678,11,3.7
SUP4179,Kim-Thomas,P1330,15,4.4
SUP4180,"Zuniga, Hernandez and Santiago",P3979,3,2.5
SUP4181,Stanton-Morgan,P8092,3,4.7
SUP4182,Hart-Smith,P9120,2,3.1
SUP4183,"Evans, Thornton and Roberts",P191,14,3.7
SUP4184,Hinton-House,P4525,13,3.1
SUP4185,"Williamson, Frost and Ramos",P9565,2,4.8
SUP4186,"Cox, Walker and Webb",P3616,11,4.6
SUP4187,"Campbell, Greene and Barnett",P5913,8,4.3
SUP4188,Wilson-Gilbert,P2321,2,2.9
SUP4189,Owens-Jackson,P8076,10,2.8
SUP4190,"Carr, Anderson and Allison",P8563,2,3.5
SUP4191,Washington-Rice,P964,19,3.6
SUP4192,Bartlett-Shelton,P7259,11,3.0
SUP4193,Chan-Peters,P5682,5,3.2
SUP4194,Cruz-Bauer,P1044,10,3.5
SUP4195,Allen PLC,P9957,20,3.6
SUP4196,Graham-Hanson,P8852,11,3.9
SUP4197,Phelps PLC,P2742,11,4.8
SUP4198,Arellano-Thomas,P3618,14,4.7
SUP4199,Patel Ltd,P3242,4,3.0
SUP4200,Williams and Sons,P761,8,3.2
SUP4201,Wright-Peterson,P3938,11,3.6
SUP4202,"Moon, Davis and Castillo",P9846,12,4.1
SUP4203,Mcpherson-Kirk,P4244,15,3.5
SUP4204,"Mcintosh, Berry and Brown",P358,18,2.9
SUP4205,"Lee, Cisneros and Allen",P2849,9,2.5
SUP4206,"Fisher, Brooks and Strickland",P182,4,2.9
SUP4207,Sampson LLC,P4844,9,2.7
SUP4208,"Petty, Lloyd and Kirby",P2773,3,4.3
SUP4209,Hernandez PLC,P5657,18,4.8
SUP4210,"Allen, Mora and Johnson",P8422,9,3.9
SUP4211,Rodriguez LLC,P1601,19,2.7
SUP4212,"Parker, Graves and Griffith",P9121,2,4.1
SUP4213,Rice-Black,P1378,4,4.6
SUP4214,Woods-Berger,P4702,14,3.7
SUP4215,Mathews-Baker,P6643,15,2.8
SUP4216,"Patterson, Miller and Patterson",P5635,6,4.9
SUP4217,"Stewart, Rodriguez and Smith",P2245,2,4.9
SUP4218,George Inc,P2039,8,3.9
SUP4219,Murray-Bradley,P6017,11,3.3
SUP4220,Martin and Sons,P5540,7,3.9
SUP4221,"Bell, Decker and Martinez",P8403,12,3.6
SUP4222,Powell Inc,P8756,19,3.9
SUP4223,Randolph-Reynolds,P32,8,4.4
SUP4224,Mora Inc,P8194,12,3.9
SUP4225,Shaffer-Gardner,P5908,16,4.2
SUP4226,Campbell LLC,P4666,8,4.7
SUP4227,Clayton PLC,P9301,9,3.7
SUP4228,Moore-Marshall,P260,10,3.2
SUP4229,Chang Ltd,P8554,17,4.4
SUP4230,"Johnson, Maldonado and Shaw",P876,11,3.7
SUP4231,Nolan-Castillo,P3685,13,3.5
SUP4232,"Cohen, Dawson and Jones",P3326,5,3.1
SUP4233,Schmidt-Wagner,P5055,18,4.9
SUP4234,Malone PLC,P9746,19,4.4
SUP4235,Aguilar-Vargas,P8318,12,4.5
SUP4236,"Phelps, Hawkins and Hoffman",P4159,14,4.2
SUP4237,Edwards LLC,P3792,3,4.6
SUP4238,"Hopkins, Munoz and Valentine",P1896,15,4.8
SUP4239,Rosario-Ortega,P11,15,3.2
SUP4240,Andrews and Sons,P3736,17,3.0
SUP4241,Murphy LLC,P9898,15,2.9
SUP4242,"Frye, Kim and Schmidt",P7405,14,2.8
SUP4243,Knight-Matthews,P6626,6,2.9
SUP4244,Chaney Group,P6165,16,2.9
SUP4245,Mendoza-Cook,P9201,9,3.7
SUP4246,Casey-Robinson,P6763,15,2.9
SUP4247,Jackson Ltd,P8823,19,3.5
SUP4248,"Palmer, West and Arnold",P2366,12,3.5
SUP4249,Jones-Gaines,P2768,19,3.8
SUP4250,Melton LLC,P1887,6,3.4
SUP4251,"Frost, Fox and Montgomery",P6826,15,3.5
SUP4252,Patterson and Sons,P7468,6,4.8
SUP4253,"Lee, Cole and Payne",P3497,16,3.1
SUP4254,"Hoover, Green and Mccoy",P1165,4,4.5
SUP4255,"Booker, Phillips and Bailey",P3288,10,4.0
SUP4256,"Hernandez, Johnson and Brooks",P8084,4,3.9
SUP4257,Stewart Ltd,P8098,8,4.0
SUP4258,Rose-Stark,P1970,15,4.2
SUP4259,Edwards PLC,P7237,14,4.9
SUP4260,Pittman-Bishop,P4357,3,2.6
SUP4261,Lawrence-King,P3064,18,3.5
SUP4262,"Frye, Petty and Thompson",P7826,14,5.0
SUP4263,Gregory Group,P5815,5,2.6
SUP4264,Henderson-Gonzalez,P9428,16,4.4
SUP4265,Day-Miller,P929,20,3.2
SUP4266,Kirby Group,P3277,3,4.3
SUP4267,Mosley Group,P462,19,3.6
SUP4268,"Cervantes, Wilson and Meyer",P2213,13,4.6
SUP4269,"Johnson, Harrison and Kennedy",P2609,5,3.5
SUP4270,Hawkins LLC,P6217,20,3.3
SUP4271,Smith-Vang,P2751,17,4.8
SUP4272,Hall-Mcgee,P3976,20,3.3
SUP4273,Pena Inc,P9256,7,2.7
SUP4274,"Thompson, Porter and Williams",P8352,17,4.6
SUP4275,"Becker, Sims and Smith",P3409,9,3.8
SUP4276,Perez-Keith,P2911,6,2.9
SUP4277,Russell Inc,P7643,11,3.6
SUP4278,"Sanchez, Garcia and Perez",P7364,8,4.9
SUP4279,"Rose, Oneill and Jackson",P6371,18,4.3
SUP4280,Fernandez PLC,P7121,11,4.8
SUP4281,Myers-Munoz,P4128,7,4.3
SUP4282,"Hernandez, Carter and Flores",P9106,13,2.9
SUP4283,Beltran-Carlson,P3818,17,3.6
SUP4284,Jones Inc,P1501,5,3.2
SUP4285,Anderson-Mays,P8345,20,3.0
SUP4286,Ramsey-Roman,P8857,15,2.8
SUP4287,"Jones, Phillips and Alexander",P3444,19,2.7
SUP4288,Adams-Serrano,P5440,8,4.2
SUP4289,James-Wilson,P9875,19,4.7
SUP4290,"Smith, Reynolds and Lewis",P1027,6,3.2
SUP4291,Nelson-Payne,P9964,12,4.0
SUP4292,"Harris, Richardson and Hughes",P2652,16,2.8
SUP4293,Holloway PLC,P719,15,2.7
SUP4294,Murillo-Robinson,P9834,2,2.6
SUP4295,"Irwin, Chambers and Brown",P923,2,3.0
SUP4296,"Phillips, Munoz and Mendoza",P1746,9,4.9
SUP4297,"Pollard, Harris and Gibson",P2181,7,3.6
SUP4298,Kelley and Sons,P570,19,4.5
SUP4299,"Randolph, Lewis and Jones",P4432,8,2.5
SUP4300,Hebert Group,P7839,4,3.5
SUP4301,"Wall, Pham and Haney",P4533,12,4.4
SUP4302,Morgan-Jacobson,P5169,12,3.9
SUP4303,Silva-White,P4944,13,3.4
SUP4304,Coleman PLC,P7462,13,4.0
SUP4305,Jones Inc,P5024,5,3.9
SUP4306,Davenport LLC,P9425,2,4.1
SUP4307,Harris-Cooper,P3615,19,2.9
SUP4308,"Jimenez, Ward and Duffy",P7116,2,2.6
SUP4309,"Nguyen, Morgan and Miller",P4859,12,2.8
SUP4310,Thomas Inc,P4895,11,2.6
SUP4311,Kim PLC,P1387,4,3.5
SUP4312,"Sanford, Rodriguez and Knapp",P7677,18,3.4
SUP4313,Mercer-Rojas,P7264,19,4.1
SUP4314,"Fowler, Thomas and Johnson",P1058,7,3.2
SUP4315,"Alvarez, Sanchez and Jimenez",P6131,5,3.0
SUP4316,"Wong, Bishop and Mills",P4019,7,2.6
SUP4317,"Melton, Combs and Moore",P9163,6,4.9
SUP4318,"Campos, Butler and Rich",P4896,16,3.5
SUP4319,Clark-Morales,P6233,19,2.9
SUP4320,Mcintosh and Sons,P7164,16,2.8
SUP4321,"Vasquez, Williams and Williams",P6226,5,4.3
SUP4322,"Reed, Jacobs and Oconnell",P157,13,3.4
SUP4323,Schmidt Inc,P3470,19,4.6
SUP4324,George-Harris,P4564,14,4.1
SUP4325,Clements-Martin,P6724,19,3.5
SUP4326,Ramirez and Sons,P4158,10,4.5
SUP4327,Newman-Mcmillan,P8145,11,4.1
SUP4328,"Pham, Jordan and Curry",P297,8,2.6
SUP4329,Salazar-Sullivan,P264,2,4.5
SUP4330,"Watson, Nelson and Daniel",P4305,12,3.2
SUP4331,Vance-Rodriguez,P9535,14,4.0
SUP4332,Gray Inc,P8174,4,3.2
SUP4333,Kramer-Khan,P2693,20,3.6
SUP4334,Fernandez and Sons,P5618,6,2.6
SUP4335,"Hill, Peterson and Smith",P3241,6,2.8
SUP4336,Wood-Smith,P9257,12,4.6
SUP4337,"Meadows, Bennett and Randall",P5848,17,3.9
SUP4338,"Stewart, Davis and Hoffman",P8284,16,3.9
SUP4339,Romero and Sons,P8461,11,3.1
SUP4340,Ford-White,P8459,2,3.9
SUP4341,Gonzalez-Salas,P8059,14,3.6
SUP4342,Owens Inc,P3399,4,4.5
SUP4343,Fry-Brooks,P598,20,4.8
SUP4344,Perez-Bowman,P3575,19,4.0
SUP4345,Thomas-Hampton,P2881,8,3.3
SUP4346,Myers Inc,P9465,7,4.8
SUP4347,Lee and Sons,P1312,8,4.2
SUP4348,"White, Martin and Smith",P1632,14,3.2
SUP4349,Day Group,P8121,11,2.7
SUP4350,Sanchez-Martinez,P9662,17,3.9
SUP4351,Richmond Group,P765,9,3.9
SUP4352,Gordon-Shepherd,P7378,5,4.9
SUP4353,Smith-Harmon,P6914,5,3.4
SUP4354,Robbins-Little,P3706,10,3.0
SUP4355,"Coleman, Mason and Johnson",P7677,12,3.3
SUP4356,Miller-Henderson,P2663,7,2.9
SUP4357,Mcguire-Padilla,P9981,9,4.7
SUP4358,Taylor-Parker,P7677,4,3.0
SUP4359,Hayes Ltd,P1497,11,4.6
SUP4360,"Rivera, Lowe and Jensen",P9571,4,4.6
SUP4361,Mason PLC,P73,4,3.9
SUP4362,"Anderson, Chandler and Baker",P43,3,4.2
SUP4363,Gray Group,P6566,11,4.2
SUP4364,Rodgers-Jones,P9003,13,2.5
SUP4365,"Robinson, Jones and Lewis",P8928,12,4.9
SUP4366,Richmond-Perez,P4156,3,4.7
SUP4367,Nicholson-Sanchez,P9135,14,4.8
SUP4368,Kelly-Ryan,P9568,8,3.9
SUP4369,"Ortiz, Davis and Hale",P4665,19,3.0
SUP4370,Walters-Hernandez,P7981,18,3.7
SUP4371,Hunter Group,P6134,13,5.0
SUP4372,Morris-Armstrong,P145,15,3.7
SUP4373,Hill-Davis,P4110,19,4.7
SUP4374,Powell-Flores,P5118,14,3.4
SUP4375,"Glass, Melton and Boone",P932,17,4.0
SUP4376,Carrillo-Ashley,P3846,17,2.9
SUP4377,"Martinez, Herring and Johnson",P5222,13,2.7
SUP4378,"Miller, Cooper and Black",P9584,15,4.8
SUP4379,"Short, Moore and Taylor",P3245,5,3.8
SUP4380,"Cantu, Lopez and Jordan",P5151,10,4.5
SUP4381,"Ortiz, Petersen and Sullivan",P6813,14,3.6
SUP4382,Stephens Group,P1189,15,4.8
SUP4383,Williamson Inc,P7323,13,3.2
SUP4384,Baker-Jensen,P5939,5,2.7
SUP4385,"Estrada, Hall and Jones",P4816,16,4.9
SUP4386,Taylor PLC,P2285,12,2.7
SUP4387,"Bernard, Smith and Zamora",P3673,16,4.2
SUP4388,Gibson LLC,P3430,8,4.1
SUP4389,Rose-Smith,P8374,2,4.8
SUP4390,Griffith-Lewis,P1281,6,5.0
SUP4391,Barrett-Armstrong,P9983,8,5.0
SUP4392,Rhodes Ltd,P3597,2,3.9
SUP4393,"Gonzalez, Costa and Pratt",P7479,16,3.3
SUP4394,Carr and Sons,P7203,12,4.4
SUP4395,Garcia Inc,P2804,14,2.9
SUP4396,"Thomas, Orr and Wilson",P507,7,4.7
SUP4397,Guerra-Hooper,P6475,19,3.8
SUP4398,Watkins-Rivers,P545,4,4.9
SUP4399,Santiago-Lopez,P9912,5,4.6
SUP4400,"Chapman, Garcia and Miller",P8479,9,4.7
SUP4401,Wright-Evans,P2501,8,3.6
SUP4402,Torres-Cruz,P9942,3,3.1
SUP4403,"Adams, Smith and Stanley",P1690,7,3.4
SUP4404,Moore Group,P3027,2,4.0
SUP4405,"Hendricks, Davies and Larsen",P9959,7,3.1
SUP4406,Russell and Sons,P3877,15,4.5
SUP4407,Rodriguez-Dalton,P3558,5,4.9
SUP4408,"Martin, George and Wilson",P3044,20,4.8
SUP4409,"Hurst, Martinez and Hawkins",P2976,15,3.3
SUP4410,Taylor LLC,P4666,5,4.3
SUP4411,Stokes and Sons,P944,17,3.4
SUP4412,Bell-Woods,P624,18,2.9
SUP4413,Malone Inc,P7808,3,3.9
SUP4414,"Wilson, Brooks and Wolf",P3883,12,3.1
SUP4415,"Ellis, Proctor and Wiley",P2565,17,4.9
SUP4416,Cox LLC,P297,19,4.3
SUP4417,Petersen-Wade,P9242,5,4.8
SUP4418,Johnston-Chandler,P3971,7,4.5
SUP4419,"Johnson, Mcfarland and Mcpherson",P9116,7,4.7
SUP4420,Smith Ltd,P8003,5,3.7
SUP4421,Howard PLC,P2368,15,4.9
SUP4422,Cole Ltd,P1645,16,4.4
SUP4423,"Singh, Mccormick and Parker",P4757,2,3.9
SUP4424,Smith Ltd,P5337,14,3.7
SUP4425,Burgess-Ford,P7123,17,2.5
SUP4426,Hunter-Larsen,P5595,7,5.0
SUP4427,Hernandez-Chang,P1811,10,3.5
SUP4428,House-Johnson,P7795,20,4.0
SUP4429,Davis Ltd,P2433,18,4.2
SUP4430,"Cantu, Williams and Dennis",P2619,18,3.8
SUP4431,Thomas Ltd,P306,7,2.8
SUP4432,"Martinez, Smith and Moore",P5292,6,2.5
SUP4433,Duncan Inc,P9455,13,4.4
SUP4434,"Hobbs, Harper and Roberts",P8442,18,4.6
SUP4435,"Gonzales, Woods and Moody",P4398,11,3.7
SUP4436,White PLC,P4340,13,3.4
SUP4437,Castro-Fernandez,P2491,19,3.0
SUP4438,"Johnson, Oconnell and Perez",P1627,8,2.8
SUP4439,"Smith, Pace and Underwood",P5211,14,4.0
SUP4440,"Oneal, Miller and Castro",P6015,2,4.8
SUP4441,"Christian, Hays and Pineda",P5821,9,4.2
SUP4442,"Mullins, Bailey and Irwin",P5307,20,2.6
SUP4443,Fisher Ltd,P5823,10,2.7
SUP4444,Brooks PLC,P7723,15,2.6
SUP4445,Smith-Garza,P5499,3,3.2
SUP4446,Bright-Howell,P279,16,4.8
SUP4447,Davis PLC,P5032,11,4.1
SUP4448,"Rowland, Burns and Huang",P2941,6,3.5
SUP4449,Spencer Inc,P911,11,4.1
SUP4450,Mills and Sons,P4884,15,2.8
SUP4451,Clark Group,P8659,20,4.7
SUP4452,Walker-Porter,P5660,11,4.9
SUP4453,Moss PLC,P518,17,3.5
SUP4454,Harrison-Meyer,P2240,9,3.6
SUP4455,Bishop-Scott,P2756,15,5.0
SUP4456,Harris Inc,P1775,17,4.8
SUP4457,Rose Inc,P3548,14,2.7
SUP4458,"Smith, Williams and Mckinney",P7911,15,3.3
SUP4459,Diaz-Lopez,P307,12,4.0
SUP4460,Fletcher Ltd,P5868,3,2.9
SUP4461,Maxwell LLC,P9272,3,3.4
SUP4462,"Sanchez, Archer and Pierce",P8257,19,3.8
SUP4463,Davis-Moore,P1567,11,4.0
SUP4464,Mason Inc,P624,11,4.4
SUP4465,Foley PLC,P4504,4,5.0
SUP4466,Harvey-Clark,P5097,6,2.7
SUP4467,"Rhodes, Robertson and Huffman",P562,20,3.9
SUP4468,Castaneda-Booker,P925,3,4.8
SUP4469,"Henry, Jennings and Vasquez",P2646,2,3.0
SUP4470,"Williams, Buck and Keith",P9066,6,3.4
SUP4471,Morton-Barnes,P1729,19,3.3
SUP4472,Shaffer PLC,P6696,16,3.6
SUP4473,Willis Group,P3390,18,3.2
SUP4474,"Williams, Anderson and Roth",P7533,12,3.2
SUP4475,Miles-Wise,P2785,13,3.1
SUP4476,"Shepard, Snyder and Herrera",P6881,16,4.2
SUP4477,Cox-Fuller,P2528,13,2.6
SUP4478,"Myers, Taylor and Hampton",P4748,20,3.0
SUP4479,"Hughes, Hart and Cline",P1218,11,3.2
SUP4480,"Allen, Vazquez and Khan",P563,20,4.7
SUP4481,Parsons Group,P1878,10,2.7
SUP4482,Johnson and Sons,P2795,13,4.2
SUP4483,Graham LLC,P8285,2,5.0
SUP4484,White-Schneider,P7477,7,4.0
SUP4485,Delacruz Ltd,P5071,20,3.9
SUP4486,Kerr Inc,P7301,5,3.0
SUP4487,Martinez PLC,P4157,12,3.6
SUP4488,Webb and Sons,P2472,2,4.6
SUP4489,"Acevedo, Anderson and Lucas",P1654,18,3.9
SUP4490,Williamson-Cardenas,P5301,17,3.7
SUP4491,Montes Group,P3155,9,4.5
SUP4492,Gill-Williams,P3659,7,4.2
SUP4493,"Edwards, Doyle and Herrera",P5865,13,4.7
SUP4494,"Griffin, Roberts and Mcmahon",P4838,3,2.8
SUP4495,"Johnson, Miles and Mccoy",P1797,3,2.5
SUP4496,Orozco-Holloway,P7307,4,3.0
SUP4497,Suarez-Nichols,P2190,13,2.9
SUP4498,"Mooney, Lewis and Hansen",P298,20,3.7
SUP4499,Simpson LLC,P2629,18,4.7
SUP4500,Wilson-Wright,P7763,3,5.0
SUP4501,"Dunlap, Lopez and Hall",P1702,13,3.3
SUP4502,Underwood-Ellison,P4127,2,2.5
SUP4503,"Velasquez, Morgan and Lane",P1844,4,3.0
SUP4504,Jones LLC,P8845,18,2.5
SUP4505,Duncan Ltd,P8986,13,4.8
SUP4506,Wood Group,P7417,9,3.4
SUP4507,Bush LLC,P7457,14,3.2
SUP4508,Sanchez LLC,P6450,4,3.7
SUP4509,Young and Sons,P2313,18,4.0
SUP4510,Smith LLC,P1324,19,4.5
SUP4511,"Decker, Swanson and Massey",P4839,20,3.2
SUP4512,Moss-Johnson,P3900,13,3.5
SUP4513,"Powell, Martin and Sanchez",P4096,16,2.6
SUP4514,"Jordan, Solis and Curtis",P1926,17,4.7
SUP4515,Williams and Sons,P1588,13,4.9
SUP4516,Nguyen Group,P3557,5,4.3
SUP4517,"Gregory, Rodriguez and Mcknight",P2148,16,3.7
SUP4518,Powell Ltd,P9783,12,4.5
SUP4519,"Brown, Rangel and Ramirez",P639,8,2.6
SUP4520,Pham-Garcia,P4192,6,3.8
SUP4521,Brown-Smith,P6758,8,3.8
SUP4522,"Copeland, Chavez and Berry",P2954,3,2.8
SUP4523,Clayton and Sons,P5421,6,3.8
SUP4524,"Garcia, Cortez and Silva",P7042,3,3.4
SUP4525,Smith PLC,P4192,6,4.2
SUP4526,Martin-Hall,P2566,20,4.7
SUP4527,"Moore, Taylor and Flores",P4539,17,5.0
SUP4528,"Snyder, Powell and Howard",P9975,8,4.5
SUP4529,"Bryant, Ryan and Rodriguez",P953,12,4.3
SUP4530,Cunningham Group,P3696,10,3.2
SUP4531,Huffman Ltd,P8328,3,2.6
SUP4532,Cervantes Group,P8367,19,3.4
SUP4533,Meyer PLC,P6659,12,4.1
SUP4534,"Nelson, Davidson and Fitzgerald",P5189,8,4.6
SUP4535,Crawford PLC,P3665,4,4.6
SUP4536,Beck-Mcdonald,P7727,12,4.6
SUP4537,"Wilson, Greene and Anderson",P7066,5,3.0
SUP4538,Brooks-Walsh,P4926,17,4.1
SUP4539,Parker-Davis,P2200,14,4.8
SUP4540,"Patel, White and Ramirez",P9064,16,4.1
SUP4541,"Simmons, Johnson and Torres",P1098,19,4.9
SUP4542,Guerrero-Williams,P9814,3,4.4
SUP4543,"Chapman, Garcia and York",P8351,15,2.8
SUP4544,Lester-Swanson,P9513,3,4.1
SUP4545,"Peterson, Romero and Craig",P1919,11,3.9
SUP4546,Baker Inc,P4222,6,4.0
SUP4547,"Campbell, Owen and Campbell",P8318,12,3.1
SUP4548,Lopez and Sons,P7762,19,3.8
SUP4549,"Armstrong, Williams and Salazar",P3154,14,3.5
SUP4550,Villa-Reyes,P2372,14,4.8
SUP4551,Miller Inc,P1041,18,4.9
SUP4552,"Ramirez, Hoffman and Thompson",P7730,19,3.6
SUP4553,Hamilton-Jones,P3424,4,4.5
SUP4554,Jackson-Hughes,P6068,10,3.0
SUP4555,Tran-Daniels,P7261,8,4.8
SUP4556,Santos LLC,P5266,3,2.8
SUP4557,Good PLC,P3542,3,4.9
SUP4558,"Castillo, Warner and Burke",P3447,2,3.0
SUP4559,"Patel, Walker and Cook",P4147,5,3.4
SUP4560,Martinez and Sons,P1856,14,5.0
SUP4561,Baldwin-Tran,P6679,4,3.1
SUP4562,Palmer LLC,P6766,19,3.5
SUP4563,Harris-Mills,P2401,15,3.1
SUP4564,"Lee, Nguyen and Patel",P262,6,2.9
SUP4565,Lopez LLC,P5381,3,4.9
SUP4566,"Moore, Bennett and Kent",P912,5,4.4
SUP4567,Hill LLC,P3888,11,4.6
SUP4568,Mills Group,P8390,6,4.4
SUP4569,Burke and Sons,P284,3,4.5
SUP4570,Cunningham LLC,P4662,3,2.9
SUP4571,Ramirez Group,P2503,3,3.2
SUP4572,Scott Ltd,P4452,4,3.5
SUP4573,"Hopkins, Lindsey and Perez",P8141,19,2.8
SUP4574,Russo-Cruz,P6920,3,4.7
SUP4575,Hendrix-Everett,P5612,5,3.7
SUP4576,Brown Group,P8188,2,3.9
SUP4577,Arnold-Garza,P7652,7,4.5
SUP4578,Lee-Joseph,P2025,16,2.8
SUP4579,Kelly-Raymond,P9793,20,4.2
SUP4580,Dean and Sons,P3859,9,3.5
SUP4581,Adams Group,P2639,4,3.9
SUP4582,Ryan-Ramsey,P9680,12,2.7
SUP4583,Salazar LLC,P5200,5,3.4
SUP4584,Kelly-Parker,P329,14,2.9
SUP4585,Mcintyre Inc,P8823,9,2.7
SUP4586,Roth and Sons,P6350,8,4.8
SUP4587,Berry PLC,P6466,17,2.9
SUP4588,"Powell, Allen and Harris",P5367,7,3.7
SUP4589,Calhoun-Collier,P6944,9,4.1
SUP4590,"Keller, Owens and Norton",P9493,17,4.5
SUP4591,"Rivas, Richard and Oliver",P712,2,3.8
SUP4592,Huffman-Hatfield,P1227,18,3.4
SUP4593,Jones-Carter,P2023,4,2.9
SUP4594,Barry and Sons,P8667,12,4.8
SUP4595,Moore Group,P634,13,4.4
SUP4596,Swanson-Roberts,P5857,12,3.3
SUP4597,Mclaughlin Ltd,P4212,7,3.8
SUP4598,Gordon Inc,P5813,18,4.6
SUP4599,"Sullivan, Cooley and Mata",P6169,9,2.9
SUP4600,"Shepherd, Gonzalez and Schroeder",P2708,9,3.6
SUP4601,Torres and Sons,P2988,3,4.1
SUP4602,Nelson-Snyder,P9770,16,2.9
SUP4603,Moore-Shepard,P7043,3,4.5
SUP4604,"Hamilton, Stuart and Ward",P8342,19,4.0
SUP4605,"Beasley, Becker and Smith",P6323,10,2.9
SUP4606,Mitchell and Sons,P4145,18,3.8
SUP4607,"Allen, Clay and Cox",P9873,18,3.6
SUP4608,Schultz-Bowers,P3158,3,4.6
SUP4609,Roth-Wilson,P9129,19,4.2
SUP4610,Huff-Hoover,P748,20,3.3
SUP4611,"Hicks, Herrera and Morris",P7650,3,4.7
SUP4612,Gonzalez-Gonzalez,P7910,8,4.3
SUP4613,Perkins-Smith,P9078,17,4.2
SUP4614,"Holder, Rodriguez and Cook",P4190,17,4.8
SUP4615,Callahan-Lewis,P75,18,4.1
SUP4616,Knight LLC,P5894,19,3.5
SUP4617,"Mosley, Bruce and Gallagher",P2423,15,3.1
SUP4618,Potts-Escobar,P7078,5,3.3
SUP4619,"Phillips, Davidson and Parker",P7075,11,2.6
SUP4620,Jordan-Fox,P632,6,4.4
SUP4621,Church LLC,P2590,20,4.0
SUP4622,Franklin PLC,P9602,15,3.3
SUP4623,"Hall, Wood and Miller",P5949,8,4.5
SUP4624,Lucas Ltd,P8523,16,4.8
SUP4625,"Chapman, Steele and Jimenez",P3403,9,4.5
SUP4626,Montoya Inc,P1067,19,3.4
SUP4627,York-Taylor,P5198,16,3.1
SUP4628,Wolf Inc,P9356,8,3.9
SUP4629,Horn-Shah,P5387,12,2.9
SUP4630,White PLC,P536,3,5.0
SUP4631,Oliver-Duncan,P373,6,4.9
SUP4632,Jones-Ryan,P2753,3,4.1
SUP4633,"Day, Zimmerman and Hardy",P2883,14,4.6
SUP4634,"Clarke, Lynch and Smith",P3600,17,3.5
SUP4635,Owens-Tucker,P7476,9,4.5
SUP4636,Schmidt Inc,P7091,7,4.2
SUP4637,Wilson Group,P4717,3,4.9
SUP4638,"Ross, Kaiser and Wallace",P6789,17,4.8
SUP4639,Turner-Trujillo,P2781,13,3.7
SUP4640,"Schultz, Watson and Nelson",P8666,17,4.3
SUP4641,"Church, Lowery and Neal",P596,9,2.8
SUP4642,Knapp-Guerra,P7110,19,3.2
SUP4643,"Rodriguez, Aguirre and Thompson",P1835,9,2.5
SUP4644,"Clarke, Rodriguez and Silva",P9570,20,4.2
SUP4645,Hall-Mcdonald,P2490,13,4.5
SUP4646,White PLC,P8441,10,4.2
SUP4647,"Lambert, Snyder and Marks",P6938,6,3.2
SUP4648,Jones Group,P5908,4,2.7
SUP4649,Adams-Jackson,P5475,14,4.2
SUP4650,Harper and Sons,P152,14,4.6
SUP4651,"Nash, Greene and Johnston",P529,5,4.1
SUP4652,"Villanueva, Oneal and Gonzalez",P205,3,3.4
SUP4653,Washington LLC,P7601,5,3.6
SUP4654,Love Inc,P7269,13,4.0
SUP4655,Garrison Ltd,P9084,20,4.3
SUP4656,Bullock Inc,P7877,4,4.1
SUP4657,Richardson LLC,P9711,17,3.2
SUP4658,Anderson Group,P9222,18,4.9
SUP4659,Howard and Sons,P5276,6,4.8
SUP4660,"Burton, Thompson and Gordon",P9846,19,3.4
SUP4661,Davis and Sons,P300,12,4.6
SUP4662,"Hayden, Gonzales and Hess",P835,11,3.7
SUP4663,"White, Lopez and Shaffer",P3740,8,3.7
SUP4664,Smith-Herman,P8814,11,3.6
SUP4665,Cunningham PLC,P3465,2,2.9
SUP4666,Gonzalez Ltd,P3178,5,4.9
SUP4667,"Hawkins, Ortiz and Roman",P3188,6,4.2
SUP4668,"Bradford, Mays and Nash",P5623,5,3.6
SUP4669,"Martin, Jennings and Perry",P2610,14,2.7
SUP4670,Wheeler PLC,P8113,17,3.0
SUP4671,"Smith, Wilkins and Thompson",P3302,15,3.9
SUP4672,Curtis Group,P4356,7,4.2
SUP4673,Blackwell-Harris,P2914,13,3.4
SUP4674,Li and Sons,P9884,15,3.5
SUP4675,Castro Group,P3454,18,3.2
SUP4676,Schroeder and Sons,P5282,6,4.7
SUP4677,Acosta PLC,P8646,20,3.6
SUP4678,Keller-Simon,P7598,20,3.9
SUP4679,Martinez-Berger,P1241,19,4.2
SUP4680,Smith Inc,P6253,11,2.7
SUP4681,Garcia LLC,P9270,2,4.5
SUP4682,"Reynolds, Ramirez and Knapp",P287,7,3.9
SUP4683,"Rojas, Bell and Carroll",P1888,5,3.8
SUP4684,Brown-Fox,P9291,9,5.0
SUP4685,"Scott, Murray and Pham",P4912,17,4.6
SUP4686,"Sweeney, Williams and Warren",P699,11,3.7
SUP4687,Frye-Norman,P8970,11,3.3
SUP4688,Tran-Martinez,P6663,18,4.1
SUP4689,Smith PLC,P1633,14,3.8
SUP4690,Burke-Phillips,P5056,2,3.8
SUP4691,Davis Inc,P1391,17,2.8
SUP4692,Rogers Inc,P4222,17,3.3
SUP4693,Mcdonald Group,P9275,18,3.1
SUP4694,May-Moore,P3441,20,4.8
SUP4695,"Hanna, Chen and Johnston",P8484,19,3.9
SUP4696,Thompson Inc,P6817,7,4.1
SUP4697,Scott-Rodriguez,P5308,19,3.8
SUP4698,Carter and Sons,P3439,12,4.1
SUP4699,Hardy Group,P229,7,3.3
SUP4700,"Sutton, Woodard and Shaffer",P6644,9,3.3
SUP4701,Cohen-Martinez,P9738,9,3.3
SUP4702,"Caldwell, Roth and Wallace",P6630,20,3.2
SUP4703,"Jennings, Grant and Lopez",P9121,17,3.5
SUP4704,"Andrews, Watson and White",P321,9,2.5
SUP4705,Gross Ltd,P1520,15,4.9
SUP4706,Weber-Lopez,P8737,5,2.6
SUP4707,Foley-Cook,P8457,20,3.3
SUP4708,Williams-Brooks,P1934,10,3.0
SUP4709,Hill Inc,P5404,5,4.5
SUP4710,Chang-Murphy,P8284,15,3.5
SUP4711,Lewis PLC,P5957,16,4.3
SUP4712,Moran-Perkins,P7300,6,2.6
SUP4713,Mcclure-Perez,P6230,20,4.5
SUP4714,York Ltd,P6097,2,3.9
SUP4715,Wells-Bryant,P5030,9,2.6
SUP4716,Weaver-Bryant,P4028,7,2.5
SUP4717,Johnson and Sons,P3918,12,3.0
SUP4718,"Turner, Marshall and Valentine",P7233,16,3.4
SUP4719,Carson and Sons,P862,20,4.4
SUP4720,"Smith, Obrien and Chandler",P9216,2,4.3
SUP4721,"Goodwin, Adams and Reyes",P7911,10,2.8
SUP4722,Alvarez-Davis,P6400,9,4.1
SUP4723,"Thompson, Hansen and Miller",P4028,6,4.4
SUP4724,Williams-Thompson,P5130,13,4.9
SUP4725,Spencer Ltd,P9220,4,4.4
SUP4726,"Hamilton, Diaz and Hughes",P5486,2,3.1
SUP4727,Holden Group,P7474,18,4.6
SUP4728,Williams and Sons,P6666,4,4.2
SUP4729,Wilson PLC,P1804,2,3.0
SUP4730,Bauer-Gonzalez,P497,17,2.7
SUP4731,"Morrison, Jackson and Lynn",P243,19,3.4
SUP4732,"Floyd, Estrada and Allison",P8451,8,3.4
SUP4733,Sullivan and Sons,P8754,12,3.8
SUP4734,"Hess, Curry and Taylor",P8072,2,3.5
SUP4735,Carlson-Taylor,P9640,18,4.2
SUP4736,Stanton Inc,P3620,15,3.6
SUP4737,Chavez-Black,P7575,4,4.2
SUP4738,Richardson PLC,P2060,19,3.0
SUP4739,Potter-Johnson,P1378,16,4.7
SUP4740,Vasquez-Martin,P9111,15,3.6
SUP4741,Baldwin PLC,P9243,13,2.8
SUP4742,Rhodes LLC,P1941,14,3.6
SUP4743,Williams Inc,P6174,2,3.8
SUP4744,Ross-Cervantes,P5301,15,4.6
SUP4745,"Rivera, Adams and Rodriguez",P4363,10,4.6
SUP4746,Hernandez PLC,P8574,14,3.1
SUP4747,"Wells, Powell and Conway",P5471,6,4.6
SUP4748,Ho Ltd,P2096,19,4.6
SUP4749,Lopez Group,P2367,17,3.2
SUP4750,"Simpson, Lowery and Clark",P9926,8,3.6
SUP4751,"Collins, Knight and Kirk",P4655,2,3.7
SUP4752,Morgan-Garza,P2713,3,3.5
SUP4753,Bass-Williams,P9429,15,2.7
SUP4754,Lee-Young,P4898,20,2.7
SUP4755,Khan Group,P4887,11,3.6
SUP4756,Hall Ltd,P3855,14,3.6
SUP4757,Russell Group,P6197,17,3.4
SUP4758,Fox-Klein,P8712,2,3.0
SUP4759,King-White,P1298,11,4.5
SUP4760,Huynh PLC,P6673,6,2.6
SUP4761,Turner-Cohen,P1825,15,4.9
SUP4762,Murillo-Short,P5763,15,4.5
SUP4763,"Le, Harding and Mahoney",P9177,3,4.2
SUP4764,James-Willis,P8011,17,3.4
SUP4765,"James, Rodriguez and Hughes",P9740,15,4.3
SUP4766,"Rodriguez, Mckinney and Mclean",P9071,18,4.0
SUP4767,Chambers-Atkinson,P2528,7,2.6
SUP4768,"Martinez, Stephens and Long",P2073,9,4.6
SUP4769,"Parker, Foster and Waller",P2843,5,3.9
SUP4770,"Patterson, Graves and Mitchell",P2342,17,2.8
SUP4771,Lopez-Levy,P1787,3,4.3
SUP4772,Mitchell and Sons,P284,9,4.8
SUP4773,Bell-Potter,P9691,17,3.8
SUP4774,Hawkins LLC,P7744,13,4.1
SUP4775,"Edwards, Schultz and Jimenez",P4289,13,3.8
SUP4776,White-Bird,P2907,2,4.5
SUP4777,Hart-Moore,P4576,6,3.6
SUP4778,Sullivan-Floyd,P8041,20,4.1
SUP4779,"Calderon, Carter and Crawford",P7188,19,3.2
SUP4780,Thompson and Sons,P4021,12,3.0
SUP4781,"Douglas, Bryant and Harris",P9710,17,2.6
SUP4782,"Patel, Lopez and Williams",P6319,2,2.9
SUP4783,Mcneil-Collins,P5868,11,2.6
SUP4784,Larsen PLC,P7284,17,3.0
SUP4785,Elliott Ltd,P2836,17,4.5
SUP4786,"Morris, Brown and Clark",P7771,5,3.4
SUP4787,Ortiz-Kirby,P1828,12,3.1
SUP4788,"Hernandez, Holland and Washington",P6288,16,4.9
SUP4789,"George, Smith and Wilkerson",P2478,7,3.3
SUP4790,Graves Group,P86,6,2.9
SUP4791,Armstrong-Giles,P8219,15,3.3
SUP4792,"Hooper, Steele and Marshall",P4925,15,3.6
SUP4793,Benjamin-Herman,P6985,12,3.7
SUP4794,Figueroa LLC,P7350,19,4.8
SUP4795,"Nelson, Barker and Erickson",P3071,2,2.7
SUP4796,"Mcgrath, Green and Simmons",P8747,19,2.7
SUP4797,Padilla-Collins,P7456,2,3.9
SUP4798,Hernandez-Adkins,P149,4,2.7
SUP4799,David-Roberts,P8019,12,4.6
SUP4800,Reed Ltd,P8098,8,3.9
SUP4801,Oconnell-Douglas,P4623,12,4.6
SUP4802,Harmon-Caldwell,P7242,17,4.6
SUP4803,Deleon Ltd,P4579,7,2.7
SUP4804,Webster-Reyes,P6035,13,2.8
SUP4805,"Graves, Chen and Garcia",P6934,5,3.0
SUP4806,"Butler, Whitaker and Baldwin",P3664,11,3.5
SUP4807,"Reyes, Roman and Snow",P1237,14,4.4
SUP4808,"Cole, Lewis and Myers",P6581,10,4.9
SUP4809,Bartlett-Lane,P2598,18,4.1
SUP4810,Jones-Campbell,P3152,18,3.8
SUP4811,Mcclure-Jordan,P596,5,2.9
SUP4812,Todd Ltd,P3665,10,4.7
SUP4813,Rodriguez Ltd,P5508,16,3.3
SUP4814,Williams Group,P721,17,2.6
SUP4815,Pham-Brewer,P7641,17,4.8
SUP4816,"Gonzalez, Hensley and Scott",P3164,5,3.1
SUP4817,"Allen, Thompson and Rice",P3888,16,4.8
SUP4818,"Durham, Fox and Cline",P4438,16,2.5
SUP4819,Wilson and Sons,P4553,14,2.7
SUP4820,Williams Group,P8700,5,3.4
SUP4821,Rice Inc,P8291,2,2.6
SUP4822,Kim PLC,P2023,12,3.1
SUP4823,Sellers Ltd,P3934,17,3.9
SUP4824,Ward-Rogers,P258,15,3.0
SUP4825,"Sanders, Hawkins and Hughes",P4914,6,2.9
SUP4826,Cross and Sons,P2526,18,3.5
SUP4827,Phillips-Torres,P4657,5,3.9
SUP4828,"Lee, Nguyen and Hayes",P9002,19,3.6
SUP4829,"Fletcher, Gonzales and Barker",P9639,15,4.9
SUP4830,Wilson PLC,P8237,10,3.9
SUP4831,"Wagner, Walton and Zimmerman",P1567,15,4.8
SUP4832,"Phillips, Goodman and Hart",P4155,4,2.7
SUP4833,Obrien and Sons,P9166,18,3.5
SUP4834,Jefferson-Pearson,P8770,7,3.3
SUP4835,"Rodriguez, Briggs and Valentine",P3430,17,4.8
SUP4836,Garcia-Ortega,P3512,20,3.1
SUP4837,Bailey Group,P8921,20,4.1
SUP4838,"Green, Curtis and Taylor",P2372,4,3.4
SUP4839,Reynolds-Stone,P1143,2,3.8
SUP4840,Cox-Chambers,P1016,16,4.7
SUP4841,Acosta PLC,P1498,4,2.6
SUP4842,"Powell, Jones and King",P5049,11,2.9
SUP4843,Thornton PLC,P7682,7,4.4
SUP4844,Morgan Inc,P2499,3,4.6
SUP4845,Thomas Inc,P6385,8,3.6
SUP4846,"Hunt, Walsh and Hull",P6538,14,4.0
SUP4847,Kent PLC,P4941,20,3.0
SUP4848,Clark-White,P2711,6,4.5
SUP4849,"Macdonald, Pierce and Cochran",P1801,2,3.2
SUP4850,Johnson-Stephenson,P3050,15,2.9
SUP4851,Rogers-Thomas,P3442,10,4.2
SUP4852,Harper-Weaver,P498,9,4.9
SUP4853,Robinson-Wilson,P3441,13,5.0
SUP4854,Huffman Group,P6927,9,2.8
SUP4855,Davenport Group,P7636,18,4.5
SUP4856,Fletcher LLC,P4633,6,2.5
SUP4857,Wolfe Ltd,P5722,3,4.7
SUP4858,"Krause, Wall and Saunders",P9468,20,4.2
SUP4859,Martinez-Bailey,P104,14,4.9
SUP4860,Thompson and Sons,P331,18,4.1
SUP4861,Mendoza-Lewis,P9486,3,4.3
SUP4862,"Wall, Kirby and Green",P5184,15,3.4
SUP4863,"Carrillo, Wells and Davis",P5230,17,5.0
SUP4864,Kelly-Bailey,P5844,11,3.3
SUP4865,"Santiago, Garcia and Gregory",P5753,6,4.3
SUP4866,"Lee, Sanford and Young",P1773,9,4.0
SUP4867,White-Reyes,P2068,9,2.6
SUP4868,Carlson-Long,P1082,7,3.4
SUP4869,Vega Ltd,P7623,16,3.8
SUP4870,"Robinson, Erickson and Richardson",P8464,12,3.1
SUP4871,Ramos Group,P6633,15,4.6
SUP4872,"Pratt, Davis and Sanford",P4316,6,4.0
SUP4873,Hebert Inc,P7249,18,4.8
SUP4874,Greene-Kim,P1478,9,4.4
SUP4875,"Ellis, Patterson and Cole",P7358,11,3.7
SUP4876,"Williamson, Stanley and Williams",P4132,14,4.8
SUP4877,"Bridges, Pratt and Oliver",P3502,8,3.5
SUP4878,Wilson Ltd,P4248,8,4.7
SUP4879,"Chavez, Barnes and Koch",P9053,3,3.6
SUP4880,"White, Wilson and Espinoza",P9009,17,4.8
SUP4881,Gonzalez-Gonzalez,P905,13,3.9
SUP4882,"Morales, Harris and Obrien",P1894,5,3.1
SUP4883,Henry Ltd,P80,15,4.0
SUP4884,Cooper and Sons,P6724,8,3.7
SUP4885,Myers-Scott,P9200,20,4.3
SUP4886,"Watson, Dunlap and Berry",P1250,5,2.9
SUP4887,"Johnson, Burton and Lambert",P4415,3,3.3
SUP4888,Smith Group,P2231,20,3.9
SUP4889,"Boone, Jackson and Jacobs",P2066,14,3.6
SUP4890,"Hansen, Simon and Soto",P1771,3,3.7
SUP4891,Wallace and Sons,P3066,2,2.6
SUP4892,Nichols PLC,P7317,5,3.3
SUP4893,Chase-Miller,P4311,19,4.7
SUP4894,Reynolds-Rios,P5920,3,4.2
SUP4895,Riddle-Schultz,P7469,11,4.2
SUP4896,"Martin, Frederick and Peterson",P5431,10,4.2
SUP4897,Wright Ltd,P987,17,4.5
SUP4898,"West, Cross and Hunter",P5566,19,2.5
SUP4899,Perez-Hodge,P9550,9,2.7
SUP4900,"Lee, Cooper and Johnson",P9999,16,3.9
SUP4901,"Graves, Mcfarland and Dickson",P5676,8,3.4
SUP4902,Wilson-Dickerson,P927,13,4.1
SUP4903,Thomas-Holland,P2136,10,3.6
SUP4904,"Foster, Stewart and Anthony",P7917,19,3.7
SUP4905,Martin PLC,P5445,18,3.8
SUP4906,Wise Ltd,P3865,20,4.4
SUP4907,"Compton, Matthews and Berg",P1012,15,3.5
SUP4908,"Guzman, Armstrong and Gibson",P7890,11,4.4
SUP4909,Wolf and Sons,P3901,20,2.5
SUP4910,Pacheco-Martin,P6448,4,3.2
SUP4911,"Wright, Hall and Woods",P7717,17,4.6
SUP4912,Smith-Johnston,P8122,18,3.4
SUP4913,Hill and Sons,P2839,18,3.1
SUP4914,"Robertson, Allen and Malone",P4587,6,2.5
SUP4915,Dodson-Cole,P5329,20,4.9
SUP4916,Martinez-Myers,P7575,3,4.8
SUP4917,Wood LLC,P715,12,2.6
SUP4918,"Hunt, Campbell and Sullivan",P9393,14,4.8
SUP4919,Harmon and Sons,P1401,11,2.8
SUP4920,"Sanford, Davis and Guerra",P5666,2,4.4
SUP4921,Rogers-Nichols,P805,3,3.4
SUP4922,Rosales and Sons,P2174,20,4.9
SUP4923,"Woods, Ford and Morales",P1695,20,3.6
SUP4924,"Fernandez, Meyers and Morales",P2198,10,3.2
SUP4925,"Contreras, Rollins and Rios",P9623,20,3.1
SUP4926,"Bautista, Jones and Pierce",P4946,14,4.2
SUP4927,Harrell-Fuller,P7086,13,2.8
SUP4928,Day Ltd,P9888,4,4.8
SUP4929,"Miller, Cooper and Brown",P8645,14,4.2
SUP4930,"Wright, Bell and Turner",P8731,17,2.7
SUP4931,Robertson and Sons,P9848,6,4.9
SUP4932,Hernandez PLC,P9751,20,3.8
SUP4933,Fisher Ltd,P146,19,4.0
SUP4934,Jenkins-Hunt,P6886,19,3.5
SUP4935,Davis Inc,P223,14,4.7
SUP4936,Richards-Thompson,P8945,11,3.8
SUP4937,Thomas PLC,P8950,20,3.8
SUP4938,"Vaughn, Atkinson and Phillips",P5444,10,3.0
SUP4939,Brown Inc,P3309,12,3.5
SUP4940,Tanner-Bartlett,P7201,4,3.6
SUP4941,"Rocha, Schneider and Johnson",P8978,14,4.8
SUP4942,Dennis Ltd,P1861,12,2.6
SUP4943,Edwards-Mueller,P6009,12,3.0
SUP4944,Frank Ltd,P7656,20,4.2
SUP4945,"Estes, Miller and James",P7535,19,4.6
SUP4946,Mullins PLC,P6340,8,2.5
SUP4947,Smith-Powell,P6740,3,3.4
SUP4948,Allen PLC,P6277,11,4.9
SUP4949,"Rios, Peterson and Dixon",P5247,17,4.7
SUP4950,Garcia LLC,P6328,19,3.2
SUP4951,Moreno-Morris,P9483,2,4.6
SUP4952,"Clark, Allen and Jones",P7433,8,3.2
SUP4953,Medina LLC,P5136,3,4.9
SUP4954,"Reed, Hinton and Williams",P3663,17,2.7
SUP4955,Yang PLC,P4095,4,2.7
SUP4956,"Hughes, Baker and Obrien",P9618,20,2.7
SUP4957,Bray-Thompson,P7709,16,3.9
SUP4958,Hernandez and Sons,P7803,2,4.1
SUP4959,Roberts Group,P4588,4,4.2
SUP4960,Myers-Watkins,P2822,10,2.6
SUP4961,Smith and Sons,P1124,4,3.0
SUP4962,Jones-Burke,P2197,14,4.4
SUP4963,Miller LLC,P509,3,4.8
SUP4964,Wolf-Smith,P3667,8,3.1
SUP4965,"Gray, Taylor and Friedman",P5390,4,2.5
SUP4966,Watts Ltd,P4074,8,4.3
SUP4967,"Gay, Hudson and Wolfe",P7547,4,4.1
SUP4968,Maldonado-Mullins,P8198,14,3.5
SUP4969,Martin-King,P1378,13,4.5
SUP4970,Macias-Thomas,P6512,6,4.2
SUP4971,"Kaiser, Lane and Blackwell",P431,18,2.5
SUP4972,"Ball, Harrison and Hodges",P5157,13,4.7
SUP4973,Tucker PLC,P3606,15,4.7
SUP4974,Poole-Gonzalez,P5927,15,4.8
SUP4975,"Hall, Caldwell and Howell",P6613,3,3.5
SUP4976,"Miranda, Nichols and Smith",P8540,20,5.0
SUP4977,Logan PLC,P7004,18,4.6
SUP4978,Good Group,P120,2,2.6
SUP4979,Durham LLC,P5968,4,3.4
SUP4980,"Parker, Hoffman and Johnson",P585,2,4.0
SUP4981,"Rivera, Davis and Rivera",P6930,4,3.6
SUP4982,Downs LLC,P7126,10,3.3
SUP4983,"Harrison, Richards and Matthews",P9911,7,4.4
SUP4984,Lara Inc,P2923,19,2.6
SUP4985,Miller-Martin,P1560,13,3.8
SUP4986,Hernandez-Potter,P8382,13,3.7
SUP4987,Clark LLC,P2171,2,4.3
SUP4988,Mitchell-Lewis,P6890,8,3.5
SUP4989,Smith and Sons,P8855,2,3.0
SUP4990,Wright Group,P9713,11,5.0
SUP4991,Cook and Sons,P7353,4,4.7
SUP4992,Scott Ltd,P5346,3,4.2
SUP4993,Williams Ltd,P2225,14,2.6
SUP4994,Moses-Mendoza,P4417,2,4.0
SUP4995,Gonzalez-Walker,P4233,4,4.8
SUP4996,Peters-Faulkner,P7545,6,4.2
SUP4997,Hill Group,P9445,18,4.1
SUP4998,"Johnston, Santiago and Butler",P9084,18,2.8
SUP4999,"Stephens, Landry and Arnold",P3846,12,3.3
SUP5000,Price-Anderson,P6647,19,3.2
SUP5001,"Sherman, Sloan and Wilson",P5200,10,3.2
SUP5002,Richardson-Hoffman,P7080,14,4.0
SUP5003,"Garza, Pope and Lowe",P8103,13,3.9
SUP5004,"Rose, Norman and Jones",P4432,12,4.7
SUP5005,Lee-Thomas,P3768,16,4.2
SUP5006,"Tucker, Nixon and Mitchell",P6053,18,2.6
SUP5007,Hale-Ray,P8659,14,3.8
SUP5008,Armstrong and Sons,P5683,10,2.8
SUP5009,Thompson Group,P8103,14,2.9
SUP5010,"Bishop, Graham and Hull",P2510,18,4.7
SUP5011,Newman-Robinson,P1278,6,2.9
SUP5012,"Montgomery, Mccullough and Clark",P4232,10,3.8
SUP5013,Murphy Ltd,P6780,4,2.8
SUP5014,"Thomas, Harrison and Jackson",P61,8,3.9
SUP5015,Gibson Ltd,P2823,14,4.9
SUP5016,"Harper, Johnson and Harris",P7929,9,4.6
SUP5017,"Oliver, Garza and Hunt",P7027,6,3.4
SUP5018,"Parker, Novak and Jones",P6299,20,4.6
SUP5019,"Wilkinson, White and Liu",P8776,7,4.1
SUP5020,"Mckinney, Daniels and Rogers",P3230,19,3.5
SUP5021,Lambert-Martinez,P3209,5,4.2
SUP5022,"Castillo, Wheeler and Hampton",P5208,19,3.4
SUP5023,King-Walker,P915,19,4.4
SUP5024,Carter-Williams,P4318,3,3.7
SUP5025,Padilla-Flores,P8957,5,3.5
SUP5026,Miller Group,P6964,14,3.5
SUP5027,"Preston, Walter and Thomas",P8941,10,4.5
SUP5028,Nelson-Short,P5415,14,4.6
SUP5029,Johnson-Banks,P4211,5,3.1
SUP5030,Kline Ltd,P4068,15,2.8
SUP5031,Wilkinson-Chan,P3999,15,4.7
SUP5032,Lane-Clarke,P6988,9,4.2
SUP5033,Foster-Stuart,P68,12,4.8
SUP5034,"Frost, Reyes and Sanchez",P2384,14,3.3
SUP5035,Wang-Miller,P8779,20,2.9
SUP5036,"Burns, Mcneil and Mcknight",P8781,9,4.3
SUP5037,"Wright, Thomas and Davies",P1438,10,3.8
SUP5038,Baker Group,P6663,13,3.3
SUP5039,Hunter Ltd,P116,16,4.0
SUP5040,"Deleon, Wong and Weber",P3882,12,3.0
SUP5041,Gonzales-Holt,P6011,17,4.1
SUP5042,Cabrera PLC,P3728,18,4.8
SUP5043,"Mercer, Hernandez and Dunlap",P7061,17,4.2
SUP5044,Johnson PLC,P5303,2,4.1
SUP5045,Burton Ltd,P4990,3,4.9
SUP5046,Waters Inc,P9978,18,4.4
SUP5047,"Garcia, Howard and Martin",P5445,6,3.9
SUP5048,Morgan-Thomas,P9288,2,2.6
SUP5049,Atkins and Sons,P2041,17,4.4
SUP5050,Lopez-Smith,P3171,2,3.5
SUP5051,Schneider-Yoder,P8024,9,2.6
SUP5052,Contreras PLC,P587,5,3.3
SUP5053,Wallace-Shaw,P259,5,4.3
SUP5054,Aguirre-Jackson,P7675,4,2.5
SUP5055,"Moore, Mullins and Green",P6124,4,4.2
SUP5056,Gonzalez-Perez,P1542,19,4.5
SUP5057,Richmond-Huber,P8051,18,4.6
SUP5058,Peterson Group,P9554,5,2.7
SUP5059,"Perez, Conley and Conley",P4801,17,4.3
SUP5060,"Lewis, Keller and Cummings",P1288,17,5.0
SUP5061,Lloyd and Sons,P4,14,3.6
SUP5062,"Lara, Ramirez and Frazier",P9565,5,5.0
SUP5063,Moore Ltd,P868,2,3.3
SUP5064,"Reynolds, Price and Stewart",P1237,17,4.7
SUP5065,Nelson LLC,P758,5,4.7
SUP5066,Brady-Mitchell,P260,18,3.9
SUP5067,Frye Group,P8165,4,3.5
SUP5068,Jimenez LLC,P359,6,4.1
SUP5069,Wang-Hines,P1755,10,3.9
SUP5070,"Rodgers, Guerrero and Dodson",P1014,13,3.3
SUP5071,Pena-Johnson,P9649,19,3.4
SUP5072,"Carpenter, Baker and Padilla",P450,15,3.8
SUP5073,Johnson-Lee,P863,15,4.0
SUP5074,"Roman, Stevens and Barnett",P2437,5,3.6
SUP5075,"Barton, Wolfe and Velasquez",P4518,10,3.7
SUP5076,"Sanford, Sexton and Acosta",P5596,13,2.9
SUP5077,Graham LLC,P819,19,2.6
SUP5078,"Cannon, Lloyd and Avila",P5071,19,3.0
SUP5079,Stevens-Martinez,P112,14,2.9
SUP5080,Sanchez-Stevenson,P579,17,4.2
SUP5081,"Miller, Jones and Gutierrez",P7674,7,2.8
SUP5082,"Harris, Williams and Ray",P3844,15,3.9
SUP5083,Larsen Group,P6945,18,5.0
SUP5084,Gomez PLC,P4118,5,3.5
SUP5085,Howard LLC,P6221,18,2.7
SUP5086,Walsh Inc,P4222,12,3.9
SUP5087,Sanford Ltd,P4297,10,4.9
SUP5088,Robles PLC,P1686,20,3.5
SUP5089,Taylor-Martinez,P7582,20,3.6
SUP5090,"Allen, Reid and Smith",P2657,4,3.0
SUP5091,Lopez Ltd,P8071,11,4.3
SUP5092,"Lynch, Price and Roberts",P412,16,2.9
SUP5093,"Barnes, Brown and Tanner",P3912,2,2.5
SUP5094,Hendricks-Bradley,P3811,17,3.6
SUP5095,Walker Ltd,P9377,10,3.6
SUP5096,"Vincent, Bell and Hall",P4464,12,3.8
SUP5097,Smith PLC,P4718,20,2.7
SUP5098,Miller Group,P4296,20,3.6
SUP5099,"Snow, Dixon and Johnson",P9680,19,4.3
SUP5100,Wagner Inc,P6226,9,3.2
SUP5101,Diaz-Williams,P6289,4,3.0
SUP5102,Smith-White,P9970,2,2.6
SUP5103,"Montes, Mejia and Mcintosh",P8571,13,3.2
SUP5104,"Bridges, Snyder and Anderson",P7351,8,3.1
SUP5105,Peterson Inc,P2255,18,3.0
SUP5106,"Walker, Braun and Nguyen",P4529,9,2.5
SUP5107,Drake-Brown,P8857,2,4.2
SUP5108,Moore-Brown,P5076,8,2.7
SUP5109,Mcdowell-Hughes,P8857,5,4.6
SUP5110,Henry-Hayes,P1202,10,3.8
SUP5111,"Garcia, Rice and Meyer",P7094,9,2.8
SUP5112,Brown-Reese,P8751,13,2.7
SUP5113,Wilson Ltd,P6559,8,3.5
SUP5114,"Richard, Barr and Evans",P7967,11,4.2
SUP5115,Reynolds Group,P1271,11,4.1
SUP5116,Smith Ltd,P8080,9,4.5
SUP5117,Smith-Christensen,P4981,7,4.4
SUP5118,"Williamson, Ingram and Jones",P5704,9,4.6
SUP5119,Mcgee-Jones,P3200,19,2.5
SUP5120,Moran-Smith,P2849,12,4.7
SUP5121,Lucero-Harper,P4516,4,4.8
SUP5122,"Lane, Caldwell and Moore",P3179,10,4.5
SUP5123,Robinson PLC,P6470,10,4.7
SUP5124,"Miranda, Taylor and Rogers",P5228,17,2.6
SUP5125,"Vance, Holmes and Garcia",P8655,12,3.6
SUP5126,White-Montes,P415,12,3.0
SUP5127,Williams-Allen,P7841,2,3.4
SUP5128,Thompson Ltd,P968,17,4.5
SUP5129,Ross-Lee,P1140,18,3.7
SUP5130,Watkins-Love,P4299,16,3.5
SUP5131,Kennedy LLC,P4965,4,4.5
SUP5132,Washington-Watson,P3371,2,4.4
SUP5133,Anderson-Morales,P1018,8,2.9
SUP5134,Chandler LLC,P1451,2,4.1
SUP5135,Patrick-Robinson,P6650,9,4.9
SUP5136,Hernandez PLC,P440,20,4.2
SUP5137,"Norman, Reed and Carroll",P3203,3,2.7
SUP5138,Thomas PLC,P8388,15,4.2
SUP5139,Schwartz Group,P90,3,4.0
SUP5140,"Gray, Bonilla and Thompson",P5515,14,3.7
SUP5141,"Mays, Brock and Robles",P736,18,4.3
SUP5142,Clark and Sons,P7444,14,3.1
SUP5143,"Washington, Rogers and Wood",P8702,17,2.7
SUP5144,Salazar PLC,P7161,14,3.6
SUP5145,Strong-Nguyen,P2854,15,3.3
SUP5146,Smith-Randolph,P8203,9,2.9
SUP5147,Simmons-Luna,P1560,14,3.7
SUP5148,Jimenez-Wallace,P7886,7,3.7
SUP5149,"Miller, Rose and Rose",P286,9,3.8
SUP5150,Pitts-Moore,P9489,17,4.2
SUP5151,"Smith, Fowler and Francis",P6213,7,3.7
SUP5152,"Singh, Morgan and Curtis",P7446,7,3.3
SUP5153,Hunter Ltd,P8399,19,4.4
SUP5154,"Sanders, Boyd and Avery",P5806,20,3.3
SUP5155,Wilkerson-White,P1001,8,4.8
SUP5156,Hayden PLC,P170,5,2.7
SUP5157,Wright-Leblanc,P3101,2,4.4
SUP5158,Carlson Ltd,P7339,6,4.2
SUP5159,Pham PLC,P1657,13,4.4
SUP5160,Dean Ltd,P2942,7,3.8
SUP5161,"Finley, Leblanc and Calhoun",P6637,15,2.7
SUP5162,"Ellis, Le and Mullins",P5195,2,3.9
SUP5163,Smith-Roach,P4982,3,2.5
SUP5164,"Olson, Clark and Dixon",P8126,16,2.5
SUP5165,Campbell-Lambert,P8448,9,5.0
SUP5166,Murphy and Sons,P89,15,4.0
SUP5167,West-Fields,P8351,16,3.3
SUP5168,"Martin, Bell and Gutierrez",P6404,12,2.6
SUP5169,Robertson-Watkins,P9655,14,3.2
SUP5170,"Wilson, Braun and Cooper",P2240,19,3.1
SUP5171,Gonzalez-Butler,P6503,7,2.5
SUP5172,Scott-Bowman,P5151,17,4.4
SUP5173,"Braun, Dorsey and Evans",P9616,13,3.7
SUP5174,"Johnson, Stewart and Mccullough",P9687,5,4.3
SUP5175,Wong-Mason,P2642,8,3.5
SUP5176,Fletcher and Sons,P2563,15,4.4
SUP5177,Austin-Hartman,P6720,20,4.3
SUP5178,Scott-Schultz,P7849,3,4.0
SUP5179,Lester Group,P7423,16,2.7
SUP5180,Gilbert-Williams,P830,16,3.8
SUP5181,Giles Group,P8377,16,3.6
SUP5182,Davis-Stewart,P6910,5,3.6
SUP5183,Osborne LLC,P7759,10,2.8
SUP5184,"Wade, Johnson and Garner",P858,2,3.8
SUP5185,Huff and Sons,P1221,7,3.9
SUP5186,"Herrera, Thompson and Jones",P208,3,4.7
SUP5187,Richardson-Obrien,P9544,19,2.7
SUP5188,Oconnor-Murray,P6109,16,3.5
SUP5189,Deleon-Taylor,P6471,20,4.6
SUP5190,Thompson-Ochoa,P9095,19,2.6
SUP5191,Davis-Williams,P5693,8,3.6
SUP5192,Smith-Acevedo,P6211,19,3.5
SUP5193,Morris and Sons,P5948,11,2.5
SUP5194,Hamilton-French,P9739,16,4.3
SUP5195,"Perry, Miller and Keith",P5019,13,3.4
SUP5196,"Aguirre, Miller and Williams",P8299,6,2.9
SUP5197,"Powell, Potts and Harris",P9696,8,3.8
SUP5198,Wilson Ltd,P438,13,3.4
SUP5199,"Chambers, Burton and Pacheco",P5329,4,3.5
SUP5200,"Taylor, Barnes and Gregory",P1029,11,3.9
SUP5201,Hawkins-Sanchez,P7597,8,4.0
SUP5202,Jones Ltd,P2944,5,3.2
SUP5203,Anderson Ltd,P1293,9,4.3
SUP5204,"Briggs, Morales and Wyatt",P9864,20,3.3
SUP5205,"Le, Watkins and Duncan",P1446,17,4.0
SUP5206,Carter-Williams,P715,6,3.6
SUP5207,Wright PLC,P9917,10,3.8
SUP5208,Lucas Inc,P3658,10,4.3
SUP5209,Grant LLC,P8042,13,4.2
SUP5210,"Pena, Roberts and Perkins",P8655,9,2.8
SUP5211,"Jones, Leblanc and Adkins",P8127,4,4.2
SUP5212,"Smith, Ewing and Lin",P3175,4,4.8
SUP5213,Holder-Burns,P4905,16,4.6
SUP5214,Quinn LLC,P3615,17,2.9
SUP5215,"Evans, Houston and Garcia",P855,14,4.2
SUP5216,Chapman LLC,P7147,9,3.5
SUP5217,Woodward-Johnson,P4626,18,4.0
SUP5218,Cook-Jensen,P2552,18,2.6
SUP5219,Padilla-Dunn,P881,4,4.4
SUP5220,"Collins, Carter and Brandt",P6592,12,3.9
SUP5221,Davis-Marks,P5321,13,3.7
SUP5222,"Best, Warren and Howell",P9508,2,3.6
SUP5223,"Williams, Bowen and Richard",P804,4,4.9
SUP5224,"Hayes, Solomon and Sutton",P2147,15,3.7
SUP5225,"Brown, Davis and Mcdaniel",P672,11,4.1
SUP5226,Williamson PLC,P8433,6,2.9
SUP5227,Tran and Sons,P1442,17,5.0
SUP5228,Lopez Inc,P1982,16,2.6
SUP5229,"Delgado, Henry and Dillon",P627,3,2.6
SUP5230,Jones and Sons,P4936,9,4.9
SUP5231,Walters-Chandler,P1671,18,4.4
SUP5232,"Reed, Snyder and Terry",P8816,8,3.4
SUP5233,Sanchez-Williams,P5814,18,3.6
SUP5234,"Haynes, Dalton and Torres",P535,14,3.9
SUP5235,"Merritt, Dickson and Jackson",P2707,13,2.9
SUP5236,"Jackson, Nguyen and Smith",P1208,6,4.8
SUP5237,Fox LLC,P9572,5,4.3
SUP5238,Cobb-Johnson,P3754,16,3.9
SUP5239,"Fischer, Ward and Brown",P487,15,3.6
SUP5240,Perez-Reynolds,P1334,10,4.8
SUP5241,Arnold-Lee,P4531,2,3.0
SUP5242,"Martinez, Cruz and Richards",P8368,2,4.8
SUP5243,Austin Group,P7072,15,3.1
SUP5244,"Wilson, Mcintyre and Ballard",P2565,10,4.8
SUP5245,Blake-Sanders,P1192,13,3.1
SUP5246,Lester-Bell,P2397,2,4.2
SUP5247,Ortiz-Duran,P7412,2,2.6
SUP5248,Sherman and Sons,P8691,13,4.1
SUP5249,"Woods, Smith and Chen",P7776,6,4.5
SUP5250,"Butler, Bush and Morgan",P2291,9,3.2
SUP5251,Ward-Nolan,P3221,5,2.6
SUP5252,Petersen-Miranda,P9227,6,3.9
SUP5253,Ray LLC,P3782,11,3.0
SUP5254,Grimes-Garcia,P5193,10,2.8
SUP5255,Stone Ltd,P5221,9,3.7
SUP5256,Parsons Group,P4793,15,3.2
SUP5257,Vaughn Group,P7158,17,4.0
SUP5258,"Martin, Bennett and Pruitt",P1555,14,4.3
SUP5259,"Moon, Wallace and Hess",P32,18,3.6
SUP5260,Smith-Gomez,P270,3,4.7
SUP5261,Hall-Williams,P351,16,4.0
SUP5262,"Sanchez, Walker and Morrison",P2820,13,3.8
SUP5263,Kim Group,P8670,10,2.8
SUP5264,"Harrington, Turner and Pittman",P5257,4,3.8
SUP5265,Hill Group,P5992,6,3.5
SUP5266,Stevenson and Sons,P3535,5,4.7
SUP5267,Carlson-Baker,P227,19,2.7
SUP5268,Barnett Inc,P9548,7,3.2
SUP5269,"Bartlett, Gonzales and Bryant",P9988,10,3.1
SUP5270,"Ferrell, Gray and Brown",P6589,3,4.0
SUP5271,Brewer LLC,P3593,16,3.6
SUP5272,"Smith, Zavala and Smith",P2240,6,3.2
SUP5273,Richmond-Brown,P3144,6,4.2
SUP5274,"Hall, Lynn and Lambert",P5097,4,4.2
SUP5275,Mendoza and Sons,P2841,16,4.9
SUP5276,Diaz Inc,P9330,11,2.7
SUP5277,"Steele, Nguyen and Mclaughlin",P6899,18,4.3
SUP5278,White PLC,P1335,6,3.3
SUP5279,Norton Ltd,P9091,16,3.2
SUP5280,Wilkins Ltd,P2336,13,3.6
SUP5281,"Carroll, Preston and Higgins",P3539,7,4.9
SUP5282,Turner Ltd,P8855,8,4.4
SUP5283,Alexander-Wise,P5407,14,3.7
SUP5284,Lloyd PLC,P9454,14,3.7
SUP5285,Huffman-Morris,P7873,12,4.7
SUP5286,Williams Ltd,P885,19,3.7
SUP5287,Gonzalez PLC,P5446,4,3.0
SUP5288,Smith PLC,P6044,7,4.2
SUP5289,"Jones, Davis and Parker",P9925,9,3.9
SUP5290,Snyder PLC,P793,8,3.2
SUP5291,"Zamora, Bell and Gutierrez",P786,14,2.8
SUP5292,Wolf Group,P5303,19,3.7
SUP5293,Gutierrez Ltd,P375,20,3.6
SUP5294,Schneider-Andrade,P2848,2,4.0
SUP5295,"Phillips, Alvarado and Sanders",P9810,15,4.2
SUP5296,Johnson Inc,P5326,15,4.7
SUP5297,Conley Inc,P9644,7,4.9
SUP5298,Lopez-Sanders,P9932,10,2.6
SUP5299,Miller LLC,P2104,9,4.3
SUP5300,Johnson-Lopez,P4297,14,4.2
SUP5301,Brown Group,P7010,4,4.3
SUP5302,Jacobson PLC,P6851,7,4.7
SUP5303,Blackburn PLC,P4358,6,3.6
SUP5304,Wilson-Wright,P7717,20,2.5
SUP5305,"Jackson, Hicks and Hurley",P5620,4,4.9
SUP5306,Benitez-Smith,P9167,15,4.6
SUP5307,Lewis-Evans,P9741,2,4.8
SUP5308,"Moran, Davis and Jones",P981,19,4.9
SUP5309,"Robinson, Guerra and Stewart",P8288,4,4.9
SUP5310,Mcmahon-Johnson,P1880,10,4.5
SUP5311,Curtis-Berry,P8774,10,4.4
SUP5312,"Henderson, Love and Richardson",P7486,14,4.4
SUP5313,Rogers-Freeman,P4706,19,4.2
SUP5314,Decker-Graham,P7166,10,4.5
SUP5315,Shaffer-Pitts,P4682,7,4.2
SUP5316,Nguyen-Rodriguez,P1007,18,3.0
SUP5317,"Flores, Collins and Turner",P8296,10,4.9
SUP5318,Hanna Ltd,P1826,5,4.6
SUP5319,Harris Group,P5310,10,3.5
SUP5320,Jones-Shaffer,P9871,6,4.2
SUP5321,Evans Inc,P9381,4,4.1
SUP5322,Golden Ltd,P6188,9,4.7
SUP5323,Murphy-Huerta,P1809,10,3.4
SUP5324,Schmidt-Walker,P2799,9,4.8
SUP5325,Vincent-Fisher,P6139,2,4.4
SUP5326,"Morris, Bradford and Cook",P3359,20,3.2
SUP5327,Green-Sawyer,P1795,19,4.5
SUP5328,Fischer PLC,P2296,19,4.1
SUP5329,"Gregory, Smith and Green",P3362,8,3.1
SUP5330,Hill LLC,P2530,2,4.0
SUP5331,Pierce-Suarez,P3871,8,4.9
SUP5332,Fox-Spencer,P4588,14,4.0
SUP5333,"Lucas, Rasmussen and Allen",P2642,19,2.6
SUP5334,Walker Ltd,P287,11,2.9
SUP5335,Schroeder-Johnson,P2964,9,4.2
SUP5336,Townsend Ltd,P2978,10,4.6
SUP5337,Williams Inc,P4253,19,4.4
SUP5338,Jones-Robinson,P4990,5,3.9
SUP5339,Brown and Sons,P3632,7,4.7
SUP5340,Davis-Herring,P3491,11,4.7
SUP5341,Brown-Trevino,P307,2,3.9
SUP5342,Thomas Group,P9940,11,2.6
SUP5343,Cole Ltd,P4242,16,4.2
SUP5344,Baker and Sons,P9941,3,4.9
SUP5345,Rodriguez PLC,P7400,9,3.3
SUP5346,"Huynh, Ashley and Nelson",P967,17,4.7
SUP5347,"Montoya, Melton and Lester",P5138,3,4.0
SUP5348,"Martinez, Stark and Brown",P7137,11,2.8
SUP5349,Murphy Group,P4348,20,4.0
SUP5350,Santiago-Callahan,P1427,17,3.0
SUP5351,Woods-Becker,P7095,6,3.0
SUP5352,"Figueroa, Johnson and Salinas",P7097,18,4.8
SUP5353,"Ford, Turner and Johnston",P3385,16,3.3
SUP5354,Hernandez LLC,P4671,15,3.7
SUP5355,"Baird, Brown and Herrera",P4423,7,3.7
SUP5356,"Marks, Graves and Hernandez",P5619,4,2.6
SUP5357,"Chavez, Maldonado and Lowe",P9308,6,3.4
SUP5358,Wheeler Ltd,P705,9,3.8
SUP5359,Mack Inc,P9424,5,4.8
SUP5360,Ward Ltd,P1638,9,4.9
SUP5361,Webb Ltd,P8259,7,3.4
SUP5362,Johnson-Harris,P4710,6,3.8
SUP5363,Jacobs Ltd,P9232,12,4.8
SUP5364,"Harper, Dickerson and Stout",P5485,15,4.4
SUP5365,Smith-Smith,P9797,2,2.7
SUP5366,Wood-Tran,P1254,2,2.7
SUP5367,Burton-Thomas,P6972,14,3.3
SUP5368,Olson LLC,P7283,6,3.5
SUP5369,Taylor-Allen,P2455,5,3.1
SUP5370,"Smith, Wallace and Glenn",P835,14,4.5
SUP5371,Clark-Davila,P7878,15,4.5
SUP5372,Pacheco Ltd,P7593,4,4.3
SUP5373,Simpson-Collier,P923,2,4.8
SUP5374,Ortega PLC,P3510,18,4.5
SUP5375,Armstrong Group,P632,4,4.4
SUP5376,Hansen and Sons,P9527,12,4.6
SUP5377,Nolan-Mitchell,P1063,11,4.2
SUP5378,Anderson-Price,P2849,4,4.4
SUP5379,"Holmes, Cooper and Vasquez",P9772,11,4.2
SUP5380,"Rodriguez, Campbell and Johnson",P5183,7,4.5
SUP5381,Wright-Perkins,P8115,10,4.2
SUP5382,"Jackson, Perkins and Allen",P5024,3,2.5
SUP5383,Reid-Valdez,P2889,8,3.8
SUP5384,Gregory-Dalton,P8481,18,4.9
SUP5385,Ramirez-Reeves,P1793,11,3.8
SUP5386,Medina-Cunningham,P4644,12,3.3
SUP5387,"Turner, Deleon and Hernandez",P7053,2,3.2
SUP5388,"Johnson, Roberson and Hardy",P9906,14,5.0
SUP5389,"Hamilton, Morris and Ortega",P9038,6,5.0
SUP5390,"Ramsey, Mills and Summers",P4998,14,3.4
SUP5391,Smith PLC,P3866,4,4.8
SUP5392,Parker Group,P8182,18,3.1
SUP5393,Marshall-Black,P4986,5,2.8
SUP5394,Blake-Mcgee,P1065,5,2.7
SUP5395,Hampton Ltd,P3304,5,3.5
SUP5396,Figueroa Group,P2657,20,2.6
SUP5397,"Mann, Mullen and Pratt",P1501,10,2.9
SUP5398,"Thompson, Craig and Oneill",P5548,6,3.0
SUP5399,"Jones, Schmitt and Nelson",P8143,14,4.3
SUP5400,Santos-Carter,P7077,7,3.4
SUP5401,"Miller, Baldwin and Crawford",P3595,13,5.0
SUP5402,Mcintosh-Roberson,P1091,8,3.3
SUP5403,"Smith, Myers and Short",P6146,4,5.0
SUP5404,Ruiz-Stevenson,P1386,4,4.7
SUP5405,Estes-Taylor,P3810,20,3.4
SUP5406,Harmon Group,P2504,6,3.7
SUP5407,Hall-Foster,P4243,2,3.0
SUP5408,"Johnson, Williams and Snyder",P1317,19,4.5
SUP5409,Robertson and Sons,P641,17,3.6
SUP5410,Alvarado and Sons,P6013,3,4.5
SUP5411,"Moore, Patterson and Benton",P5100,6,4.8
SUP5412,"Kemp, Holden and Hawkins",P3366,12,2.6
SUP5413,Bowen-Young,P7623,12,3.9
SUP5414,Johnson Ltd,P5699,12,3.2
SUP5415,Good LLC,P887,8,3.1
SUP5416,Walsh LLC,P5319,5,3.0
SUP5417,"Reed, Alexander and Adkins",P6527,12,2.6
SUP5418,"Patterson, Wilson and Murphy",P8038,15,3.3
SUP5419,"Collins, Mendoza and Harris",P6155,4,4.2
SUP5420,"Ortiz, Woodward and Wilson",P6906,17,4.1
SUP5421,Willis-Wilson,P6229,19,4.8
SUP5422,Bowen-Russell,P3182,10,3.3
SUP5423,"Jackson, Lin and Webb",P7635,8,4.2
SUP5424,"Duarte, Smith and Cooper",P9410,5,2.8
SUP5425,Jackson Ltd,P8460,5,3.9
SUP5426,"Barajas, Chambers and Morales",P7567,16,4.2
SUP5427,Jones Inc,P8566,8,4.6
SUP5428,Evans Inc,P8599,3,3.0
SUP5429,Frazier LLC,P4434,7,2.7
SUP5430,Jones Inc,P7359,19,3.5
SUP5431,"Tanner, Harmon and Johnson",P8673,10,4.4
SUP5432,Reynolds-Mckay,P2878,7,4.2
SUP5433,Brown-Dixon,P2711,11,4.2
SUP5434,Mahoney LLC,P2696,20,4.2
SUP5435,"Freeman, Rosales and Meza",P1351,11,3.9
SUP5436,Phelps PLC,P3038,3,3.5
SUP5437,Jackson LLC,P5298,3,2.9
SUP5438,"Rice, Hill and Hudson",P6286,9,3.0
SUP5439,Gutierrez-Anderson,P7731,11,2.9
SUP5440,"Simmons, Hernandez and Clark",P2107,5,4.5
SUP5441,Diaz PLC,P5365,3,3.2
SUP5442,Jackson LLC,P8702,19,2.7
SUP5443,Porter-Rivera,P5481,3,3.6
SUP5444,Nguyen-Rodriguez,P4929,7,3.1
SUP5445,Williams-Johnson,P471,9,4.3
SUP5446,Gonzalez-Turner,P3644,10,3.3
SUP5447,Parker-Henderson,P7797,4,3.5
SUP5448,"Gonzalez, Roberts and Chang",P7982,16,5.0
SUP5449,Keller Inc,P8173,5,3.1
SUP5450,Howard-Wang,P641,3,3.9
SUP5451,"Dean, Wilson and Kennedy",P378,19,3.3
SUP5452,"Collins, Hensley and Martinez",P8637,16,3.7
SUP5453,"Watts, Stevens and Contreras",P8867,7,4.7
SUP5454,Evans PLC,P2267,6,4.4
SUP5455,"Scott, Lewis and Mercer",P9723,3,4.9
SUP5456,Fuller Inc,P1122,8,4.8
SUP5457,Ramos Ltd,P557,9,4.2
SUP5458,"Hubbard, Moreno and Berry",P3655,19,3.7
SUP5459,"Thomas, Mann and Jones",P9177,14,3.0
SUP5460,"Hill, Mills and Wong",P7055,6,4.7
SUP5461,"Jimenez, Martinez and Larsen",P9298,14,4.2
SUP5462,Harrison-Baxter,P9596,10,4.8
SUP5463,"White, Gardner and Garcia",P5188,6,4.3
SUP5464,Glass-Price,P5246,9,3.6
SUP5465,Branch PLC,P4678,17,2.7
SUP5466,Patton-Page,P8908,7,3.4
SUP5467,Dixon-Raymond,P896,11,2.9
SUP5468,"Stokes, Salas and Wright",P9687,10,4.5
SUP5469,Hanson LLC,P1298,19,3.2
SUP5470,Carroll-Wiley,P191,15,3.9
SUP5471,"Mack, Cordova and Klein",P51,12,3.0
SUP5472,"Morrison, Cooley and Dickerson",P5712,11,3.5
SUP5473,Oliver Inc,P8767,18,3.0
SUP5474,Kirk-Eaton,P2186,3,2.6
SUP5475,"Murphy, Terry and Shepherd",P7086,15,3.1
SUP5476,Andrade-Brooks,P6438,17,3.0
SUP5477,Lozano Ltd,P2312,5,4.2
SUP5478,Mitchell Group,P3370,2,2.9
SUP5479,"Smith, Fisher and Lewis",P519,2,4.6
SUP5480,"Smith, Collier and Elliott",P9091,16,2.5
SUP5481,Fitzgerald Inc,P9213,20,3.0
SUP5482,Rodriguez Ltd,P8100,18,4.9
SUP5483,Crawford LLC,P376,4,3.1
SUP5484,Bell LLC,P3691,3,4.8
SUP5485,Smith Inc,P118,3,4.5
SUP5486,Ward PLC,P3633,10,3.2
SUP5487,Burke-Burke,P5844,9,3.5
SUP5488,Perry-Livingston,P2579,4,2.6
SUP5489,"Smith, Moore and Cantrell",P2837,7,4.8
SUP5490,Rogers-Sanchez,P3507,11,3.6
SUP5491,Cooley-Mitchell,P9094,20,2.7
SUP5492,Pratt-Williams,P2196,15,4.2
SUP5493,Mason-Watson,P6543,11,2.8
SUP5494,"Clark, Moss and Wilcox",P7302,9,3.5
SUP5495,"Sloan, Williams and Peterson",P8701,3,4.4
SUP5496,Mcclain Ltd,P7587,5,4.7
SUP5497,Fowler-Butler,P6374,2,3.6
SUP5498,Strong Group,P6159,6,2.7
SUP5499,Jones-Roberts,P2221,17,3.2
SUP5500,"Walker, Key and Thompson",P1182,15,4.4
SUP5501,Navarro-Buckley,P8387,7,4.9
SUP5502,Sanders Ltd,P5893,8,2.5
SUP5503,"Greene, Lee and Woods",P7547,11,4.6
SUP5504,"Petersen, Watkins and Lowery",P7783,16,3.6
SUP5505,Parker-Richard,P4863,20,3.0
SUP5506,"Hill, Sanders and Bean",P9799,3,3.7
SUP5507,Anderson Group,P8073,16,2.9
SUP5508,Brandt PLC,P5050,19,3.0
SUP5509,Bailey-Williams,P9688,4,2.9
SUP5510,"Hernandez, Baldwin and Whitehead",P1695,7,4.4
SUP5511,Glass-Garcia,P6060,15,3.7
SUP5512,Hicks-Solomon,P6681,8,2.7
SUP5513,"Barnett, Gray and Hardy",P9685,7,4.1
SUP5514,Tapia-Douglas,P1718,2,3.7
SUP5515,"Bush, Patel and Watson",P8260,9,4.4
SUP5516,"Webb, Carney and Bailey",P6718,15,3.9
SUP5517,Edwards LLC,P1657,6,4.4
SUP5518,Dunn-Thompson,P2082,7,3.4
SUP5519,Strickland and Sons,P1470,12,4.3
SUP5520,Mitchell Inc,P5911,3,3.7
SUP5521,Schroeder-Phillips,P2799,3,4.9
SUP5522,Mills PLC,P976,9,3.8
SUP5523,Morales Ltd,P7539,8,4.9
SUP5524,"Montes, Warren and Peters",P4564,18,4.7
SUP5525,Duncan Ltd,P783,7,3.8
SUP5526,Huber Ltd,P1755,6,4.3
SUP5527,"Schroeder, Woods and Callahan",P936,7,3.2
SUP5528,Adams-Robinson,P3396,6,3.8
SUP5529,Hickman LLC,P9919,7,4.0
SUP5530,"Wallace, Turner and Clayton",P7400,9,3.8
SUP5531,"Cross, Russell and Watson",P3429,14,2.8
SUP5532,"Henderson, Donovan and Garcia",P6342,18,4.9
SUP5533,"Ryan, Navarro and Lewis",P3628,2,4.8
SUP5534,Horn-Williams,P2074,13,4.2
SUP5535,"Rodgers, Smith and Ingram",P8927,12,2.8
SUP5536,"Everett, Lee and Conley",P5223,15,4.9
SUP5537,"Flynn, Weaver and Mcintosh",P9793,13,3.2
SUP5538,Davis-Guerra,P1833,13,2.7
SUP5539,Ferrell-Thomas,P5439,5,2.8
SUP5540,Rasmussen-Luna,P9828,3,3.4
SUP5541,Baker PLC,P8032,12,4.9
SUP5542,Butler-Jones,P8905,7,4.1
SUP5543,Suarez Group,P3562,8,2.7
SUP5544,Le-Foster,P8240,13,4.9
SUP5545,Marsh Group,P1856,4,4.4
SUP5546,Garcia LLC,P2661,8,2.6
SUP5547,"Flynn, Clark and Klein",P8852,15,4.7
SUP5548,"Jackson, Ward and Jacobs",P5160,12,3.8
SUP5549,Nolan-Hickman,P8978,19,2.6
SUP5550,Thompson PLC,P2771,17,2.7
SUP5551,"Alexander, Smith and Smith",P1527,15,4.3
SUP5552,Eaton-Taylor,P2294,19,3.1
SUP5553,"Smith, Carney and Davidson",P4633,8,3.0
SUP5554,"Robertson, Conley and Cox",P6015,19,2.8
SUP5555,"Wilcox, Bruce and Martinez",P5143,18,4.9
SUP5556,Kim Group,P2309,19,4.2
SUP5557,Miranda-Palmer,P2638,15,3.1
SUP5558,Scott PLC,P4177,13,4.6
SUP5559,Shea-Booker,P5107,6,4.5
SUP5560,Booth Inc,P5899,14,5.0
SUP5561,Walker-Hill,P859,8,3.1
SUP5562,"Sanchez, Sullivan and Guerrero",P6343,2,4.5
SUP5563,Martinez-Sullivan,P7511,17,3.9
SUP5564,Russo Ltd,P5489,5,3.8
SUP5565,Johnson PLC,P3587,20,3.0
SUP5566,"Bradley, Fuentes and Harris",P8971,3,3.6
SUP5567,Jones-Barnes,P2535,12,4.4
SUP5568,"Bryant, Rich and Lawrence",P9443,16,4.4
SUP5569,Werner-Henderson,P9396,11,4.9
SUP5570,"Perez, Davis and Morrison",P6828,15,3.6
SUP5571,Hernandez Group,P8975,3,3.6
SUP5572,Jackson LLC,P9950,3,3.6
SUP5573,Rogers and Sons,P3670,6,2.5
SUP5574,Villegas PLC,P7450,6,3.2
SUP5575,Martin Ltd,P2424,19,3.1
SUP5576,George LLC,P3713,14,2.6
SUP5577,Ball-Osborne,P6756,10,3.8
SUP5578,"Pennington, Lewis and Rios",P6499,2,4.7
SUP5579,"Villarreal, Long and Fernandez",P5441,6,2.5
SUP5580,Ray Inc,P7165,7,4.7
SUP5581,Miller-Russell,P7306,19,3.3
SUP5582,"Thomas, Henderson and Combs",P5578,19,2.9
SUP5583,"Garcia, Harrison and Armstrong",P1661,3,3.1
SUP5584,Walker LLC,P6501,6,4.6
SUP5585,"Garcia, Harrington and Wilson",P2865,9,4.4
SUP5586,"Owens, Turner and Taylor",P5580,10,4.1
SUP5587,Huffman-Gonzalez,P8507,18,4.8
SUP5588,Fuller Inc,P3749,13,2.9
SUP5589,"House, Macdonald and Carter",P7770,15,4.8
SUP5590,"Jordan, Hunt and Dillon",P7857,16,4.8
SUP5591,"Marshall, Romero and Vaughan",P8339,14,3.5
SUP5592,Wilson-Rodriguez,P708,16,4.5
SUP5593,Hunter-Cole,P4216,5,3.4
SUP5594,Porter LLC,P8115,20,3.3
SUP5595,Daniels-Roberts,P9341,6,2.6
SUP5596,Howard-Nelson,P8857,3,3.7
SUP5597,Klein-Palmer,P7183,8,4.9
SUP5598,Martinez-Castillo,P6132,10,4.1
SUP5599,Hayes PLC,P2078,11,2.6
SUP5600,"Ramos, Hurst and Brown",P3282,17,4.7
SUP5601,Jackson Group,P5503,7,2.7
SUP5602,"Levine, Mcconnell and Horn",P5423,4,2.8
SUP5603,"Daniel, Johnson and Hawkins",P4917,7,4.1
SUP5604,Mitchell-Cameron,P711,18,3.8
SUP5605,Armstrong Ltd,P9817,15,3.5
SUP5606,Dalton Inc,P3069,9,4.1
SUP5607,Ryan-Barrett,P6096,8,2.6
SUP5608,"Lee, Chavez and Gibson",P7916,13,3.6
SUP5609,Blankenship-Allen,P4752,5,4.8
SUP5610,"Diaz, Chavez and Sanchez",P2900,6,4.7
SUP5611,Meyer PLC,P6452,8,4.2
SUP5612,Boyd-Dennis,P9345,14,2.5
SUP5613,Beck Ltd,P6109,15,3.9
SUP5614,Burnett-Terry,P2290,15,3.2
SUP5615,Moreno PLC,P1666,15,4.9
SUP5616,Preston PLC,P2558,11,4.5
SUP5617,Foster and Sons,P2749,16,3.1
SUP5618,Rowe-Williams,P7151,18,3.6
SUP5619,"Bradshaw, Anderson and Anderson",P4978,4,5.0
SUP5620,Bradley-Morris,P8146,3,3.8
SUP5621,Perry Inc,P3797,12,4.3
SUP5622,"Morris, Hansen and Kirby",P5286,9,4.5
SUP5623,"Lee, Atkinson and Mcdonald",P5548,14,4.6
SUP5624,"Smith, Owen and Hall",P9240,8,3.9
SUP5625,Jones Group,P3029,9,3.5
SUP5626,Everett-Smith,P5820,17,3.1
SUP5627,Gardner-Sanchez,P7360,14,3.5
SUP5628,"Black, Tucker and Smith",P3152,4,4.2
SUP5629,"Miller, Pearson and Rojas",P6655,5,2.9
SUP5630,Lewis and Sons,P6990,9,2.7
SUP5631,"Tate, Davis and Watkins",P8901,14,3.9
SUP5632,Lee-White,P4913,3,4.1
SUP5633,"Rose, Bryant and Owen",P4932,19,3.9
SUP5634,"Phillips, Thompson and Mccann",P3525,14,3.4
SUP5635,Diaz-Martin,P6906,20,2.6
SUP5636,Mills Group,P8868,20,4.9
SUP5637,James-Warner,P160,7,3.3
SUP5638,Joseph PLC,P2446,2,3.7
SUP5639,"Bruce, Reeves and Young",P4182,17,3.1
SUP5640,Scott-Mccormick,P302,16,5.0
SUP5641,"Hamilton, Hayes and Crawford",P1266,20,4.7
SUP5642,"Williams, Barnett and Banks",P5532,10,2.5
SUP5643,Gray and Sons,P9253,9,4.5
SUP5644,"Douglas, Parker and Bradley",P1002,19,5.0
SUP5645,"Leonard, Lawrence and Hanson",P9586,9,3.1
SUP5646,"Vasquez, Harvey and Lambert",P9635,16,2.7
SUP5647,"Steele, Jones and Jackson",P5887,14,4.0
SUP5648,Jackson Inc,P7228,11,3.9
SUP5649,"Reyes, Beard and West",P6144,5,4.6
SUP5650,"Jackson, Alvarado and Chapman",P4950,11,3.8
SUP5651,Newman PLC,P9932,14,4.1
SUP5652,Robinson-Cox,P1249,13,4.3
SUP5653,"Murphy, Perez and Baldwin",P9253,8,4.8
SUP5654,Robbins-Campbell,P6425,8,2.9
SUP5655,Pittman LLC,P8236,7,4.3
SUP5656,Black Inc,P454,17,2.8
SUP5657,Houston-Downs,P6157,12,3.5
SUP5658,Hernandez-Jones,P9051,15,4.7
SUP5659,"Terry, Schneider and Murphy",P8391,11,3.5
SUP5660,Nunez and Sons,P4648,6,4.1
SUP5661,Ross-Wagner,P9135,5,4.0
SUP5662,Barnes-Daniels,P6445,8,4.5
SUP5663,Taylor Ltd,P7366,15,4.9
SUP5664,Kelley-Martin,P5062,16,3.5
SUP5665,Gardner-Johnson,P869,19,3.9
SUP5666,Martin-Williams,P6240,15,2.6
SUP5667,Thompson-Beard,P2144,17,2.5
SUP5668,"Monroe, Hicks and Bell",P4525,7,4.7
SUP5669,Morrison-Hill,P8132,9,3.1
SUP5670,Jones Inc,P4123,18,2.7
SUP5671,Reese Ltd,P4033,18,4.0
SUP5672,Shaw-Lopez,P5611,6,4.0
SUP5673,Diaz Inc,P3833,4,4.0
SUP5674,Galloway Ltd,P1648,13,4.0
SUP5675,Scott LLC,P6448,11,2.8
SUP5676,Knight-Crosby,P8784,16,4.8
SUP5677,"Jones, Norman and Burke",P3888,2,4.0
SUP5678,Joyce PLC,P2685,5,5.0
SUP5679,Harris Ltd,P7122,3,3.4
SUP5680,Evans Group,P6387,5,4.1
SUP5681,Martin-Good,P2869,7,3.1
SUP5682,Horne-Bentley,P825,16,2.9
SUP5683,Sullivan-Stewart,P6808,3,3.5
SUP5684,Grant-Murray,P3339,4,4.2
SUP5685,"Brown, Figueroa and Baxter",P1347,6,4.9
SUP5686,Garcia PLC,P8934,15,3.6
SUP5687,"Brown, Johnson and Howard",P1628,10,4.1
SUP5688,Bass Group,P2254,19,2.8
SUP5689,Tucker-Rodriguez,P2899,5,3.6
SUP5690,Murphy Ltd,P6709,6,4.2
SUP5691,Frye and Sons,P5921,8,4.4
SUP5692,Hutchinson PLC,P806,6,3.0
SUP5693,"Jensen, Morales and Harper",P4689,17,3.1
SUP5694,"Knapp, Barnett and Johnson",P5348,17,4.3
SUP5695,Braun-Edwards,P8983,3,4.1
SUP5696,Henry-Macdonald,P2351,3,3.7
SUP5697,Harris-Walker,P9780,4,4.8
SUP5698,Smith Ltd,P2220,10,3.7
SUP5699,Dyer-Jones,P4673,13,3.6
SUP5700,"Johnston, Schneider and Gonzalez",P514,19,4.6
SUP5701,"Harris, Nolan and Hodge",P3408,8,4.7
SUP5702,Salazar Group,P4764,19,3.2
SUP5703,Cunningham PLC,P7970,20,4.4
SUP5704,Collins-Green,P1855,6,3.1
SUP5705,Rodriguez-Reyes,P8210,6,4.3
SUP5706,King-Barry,P4509,9,3.5
SUP5707,Hoffman-Green,P191,12,4.3
SUP5708,Boyer-Garcia,P8956,3,2.7
SUP5709,"Patel, Rodriguez and Ramos",P1050,20,4.8
SUP5710,"Williams, Nelson and Smith",P708,6,4.1
SUP5711,Jones Ltd,P6143,4,3.4
SUP5712,"Hopkins, Murray and Carter",P4044,13,2.5
SUP5713,Walters PLC,P9859,4,4.6
SUP5714,"Lewis, Hebert and Vasquez",P8792,14,4.7
SUP5715,Pham-Higgins,P4317,11,4.1
SUP5716,"Williams, Tate and Gentry",P7001,20,4.5
SUP5717,"Hernandez, Douglas and Brown",P8661,15,4.7
SUP5718,Garcia Group,P7895,2,3.1
SUP5719,"Cuevas, Lawson and Dudley",P2540,6,4.9
SUP5720,Moss-Rogers,P9159,17,4.1
SUP5721,"Lopez, Francis and Cole",P9829,5,4.3
SUP5722,Garza-Price,P6866,2,3.4
SUP5723,Barnett Inc,P7736,4,3.8
SUP5724,"Mccoy, Hart and Gibson",P9074,12,3.5
SUP5725,Thompson-Henry,P9658,5,5.0
SUP5726,Oliver-Porter,P7957,16,2.7
SUP5727,Mcbride PLC,P5326,19,4.9
SUP5728,Johnson and Sons,P4417,13,2.9
SUP5729,"West, Charles and Palmer",P7986,10,3.0
SUP5730,"Mendez, Williams and Hall",P9963,16,3.5
SUP5731,Olsen LLC,P3948,17,3.1
SUP5732,"Santiago, Thompson and Waters",P9736,12,4.4
SUP5733,"Smith, Jefferson and Orr",P9517,8,3.8
SUP5734,"Fry, Espinoza and Gonzalez",P3654,9,3.3
SUP5735,Miller-Kent,P3243,12,4.4
SUP5736,Jackson PLC,P7307,10,3.3
SUP5737,Johnston Group,P5737,17,3.1
SUP5738,"Silva, Chen and Neal",P2870,9,4.7
SUP5739,"Thompson, King and Valdez",P3992,9,5.0
SUP5740,"Quinn, Odom and Kent",P734,8,2.6
SUP5741,Vang-Scott,P7906,2,4.5
SUP5742,Stewart-Brewer,P8224,15,3.8
SUP5743,Williams PLC,P4132,9,4.3
SUP5744,"Simon, Evans and Mcfarland",P9321,7,3.9
SUP5745,King and Sons,P6527,16,2.9
SUP5746,Ochoa-Logan,P1094,9,3.7
SUP5747,Olson PLC,P1522,13,2.8
SUP5748,"Lewis, Galvan and Garcia",P3329,5,2.9
SUP5749,Williams-Martinez,P7125,20,3.0
SUP5750,"Hunt, Brown and Cook",P2092,15,4.4
SUP5751,Pineda and Sons,P5347,3,4.7
SUP5752,"Phillips, Jones and Reese",P6826,19,4.0
SUP5753,"Leonard, King and Dorsey",P8126,18,4.1
SUP5754,Jones Ltd,P4849,8,4.3
SUP5755,Moreno PLC,P8133,14,4.3
SUP5756,"Rodriguez, York and Aguirre",P2260,17,3.6
SUP5757,Stone Group,P4112,11,2.6
SUP5758,Mccullough-Garcia,P2267,14,3.7
SUP5759,Bartlett-Chan,P2606,4,4.7
SUP5760,"Patterson, Mcdonald and Joyce",P7697,5,3.1
SUP5761,"Rosales, Miller and Brown",P5044,15,4.3
SUP5762,Spencer Ltd,P6083,9,3.7
SUP5763,Watson and Sons,P1532,15,3.2
SUP5764,"Frank, Goodwin and Clark",P6006,17,2.7
SUP5765,"Guzman, Thompson and Herring",P9189,14,2.8
SUP5766,Ward-Stephenson,P6518,3,4.1
SUP5767,Mendoza LLC,P5028,7,3.0
SUP5768,Nichols Inc,P9143,5,3.8
SUP5769,Short LLC,P8245,5,3.5
SUP5770,Walters PLC,P2835,19,4.8
SUP5771,Howard LLC,P9415,17,2.6
SUP5772,"Scott, Alvarado and Hill",P1108,12,3.2
SUP5773,"Huang, Mosley and Henderson",P7824,19,2.9
SUP5774,Jones PLC,P7256,4,2.5
SUP5775,Brooks-Smith,P208,16,4.6
SUP5776,"Cole, Green and Espinoza",P6147,12,3.1
SUP5777,Coleman and Sons,P8117,9,3.7
SUP5778,Walker-Wagner,P7370,18,3.2
SUP5779,Stokes-Moore,P7930,5,2.6
SUP5780,"Haynes, Harris and Kim",P9057,4,4.6
SUP5781,Jones-Smith,P398,15,3.3
SUP5782,Swanson-Salazar,P6258,6,2.5
SUP5783,Rodriguez Ltd,P430,14,4.8
SUP5784,Jones-Goodwin,P3648,3,2.9
SUP5785,Rodriguez-Williams,P2160,15,4.2
SUP5786,Smith and Sons,P1398,17,4.6
SUP5787,Hernandez-Baker,P1040,20,4.8
SUP5788,Hughes-Burke,P7863,5,3.0
SUP5789,"Morgan, Hall and Mason",P3333,2,3.2
SUP5790,Walker Inc,P8028,2,3.9
SUP5791,"Garcia, Hardy and Huynh",P7703,20,4.9
SUP5792,Parsons and Sons,P128,14,2.9
SUP5793,Price-Garcia,P1863,17,4.6
SUP5794,"Wood, Ramirez and Brown",P421,7,4.0
SUP5795,Coleman and Sons,P3556,13,4.6
SUP5796,Chambers Inc,P5116,8,3.2
SUP5797,"Moore, Martinez and Wise",P1574,16,4.6
SUP5798,Rich-Harvey,P227,8,3.0
SUP5799,"Cooper, Jensen and Stark",P6686,3,2.9
SUP5800,"Gross, Lawrence and Farmer",P3161,6,3.6
SUP5801,Mccall PLC,P4495,17,4.3
SUP5802,Gates-Martinez,P3103,10,2.7
SUP5803,"Briggs, Farmer and Taylor",P338,20,4.8
SUP5804,Davis-Oliver,P2177,10,3.2
SUP5805,"Williams, Hunter and Campbell",P6026,14,2.8
SUP5806,"Simmons, Valencia and Chambers",P3323,14,3.9
SUP5807,"Bauer, Paul and Ortiz",P3011,15,4.9
SUP5808,Rodriguez-Cox,P3891,7,3.6
SUP5809,Hall-Frederick,P3198,20,4.7
SUP5810,"Freeman, Solis and Ross",P7393,18,4.9
SUP5811,Norman Ltd,P9244,19,3.7
SUP5812,"Lynn, Mueller and Avery",P7602,10,3.6
SUP5813,Chung-Hebert,P4528,7,4.5
SUP5814,Martin LLC,P4655,19,4.1
SUP5815,"Terry, Johnson and Pittman",P5952,6,3.9
SUP5816,"Phillips, Cooper and Smith",P3251,15,3.2
SUP5817,"Hernandez, Santiago and Smith",P7259,18,4.5
SUP5818,"Craig, Walker and Duncan",P3461,11,4.5
SUP5819,Mendez-Fowler,P3907,16,3.0
SUP5820,Cantu-Austin,P5546,11,2.8
SUP5821,Knight Group,P3672,3,5.0
SUP5822,"Ward, Avery and Fitzpatrick",P1075,5,3.0
SUP5823,Bell-Williams,P5770,16,4.4
SUP5824,Green PLC,P6238,10,4.5
SUP5825,Stewart PLC,P9840,14,3.1
SUP5826,Cook PLC,P6666,15,2.6
SUP5827,"Vaughn, Smith and Bradley",P1314,8,4.1
SUP5828,Gibson LLC,P8877,15,3.1
SUP5829,Johnson-Davidson,P2622,3,3.0
SUP5830,"Curtis, Campbell and Curtis",P3753,16,3.5
SUP5831,Marshall-Payne,P3487,16,4.8
SUP5832,Stewart-Welch,P205,15,4.1
SUP5833,Clark Inc,P5723,18,3.7
SUP5834,Galloway-Lee,P1376,9,3.3
SUP5835,Burton-Richards,P5907,10,2.5
SUP5836,Martinez-Butler,P7184,12,3.8
SUP5837,Martinez-Nelson,P9831,18,4.9
SUP5838,"Jensen, Frederick and Baker",P4518,5,3.6
SUP5839,Sanders Group,P5495,11,4.8
SUP5840,Miller-Harris,P2522,5,4.9
SUP5841,Hernandez PLC,P4658,4,4.1
SUP5842,Armstrong-Arroyo,P3145,2,3.8
SUP5843,Atkins-Rios,P8054,15,3.9
SUP5844,Johnson Ltd,P9496,14,2.9
SUP5845,Mayo Inc,P1945,15,4.7
SUP5846,Mcdaniel PLC,P5959,4,4.5
SUP5847,Davila-Moore,P2594,5,4.2
SUP5848,Lee Inc,P8402,6,3.4
SUP5849,White Group,P8034,16,2.6
SUP5850,Castillo Ltd,P7260,10,2.9
SUP5851,Williams-Kennedy,P6118,20,3.8
SUP5852,Brown-Blackwell,P6264,4,2.6
SUP5853,Gould-Reed,P3753,9,3.0
SUP5854,Smith-Archer,P5219,3,3.3
SUP5855,Whitaker and Sons,P4201,19,4.7
SUP5856,Ramirez LLC,P3946,10,3.7
SUP5857,Simon and Sons,P362,5,3.5
SUP5858,Mullen Group,P7328,4,3.7
SUP5859,Hall-Stewart,P7467,12,4.8
SUP5860,Taylor-Smith,P2527,19,2.9
SUP5861,Walker-Jones,P8662,12,3.4
SUP5862,Jennings-Aguilar,P4892,6,3.1
SUP5863,Jackson-Barnes,P6177,17,4.7
SUP5864,Rodriguez-Franco,P5855,2,4.9
SUP5865,Ward Inc,P1274,18,4.9
SUP5866,Neal-Garrett,P8507,20,4.2
SUP5867,Smith and Sons,P3388,18,4.4
SUP5868,Green-Thompson,P8096,19,4.6
SUP5869,Hoffman-Brown,P1607,16,3.7
SUP5870,Nelson-Boyd,P831,9,3.3
SUP5871,"Ryan, Romero and Delacruz",P5584,11,3.1
SUP5872,Bridges-Gonzalez,P3885,7,3.3
SUP5873,"Jenkins, James and Mosley",P7572,14,2.8
SUP5874,Lee LLC,P6327,17,3.8
SUP5875,Williams-Moran,P4024,16,2.5
SUP5876,"Hudson, Rich and Arnold",P9674,9,4.1
SUP5877,Alexander Ltd,P7499,4,4.1
SUP5878,"Evans, Harding and Savage",P1637,16,4.0
SUP5879,"Allen, Morgan and Cowan",P427,11,4.2
SUP5880,"Ross, Mills and Brown",P1741,17,4.1
SUP5881,Mcbride Group,P1007,13,4.1
SUP5882,Johnson Ltd,P7990,12,2.9
SUP5883,Wilson-Martinez,P5814,20,4.3
SUP5884,Peters-Mitchell,P9680,6,3.2
SUP5885,Miller LLC,P9628,8,4.5
SUP5886,Ellis-Jennings,P4074,8,4.9
SUP5887,"Austin, Jenkins and Young",P9948,16,2.7
SUP5888,Fields Group,P4218,2,2.8
SUP5889,Lopez-Johnson,P4547,8,4.9
SUP5890,Payne LLC,P8097,14,5.0
SUP5891,Dean-Martin,P5398,17,3.4
SUP5892,Oconnor-Hall,P6947,13,4.6
SUP5893,Adams LLC,P199,11,4.6
SUP5894,Walker-Newton,P9579,16,3.3
SUP5895,Sullivan Inc,P39,17,4.5
SUP5896,Best-Hill,P3570,13,4.7
SUP5897,"Osborn, Davis and Manning",P6579,17,4.0
SUP5898,Coleman Ltd,P6969,4,2.7
SUP5899,"Scott, Perez and Cruz",P4804,12,4.9
SUP5900,Walker-Carter,P2122,11,2.6
SUP5901,Blackburn and Sons,P6155,5,4.0
SUP5902,Miller-Potts,P4450,2,4.1
SUP5903,Guzman-Jennings,P4873,3,4.9
SUP5904,Scott-Herrera,P4407,20,4.4
SUP5905,"Torres, Ellis and Miller",P5599,6,4.8
SUP5906,Love Ltd,P704,12,4.6
SUP5907,Shannon LLC,P6140,10,3.2
SUP5908,Anderson Ltd,P461,17,3.4
SUP5909,Pierce PLC,P5928,15,2.6
SUP5910,Walker-Reyes,P2839,19,4.3
SUP5911,Wong and Sons,P4340,15,2.6
SUP5912,Wilson Inc,P5995,6,2.7
SUP5913,Young-Winters,P4950,4,3.6
SUP5914,"Savage, Ryan and Luna",P4639,6,2.8
SUP5915,Oneill PLC,P1373,7,4.5
SUP5916,Garcia-Mccoy,P8477,15,3.0
SUP5917,"Hernandez, Hendrix and Harris",P5373,16,3.0
SUP5918,"Murphy, Nelson and Moore",P9328,10,3.4
SUP5919,"Hubbard, Wilcox and Griffin",P6141,17,3.0
SUP5920,"Campbell, Peterson and Macias",P9848,2,5.0
SUP5921,Hicks-Thompson,P4281,11,2.9
SUP5922,Baird and Sons,P5220,4,4.7
SUP5923,Phillips and Sons,P1452,8,4.9
SUP5924,"Hill, Dean and Wilcox",P1683,4,3.5
SUP5925,Edwards-Thomas,P2082,4,4.8
SUP5926,"Patterson, Miller and Moore",P4428,3,4.3
SUP5927,Chavez PLC,P9312,11,2.6
SUP5928,"Odom, Miller and Schwartz",P7412,8,4.8
SUP5929,Smith Ltd,P1776,11,3.2
SUP5930,Smith Ltd,P6903,15,4.9
SUP5931,"Anderson, Buckley and Mcguire",P9337,19,4.6
SUP5932,"Reynolds, Clark and Parker",P3704,2,4.2
SUP5933,Rubio LLC,P6776,18,4.0
SUP5934,"Ramirez, Mullins and Smith",P9399,14,3.3
SUP5935,White-Griffin,P6589,7,4.1
SUP5936,"Hull, Howard and Cooper",P1995,9,4.2
SUP5937,"Wilkinson, Hall and Williams",P6451,12,4.2
SUP5938,Shelton-Gonzalez,P3524,8,4.7
SUP5939,Jensen Group,P4213,17,4.5
SUP5940,Wagner Ltd,P3096,14,4.4
SUP5941,"Valenzuela, Padilla and Lewis",P873,17,4.8
SUP5942,Owens LLC,P3701,4,2.7
SUP5943,Walls-Garcia,P1681,9,3.3
SUP5944,Summers and Sons,P8677,6,3.4
SUP5945,"Miller, Dixon and Wilson",P4861,5,3.5
SUP5946,Reed Inc,P1195,14,3.7
SUP5947,Moore-Frazier,P261,17,4.9
SUP5948,Bolton-Henry,P2826,5,3.0
SUP5949,Martin-Mendoza,P1303,18,4.3
SUP5950,Shepherd PLC,P9988,17,3.9
SUP5951,Perez LLC,P785,8,3.0
SUP5952,Charles-Mcintyre,P1913,5,4.5
SUP5953,"Estes, Miller and Perez",P1194,4,2.6
SUP5954,Fisher-Nelson,P5999,19,3.3
SUP5955,Sanchez LLC,P331,16,4.1
SUP5956,Wallace and Sons,P5546,7,3.0
SUP5957,"Osborn, Smith and Myers",P7721,12,4.0
SUP5958,Miller-Romero,P4076,15,2.6
SUP5959,Brooks PLC,P9904,5,4.0
SUP5960,Caldwell-Martinez,P6725,3,4.4
SUP5961,Green-Mooney,P8323,2,4.8
SUP5962,Phillips-Marshall,P6259,16,3.7
SUP5963,Cannon Inc,P6657,10,2.8
SUP5964,Bowers-Hicks,P524,9,4.8
SUP5965,Durham-Mack,P6818,2,4.9
SUP5966,"Dunn, Lewis and Singh",P5914,16,3.4
SUP5967,Fernandez Ltd,P719,4,2.7
SUP5968,"Payne, Sharp and York",P3539,4,3.2
SUP5969,"Wright, Hicks and Conley",P9983,19,2.9
SUP5970,Hernandez Inc,P3768,17,4.6
SUP5971,Kelly-Li,P5731,14,2.9
SUP5972,Perry Group,P6623,2,3.6
SUP5973,Anderson-King,P7568,8,2.8
SUP5974,"Sims, Bailey and Khan",P1236,5,3.0
SUP5975,Gordon-Alexander,P9269,4,3.4
SUP5976,Taylor-Flores,P1070,12,3.6
SUP5977,Moreno and Sons,P8774,13,4.9
SUP5978,Gordon-Bautista,P5827,5,4.4
SUP5979,"Brock, Ramirez and Williams",P8211,19,3.4
SUP5980,Atkinson PLC,P3892,10,2.6
SUP5981,Boyd LLC,P5870,3,2.5
SUP5982,Williams PLC,P6154,2,3.2
SUP5983,"Tran, Lopez and Smith",P6708,9,2.5
SUP5984,Perry Inc,P9302,12,3.2
SUP5985,"Berg, Gonzalez and Ramos",P7416,8,4.8
SUP5986,"Anderson, Johnson and Wilson",P6840,2,2.7
SUP5987,"Pope, Taylor and Rivera",P6849,20,4.1
SUP5988,Rowe and Sons,P430,18,3.7
SUP5989,Jones Inc,P2632,5,3.2
SUP5990,"Smith, Coleman and Peck",P824,18,3.5
SUP5991,Ward and Sons,P8391,8,3.3
SUP5992,Lee-Tate,P7426,12,4.1
SUP5993,Singh-Johnson,P828,10,4.8
SUP5994,Yates-Martinez,P1208,14,3.9
SUP5995,"Barnes, Johnson and Robertson",P9766,4,3.0
SUP5996,Reed and Sons,P9983,9,4.6
SUP5997,Harris and Sons,P6754,16,3.1
SUP5998,"Rodriguez, Jones and Lynch",P6207,5,3.4
SUP5999,Richards-Deleon,P5347,4,3.8
SUP6000,"Meyer, Brown and Moore",P6605,13,4.6
SUP6001,Curtis Inc,P7303,9,3.8
SUP6002,Fernandez Ltd,P6168,17,3.7
SUP6003,"Olsen, Delgado and Wiley",P4478,12,2.7
SUP6004,Robbins-Robinson,P4128,11,2.8
SUP6005,"Ball, Wang and Santana",P7448,2,2.9
SUP6006,"Gomez, Dougherty and Rose",P1099,19,5.0
SUP6007,Ramos-Kent,P9116,13,2.7
SUP6008,Hamilton PLC,P6392,16,4.4
SUP6009,Silva PLC,P8554,19,3.5
SUP6010,"Fitzpatrick, Jones and Mcdonald",P7734,18,3.3
SUP6011,Anderson-Calhoun,P785,15,3.6
SUP6012,Rojas and Sons,P4544,14,3.8
SUP6013,Hoffman and Sons,P7705,5,2.7
SUP6014,"Hughes, Norris and Schmidt",P7164,8,4.8
SUP6015,"Schultz, Reyes and Decker",P7188,13,4.4
SUP6016,Clark Inc,P8854,14,3.7
SUP6017,"Barnes, Vega and Thompson",P9001,19,2.7
SUP6018,"Lawrence, Williams and Hawkins",P3571,7,3.9
SUP6019,Bauer LLC,P514,2,4.4
SUP6020,Howard-Nolan,P9628,20,4.4
SUP6021,Miller-Reeves,P8581,7,4.3
SUP6022,Norris Group,P5062,12,4.7
SUP6023,Martinez-Clark,P2185,2,2.8
SUP6024,Martinez-Williams,P2277,13,3.5
SUP6025,Martin and Sons,P771,8,3.1
SUP6026,Gordon and Sons,P179,8,3.5
SUP6027,Kidd and Sons,P9507,19,2.8
SUP6028,Williams PLC,P1700,17,3.8
SUP6029,"Best, Palmer and Rodriguez",P9894,8,2.6
SUP6030,Cortez LLC,P2016,19,4.6
SUP6031,Dawson-Walker,P1169,11,2.9
SUP6032,Small Inc,P9022,20,2.8
SUP6033,Barnes-Smith,P2310,19,2.9
SUP6034,Lawson Ltd,P2059,13,4.6
SUP6035,Hudson PLC,P7476,16,2.6
SUP6036,"Myers, Gibson and Williams",P6003,12,4.9
SUP6037,Williams PLC,P6453,9,2.9
SUP6038,"Carson, Carr and Green",P6094,2,4.3
SUP6039,"Scott, Martin and Edwards",P1385,18,3.6
SUP6040,Garcia-Preston,P2600,4,4.0
SUP6041,Mathis-Ayala,P9872,17,2.7
SUP6042,"Lopez, Krueger and Perkins",P7424,9,3.1
SUP6043,"Hunter, Robertson and Mcgrath",P5930,14,3.5
SUP6044,Nguyen-King,P8560,15,4.7
SUP6045,"Moore, Thompson and Schmidt",P1177,10,3.6
SUP6046,"Smith, Stephenson and Flynn",P1317,20,3.2
SUP6047,"Levy, Rogers and Smith",P6642,14,2.5
SUP6048,Woodard and Sons,P8996,8,3.2
SUP6049,Fuller PLC,P2241,8,4.9
SUP6050,Steele Group,P8621,14,4.2
SUP6051,"Collins, Anderson and Bauer",P3458,4,2.5
SUP6052,"Cabrera, Martin and Roberts",P202,9,4.9
SUP6053,Freeman PLC,P1863,6,4.8
SUP6054,"Mullen, Combs and Johnston",P9206,13,3.1
SUP6055,"Webb, Brennan and Herman",P1580,15,4.7
SUP6056,Singh-Collins,P9662,4,4.6
SUP6057,"Jenkins, Jarvis and Dean",P2,9,4.0
SUP6058,"Neal, Harris and Nichols",P2430,13,3.9
SUP6059,Chandler-Daniels,P2119,11,4.9
SUP6060,Brown and Sons,P4686,13,3.1
SUP6061,Miller-Weber,P4163,16,4.4
SUP6062,Gonzalez-Flynn,P3741,13,4.8
SUP6063,Schmidt-Barker,P1656,7,3.4
SUP6064,Mcclure LLC,P5091,18,4.5
SUP6065,Foley-Mckenzie,P8113,5,4.2
SUP6066,Price Inc,P7180,19,3.9
SUP6067,"Wagner, Myers and Rodriguez",P9899,8,4.2
SUP6068,"Diaz, Mendez and Hardy",P9619,12,2.9
SUP6069,Williams and Sons,P2018,6,4.1
SUP6070,Barr LLC,P8678,19,4.8
SUP6071,Hernandez-Howard,P1174,19,3.9
SUP6072,"Wright, Martin and Rogers",P3479,7,4.7
SUP6073,"Brown, Meyer and Mercer",P987,12,4.6
SUP6074,"Harmon, Casey and Heath",P8451,10,2.9
SUP6075,Wright Group,P4937,19,4.8
SUP6076,Ellison PLC,P8935,6,2.7
SUP6077,"Mcpherson, Cook and Reed",P1255,12,4.8
SUP6078,Frederick LLC,P3,18,3.7
SUP6079,"Daniels, Porter and George",P2986,19,3.2
SUP6080,Holmes-Smith,P6213,7,4.0
SUP6081,Meyer-Sullivan,P3999,19,4.1
SUP6082,"Phillips, Hansen and Cruz",P9793,14,2.9
SUP6083,Little-Smith,P2829,2,2.5
SUP6084,Bass Group,P2668,18,3.5
SUP6085,"Chen, Vazquez and Diaz",P4768,7,2.9
SUP6086,Hunter-Perez,P7498,13,3.2
SUP6087,Hatfield-Alvarado,P4753,3,3.5
SUP6088,Camacho-Villegas,P188,9,3.8
SUP6089,"Obrien, Johnson and Smith",P4202,16,3.1
SUP6090,"Molina, Jones and Collins",P6132,10,3.0
SUP6091,Gonzales PLC,P7755,15,4.4
SUP6092,"Potter, Aguilar and Bowen",P6129,6,2.7
SUP6093,"Franco, Martin and Holden",P9342,14,2.8
SUP6094,Brown-Hanson,P4620,3,4.5
SUP6095,"White, Cruz and Armstrong",P3458,18,4.1
SUP6096,"Miller, Velasquez and Hansen",P2261,20,4.2
SUP6097,Carter Group,P3330,4,3.0
SUP6098,Patrick-Benjamin,P6945,16,3.8
SUP6099,"Haynes, Parks and Jackson",P2341,10,4.2
SUP6100,Francis PLC,P9693,2,4.8
SUP6101,Key-Bell,P2190,20,4.5
SUP6102,"Miller, Patel and Fuller",P6111,3,3.0
SUP6103,"Turner, Young and Pace",P6774,3,3.3
SUP6104,Wilkerson-Patterson,P4293,8,4.2
SUP6105,Mosley-Manning,P4473,8,3.3
SUP6106,Howe-Soto,P1541,3,2.9
SUP6107,"Williams, Barnes and Carter",P9611,7,4.1
SUP6108,Foster-Watson,P7718,18,3.3
SUP6109,Anderson PLC,P6525,5,4.7
SUP6110,Brown PLC,P4669,11,4.8
SUP6111,"Norris, Gray and Martin",P4657,9,3.7
SUP6112,"Francis, Deleon and Cohen",P9513,17,2.7
SUP6113,Gregory-Glover,P25,7,3.4
SUP6114,"Glenn, Gonzales and Fields",P8574,20,4.0
SUP6115,West Inc,P3056,19,4.7
SUP6116,Stevens Ltd,P3676,4,3.3
SUP6117,Henderson Ltd,P1246,14,2.7
SUP6118,Thomas Ltd,P7803,4,4.9
SUP6119,"Williams, Davidson and King",P4036,19,2.8
SUP6120,Harris-Mcintosh,P2293,3,3.3
SUP6121,Mills and Sons,P15,4,3.6
SUP6122,Moore-Luna,P8511,9,3.5
SUP6123,"Rodriguez, Rhodes and Lyons",P4509,5,4.8
SUP6124,"Cruz, Yang and Scott",P8308,17,4.7
SUP6125,"Owens, Savage and Hawkins",P9868,2,3.6
SUP6126,Castillo LLC,P7562,16,4.8
SUP6127,"Mendez, Crawford and Klein",P6213,15,3.1
SUP6128,"Anderson, Johnson and Stone",P1205,14,2.6
SUP6129,Williams PLC,P7354,18,3.7
SUP6130,Richards-Cook,P5844,18,3.7
SUP6131,"Bennett, Wilson and Noble",P8110,6,2.9
SUP6132,Ramirez-Lopez,P9010,18,4.0
SUP6133,"Vang, Burns and Martinez",P1654,16,4.9
SUP6134,Hardin LLC,P9431,20,3.6
SUP6135,Williams LLC,P4844,8,2.7
SUP6136,Anderson-Moore,P6538,13,4.2
SUP6137,"Wang, Anderson and Shelton",P326,6,4.7
SUP6138,Johns LLC,P6966,17,3.4
SUP6139,"Rivera, Wilson and Dennis",P1298,20,2.9
SUP6140,Newman-Sandoval,P9870,16,4.7
SUP6141,Allen PLC,P6625,2,4.4
SUP6142,Lewis PLC,P7711,6,3.7
SUP6143,"Flynn, Lewis and Williams",P3765,6,2.6
SUP6144,Glover LLC,P9782,15,4.5
SUP6145,Davis LLC,P4158,9,2.9
SUP6146,Hall-Garcia,P6617,3,3.0
SUP6147,Garza Group,P9437,17,4.5
SUP6148,"Hurst, Smith and Lewis",P7819,13,4.6
SUP6149,Castro-Douglas,P2456,10,4.4
SUP6150,Tucker-Flores,P8263,18,3.1
SUP6151,"Key, Bishop and Thompson",P9369,11,3.0
SUP6152,Conway-Torres,P6997,11,3.7
SUP6153,Scott Ltd,P3117,18,2.6
SUP6154,"Peterson, Cox and Fischer",P5049,6,4.1
SUP6155,King LLC,P5629,16,4.5
SUP6156,"Velasquez, Farmer and Fowler",P4842,15,3.9
SUP6157,Kramer-Rodriguez,P2915,18,4.9
SUP6158,Johnson-Farrell,P9666,11,2.6
SUP6159,"Lowe, Carney and Bowers",P2829,3,4.8
SUP6160,Case-Burns,P8931,20,2.6
SUP6161,"Richardson, Elliott and Wilson",P7281,19,4.5
SUP6162,"Perez, Lambert and Morris",P3111,15,3.0
SUP6163,Berry Ltd,P3671,17,4.1
SUP6164,"Reyes, Phillips and Hernandez",P6664,2,4.8
SUP6165,Barker-Allen,P4624,8,4.8
SUP6166,Romero-Dillon,P2999,16,3.7
SUP6167,Goodwin-Ballard,P4311,7,3.5
SUP6168,Martin and Sons,P6620,15,3.5
SUP6169,Carpenter-Reed,P9947,8,3.7
SUP6170,Gray-Lopez,P2712,16,3.1
SUP6171,"Wallace, Bass and Baker",P812,8,4.8
SUP6172,"Miller, Gibbs and Perez",P2915,9,2.9
SUP6173,Murphy-Fernandez,P7933,9,3.8
SUP6174,Perry-Rose,P8891,2,4.7
SUP6175,"Garcia, Bentley and Schneider",P6997,16,4.7
SUP6176,"Chambers, Neal and Hernandez",P3567,9,2.9
SUP6177,Irwin-Bryant,P4134,8,3.4
SUP6178,Bowen Ltd,P85,7,3.0
SUP6179,Preston Group,P7299,12,2.7
SUP6180,Velasquez-Stuart,P8312,18,3.3
SUP6181,"Robbins, Rodriguez and Watkins",P1614,2,4.0
SUP6182,Nguyen-Rodriguez,P5338,16,3.5
SUP6183,"Anderson, Miller and Butler",P4843,12,4.9
SUP6184,"Rodriguez, Williams and Jacobs",P5214,9,4.5
SUP6185,Gomez Inc,P2395,13,4.8
SUP6186,Luna LLC,P836,20,2.8
SUP6187,Clark PLC,P8738,19,2.8
SUP6188,Gentry-Turner,P3443,14,3.3
SUP6189,Webb LLC,P8396,6,3.0
SUP6190,"Spencer, Davis and Frazier",P9446,10,3.8
SUP6191,"Yates, Tucker and Jones",P7274,7,4.7
SUP6192,Holmes Inc,P4034,8,3.5
SUP6193,Jackson-Cross,P9902,8,4.2
SUP6194,Burgess Group,P687,15,4.4
SUP6195,"Rodriguez, Le and Aguilar",P281,20,2.7
SUP6196,"Livingston, Rivas and Small",P8842,2,4.0
SUP6197,"Dominguez, Patel and Morales",P3703,10,2.6
SUP6198,Weaver-Vazquez,P3930,17,3.0
SUP6199,Suarez Inc,P5069,9,4.2
SUP6200,Baker-King,P3556,4,2.7
SUP6201,"Ingram, Hughes and Chan",P8967,8,3.0
SUP6202,Wright Ltd,P7426,12,3.4
SUP6203,Smith-Holden,P5418,14,3.9
SUP6204,"Michael, Johnson and Parker",P3814,10,4.9
SUP6205,"Oliver, Lee and Hughes",P3977,13,4.9
SUP6206,"Stein, Clark and Jenkins",P1657,13,4.3
SUP6207,Barber-Davis,P6687,14,4.9
SUP6208,"Greene, Morales and Kim",P6438,18,2.8
SUP6209,Lara Group,P2019,10,3.3
SUP6210,Sandoval-Hansen,P5726,2,4.3
SUP6211,Wagner-Smith,P8134,12,3.6
SUP6212,Turner-Hubbard,P2145,6,3.8
SUP6213,"Smith, Coleman and Garrett",P5651,2,4.5
SUP6214,Griffin-Perez,P8366,13,3.4
SUP6215,Green-Walsh,P1860,6,3.9
SUP6216,Sheppard-Taylor,P8944,19,4.4
SUP6217,"Klein, Hudson and Cervantes",P6350,15,3.1
SUP6218,"Simpson, Harper and Hardy",P9418,19,3.7
SUP6219,Burton-Sawyer,P1225,3,4.2
SUP6220,Williams-Rose,P2157,18,4.6
SUP6221,Odonnell LLC,P232,16,4.7
SUP6222,"Young, Mendez and Ortiz",P1868,20,2.8
SUP6223,Villa Inc,P5289,2,3.4
SUP6224,Williams and Sons,P639,12,2.7
SUP6225,Morris PLC,P209,5,4.8
SUP6226,Ramos-Hernandez,P211,12,4.3
SUP6227,"Jenkins, Palmer and Smith",P8877,12,4.5
SUP6228,Thomas and Sons,P6171,5,2.9
SUP6229,Bond Group,P2275,3,3.3
SUP6230,"Fernandez, Miller and Yu",P9907,8,4.6
SUP6231,Perez PLC,P5897,2,4.2
SUP6232,"Gomez, Aguilar and Flores",P5982,18,4.4
SUP6233,"Lindsey, Moore and Cooper",P1373,15,3.6
SUP6234,Deleon-Martin,P8518,17,2.7
SUP6235,"Williams, Carter and Mack",P4048,5,3.8
SUP6236,Daniel and Sons,P9883,20,2.7
SUP6237,Neal Inc,P7506,9,4.9
SUP6238,Martin-Smith,P1756,18,3.6
SUP6239,Scott-Galloway,P2311,8,2.6
SUP6240,Banks-Evans,P3204,19,2.9
SUP6241,Miller Ltd,P9331,8,2.9
SUP6242,Perkins-Chavez,P2093,13,4.6
SUP6243,"Mcgrath, Glass and Brown",P3611,4,3.6
SUP6244,"Velazquez, Richards and Hudson",P7683,11,4.8
SUP6245,Warren-Gardner,P4264,7,3.4
SUP6246,"Duran, Day and Rose",P3921,18,3.3
SUP6247,"Mayo, Bryant and Jackson",P9553,15,2.6
SUP6248,Barnes-Brown,P8963,14,3.6
SUP6249,Keller and Sons,P7349,15,3.3
SUP6250,"Gonzalez, Matthews and Guerrero",P4156,12,4.5
SUP6251,"Dixon, Willis and Smith",P6646,3,3.8
SUP6252,Mack-Hartman,P6675,6,3.0
SUP6253,"Robles, Davis and Bell",P315,12,2.6
SUP6254,Smith PLC,P7552,10,4.6
SUP6255,Hutchinson Group,P6165,2,3.4
SUP6256,"Molina, Howard and Swanson",P6144,13,4.0
SUP6257,"Ramirez, Walters and Dominguez",P9010,10,4.2
SUP6258,Sweeney Ltd,P4233,13,4.4
SUP6259,Foley and Sons,P8621,3,3.1
SUP6260,Gilbert-Wright,P2251,17,3.5
SUP6261,"Holmes, Erickson and Rodriguez",P6781,20,4.9
SUP6262,"Rodriguez, Owens and Cortez",P4196,7,4.2
SUP6263,Casey and Sons,P7412,11,2.7
SUP6264,Smith-Smith,P5761,20,4.4
SUP6265,Jarvis-Armstrong,P4222,10,4.6
SUP6266,"Rosario, Harris and Cox",P6579,9,4.3
SUP6267,"Richards, Snow and Torres",P4415,14,3.2
SUP6268,White PLC,P6070,11,4.4
SUP6269,Cole-Wade,P3953,17,4.5
SUP6270,Hall-Jackson,P8597,4,3.5
SUP6271,Beard-Nelson,P6495,8,4.0
SUP6272,"Walton, Meyer and Sanchez",P9589,16,4.7
SUP6273,Hancock Ltd,P6309,8,4.5
SUP6274,Ray LLC,P8981,5,4.8
SUP6275,Thomas-Morris,P8132,17,2.5
SUP6276,Mack Ltd,P9410,20,3.3
SUP6277,"Carroll, Reyes and Smith",P8209,18,3.3
SUP6278,"Hansen, Miller and Rios",P5975,13,3.3
SUP6279,Morgan-Bradley,P5129,11,2.9
SUP6280,Howell-Lopez,P8925,4,4.4
SUP6281,"Mann, Oconnor and Rodriguez",P9872,13,3.0
SUP6282,Lee Ltd,P7189,19,4.1
SUP6283,Murphy LLC,P3979,10,3.7
SUP6284,Wood-Smith,P1696,4,2.6
SUP6285,Armstrong PLC,P1735,9,4.3
SUP6286,Wilson Group,P2763,12,3.8
SUP6287,"Perez, Calhoun and Norton",P7117,17,3.7
SUP6288,"Thompson, Stone and Gonzalez",P5948,9,4.2
SUP6289,Kirk-Glass,P5906,7,3.0
SUP6290,Green-Scott,P1537,16,4.2
SUP6291,York-Hall,P1654,8,3.2
SUP6292,Rose-Wyatt,P17,4,4.1
SUP6293,Sloan and Sons,P2134,8,3.4
SUP6294,Macias-Grant,P4667,14,4.7
SUP6295,Guerrero-Parker,P4727,7,2.6
SUP6296,"Burns, Mcdonald and Bennett",P7210,13,3.8
SUP6297,"Lang, Blackburn and Taylor",P3318,3,4.9
SUP6298,Oneill-Barnes,P4478,2,4.0
SUP6299,Ford PLC,P4438,6,4.1
SUP6300,Mora-Campbell,P4413,16,4.2
SUP6301,Mason-Roberts,P8419,8,3.8
SUP6302,Bell PLC,P228,18,2.5
SUP6303,Lewis PLC,P8834,9,4.8
SUP6304,Martin-Wagner,P1882,13,3.8
SUP6305,"Shaw, Lawson and Alvarez",P3329,10,5.0
SUP6306,"Harris, Walker and Reyes",P9792,20,4.5
SUP6307,"Collier, Herrera and Tucker",P9319,8,3.8
SUP6308,Lopez-Ferguson,P504,18,4.4
SUP6309,"Ramos, Ellis and Arnold",P3007,7,4.3
SUP6310,Arellano-Johnson,P4618,15,4.0
SUP6311,"Tran, Gibson and Cunningham",P2211,18,4.5
SUP6312,Marsh-Warren,P5803,4,4.6
SUP6313,Jones Group,P3753,4,4.1
SUP6314,"Cruz, Roach and Burton",P2673,7,2.6
SUP6315,Lopez-Durham,P6710,13,4.0
SUP6316,"Moss, Kline and Mendoza",P1033,9,3.3
SUP6317,Jackson Ltd,P2253,2,4.4
SUP6318,"Banks, Johnson and Stanley",P6207,11,5.0
SUP6319,Rose Ltd,P1300,6,2.7
SUP6320,Waters LLC,P4897,13,4.7
SUP6321,"Harrington, Hughes and Pacheco",P6697,2,3.4
SUP6322,"Rogers, Perez and Mason",P2994,10,3.9
SUP6323,"Harrington, Brown and Rosario",P16,18,3.3
SUP6324,Mccoy and Sons,P6669,4,2.9
SUP6325,Davis-Pruitt,P9083,13,2.9
SUP6326,Callahan and Sons,P7091,15,3.0
SUP6327,Juarez-Schultz,P7305,11,3.0
SUP6328,Shelton-Murphy,P4267,19,3.7
SUP6329,"Torres, Rivera and Salazar",P4530,2,3.8
SUP6330,"Chavez, Webster and Murillo",P8579,2,5.0
SUP6331,"Frank, Smith and Price",P5384,8,3.0
SUP6332,Stokes-Gibson,P93,6,4.4
SUP6333,"Proctor, Pennington and Gonzalez",P8730,14,2.6
SUP6334,Rose and Sons,P1641,14,2.8
SUP6335,Sweeney Group,P4974,20,2.6
SUP6336,Frye PLC,P7940,17,4.3
SUP6337,Petty-Tucker,P3627,17,4.7
SUP6338,Rice-Smith,P6364,3,4.0
SUP6339,Cooper and Sons,P3691,8,3.4
SUP6340,"Schwartz, Carr and Graham",P3345,14,3.7
SUP6341,"Garcia, Lin and Dixon",P4671,6,4.7
SUP6342,Logan Group,P2013,16,3.8
SUP6343,"Robinson, Anthony and Zavala",P7869,12,4.4
SUP6344,Bowers-Evans,P7931,20,4.8
SUP6345,Nelson-Ashley,P9889,20,5.0
SUP6346,"Taylor, Decker and Wallace",P6452,6,5.0
SUP6347,"Terry, Gutierrez and Torres",P8910,8,3.7
SUP6348,"Fuentes, Watts and Curry",P9380,8,3.2
SUP6349,Alvarado and Sons,P5656,7,3.2
SUP6350,"Knight, Sanchez and Gutierrez",P7147,6,4.1
SUP6351,"Richardson, Leach and Carpenter",P2348,19,3.0
SUP6352,Jensen and Sons,P5249,19,3.1
SUP6353,Garcia and Sons,P6341,5,2.8
SUP6354,Parker and Sons,P9754,14,4.7
SUP6355,Snyder LLC,P501,7,4.6
SUP6356,Harris Ltd,P1275,19,4.4
SUP6357,"Oconnell, Green and Fleming",P4431,13,2.8
SUP6358,White and Sons,P1799,15,4.4
SUP6359,Wilson-Griffin,P9251,18,4.7
SUP6360,"Moss, Castro and Gomez",P1762,8,2.7
SUP6361,"Robinson, Patterson and Scott",P5104,4,4.7
SUP6362,"Townsend, Davis and Wilson",P6433,8,2.6
SUP6363,"Barker, Obrien and Sutton",P8705,8,4.2
SUP6364,"Gonzales, Weiss and Martin",P866,9,4.5
SUP6365,Robinson LLC,P3804,8,3.7
SUP6366,Richardson PLC,P1848,19,3.1
SUP6367,"Espinoza, Waters and Becker",P3686,7,4.7
SUP6368,Arnold-Lutz,P6147,16,4.7
SUP6369,Harvey LLC,P5160,12,3.1
SUP6370,"Rodriguez, Montes and Nelson",P6483,18,4.3
SUP6371,Miles-Patterson,P8074,5,2.9
SUP6372,Bridges-Thomas,P2301,19,4.2
SUP6373,Vargas LLC,P4344,4,4.0
SUP6374,Kelley-Marks,P1894,3,3.8
SUP6375,Johnson-Yates,P9642,6,2.8
SUP6376,Rodriguez and Sons,P2102,10,4.6
SUP6377,Copeland PLC,P324,13,2.5
SUP6378,Russell-Williamson,P1184,11,3.6
SUP6379,"Taylor, Walker and Williams",P6857,20,3.3
SUP6380,Guerrero Ltd,P8514,16,2.7
SUP6381,Kirk Ltd,P1482,18,4.7
SUP6382,Mercer LLC,P5973,15,2.8
SUP6383,Torres Ltd,P2383,3,4.1
SUP6384,"Townsend, Taylor and Townsend",P9891,5,3.7
SUP6385,Evans Group,P143,5,3.1
SUP6386,Alexander Ltd,P9292,7,2.9
SUP6387,"Schneider, Myers and Kelley",P9281,9,4.0
SUP6388,"Neal, Shaw and Baker",P584,16,2.7
SUP6389,"Wilson, Woodard and Wells",P4030,14,2.7
SUP6390,Smith-Alexander,P1735,12,4.1
SUP6391,Haynes Ltd,P9639,4,2.8
SUP6392,"Berry, Simmons and Turner",P4564,14,4.1
SUP6393,Jackson-Williams,P670,19,4.6
SUP6394,"Rollins, Nelson and Baker",P1295,14,3.4
SUP6395,"Coffey, Chase and Miller",P1871,6,4.1
SUP6396,Higgins-Brewer,P4649,12,3.7
SUP6397,Obrien-Walker,P8824,9,5.0
SUP6398,Hester Inc,P5218,11,2.7
SUP6399,Murphy-Richardson,P9065,12,4.5
SUP6400,Baker-Rodgers,P8879,20,3.4
SUP6401,West PLC,P2053,13,3.0
SUP6402,"Miller, Clark and Flores",P9567,11,4.9
SUP6403,Woodard-Frederick,P6441,16,3.8
SUP6404,"Mccoy, Smith and Walls",P6064,6,3.3
SUP6405,"Smith, Mullins and Johnson",P7750,11,4.2
SUP6406,Cole LLC,P5982,14,3.9
SUP6407,"Miller, Gonzalez and Henderson",P668,19,4.9
SUP6408,Schwartz-Henderson,P8131,8,3.9
SUP6409,Lopez-Barton,P617,15,2.7
SUP6410,"Cook, Bauer and Kelly",P4624,8,4.1
SUP6411,Powell Group,P6412,4,2.8
SUP6412,Dougherty-Harvey,P1449,18,3.7
SUP6413,Anderson LLC,P4931,2,3.8
SUP6414,"Brooks, Graves and Wood",P7773,3,3.5
SUP6415,Williams-Chang,P8215,14,2.9
SUP6416,"Hicks, Krueger and Anderson",P4714,8,4.3
SUP6417,"Robertson, Martinez and Nelson",P3571,17,3.1
SUP6418,Hill-Cole,P3846,9,3.4
SUP6419,Boyer Ltd,P9537,19,3.0
SUP6420,Hudson-Leon,P1336,17,2.9
SUP6421,Bowman-Harris,P807,15,4.9
SUP6422,Ponce-Case,P2038,9,3.8
SUP6423,Villegas-Reilly,P7238,7,4.6
SUP6424,Stevens and Sons,P7882,14,3.0
SUP6425,"Lee, Herrera and Hogan",P7551,14,3.2
SUP6426,Tran-Martinez,P9924,17,4.0
SUP6427,"Chambers, Kim and Oneal",P5539,18,4.7
SUP6428,"Sims, Blevins and Allen",P9830,13,4.2
SUP6429,Monroe-Rodriguez,P3685,17,4.3
SUP6430,"Wilson, Bradley and Miller",P4403,13,4.9
SUP6431,Peterson LLC,P4241,10,4.2
SUP6432,"Benitez, Black and Schmidt",P9394,11,3.7
SUP6433,Lewis PLC,P8019,18,2.7
SUP6434,Miller-Thomas,P5351,10,3.0
SUP6435,Durham LLC,P5015,11,3.4
SUP6436,Gilbert-Thomas,P1537,7,3.4
SUP6437,Perry PLC,P4731,7,4.1
SUP6438,Meyers Ltd,P662,9,3.0
SUP6439,"Salas, Fleming and Rivera",P994,14,2.5
SUP6440,Klein-Dillon,P9489,17,3.5
SUP6441,Holloway-Hardy,P1288,13,3.6
SUP6442,"Brown, Flores and Roberts",P1212,16,3.9
SUP6443,"Doyle, Henderson and Rivas",P3549,8,4.2
SUP6444,"Ward, Adkins and Rivers",P2145,4,2.5
SUP6445,Donovan-Jones,P3000,5,4.6
SUP6446,Jordan-Mooney,P4653,17,2.5
SUP6447,Johnson-Johnson,P2625,13,4.7
SUP6448,Lee-Noble,P6064,19,4.8
SUP6449,"Gibson, Moore and Lopez",P9955,15,3.8
SUP6450,Ward PLC,P1486,6,3.8
SUP6451,"Roberts, Brown and Alexander",P7510,11,5.0
SUP6452,"Payne, Baker and Ford",P6325,9,3.7
SUP6453,Olson-Reid,P4805,11,4.1
SUP6454,"Kaufman, Espinoza and Chavez",P3654,13,3.4
SUP6455,Martin-Black,P1899,13,2.5
SUP6456,Armstrong PLC,P7360,18,2.8
SUP6457,"Ingram, Rodriguez and Reyes",P7388,8,3.0
SUP6458,"Wallace, Burns and Harrington",P8411,19,4.5
SUP6459,Stein and Sons,P259,18,2.5
SUP6460,Cooper Ltd,P4719,2,3.2
SUP6461,"Watts, Lee and Houston",P9156,5,4.7
SUP6462,Hayes PLC,P9781,3,3.7
SUP6463,Rivers Inc,P8313,9,3.2
SUP6464,Thomas LLC,P3571,8,4.6
SUP6465,"Mathis, Bautista and Jones",P1941,19,4.5
SUP6466,"Madden, Richardson and Serrano",P6349,3,3.7
SUP6467,"Mack, Patterson and Mcdowell",P6447,9,2.9
SUP6468,Moore Ltd,P2167,16,3.6
SUP6469,Bailey Inc,P5863,9,3.3
SUP6470,Blake-Ferguson,P1623,6,2.7
SUP6471,Page-Reyes,P5199,20,3.8
SUP6472,Johnson-Mack,P6454,4,3.0
SUP6473,Vincent LLC,P7086,2,3.7
SUP6474,Whitehead-Cox,P377,13,2.5
SUP6475,"Winters, Olsen and Brady",P7078,3,4.1
SUP6476,"Norman, Lynch and Nelson",P4841,9,4.0
SUP6477,Lewis-Friedman,P3811,17,4.2
SUP6478,Briggs and Sons,P5420,11,4.6
SUP6479,"Mcbride, Baker and Scott",P4161,19,4.4
SUP6480,Edwards Inc,P2001,9,4.9
SUP6481,Stephens-Vargas,P5727,10,3.9
SUP6482,Smith-Schmidt,P1,5,4.8
SUP6483,Cole Ltd,P4995,9,3.4
SUP6484,"Kelly, Rocha and Johnson",P9796,14,4.0
SUP6485,Wagner-Malone,P7482,13,2.9
SUP6486,Cardenas-Harris,P1102,17,3.6
SUP6487,Reynolds PLC,P9161,12,4.2
SUP6488,"Allen, Smith and Allen",P4160,8,3.7
SUP6489,Wallace-Mills,P7911,5,3.0
SUP6490,Rodriguez-Durham,P6317,10,3.0
SUP6491,Harris-Holder,P9176,10,2.9
SUP6492,"Fleming, Watts and Cox",P1732,11,3.2
SUP6493,Hodges-Williams,P8185,10,4.3
SUP6494,Coleman LLC,P4319,9,3.4
SUP6495,Meyer-Johnson,P6525,2,4.6
SUP6496,Hendrix Inc,P7332,13,2.8
SUP6497,Moore-Young,P6127,16,4.1
SUP6498,Ramirez-House,P5471,14,3.9
SUP6499,"Gardner, Clark and Montgomery",P2911,16,4.7
SUP6500,"Rivas, Green and Clark",P4963,8,3.6
SUP6501,"Martin, Gonzales and Hicks",P9737,5,5.0
SUP6502,Hart-Stone,P630,8,2.7
SUP6503,Parker LLC,P8933,13,2.8
SUP6504,Wang-Green,P9342,4,2.6
SUP6505,Lee-Chambers,P3889,8,3.3
SUP6506,Turner PLC,P3855,19,2.7
SUP6507,Lopez Group,P4982,3,3.6
SUP6508,"Pope, Raymond and Hardy",P5991,12,3.5
SUP6509,Chapman-Donovan,P5336,11,3.5
SUP6510,Arroyo-Robinson,P2604,7,2.6
SUP6511,Burke-Graham,P8551,6,4.6
SUP6512,Macdonald-Anderson,P8730,3,2.6
SUP6513,Gibson-Day,P4377,10,4.2
SUP6514,Rogers PLC,P4027,3,2.9
SUP6515,Stokes-Hooper,P8029,14,2.6
SUP6516,"Garcia, Davis and Frederick",P4455,4,3.9
SUP6517,Aguilar-Zavala,P4218,8,4.6
SUP6518,Duncan-Rowe,P7984,13,3.0
SUP6519,"Mendez, Yang and Thompson",P2265,13,2.6
SUP6520,Estrada Ltd,P3898,18,4.7
SUP6521,Anthony Group,P5904,16,3.7
SUP6522,Huff Ltd,P6942,4,3.4
SUP6523,Hansen-Lopez,P5342,18,2.8
SUP6524,Butler-Scott,P6422,15,4.3
SUP6525,"Jackson, Ayala and Mayer",P8085,19,4.9
SUP6526,"Merritt, Herman and Washington",P8277,4,4.8
SUP6527,Aguilar-Marquez,P958,20,2.8
SUP6528,Liu Inc,P6484,4,2.7
SUP6529,Franco Inc,P3106,18,4.1
SUP6530,"Santiago, Montgomery and Montes",P9683,8,2.7
SUP6531,Schmidt-Merritt,P5748,13,3.6
SUP6532,May-Garcia,P2264,9,3.4
SUP6533,Conway LLC,P1572,11,4.7
SUP6534,"Stanley, Edwards and Gibson",P365,14,2.7
SUP6535,Todd Ltd,P8776,17,4.9
SUP6536,"Lamb, Johnson and Mcmillan",P2183,18,3.3
SUP6537,Wang-Mccarthy,P3253,5,3.2
SUP6538,Waters LLC,P8151,5,4.4
SUP6539,Perry-Molina,P2697,13,3.4
SUP6540,"Moore, Burns and Gomez",P2476,14,3.9
SUP6541,"Yang, Stafford and Burgess",P2128,17,4.1
SUP6542,"Charles, Jensen and Myers",P2316,4,4.3
SUP6543,"Simon, Cohen and Arnold",P6481,12,4.0
SUP6544,Sparks-Martin,P1002,15,2.8
SUP6545,"Brown, Saunders and Dunn",P4629,8,2.6
SUP6546,Hughes-Miller,P5791,19,2.7
SUP6547,Braun Ltd,P1306,10,3.5
SUP6548,Trujillo-Ross,P4182,3,4.2
SUP6549,Hamilton Group,P2853,18,3.0
SUP6550,"Shields, Clark and Martin",P6670,3,2.6
SUP6551,Brown-Williams,P8689,14,3.8
SUP6552,"Martin, Brennan and Chan",P5142,11,3.9
SUP6553,Johnson-Brown,P7691,11,4.3
SUP6554,Wu and Sons,P7758,8,5.0
SUP6555,"Hall, Ray and Johnson",P4410,12,2.7
SUP6556,Franklin-Huynh,P5789,7,4.0
SUP6557,Edwards-Houston,P4173,8,4.1
SUP6558,Brown Inc,P6104,12,2.8
SUP6559,"Jones, Perez and Phillips",P6924,14,4.3
SUP6560,Andrews Group,P1674,16,3.2
SUP6561,Jones-Hall,P673,18,3.3
SUP6562,"Lee, Sanchez and Jones",P3521,12,4.8
SUP6563,Foster-Hoffman,P6037,19,3.9
SUP6564,Santiago PLC,P9805,13,4.0
SUP6565,Johnson-Lopez,P144,13,4.9
SUP6566,"Williams, Gonzalez and Robbins",P4118,16,4.2
SUP6567,Whitehead-Johnson,P8845,9,3.5
SUP6568,Reeves-White,P5028,2,4.0
SUP6569,Johnson PLC,P3711,15,4.1
SUP6570,Fitzgerald and Sons,P2591,13,4.8
SUP6571,Rivera PLC,P5607,11,2.6
SUP6572,"Livingston, Garza and Hopkins",P4681,17,3.7
SUP6573,"Nelson, Christensen and Mcmahon",P8896,8,3.9
SUP6574,Martinez LLC,P5820,18,2.7
SUP6575,Gordon PLC,P559,12,4.5
SUP6576,"Smith, Smith and Carey",P3005,16,3.7
SUP6577,Boyd-Lee,P3531,15,2.5
SUP6578,Williams-Cooper,P2633,9,3.1
SUP6579,Hayden Inc,P4031,16,4.4
SUP6580,Rice-Clark,P1964,10,4.1
SUP6581,"James, Patterson and Johnson",P3284,17,3.1
SUP6582,Sanders-Dyer,P4041,2,4.4
SUP6583,Lucas-Erickson,P841,17,3.0
SUP6584,Parker PLC,P4852,10,2.7
SUP6585,Fisher-Williams,P6026,17,3.8
SUP6586,Crawford-Walker,P9028,4,3.0
SUP6587,Mitchell-Carpenter,P3270,20,3.3
SUP6588,Schmidt and Sons,P3846,17,4.3
SUP6589,Lewis-Jones,P1271,9,3.9
SUP6590,Alvarez-Velazquez,P7257,20,3.1
SUP6591,Wall-Brady,P9024,11,2.8
SUP6592,Mcdonald Inc,P3184,18,3.8
SUP6593,Curry-Newton,P8966,2,3.2
SUP6594,Smith-James,P8579,2,3.6
SUP6595,"Martin, Green and Stewart",P9441,13,3.8
SUP6596,Dixon-Owens,P974,16,4.2
SUP6597,Underwood-Soto,P3832,14,3.7
SUP6598,"Randolph, Smith and Estrada",P5221,4,3.2
SUP6599,"Hall, Thompson and Haney",P6136,16,3.6
SUP6600,Wilson Inc,P6128,6,4.2
SUP6601,"Case, Allen and Curtis",P6469,16,4.5
SUP6602,Chavez Group,P22,18,5.0
SUP6603,Watson Group,P4769,17,3.4
SUP6604,Bowers-Brooks,P1849,10,3.5
SUP6605,Hamilton-Mercado,P2747,12,3.5
SUP6606,"Kelley, Ali and Hernandez",P7013,6,2.8
SUP6607,Proctor Group,P5624,7,3.9
SUP6608,Torres and Sons,P3663,2,4.4
SUP6609,Martin Ltd,P3993,14,3.5
SUP6610,"Hughes, Brown and Clements",P3918,8,4.9
SUP6611,Marshall-Bell,P5073,4,4.4
SUP6612,Martinez-Thomas,P1890,17,3.6
SUP6613,"Davis, Brown and Gonzalez",P3977,15,3.6
SUP6614,Rodriguez and Sons,P8382,14,3.6
SUP6615,Watson-Hernandez,P456,13,2.7
SUP6616,Vega-Crawford,P2002,7,3.3
SUP6617,Flores Group,P9746,11,4.0
SUP6618,Peterson-Evans,P3372,15,2.8
SUP6619,Allen Inc,P352,6,4.8
SUP6620,Rogers-Moore,P654,20,4.9
SUP6621,Gray and Sons,P7496,15,2.9
SUP6622,Scott-Mason,P779,18,4.1
SUP6623,"Swanson, Chan and Davis",P217,11,3.2
SUP6624,Collins-Hill,P5275,10,4.8
SUP6625,Solomon-Robinson,P6581,11,2.8
SUP6626,Pearson and Sons,P5689,2,4.6
SUP6627,"Holt, Daniel and Figueroa",P387,19,2.5
SUP6628,Mcintosh-Bell,P8790,6,2.8
SUP6629,Hooper-Walsh,P2233,18,3.9
SUP6630,Marshall Inc,P5751,3,2.9
SUP6631,"Jones, Solis and West",P8153,6,4.7
SUP6632,Kirby-Valdez,P9280,17,3.0
SUP6633,Mitchell-Hamilton,P7485,17,3.5
SUP6634,Berg-Murray,P1692,17,4.0
SUP6635,Robinson-Garcia,P4079,11,3.4
SUP6636,"Murphy, Griffith and Fitzgerald",P5237,19,3.8
SUP6637,Hart and Sons,P2672,13,4.6
SUP6638,"King, Flores and Gardner",P8256,6,3.4
SUP6639,"Adams, Ali and Weber",P9835,8,2.9
SUP6640,Ward-Duke,P1841,12,2.7
SUP6641,Green Group,P871,20,2.9
SUP6642,"Martin, Watson and Escobar",P9084,10,4.8
SUP6643,Mitchell-Gonzalez,P4707,3,2.5
SUP6644,"Brooks, Snow and Rhodes",P3691,15,4.8
SUP6645,Howard-Wood,P5027,6,4.7
SUP6646,Herring-Harding,P5217,10,3.0
SUP6647,Martin-Rodriguez,P1867,5,4.4
SUP6648,"Roberson, Maxwell and Cohen",P22,13,4.1
SUP6649,Perkins Ltd,P692,3,3.4
SUP6650,"Lee, Gray and Gonzalez",P2112,13,3.7
SUP6651,Lee Ltd,P8946,18,3.9
SUP6652,"Diaz, Villanueva and Matthews",P2681,19,4.6
SUP6653,Roman Inc,P1077,2,3.0
SUP6654,"Roy, Clark and Mays",P5999,9,3.6
SUP6655,Smith-Beard,P7741,10,3.5
SUP6656,"Boyd, Reeves and Miller",P814,4,4.8
SUP6657,"Wagner, Johnson and Osborne",P6689,12,3.8
SUP6658,Garcia and Sons,P8828,17,3.0
SUP6659,Lopez PLC,P205,5,4.3
SUP6660,Taylor-Hunter,P7733,2,4.9
SUP6661,"Holloway, Escobar and Powers",P2597,14,3.5
SUP6662,Maldonado LLC,P9146,16,3.6
SUP6663,"Ingram, Bradley and Harris",P1581,2,4.9
SUP6664,Friedman-Baird,P9043,17,3.8
SUP6665,Brooks Ltd,P9083,5,4.9
SUP6666,"Hayes, Lewis and Patterson",P2080,6,4.3
SUP6667,"Skinner, Holt and Wilson",P5490,13,4.0
SUP6668,Summers Group,P545,9,4.3
SUP6669,Klein PLC,P6087,18,4.1
SUP6670,Wilson-Beck,P600,11,3.6
SUP6671,Cox-Huang,P3084,19,4.6
SUP6672,"Powers, Allison and Stewart",P3548,2,3.4
SUP6673,Medina-Mueller,P1097,2,3.1
SUP6674,Baker PLC,P36,8,3.2
SUP6675,Alvarado-Moore,P2911,16,3.8
SUP6676,"Hopkins, Lopez and Taylor",P7195,10,2.5
SUP6677,Reyes Inc,P8916,5,3.5
SUP6678,Collins-Patterson,P8160,19,2.6
SUP6679,"Cross, Trevino and Weiss",P5690,6,4.8
SUP6680,Anderson-Rosales,P4367,11,4.5
SUP6681,Lee Ltd,P9548,20,3.4
SUP6682,"Morgan, Hunt and Anderson",P4285,10,2.9
SUP6683,Atkinson-Compton,P9200,12,4.8
SUP6684,"Mccormick, Higgins and Smith",P8899,3,4.4
SUP6685,Ibarra-Wilson,P7473,20,2.9
SUP6686,Wright-Carey,P6533,8,4.4
SUP6687,Nelson-Jackson,P9266,3,4.4
SUP6688,Garcia Ltd,P851,20,3.9
SUP6689,Miller Ltd,P188,3,4.6
SUP6690,"Harris, Clark and Sullivan",P1444,7,2.6
SUP6691,Clark Group,P9623,11,2.7
SUP6692,Phillips Inc,P9354,18,4.1
SUP6693,"Jones, Anderson and Chase",P145,12,3.4
SUP6694,Mckee-Carrillo,P3881,14,3.1
SUP6695,Fields-Mccarthy,P1070,11,4.9
SUP6696,Harris Inc,P73,5,3.9
SUP6697,"Poole, Howard and Hines",P2631,12,4.8
SUP6698,Blake Group,P8342,18,4.8
SUP6699,"Daugherty, Pacheco and Miles",P1329,11,3.8
SUP6700,Watson-Wilkinson,P1159,7,3.6
SUP6701,Smith-Webb,P9694,12,4.6
SUP6702,Stanley and Sons,P2782,5,5.0
SUP6703,Schaefer Group,P9171,2,4.4
SUP6704,Moore PLC,P7565,16,3.1
SUP6705,Graham PLC,P6829,6,4.8
SUP6706,"Monroe, Jimenez and Perkins",P2594,3,2.6
SUP6707,"Hogan, Cochran and Walter",P2956,15,4.5
SUP6708,"Bailey, Coleman and Stewart",P7334,9,4.6
SUP6709,Bell Ltd,P5983,20,4.6
SUP6710,Jensen LLC,P7221,13,2.5
SUP6711,Washington PLC,P5629,4,4.9
SUP6712,Miller-Salazar,P8674,10,4.7
SUP6713,Harper Ltd,P4391,18,2.7
SUP6714,"Scott, Nelson and Thomas",P2431,20,4.3
SUP6715,Velez Group,P7127,8,4.8
SUP6716,"Mitchell, Mitchell and Vaughan",P4099,12,4.5
SUP6717,"Blackburn, Montes and Moore",P7082,17,4.3
SUP6718,"Carrillo, Delgado and Garcia",P1475,19,4.2
SUP6719,Bush Ltd,P4310,4,3.3
SUP6720,Blake LLC,P9710,15,3.4
SUP6721,"Hunter, Mccullough and Lee",P2973,6,4.8
SUP6722,Hawkins-Vargas,P1516,15,2.9
SUP6723,Gates-Howell,P6232,11,3.6
SUP6724,Chen-Moreno,P455,10,2.5
SUP6725,"Solis, Bell and Caldwell",P7601,13,4.3
SUP6726,"Hernandez, Anderson and Ford",P7600,8,3.7
SUP6727,Taylor PLC,P6258,19,3.9
SUP6728,Ramos-Rodriguez,P2670,3,2.7
SUP6729,"Brooks, Everett and Lopez",P7534,3,3.9
SUP6730,Ellis LLC,P6666,6,3.9
SUP6731,"Washington, Hicks and Wagner",P3395,17,4.9
SUP6732,White-Cook,P944,9,2.8
SUP6733,Williams-Long,P5178,20,3.4
SUP6734,"Vang, Arellano and King",P1035,11,4.2
SUP6735,"Prince, Douglas and Snyder",P4850,5,4.7
SUP6736,"Parsons, Gilbert and Floyd",P2185,8,2.6
SUP6737,Chang LLC,P9822,14,3.3
SUP6738,Lynch-Shannon,P5468,14,4.2
SUP6739,Jones LLC,P8009,14,3.0
SUP6740,Taylor Inc,P6095,13,3.5
SUP6741,Weber and Sons,P8238,19,2.7
SUP6742,"Smith, Hester and White",P4500,3,3.7
SUP6743,"Holden, Lewis and Haynes",P8874,8,2.8
SUP6744,"Sanders, Wade and Thompson",P7311,12,3.1
SUP6745,Fernandez and Sons,P8342,9,4.2
SUP6746,Holmes Inc,P2875,18,4.9
SUP6747,"Fuller, Schroeder and Crawford",P6617,16,4.8
SUP6748,Thomas PLC,P5061,18,3.0
SUP6749,Doyle and Sons,P5953,19,2.5
SUP6750,"Johnson, Bennett and Hunter",P7279,4,2.8
SUP6751,Johnson-Chambers,P6139,17,3.2
SUP6752,King Inc,P2148,9,3.7
SUP6753,Ross-Long,P3028,13,4.4
SUP6754,Peters-Fernandez,P8669,10,3.3
SUP6755,Higgins-Davis,P7595,19,3.4
SUP6756,"Peterson, Evans and Lewis",P332,17,3.7
SUP6757,Fowler-Ferrell,P4830,12,3.9
SUP6758,"Long, Thomas and Edwards",P1091,10,2.7
SUP6759,Lucero PLC,P9932,11,3.0
SUP6760,"Brown, Odonnell and Atkins",P9603,20,2.8
SUP6761,"White, Tucker and Evans",P2485,12,2.8
SUP6762,Hopkins LLC,P3691,10,3.8
SUP6763,"Noble, Berry and Davis",P4529,17,3.2
SUP6764,"Perez, Jones and Torres",P8833,13,4.2
SUP6765,Martinez-Davis,P6565,13,3.6
SUP6766,Alexander and Sons,P2569,11,4.3
SUP6767,Lee-Hamilton,P6730,9,3.3
SUP6768,Barton-Griffin,P2361,8,4.2
SUP6769,Buchanan-Ward,P2150,3,2.9
SUP6770,Little-Wright,P4450,9,4.9
SUP6771,Bartlett-Burns,P4867,15,4.7
SUP6772,"Yang, Johnson and Fletcher",P7789,14,3.6
SUP6773,Boyer Ltd,P2074,11,3.2
SUP6774,Kramer PLC,P9767,10,2.8
SUP6775,"Sanders, Robinson and Haynes",P4024,8,4.9
SUP6776,Schroeder-Hodges,P9025,16,3.2
SUP6777,"Underwood, King and Kim",P2415,19,3.0
SUP6778,Romero and Sons,P9104,12,3.1
SUP6779,Smith-Spence,P2385,16,2.7
SUP6780,Hernandez-Nichols,P7359,12,3.4
SUP6781,Wilson Inc,P1839,7,3.4
SUP6782,Mayer and Sons,P4506,6,2.7
SUP6783,"Green, Lee and Clark",P4913,15,4.9
SUP6784,Lewis Ltd,P5953,9,2.7
SUP6785,"Pittman, Douglas and Richards",P9058,18,4.7
SUP6786,Perez-Henderson,P2648,2,4.4
SUP6787,"Wilcox, Ross and Barnes",P5432,10,3.2
SUP6788,Arias Group,P5363,4,3.6
SUP6789,Gardner PLC,P3651,13,4.9
SUP6790,Webb-Hardin,P3725,10,4.7
SUP6791,Hale-Clarke,P7264,5,4.3
SUP6792,Abbott-Rodriguez,P3024,19,4.1
SUP6793,"Williams, Mcmahon and Parker",P9887,3,2.8
SUP6794,Sanchez Inc,P8568,3,2.6
SUP6795,"Kaufman, Ward and Simpson",P5501,3,4.8
SUP6796,"Hernandez, Lucero and Ho",P39,19,3.3
SUP6797,Ramirez-Wright,P8465,15,4.2
SUP6798,Curry Group,P89,16,4.5
SUP6799,Wells LLC,P6224,3,4.2
SUP6800,Church-Colon,P8641,11,4.5
SUP6801,Bowers-Richardson,P4633,6,3.6
SUP6802,Alexander-Patterson,P785,16,4.0
SUP6803,"Brown, Moreno and Jones",P4542,6,3.3
SUP6804,Miller Inc,P9998,9,4.6
SUP6805,Price-Holt,P57,3,3.9
SUP6806,Martin-Stewart,P5216,12,2.6
SUP6807,Johnson Inc,P4587,3,3.4
SUP6808,"Pearson, Hill and Gaines",P9433,11,4.6
SUP6809,"Daniels, Cox and Daugherty",P7493,18,4.9
SUP6810,Williams LLC,P4869,4,4.5
SUP6811,Cox and Sons,P4053,11,2.9
SUP6812,"Marshall, Oneill and Haas",P7153,11,3.2
SUP6813,Evans LLC,P3130,9,3.6
SUP6814,"Olson, Peterson and Cruz",P5090,19,3.5
SUP6815,"Lopez, Foster and Patel",P5197,5,3.5
SUP6816,"Miller, Newton and Curtis",P7239,8,2.5
SUP6817,White Inc,P899,11,4.0
SUP6818,"Fields, Johnson and Jones",P3626,20,4.3
SUP6819,Collins-Fisher,P1484,9,4.7
SUP6820,Tran-Mcdonald,P3973,13,3.0
SUP6821,Fisher Inc,P1072,16,4.3
SUP6822,"Carpenter, Bauer and Brown",P5912,15,2.5
SUP6823,Morton-Ortiz,P3789,15,3.2
SUP6824,Horton PLC,P7158,16,3.1
SUP6825,"Edwards, Carpenter and Stone",P5875,20,3.6
SUP6826,Golden-Mendez,P7556,3,3.6
SUP6827,Wright-Edwards,P239,14,3.5
SUP6828,Smith-Castillo,P2550,13,5.0
SUP6829,"Kirby, Allen and Perez",P1943,10,4.3
SUP6830,Duffy and Sons,P742,5,3.4
SUP6831,"Goodman, Johnson and Norton",P1768,18,3.3
SUP6832,"Armstrong, Lopez and Smith",P5897,14,3.0
SUP6833,Hernandez-Nichols,P968,16,2.9
SUP6834,Mendez Inc,P3121,17,4.6
SUP6835,"Romero, Johnson and Adams",P4607,18,4.4
SUP6836,"Hawkins, Bell and Perkins",P8531,14,5.0
SUP6837,"Edwards, Lang and Chen",P8007,14,2.8
SUP6838,"Murray, Shepard and Chan",P2095,9,3.0
SUP6839,Cruz-Reed,P8428,4,4.2
SUP6840,Wise and Sons,P5696,6,3.6
SUP6841,"Nicholson, Brown and Haynes",P1721,7,4.6
SUP6842,Jones-Miller,P9522,17,3.0
SUP6843,"Bishop, Clements and Sanchez",P8621,19,2.9
SUP6844,Lyons Group,P1418,6,2.5
SUP6845,"Meza, Williams and Caldwell",P2848,7,4.6
SUP6846,Smith-Ross,P3823,7,2.9
SUP6847,Frazier Group,P6626,7,2.7
SUP6848,Faulkner-Gonzalez,P7031,19,3.1
SUP6849,Williamson-Perkins,P1961,4,2.8
SUP6850,"Wilson, Stone and Holmes",P273,16,3.1
SUP6851,Patterson Inc,P5879,3,2.5
SUP6852,"Weeks, Estes and Smith",P4247,18,3.8
SUP6853,Gardner Ltd,P6054,18,2.6
SUP6854,Hill-Lara,P8658,14,4.1
SUP6855,"Myers, Wagner and Lee",P7688,5,4.1
SUP6856,"Love, Waters and Johnston",P3343,9,3.1
SUP6857,Bishop Inc,P971,8,4.3
SUP6858,Ramos-Barnes,P5980,10,4.8
SUP6859,"Benitez, Edwards and Esparza",P677,5,2.7
SUP6860,"Cline, West and Hall",P6984,5,3.9
SUP6861,Nelson-Mccullough,P8777,3,3.2
SUP6862,Knapp Group,P6183,2,3.7
SUP6863,Brown-Martinez,P9468,4,4.7
SUP6864,Rhodes and Sons,P5877,19,4.1
SUP6865,Owens-Black,P9111,10,3.4
SUP6866,Castillo and Sons,P2468,12,4.6
SUP6867,Butler Inc,P1880,9,4.1
SUP6868,"Anderson, Meyer and Morrow",P548,12,3.2
SUP6869,"Patterson, Gaines and Norris",P9001,12,3.8
SUP6870,"Saunders, Williams and Marsh",P5111,5,4.5
SUP6871,Hunter Inc,P7152,20,3.3
SUP6872,"Hicks, Hanna and Shelton",P9069,17,2.9
SUP6873,Stephens LLC,P3099,12,3.5
SUP6874,"Nelson, Blair and Fox",P9943,14,2.8
SUP6875,Caldwell-Brock,P1831,11,3.3
SUP6876,Donovan-Sullivan,P1063,15,3.7
SUP6877,"Curtis, Martin and Lee",P3780,14,3.8
SUP6878,Turner-Koch,P6182,16,4.6
SUP6879,Velez PLC,P9861,16,3.0
SUP6880,"Jackson, Shepherd and Torres",P7808,7,3.7
SUP6881,Mcguire and Sons,P1623,7,3.4
SUP6882,Dean PLC,P2247,10,2.8
SUP6883,Kerr-Barnes,P2400,6,4.6
SUP6884,Blair-Jones,P2218,15,4.6
SUP6885,Eaton Ltd,P9576,3,2.9
SUP6886,Vance LLC,P8259,16,4.3
SUP6887,Reese-Ware,P2181,19,4.8
SUP6888,Phillips PLC,P6012,12,4.7
SUP6889,Williams-Davis,P2255,5,5.0
SUP6890,Barber-Moore,P5858,4,4.4
SUP6891,Boyle PLC,P7284,10,5.0
SUP6892,"Patterson, Bailey and Thomas",P3766,5,4.6
SUP6893,Page-Williams,P2624,14,4.7
SUP6894,Swanson and Sons,P1502,6,2.9
SUP6895,Ramirez Ltd,P5989,9,4.2
SUP6896,"Thornton, Williams and Long",P6006,2,2.7
SUP6897,"Eaton, Baker and Thomas",P5278,17,4.6
SUP6898,Price PLC,P2809,5,2.7
SUP6899,"King, Hughes and Taylor",P2772,13,5.0
SUP6900,Bass-Odonnell,P9765,13,3.4
SUP6901,"Leonard, Williams and Murphy",P1064,4,3.3
SUP6902,Bennett LLC,P2196,6,3.2
SUP6903,"Browning, Mann and Stewart",P6860,7,3.3
SUP6904,"Pierce, Lopez and Reid",P9275,13,4.5
SUP6905,Dunn-Chambers,P3860,17,4.9
SUP6906,Owen-Bell,P6755,16,3.1
SUP6907,"Nicholson, Bowen and Thomas",P4328,13,4.6
SUP6908,Griffin and Sons,P4501,10,2.6
SUP6909,May Inc,P9140,18,4.6
SUP6910,"Vasquez, Martin and Thomas",P3844,12,3.8
SUP6911,Cooper Ltd,P5009,7,2.5
SUP6912,Ramirez Group,P312,19,3.3
SUP6913,Warner and Sons,P5272,18,3.0
SUP6914,Braun-Wise,P7034,2,4.6
SUP6915,Peterson-Lewis,P7883,18,3.0
SUP6916,Martin Inc,P835,12,3.9
SUP6917,French and Sons,P9097,11,4.9
SUP6918,Roberts-Jackson,P1342,10,3.5
SUP6919,Quinn-Lee,P3982,17,4.1
SUP6920,"Hamilton, Barry and Baker",P8472,5,2.8
SUP6921,Friedman Group,P9197,16,2.6
SUP6922,"Martinez, Gonzales and Griffin",P9582,16,4.3
SUP6923,Johnson-Rangel,P3481,11,3.6
SUP6924,Long-Jimenez,P8429,14,4.0
SUP6925,Cole-Olsen,P5627,2,4.8
SUP6926,Martin LLC,P5288,7,2.8
SUP6927,"Watson, Aguilar and Harris",P7568,14,4.0
SUP6928,Steele-Jones,P6449,16,3.8
SUP6929,Strickland-White,P5253,16,4.4
SUP6930,White-Harrison,P103,6,3.2
SUP6931,Marsh-Taylor,P4208,2,4.7
SUP6932,Caldwell-Mosley,P438,17,2.5
SUP6933,Benjamin LLC,P7931,18,3.1
SUP6934,Oliver Inc,P7593,2,2.6
SUP6935,"Mccormick, Zavala and Bruce",P9614,9,4.8
SUP6936,"Wells, Sims and Bradshaw",P7780,14,3.3
SUP6937,Campos-White,P1613,15,4.1
SUP6938,"Proctor, Young and Ramos",P8488,13,3.8
SUP6939,Ramirez and Sons,P6299,3,2.9
SUP6940,Pittman PLC,P1191,9,2.8
SUP6941,Williams-Estes,P7318,6,3.2
SUP6942,"White, Murray and Obrien",P988,15,4.0
SUP6943,"Martinez, Simpson and Daniels",P3501,4,3.8
SUP6944,Matthews-Hudson,P1869,2,4.7
SUP6945,Estrada Group,P246,17,3.2
SUP6946,"Thomas, Cook and Zamora",P2584,20,3.4
SUP6947,Young-Gutierrez,P2631,11,3.2
SUP6948,Smith-Flores,P1570,2,3.0
SUP6949,Edwards and Sons,P744,2,3.3
SUP6950,Grant Inc,P4359,8,4.7
SUP6951,Rodriguez and Sons,P4249,3,3.1
SUP6952,"Martinez, Cochran and Baker",P3517,7,4.7
SUP6953,Gonzalez-Richards,P787,18,2.9
SUP6954,Shea LLC,P5897,16,3.0
SUP6955,"Morris, Gross and Cowan",P3909,16,3.8
SUP6956,Ross and Sons,P2678,19,5.0
SUP6957,Sutton-Berg,P7726,3,4.8
SUP6958,"Jones, Gomez and Schwartz",P2698,20,4.8
SUP6959,Jones-Griffith,P1074,20,4.0
SUP6960,Brown-Ball,P310,3,4.1
SUP6961,Allen PLC,P2635,18,3.1
SUP6962,"Salinas, Garcia and Fowler",P1851,4,4.0
SUP6963,Wong PLC,P2859,16,3.3
SUP6964,"Kirk, Griffin and Young",P7833,13,4.4
SUP6965,Johnson-Rush,P7146,6,4.8
SUP6966,Mcpherson and Sons,P7686,11,4.2
SUP6967,"Smith, Griffin and Schmidt",P7943,17,3.0
SUP6968,Levy Group,P8009,11,4.6
SUP6969,Clark-Guzman,P7720,3,3.5
SUP6970,Armstrong Group,P9751,6,3.8
SUP6971,Wilson-Tucker,P59,19,3.8
SUP6972,Allen-Rodgers,P7653,17,2.8
SUP6973,Scott Ltd,P2701,6,4.3
SUP6974,Cook Group,P278,13,4.0
SUP6975,Navarro-Valentine,P8909,7,4.8
SUP6976,Thomas and Sons,P7846,13,2.8
SUP6977,Webb PLC,P4854,17,4.3
SUP6978,"Herman, Chambers and Rodriguez",P6964,5,4.7
SUP6979,Jackson-Mendez,P9924,2,2.9
SUP6980,"Martin, Paul and Collins",P7031,11,3.4
SUP6981,Mitchell Group,P4613,2,4.8
SUP6982,Nelson Inc,P3619,13,4.0
SUP6983,"Watson, Rocha and Gillespie",P3792,8,2.6
SUP6984,Matthews-Smith,P7142,10,4.6
SUP6985,"Johnson, Scott and Flynn",P3823,7,3.4
SUP6986,Meadows-Osborne,P2590,2,3.9
SUP6987,Sosa Group,P4137,15,2.7
SUP6988,Griffith Group,P5195,4,4.6
SUP6989,Newman-Levine,P5290,17,4.7
SUP6990,Drake-Simpson,P4270,6,4.6
SUP6991,"Stevens, Curtis and Smith",P635,6,4.6
SUP6992,"Lee, Sims and Rogers",P7485,3,4.4
SUP6993,"Petty, Garcia and Davidson",P7519,10,2.9
SUP6994,"Tucker, King and Drake",P3221,3,4.5
SUP6995,Howell-Brown,P4747,4,4.7
SUP6996,"Thompson, Spears and Burns",P2873,19,3.3
SUP6997,Stephens and Sons,P4506,20,4.3
SUP6998,"Christensen, Rhodes and Moore",P2272,18,3.7
SUP6999,"Boyd, Coleman and Valdez",P8753,3,4.5
SUP7000,Guzman and Sons,P9983,9,2.9
SUP7001,Duncan-Reyes,P5034,15,3.3
SUP7002,Patel-Gonzalez,P2465,13,4.2
SUP7003,"Reid, Dennis and Smith",P2747,9,3.7
SUP7004,Mccoy-Burke,P3757,15,3.1
SUP7005,Baird-Holmes,P9746,19,2.8
SUP7006,Larson-Clarke,P3746,4,4.5
SUP7007,"Rivera, Thompson and Flores",P3902,3,4.6
SUP7008,Delgado Ltd,P791,14,5.0
SUP7009,Arroyo-Stephens,P7599,5,3.4
SUP7010,"Hughes, Mcintyre and Burgess",P3930,19,3.2
SUP7011,"Buck, Waters and Mercer",P847,3,2.8
SUP7012,Spencer-Patel,P3631,18,3.9
SUP7013,Pratt-Foster,P9450,19,4.2
SUP7014,Brady-Foley,P4061,8,3.5
SUP7015,"Ward, Crawford and Gomez",P3834,8,4.2
SUP7016,"Smith, Hughes and Thompson",P1687,14,4.4
SUP7017,"Fitzpatrick, Pugh and Anderson",P1644,14,4.4
SUP7018,Graham Inc,P2943,8,4.2
SUP7019,"Stokes, Wheeler and Oliver",P254,5,2.6
SUP7020,Diaz Group,P7865,11,3.2
SUP7021,"Garcia, Clark and Williams",P1921,12,3.9
SUP7022,Wade Inc,P8652,8,4.9
SUP7023,Turner PLC,P2509,11,3.7
SUP7024,Jenkins Inc,P7101,14,4.1
SUP7025,"Kim, Miller and Wu",P6427,14,3.8
SUP7026,Smith-Oliver,P3623,9,2.7
SUP7027,Jenkins PLC,P1341,17,3.0
SUP7028,Young Inc,P8402,17,2.7
SUP7029,Kelly-Cannon,P2605,3,3.7
SUP7030,"Brown, Acosta and Jensen",P9145,19,3.8
SUP7031,"Gutierrez, Morgan and Martinez",P6491,17,3.5
SUP7032,Martin and Sons,P698,15,4.1
SUP7033,Hayes-Mckinney,P6071,2,4.3
SUP7034,Conrad-Klein,P1230,11,4.4
SUP7035,White and Sons,P5010,12,5.0
SUP7036,Reynolds-Wells,P5765,8,3.3
SUP7037,"Jones, Woodard and Hanson",P6734,11,2.9
SUP7038,"Daniel, Brown and Smith",P4171,20,4.4
SUP7039,"Shaw, Taylor and Chaney",P8777,8,4.7
SUP7040,"Cervantes, Woods and Goodwin",P9274,12,4.6
SUP7041,Henson-Chapman,P1040,15,4.0
SUP7042,"Mcintyre, Diaz and Davis",P7509,3,3.1
SUP7043,Farrell-Knight,P7935,16,4.1
SUP7044,Sanford-May,P5825,3,4.2
SUP7045,"Barnett, Rosario and Ritter",P3176,8,4.4
SUP7046,Morrison-Manning,P3354,10,5.0
SUP7047,Reed-Murphy,P5294,3,3.2
SUP7048,"Long, Miller and Conner",P3583,4,2.6
SUP7049,Rosales Ltd,P4096,20,4.1
SUP7050,"Montgomery, Hill and Mclean",P2498,9,3.3
SUP7051,Lopez-Zamora,P8950,10,3.8
SUP7052,Carter Group,P295,14,4.4
SUP7053,"Martinez, York and Brown",P9936,3,3.3
SUP7054,"Russell, Adams and Wright",P1672,16,2.6
SUP7055,"Maldonado, Potts and Moreno",P520,5,2.5
SUP7056,"Vasquez, Estes and Rodriguez",P5214,6,3.8
SUP7057,Haney Group,P5430,10,3.6
SUP7058,Johnson Ltd,P9594,11,2.9
SUP7059,"Morales, Newton and Hodge",P7763,15,4.3
SUP7060,Snyder PLC,P6849,8,3.3
SUP7061,Weeks-Ruiz,P8980,11,3.9
SUP7062,Johnson-Gray,P5161,5,4.9
SUP7063,Bond-Larson,P9388,6,3.4
SUP7064,Smith-Howard,P8732,19,4.9
SUP7065,Stewart-May,P80,16,4.7
SUP7066,Wilson and Sons,P6245,16,3.1
SUP7067,"Cardenas, Ellis and Allen",P8850,11,2.7
SUP7068,Ellison-Thomas,P2330,17,3.0
SUP7069,Bailey-Gutierrez,P8447,8,3.2
SUP7070,"Rojas, Bond and Patton",P9432,16,3.4
SUP7071,Lane Group,P816,20,4.5
SUP7072,Norris Ltd,P1005,12,3.8
SUP7073,Jensen and Sons,P99,2,4.8
SUP7074,Johnson-Stevens,P262,6,3.1
SUP7075,Thomas-Allen,P6231,18,3.2
SUP7076,Burns-Whitaker,P3852,18,2.7
SUP7077,Campbell-Johnson,P7149,15,4.7
SUP7078,"Richardson, Harris and Miller",P921,13,3.6
SUP7079,Mcknight PLC,P1422,16,3.9
SUP7080,Carroll LLC,P4415,19,3.7
SUP7081,"Simon, Brooks and Schneider",P5522,6,2.7
SUP7082,Cook-Spence,P6519,10,3.8
SUP7083,"Pham, Johnston and Yates",P6842,15,4.9
SUP7084,"Davis, Allison and Smith",P7484,10,4.1
SUP7085,"Sanford, Cook and Jackson",P9646,12,3.9
SUP7086,Rhodes-Chapman,P4909,20,3.9
SUP7087,Barnes-Mitchell,P2962,2,4.8
SUP7088,"Copeland, Rojas and Williams",P4288,2,2.8
SUP7089,Martin-Bailey,P2544,12,3.2
SUP7090,Barr-Reeves,P3671,14,3.6
SUP7091,Miller LLC,P1237,14,4.6
SUP7092,Miller-Franklin,P317,7,2.7
SUP7093,Adams-Fisher,P9037,2,3.5
SUP7094,"Johnson, Nixon and Dawson",P9079,11,3.2
SUP7095,Stevens Ltd,P3491,3,4.2
SUP7096,"Sanders, Bryant and Atkins",P2129,12,3.7
SUP7097,Marshall-Becker,P6807,17,4.3
SUP7098,"Allen, Foster and Yu",P4988,19,4.8
SUP7099,Church Ltd,P1849,8,2.9
SUP7100,"Diaz, Davila and Hayes",P335,4,4.4
SUP7101,Escobar-Stewart,P3693,14,2.6
SUP7102,Lopez and Sons,P3544,20,3.7
SUP7103,Pittman-Carpenter,P9197,4,2.7
SUP7104,Barron Group,P1788,17,4.9
SUP7105,Merritt-Hickman,P8586,16,4.1
SUP7106,King-Rogers,P4,12,2.6
SUP7107,"Flores, Garcia and Graves",P7551,16,4.9
SUP7108,"Sexton, Hull and Conner",P4877,8,3.7
SUP7109,Leonard LLC,P6500,10,4.6
SUP7110,Ellis Inc,P9482,20,4.7
SUP7111,Russell-Hampton,P4167,4,3.6
SUP7112,"Murphy, Rivera and Fisher",P1549,9,4.0
SUP7113,Bowen-Webb,P2102,7,4.9
SUP7114,Brown LLC,P4497,5,3.8
SUP7115,Glover-Johnson,P2466,19,2.6
SUP7116,"Riggs, Allen and Freeman",P7250,15,2.9
SUP7117,Thomas and Sons,P9280,6,4.6
SUP7118,"Davis, Quinn and Aguilar",P7095,13,2.6
SUP7119,Scott Inc,P473,11,3.7
SUP7120,Reyes and Sons,P3820,16,3.9
SUP7121,Leach-Brown,P7313,15,2.9
SUP7122,Lynch PLC,P1210,19,4.6
SUP7123,"Rogers, Taylor and Hood",P2850,14,3.7
SUP7124,"Gordon, Martinez and Le",P944,15,2.9
SUP7125,"Lutz, Henderson and Johnson",P4752,6,4.5
SUP7126,"Allen, Watts and Wilson",P4355,6,4.1
SUP7127,"Perez, Beasley and Mckinney",P8901,10,2.5
SUP7128,Ruiz Group,P9172,11,4.2
SUP7129,Taylor LLC,P8576,12,3.2
SUP7130,Davis-Jackson,P420,19,4.3
SUP7131,Hudson-Cantrell,P67,19,3.9
SUP7132,Aguilar Ltd,P9509,13,4.6
SUP7133,"Jones, Lopez and Rodriguez",P4269,10,3.9
SUP7134,Shah LLC,P9947,13,4.8
SUP7135,"Rosales, Pollard and Anderson",P9579,18,3.2
SUP7136,Keith Inc,P3810,14,3.7
SUP7137,Williams Ltd,P4638,10,4.8
SUP7138,Lopez Inc,P6429,18,3.9
SUP7139,Gallegos Group,P1248,2,3.9
SUP7140,Bridges LLC,P7199,10,4.8
SUP7141,Davis-Williams,P9909,10,3.2
SUP7142,Long Inc,P8980,2,4.8
SUP7143,Sellers-Howard,P9890,3,4.2
SUP7144,Floyd-Beck,P4143,9,3.7
SUP7145,Williams-Fitzgerald,P639,19,2.8
SUP7146,Lewis-Martinez,P2626,8,2.9
SUP7147,"Smith, Nguyen and Gonzales",P282,3,3.9
SUP7148,"Anderson, Lee and Cline",P489,14,4.7
SUP7149,Brown-Marquez,P6548,18,2.6
SUP7150,Waters-Wilson,P6937,6,2.7
SUP7151,"Stewart, Huerta and Gonzalez",P2828,6,2.5
SUP7152,Gill-Shaw,P974,13,4.3
SUP7153,Robinson PLC,P4671,4,2.7
SUP7154,Watkins-Wilson,P6715,12,2.7
SUP7155,King and Sons,P1589,8,3.3
SUP7156,Jones-Parrish,P4108,4,3.1
SUP7157,"Torres, Moore and Mendoza",P3017,4,2.7
SUP7158,Henry Group,P9814,8,5.0
SUP7159,King-Mclaughlin,P5359,2,4.6
SUP7160,"Hampton, Cole and Hodge",P1344,18,4.8
SUP7161,Lambert-Berg,P3226,14,2.8
SUP7162,Alvarez Ltd,P6205,2,2.8
SUP7163,Morgan Ltd,P4409,2,3.0
SUP7164,Dorsey PLC,P768,8,3.9
SUP7165,Shaw Inc,P9730,9,2.7
SUP7166,Cunningham Ltd,P9732,13,3.9
SUP7167,"Davis, Martin and Gonzalez",P2091,6,3.0
SUP7168,Hurley LLC,P2066,15,2.9
SUP7169,Phillips-West,P6662,3,2.8
SUP7170,Brennan Inc,P8128,7,3.4
SUP7171,Brewer and Sons,P5351,6,3.8
SUP7172,"White, Cooper and Henry",P2116,12,4.9
SUP7173,"Dixon, Gonzales and Allen",P4055,19,3.2
SUP7174,Schaefer-Lopez,P221,20,4.2
SUP7175,"Norton, Henderson and Oliver",P2473,7,4.4
SUP7176,"Flores, Gomez and Brown",P8752,6,4.8
SUP7177,"Young, Davidson and Ayers",P5999,4,3.7
SUP7178,Campbell Ltd,P9321,17,3.3
SUP7179,Moore LLC,P5166,16,4.4
SUP7180,Frederick LLC,P9822,9,4.6
SUP7181,Cisneros Ltd,P999,20,4.4
SUP7182,Lewis-Young,P875,14,3.8
SUP7183,Kirk-Evans,P3768,2,3.3
SUP7184,Tucker-Schmidt,P5086,20,3.8
SUP7185,Harrington-Riley,P9163,11,2.9
SUP7186,Schwartz LLC,P7121,7,4.6
SUP7187,"Sanchez, Williams and Nelson",P3013,17,3.8
SUP7188,Bell-Lambert,P1889,3,3.6
SUP7189,Molina-Jones,P3908,7,4.9
SUP7190,Robinson-Ware,P8277,10,3.5
SUP7191,"Palmer, Daniels and Moore",P7940,10,4.3
SUP7192,"Francis, Armstrong and Cuevas",P3074,9,2.6
SUP7193,Davis Group,P1006,9,4.9
SUP7194,Moore PLC,P3498,19,2.5
SUP7195,Smith-Allen,P1584,20,5.0
SUP7196,"Schultz, Robinson and White",P8430,8,3.6
SUP7197,Morgan Group,P6593,15,3.7
SUP7198,"Bruce, Miller and Evans",P2697,2,3.3
SUP7199,Wright-Rivera,P9617,17,3.8
SUP7200,"Cohen, Peck and Smith",P4241,14,2.6
SUP7201,Smith-Barton,P1028,9,3.1
SUP7202,"Keller, Powell and Carson",P4908,13,2.9
SUP7203,"Briggs, Johnson and Newton",P1460,17,4.4
SUP7204,Pacheco Inc,P8081,2,4.8
SUP7205,"Evans, Li and Thomas",P5407,7,4.3
SUP7206,Flores-Davidson,P6788,9,4.4
SUP7207,Gilbert-Wilson,P7801,7,2.9
SUP7208,Barnes-White,P5562,19,3.1
SUP7209,Zimmerman-Brooks,P477,16,3.1
SUP7210,"Garcia, Thomas and Weaver",P1302,17,3.7
SUP7211,Cooper-Rush,P3731,4,2.9
SUP7212,Martin-Ruiz,P729,12,3.7
SUP7213,Edwards-Scott,P8755,6,3.5
SUP7214,Young Group,P8593,12,4.2
SUP7215,Douglas PLC,P9278,8,4.7
SUP7216,Lawson-Wilson,P8999,12,4.3
SUP7217,Kelley Group,P8790,5,2.7
SUP7218,Morrison Ltd,P9305,4,4.4
SUP7219,Morgan-Thomas,P9748,2,4.5
SUP7220,Owens and Sons,P2277,19,4.4
SUP7221,"Garcia, Anderson and Henson",P1982,16,4.4
SUP7222,Baker-Mitchell,P6933,16,4.5
SUP7223,White-Tyler,P7721,13,3.8
SUP7224,Thompson Group,P6077,13,3.5
SUP7225,"Buck, Lozano and Jimenez",P8161,14,4.8
SUP7226,"Wilkerson, Fowler and Collins",P9305,6,2.8
SUP7227,Carr Ltd,P7563,15,2.7
SUP7228,Anderson-Hamilton,P7856,4,3.6
SUP7229,Lee-Ortiz,P3293,6,2.8
SUP7230,Chavez-Graves,P3542,13,3.1
SUP7231,"Torres, Rodriguez and Walton",P6342,6,4.0
SUP7232,Patterson Ltd,P7874,5,3.6
SUP7233,Long Group,P7492,11,4.0
SUP7234,"Davis, Tran and Buck",P6760,8,4.3
SUP7235,"Ross, Garcia and Flores",P4678,10,4.9
SUP7236,"Collins, Davies and Chen",P3512,4,4.6
SUP7237,Anderson and Sons,P7460,11,5.0
SUP7238,"Tran, Mitchell and Chen",P4730,18,4.1
SUP7239,Cordova PLC,P9651,18,4.2
SUP7240,Mccall PLC,P8896,2,3.4
SUP7241,Taylor-Roberts,P9478,15,2.7
SUP7242,"Combs, Foley and Hill",P1426,5,4.3
SUP7243,Perez-Owens,P5514,18,3.7
SUP7244,Williams Inc,P3903,4,2.5
SUP7245,Thompson-White,P1808,8,3.2
SUP7246,Bishop-Powell,P1013,20,3.7
SUP7247,"Rice, Garcia and Harrell",P3568,5,4.2
SUP7248,Holland-Becker,P1526,19,4.2
SUP7249,Harris Ltd,P4693,14,4.5
SUP7250,Craig Inc,P6232,18,2.9
SUP7251,"Baker, Williams and Ramos",P3752,4,3.2
SUP7252,Williams Group,P8270,2,4.1
SUP7253,"Graves, Becker and Fernandez",P1937,15,3.7
SUP7254,"Rodriguez, Morgan and Morris",P2210,9,2.7
SUP7255,Torres LLC,P5900,6,3.7
SUP7256,Johnston PLC,P5946,2,2.5
SUP7257,"Long, Dawson and Joseph",P7302,3,3.6
SUP7258,"Howell, Hamilton and Lopez",P9968,11,4.2
SUP7259,"Griffin, Shaw and Wolf",P487,4,4.7
SUP7260,Murphy Inc,P8976,19,4.0
SUP7261,Dominguez PLC,P3442,12,3.0
SUP7262,"Wells, Watkins and Nelson",P397,4,4.7
SUP7263,Gillespie-Garner,P6774,8,2.7
SUP7264,"Wallace, Riggs and Bishop",P7993,14,4.1
SUP7265,"Olson, Harris and Reed",P7127,15,4.6
SUP7266,"Cardenas, Pineda and Castaneda",P731,12,4.7
SUP7267,"Torres, Contreras and Campbell",P2034,19,4.8
SUP7268,"King, Lopez and White",P2891,2,2.5
SUP7269,"Day, Hayden and Dunn",P2509,10,3.4
SUP7270,Wilcox and Sons,P257,18,2.7
SUP7271,Gibson-Lee,P575,14,4.0
SUP7272,Vaughan-Powell,P607,4,3.0
SUP7273,Pierce PLC,P5104,7,3.4
SUP7274,"Gomez, Reynolds and Rojas",P364,9,2.7
SUP7275,Scott-Michael,P8544,15,2.8
SUP7276,"Banks, Jones and Caldwell",P3555,2,4.8
SUP7277,Anderson LLC,P7505,19,3.5
SUP7278,"Guzman, Duran and Burns",P7232,20,4.4
SUP7279,Alvarado LLC,P2961,14,4.7
SUP7280,Ross-Callahan,P824,7,3.0
SUP7281,Castillo and Sons,P54,8,4.3
SUP7282,"Terry, Collins and Jones",P9070,9,3.9
SUP7283,Villanueva-Juarez,P5986,2,3.1
SUP7284,Garcia-Warren,P9081,20,3.5
SUP7285,Castillo LLC,P8466,8,2.9
SUP7286,Rhodes-Sawyer,P4337,15,4.7
SUP7287,Mcclure-Butler,P5135,20,4.8
SUP7288,"Rivera, Jones and Moore",P5861,11,3.8
SUP7289,Branch and Sons,P3111,16,4.5
SUP7290,Taylor Ltd,P4308,7,4.8
SUP7291,"Watts, Todd and Smith",P4324,14,2.6
SUP7292,"Lawson, Franco and Williams",P7501,19,3.5
SUP7293,Lewis LLC,P2244,12,3.3
SUP7294,Campbell-Butler,P4855,10,4.9
SUP7295,Moore-Smith,P1399,10,3.3
SUP7296,Morton Inc,P5448,12,3.8
SUP7297,Krause PLC,P5789,11,3.7
SUP7298,Berg-Thomas,P4862,10,3.9
SUP7299,"Mitchell, Day and Huffman",P3650,14,3.1
SUP7300,Brown LLC,P3171,15,3.3
SUP7301,"Hensley, Rodgers and Mcclure",P7779,20,3.0
SUP7302,"Wilson, Aguilar and Lewis",P5024,8,3.6
SUP7303,Joseph-Vega,P5385,11,2.6
SUP7304,Leon-Allen,P4801,12,4.2
SUP7305,Ball-Montes,P2164,8,2.5
SUP7306,Shah-Kerr,P8067,10,4.2
SUP7307,"Mueller, Garcia and Jordan",P1408,18,5.0
SUP7308,"Jones, Hoover and Torres",P9046,9,3.6
SUP7309,Powers-Kim,P6142,7,3.2
SUP7310,"Banks, Bridges and Munoz",P5908,4,3.8
SUP7311,Bradley Inc,P4129,15,2.5
SUP7312,Whitaker-Johnson,P4101,20,4.6
SUP7313,"George, Knight and Macdonald",P2300,13,3.9
SUP7314,Acevedo LLC,P5538,19,3.2
SUP7315,Snow-Luna,P9893,18,2.9
SUP7316,Wilson-Fisher,P1972,12,4.5
SUP7317,Mcguire Ltd,P5812,6,2.8
SUP7318,"Murphy, Adams and Davis",P3111,14,3.9
SUP7319,Lopez LLC,P1613,19,3.9
SUP7320,"Hubbard, Hernandez and Morrison",P5585,2,2.9
SUP7321,Thompson-Alvarado,P6498,17,4.0
SUP7322,Stout LLC,P4721,6,3.5
SUP7323,"Watkins, Chen and Herman",P7633,8,4.0
SUP7324,"Burns, Brown and Williamson",P2661,8,3.5
SUP7325,Rivera-Doyle,P876,7,4.1
SUP7326,Perez Inc,P9346,20,4.0
SUP7327,Miles-Howell,P3797,14,3.9
SUP7328,Harrison Ltd,P8280,14,2.5
SUP7329,Franklin PLC,P7753,8,3.5
SUP7330,Riley-Werner,P3112,5,3.1
SUP7331,"Benitez, Woods and Cantrell",P6128,18,3.1
SUP7332,David-Conner,P8862,20,4.8
SUP7333,Snow-Hoover,P6315,12,4.9
SUP7334,"Sparks, Allen and Velazquez",P4221,17,4.0
SUP7335,Stevens LLC,P372,8,3.2
SUP7336,"Holden, Green and Gray",P2242,17,3.2
SUP7337,"Anderson, Ferguson and Cooke",P1512,2,4.5
SUP7338,Soto Group,P5652,8,4.5
SUP7339,"Peters, Hardy and Roberts",P2494,3,4.8
SUP7340,Gibson and Sons,P3007,19,3.5
SUP7341,Johnson PLC,P4638,13,4.5
SUP7342,Farley LLC,P7834,9,3.9
SUP7343,Torres Inc,P3727,5,4.7
SUP7344,Bell Inc,P1514,13,4.1
SUP7345,Cox Inc,P8711,5,4.4
SUP7346,Ramirez Inc,P370,11,3.0
SUP7347,"Pittman, Garcia and Mccann",P4742,15,4.9
SUP7348,Patel-Hicks,P1179,10,3.9
SUP7349,"Henson, Gomez and Tate",P486,7,3.5
SUP7350,"Owen, Martinez and Mckay",P9422,15,3.9
SUP7351,Zuniga Group,P9299,16,4.4
SUP7352,Johnson-Sullivan,P5373,15,2.6
SUP7353,Braun-Rogers,P9895,4,5.0
SUP7354,"Perez, Kim and Hamilton",P6578,19,3.8
SUP7355,Hurley LLC,P3688,16,4.9
SUP7356,Thompson and Sons,P362,15,2.6
SUP7357,Foster-Keith,P8043,3,3.5
SUP7358,Foster LLC,P3616,2,4.6
SUP7359,"Guzman, Mason and Weaver",P6980,15,4.8
SUP7360,Contreras Group,P6235,10,3.7
SUP7361,Walsh-Johnson,P4047,5,3.9
SUP7362,Miller Group,P9523,20,4.3
SUP7363,George-Garcia,P7542,14,4.5
SUP7364,"Moreno, Wagner and Johnson",P8915,5,4.0
SUP7365,"James, Vargas and Jones",P7541,14,2.9
SUP7366,"Schmidt, Weiss and Martinez",P3775,2,3.0
SUP7367,"Johnson, Scott and Porter",P2745,13,3.1
SUP7368,Cohen-Richardson,P5317,13,2.9
SUP7369,Perez-Perkins,P2231,13,4.6
SUP7370,Giles-Salinas,P1402,12,5.0
SUP7371,Henry-Gomez,P6627,6,3.0
SUP7372,Stevenson-Lopez,P4763,11,4.4
SUP7373,"Adams, Clark and Christian",P9003,2,2.8
SUP7374,White-Barnes,P1951,15,4.9
SUP7375,Skinner-Mendoza,P8042,15,4.2
SUP7376,"Morris, Benjamin and Gomez",P9533,4,3.0
SUP7377,Kaiser-Boone,P1725,16,4.7
SUP7378,"Wong, Mueller and Jones",P6424,13,3.9
SUP7379,"Sawyer, Howard and Swanson",P6231,18,4.3
SUP7380,"Miller, Young and Peters",P6809,19,4.9
SUP7381,Pruitt Ltd,P5714,13,3.6
SUP7382,Hunt-Boyd,P7877,13,4.4
SUP7383,"Marquez, Sweeney and Kennedy",P1936,13,4.7
SUP7384,"Thomas, Taylor and White",P8179,14,3.8
SUP7385,"Jensen, Elliott and Farley",P2506,17,3.2
SUP7386,George-Wilson,P9785,10,2.8
SUP7387,Lopez-Ibarra,P6329,11,4.5
SUP7388,Gordon Group,P7954,12,3.8
SUP7389,"Flores, Wagner and Kim",P9161,7,4.7
SUP7390,Hogan-Simpson,P9094,5,4.6
SUP7391,"Aguilar, Crawford and Curry",P5078,5,4.8
SUP7392,Maddox and Sons,P1745,2,4.2
SUP7393,Simpson PLC,P5587,16,4.1
SUP7394,Hill PLC,P3535,15,4.2
SUP7395,"Smith, Roberts and Rhodes",P1228,5,2.8
SUP7396,Adkins and Sons,P7554,16,3.2
SUP7397,Moore-Peterson,P4193,11,2.9
SUP7398,Hardy-Duncan,P1821,2,4.6
SUP7399,Flynn Group,P1914,10,2.7
SUP7400,Butler LLC,P7354,12,4.6
SUP7401,Ponce-Chapman,P5063,9,4.8
SUP7402,Smith-Lynch,P8668,20,4.5
SUP7403,"Perez, Smith and Campbell",P3083,4,4.9
SUP7404,Jackson PLC,P2447,5,4.3
SUP7405,Yoder Inc,P9106,3,2.7
SUP7406,"Escobar, Dixon and Sherman",P7917,9,4.7
SUP7407,Valenzuela PLC,P343,3,3.7
SUP7408,Khan-Chang,P5322,9,3.4
SUP7409,Barker Group,P1966,20,3.1
SUP7410,"Anderson, Jones and Morgan",P7048,15,4.0
SUP7411,Stone-Adams,P8161,17,3.6
SUP7412,Ramos-Hicks,P6776,5,4.9
SUP7413,"Garrett, Wolfe and Garcia",P5803,4,4.1
SUP7414,Higgins-Morales,P406,15,3.5
SUP7415,"George, Hodge and Young",P1204,5,3.8
SUP7416,"Nielsen, Garrett and Ramos",P5300,10,4.4
SUP7417,"Duran, Anthony and Reed",P6723,13,3.8
SUP7418,Singh Inc,P3459,6,4.9
SUP7419,Silva PLC,P3093,20,4.6
SUP7420,Peters PLC,P7564,8,3.9
SUP7421,Kim-Lee,P2459,17,3.5
SUP7422,Smith-Owens,P8813,13,4.8
SUP7423,Campbell-Rice,P6835,9,2.5
SUP7424,"Mcdonald, Sexton and Ortega",P7677,7,4.7
SUP7425,"Lewis, Roberts and Gordon",P7945,2,3.7
SUP7426,"Holmes, Sweeney and Moss",P5825,8,4.6
SUP7427,Macias-Randall,P341,10,3.2
SUP7428,"Jones, Bradley and Thomas",P545,14,3.2
SUP7429,Clayton-Lee,P3743,14,4.1
SUP7430,Adams-Leblanc,P2672,3,4.8
SUP7431,Diaz-Combs,P7618,17,4.1
SUP7432,"Jefferson, Taylor and Cannon",P5904,18,3.8
SUP7433,"Perez, Dougherty and Baker",P4999,15,3.0
SUP7434,Mueller Ltd,P3315,9,4.5
SUP7435,Goodwin LLC,P6071,19,4.4
SUP7436,Mcmahon-Glover,P8089,15,4.0
SUP7437,Ball-Gray,P5123,12,4.4
SUP7438,Schmidt-Anderson,P4480,12,4.5
SUP7439,Mendoza-Hayes,P6430,3,3.2
SUP7440,"Stone, Fletcher and Esparza",P4062,8,2.8
SUP7441,"Benjamin, Johnson and Stafford",P1814,20,4.0
SUP7442,"Scott, Morales and Stark",P6717,19,3.5
SUP7443,Vance PLC,P688,2,3.9
SUP7444,Foster PLC,P8383,2,3.1
SUP7445,Wright and Sons,P869,6,2.7
SUP7446,"Dennis, Phillips and Blackburn",P4930,12,2.7
SUP7447,Leonard-Smith,P7027,14,2.9
SUP7448,Flores Inc,P9638,6,4.7
SUP7449,Nelson Group,P3623,10,3.1
SUP7450,Myers Ltd,P2539,18,4.2
SUP7451,"Bennett, Morris and Gallegos",P6687,4,3.3
SUP7452,Brown PLC,P616,8,4.0
SUP7453,Smith-Hart,P5421,19,3.6
SUP7454,"Peters, Tucker and Lopez",P7673,7,4.8
SUP7455,"Washington, Walker and Morris",P6109,13,3.2
SUP7456,"Steele, Lewis and Neal",P9217,10,4.8
SUP7457,Middleton-Hood,P721,6,3.0
SUP7458,Brown Group,P2500,14,4.1
SUP7459,Miles-Ramsey,P5190,14,3.2
SUP7460,Smith-Wallace,P1686,19,3.3
SUP7461,Oliver Inc,P6566,10,2.7
SUP7462,Smith-Travis,P8981,6,3.3
SUP7463,Delacruz-Blackburn,P6548,3,4.2
SUP7464,Johnson-Vargas,P6856,7,4.8
SUP7465,Adams-Chen,P526,18,3.9
SUP7466,"Reed, Hall and Reid",P7228,10,2.8
SUP7467,Farley-Williams,P5583,10,4.5
SUP7468,Graham-Anderson,P1907,17,2.9
SUP7469,"Martin, Davenport and Callahan",P8541,20,4.7
SUP7470,"Reed, Brown and Harmon",P1993,12,2.9
SUP7471,Powers-Reed,P1448,7,4.4
SUP7472,Johnson-Harris,P976,13,4.4
SUP7473,"Morse, Thomas and Parker",P3493,4,4.4
SUP7474,Reilly-Mercado,P8147,19,2.8
SUP7475,"Harris, Smith and Gomez",P3140,15,4.0
SUP7476,Bolton PLC,P5615,9,4.7
SUP7477,Turner and Sons,P1181,13,3.4
SUP7478,"Elliott, Bailey and Mckenzie",P3938,4,3.4
SUP7479,Rogers PLC,P9286,16,4.3
SUP7480,Rivas and Sons,P1577,20,3.7
SUP7481,Taylor LLC,P7074,15,3.8
SUP7482,Jenkins Group,P5593,5,2.8
SUP7483,Martinez Group,P3629,4,4.1
SUP7484,Johnson-Fuentes,P4270,15,3.3
SUP7485,"Smith, Ramos and Tran",P9949,16,4.7
SUP7486,Gonzales-Burke,P2780,8,4.8
SUP7487,Marsh Ltd,P8500,19,4.9
SUP7488,Baker Group,P9086,15,4.9
SUP7489,Griffin-Rollins,P8642,18,4.0
SUP7490,Shah-Patterson,P8985,9,3.2
SUP7491,Soto-Scott,P5292,2,4.3
SUP7492,Smith-Franklin,P1593,15,4.3
SUP7493,"King, Sellers and Castillo",P7432,15,3.2
SUP7494,"Reyes, Mills and Maxwell",P68,3,4.5
SUP7495,"Johnston, Gaines and Lawson",P8880,2,2.9
SUP7496,Miller-Wright,P2926,17,2.8
SUP7497,Gutierrez-Evans,P8401,19,3.8
SUP7498,Terrell Ltd,P2494,5,4.2
SUP7499,Molina-Evans,P6620,3,3.1
SUP7500,"Bradford, Berger and Herman",P5139,9,2.8
SUP7501,Nicholson and Sons,P6214,20,2.7
SUP7502,"Barron, Turner and Potter",P7917,16,3.8
SUP7503,Collins-Williams,P7882,5,4.6
SUP7504,"Morales, Rivera and West",P5453,11,3.9
SUP7505,Ray-Black,P4618,5,3.1
SUP7506,"Cummings, Richards and Shaw",P7934,10,3.6
SUP7507,"Thompson, Johnson and Riley",P3767,18,3.7
SUP7508,Barajas-Edwards,P244,4,3.5
SUP7509,Hayes-Tucker,P7085,14,3.4
SUP7510,"Pittman, Best and Hoover",P6367,18,4.8
SUP7511,Newman-Berry,P8441,13,3.1
SUP7512,"Anderson, Todd and Suarez",P9240,14,3.1
SUP7513,Vaughn-Jackson,P1024,5,3.0
SUP7514,Bennett LLC,P6288,15,3.5
SUP7515,"Higgins, Carr and Reed",P4259,3,4.8
SUP7516,"Ryan, Harris and Francis",P6390,6,3.4
SUP7517,"Duran, Moreno and Jones",P7922,14,4.9
SUP7518,Sanchez and Sons,P691,12,4.3
SUP7519,White LLC,P5556,14,2.6
SUP7520,Davis-Holmes,P6817,18,3.3
SUP7521,"Lowery, Gray and Hernandez",P7567,17,4.1
SUP7522,Bowman-Cuevas,P4051,5,4.1
SUP7523,"Mccall, Robbins and Mahoney",P5777,18,4.2
SUP7524,"Padilla, Rogers and Howard",P8194,19,2.9
SUP7525,Roy-Oliver,P7466,8,4.5
SUP7526,"Davila, Hernandez and Wagner",P6596,16,4.9
SUP7527,"May, Tucker and Powell",P8751,15,3.3
SUP7528,"Miller, Craig and Molina",P6509,18,4.1
SUP7529,Mclaughlin-Shepherd,P7274,3,3.9
SUP7530,"Dyer, Hamilton and Adams",P9659,13,4.6
SUP7531,Harmon and Sons,P8069,19,2.8
SUP7532,Reed-Gregory,P6286,12,3.5
SUP7533,Hansen-Nguyen,P4176,15,3.9
SUP7534,"Edwards, Hodge and Roberson",P6900,4,2.9
SUP7535,Saunders Group,P8379,20,3.5
SUP7536,Smith LLC,P9789,7,4.6
SUP7537,Murphy-Young,P494,7,3.4
SUP7538,Harrington-Castro,P3436,9,2.7
SUP7539,Hancock Inc,P3503,15,4.4
SUP7540,"Shannon, Larson and Valdez",P5957,18,2.6
SUP7541,"Chandler, Hodge and Spencer",P2590,17,3.7
SUP7542,Davidson Inc,P4597,2,4.9
SUP7543,Nguyen-Williams,P3035,20,4.3
SUP7544,Shaw Inc,P8587,13,3.2
SUP7545,Hanson-Rodriguez,P6459,5,4.8
SUP7546,Baker Inc,P4533,10,3.6
SUP7547,Gonzalez-Smith,P6068,2,4.1
SUP7548,Wilson-Ward,P8875,7,2.6
SUP7549,"Flores, Henderson and Williams",P2958,7,3.1
SUP7550,Welch-Mills,P8564,14,3.4
SUP7551,Flores Inc,P7587,2,4.1
SUP7552,"Rodriguez, Becker and Snyder",P9822,6,4.6
SUP7553,"Jensen, Joseph and Hunter",P6501,10,2.8
SUP7554,Day Inc,P877,4,2.8
SUP7555,Wang-Townsend,P207,18,5.0
SUP7556,"Freeman, Richardson and Best",P5617,14,4.6
SUP7557,Guzman-Richards,P6470,16,4.6
SUP7558,Jackson LLC,P9532,14,4.2
SUP7559,Lopez PLC,P3617,11,4.2
SUP7560,Hamilton-Gomez,P9476,18,4.3
SUP7561,Hernandez-Ferrell,P1675,9,3.6
SUP7562,Lawson PLC,P5880,18,2.7
SUP7563,Smith-Duarte,P5631,3,3.1
SUP7564,Alvarez Ltd,P3892,10,2.8
SUP7565,Flores-Young,P4680,3,4.8
SUP7566,Gomez Inc,P3514,12,3.2
SUP7567,"Morales, Dorsey and Rivera",P760,17,4.9
SUP7568,"Diaz, Wright and Kaiser",P9763,15,3.4
SUP7569,Lynch Group,P3539,7,4.3
SUP7570,Blackwell Ltd,P9711,13,4.1
SUP7571,"Dixon, Reilly and George",P6464,4,5.0
SUP7572,Vega and Sons,P5279,5,2.8
SUP7573,Moore-Douglas,P1263,5,2.6
SUP7574,"Hanna, Lynch and Santos",P9757,20,3.8
SUP7575,"Parker, Frost and Jenkins",P8877,10,3.7
SUP7576,"Rios, Moore and Mitchell",P6655,17,3.3
SUP7577,"Barber, Young and Reid",P3966,3,4.0
SUP7578,Melton-Conley,P6132,18,3.0
SUP7579,Armstrong-Little,P7660,18,3.4
SUP7580,Jones-Richardson,P8664,2,4.0
SUP7581,"Grant, Hall and Acosta",P1622,14,5.0
SUP7582,"Grant, Keller and Dunn",P376,7,4.4
SUP7583,Moore Inc,P8166,15,3.2
SUP7584,Jones-Williams,P4131,19,3.1
SUP7585,Stokes-Gutierrez,P531,6,4.7
SUP7586,"Mathis, Stein and Reed",P1698,15,4.5
SUP7587,"Rodgers, Roberts and Alvarez",P7836,7,3.7
SUP7588,"Parker, Simmons and Mendoza",P7529,6,3.9
SUP7589,Mcclain-Thompson,P8410,19,4.2
SUP7590,Baker Inc,P112,7,2.7
SUP7591,"Reyes, Grimes and Williams",P5149,2,2.8
SUP7592,Cunningham Ltd,P7434,9,4.9
SUP7593,Graham-Blankenship,P6741,12,3.1
SUP7594,Gutierrez and Sons,P4413,17,2.5
SUP7595,"Daniels, Robinson and Brown",P9440,11,3.0
SUP7596,Holmes-Hardin,P4685,9,2.5
SUP7597,Torres-Park,P3727,8,3.3
SUP7598,"Howell, Moody and Rodgers",P4037,16,3.1
SUP7599,"Pham, Lewis and Garcia",P8795,9,3.7
SUP7600,"Le, Parker and Page",P1998,6,4.1
SUP7601,"Parker, Hunt and Lopez",P7905,17,3.7
SUP7602,Cunningham and Sons,P2147,2,2.9
SUP7603,"Wiley, Rogers and Smith",P3598,7,3.1
SUP7604,Jones and Sons,P102,20,2.7
SUP7605,Herring LLC,P4528,2,4.3
SUP7606,Matthews PLC,P5382,18,2.9
SUP7607,Watson-Scott,P8164,8,2.8
SUP7608,Johnson-Underwood,P5996,11,4.5
SUP7609,Thompson PLC,P1867,5,4.9
SUP7610,Martin-Gomez,P3537,13,2.6
SUP7611,Anderson Group,P9782,3,2.6
SUP7612,Knight-Boyer,P9868,2,4.1
SUP7613,"Taylor, Davis and Weaver",P3041,7,4.5
SUP7614,"Pruitt, Bell and Green",P7292,4,3.7
SUP7615,Johnson-Pena,P8669,9,3.4
SUP7616,Luna-Navarro,P1349,13,4.4
SUP7617,Cox Ltd,P3145,8,4.8
SUP7618,Conway Inc,P3896,9,4.5
SUP7619,"Brown, Wright and Flores",P6239,8,2.7
SUP7620,"Perry, Lang and Bond",P255,10,4.2
SUP7621,Simpson-Johnson,P6479,8,4.9
SUP7622,Fuller Inc,P6800,11,2.7
SUP7623,Schwartz-Mccann,P5836,13,4.0
SUP7624,Garza Inc,P7075,15,3.4
SUP7625,Adams Inc,P5977,2,3.1
SUP7626,"Copeland, Velasquez and Garcia",P2612,8,4.2
SUP7627,"Bell, Miles and Huff",P4126,17,3.5
SUP7628,"Dunn, Jackson and Carter",P1232,4,4.8
SUP7629,"Barron, Ramsey and Mcdowell",P3900,3,4.2
SUP7630,Bray-Griffin,P4746,2,2.9
SUP7631,"Allen, Johnson and Wilson",P3950,7,2.9
SUP7632,"Huang, Mitchell and Owens",P4516,16,4.8
SUP7633,Adams-Choi,P5468,8,2.9
SUP7634,Calderon Ltd,P9398,15,2.5
SUP7635,"Poole, Wilson and Morrow",P786,12,4.5
SUP7636,Joseph-Burke,P8109,12,4.6
SUP7637,"Moore, Moore and Holmes",P9189,15,2.8
SUP7638,Gonzalez Group,P9709,19,2.7
SUP7639,"Baker, Curtis and Anderson",P8274,19,3.4
SUP7640,Hardy-Morris,P7414,4,3.7
SUP7641,Ellis-Collins,P2221,17,4.8
SUP7642,Bryant Ltd,P5703,8,4.4
SUP7643,Richardson-Lynch,P7971,16,3.6
SUP7644,Walton Group,P1514,18,3.7
SUP7645,Hill-Moody,P5940,14,4.9
SUP7646,"Morgan, Cole and Davidson",P6422,17,4.9
SUP7647,Crawford Ltd,P8803,11,4.7
SUP7648,"Arnold, Ramos and Cameron",P1866,8,4.7
SUP7649,Colon-Kramer,P9679,13,4.6
SUP7650,Villegas Ltd,P6844,13,4.2
SUP7651,"Myers, Munoz and Harris",P8017,3,4.4
SUP7652,Caldwell-Jenkins,P1270,16,3.7
SUP7653,"Ortega, Price and Anderson",P2518,14,3.3
SUP7654,"Pace, Miller and Cox",P3377,3,4.2
SUP7655,"Peterson, Gonzalez and Torres",P4207,4,4.2
SUP7656,Stafford Inc,P699,17,3.1
SUP7657,Johnson and Sons,P4113,2,3.8
SUP7658,Morton PLC,P4473,12,3.7
SUP7659,"King, Jones and Ray",P3795,15,4.5
SUP7660,Graham LLC,P4145,11,2.8
SUP7661,Holmes-Petersen,P7446,17,4.6
SUP7662,Vazquez-Simpson,P6505,19,3.9
SUP7663,"Hoffman, Dean and Henderson",P9976,9,3.9
SUP7664,"Arnold, Smith and Barrett",P8182,4,3.2
SUP7665,"Phillips, Nelson and Williams",P7415,10,4.5
SUP7666,Roth Ltd,P6195,4,2.6
SUP7667,Robinson-Peterson,P3197,10,4.7
SUP7668,"Montes, Moody and Flores",P648,7,2.9
SUP7669,"Ford, Williams and Johnson",P9077,2,3.1
SUP7670,"Crawford, Nolan and Garcia",P6960,11,5.0
SUP7671,Cochran Group,P4911,16,2.9
SUP7672,"Perry, Jackson and Nelson",P5624,4,2.7
SUP7673,Bryan PLC,P1295,15,3.9
SUP7674,Webb-Allen,P7318,12,4.1
SUP7675,"Matthews, Walker and Brown",P8387,14,4.9
SUP7676,"Ellis, Parker and Long",P3271,9,4.5
SUP7677,Orozco and Sons,P9094,13,3.6
SUP7678,"Silva, Estrada and Khan",P9712,19,4.1
SUP7679,Paul Group,P7029,16,3.1
SUP7680,Krause-Wade,P8569,18,2.5
SUP7681,"Todd, Taylor and Smith",P8685,8,3.1
SUP7682,Rodriguez-Miller,P8007,9,2.9
SUP7683,Young-Gibson,P6001,12,4.6
SUP7684,Simmons Ltd,P6850,8,3.9
SUP7685,Meyer PLC,P6314,16,3.1
SUP7686,Rodriguez Inc,P9475,15,2.7
SUP7687,Wolf Group,P5589,2,4.8
SUP7688,"Davies, Washington and Morales",P1844,7,4.9
SUP7689,Parker-Herrera,P8046,7,4.4
SUP7690,Griffin-Nelson,P1257,11,3.5
SUP7691,Evans-Griffith,P2184,3,4.7
SUP7692,Rodriguez-Long,P1821,14,2.5
SUP7693,Carroll Group,P3288,19,2.5
SUP7694,Preston-Waters,P7018,12,3.9
SUP7695,Hansen-Grimes,P5324,16,4.8
SUP7696,Silva Group,P460,4,5.0
SUP7697,Gonzalez-Cantu,P953,5,3.6
SUP7698,Clarke-Kelly,P5021,8,3.3
SUP7699,"Davidson, Wilson and Gordon",P8732,11,4.4
SUP7700,Spencer Inc,P8673,4,4.8
SUP7701,"Raymond, Taylor and Mcfarland",P6184,18,3.7
SUP7702,Walker PLC,P5193,5,3.3
SUP7703,Decker Inc,P3592,8,4.8
SUP7704,Conner-Lewis,P7970,13,4.6
SUP7705,Kelley Group,P2498,10,2.9
SUP7706,"Reeves, Payne and Roberts",P2868,3,3.3
SUP7707,"Smith, Gamble and Williams",P347,17,2.5
SUP7708,"Flores, Murray and Jones",P1934,20,2.8
SUP7709,Hensley-Tran,P7250,18,3.9
SUP7710,Schmidt Group,P8854,10,4.6
SUP7711,Hernandez-Williams,P9238,13,4.6
SUP7712,Diaz and Sons,P6045,13,2.5
SUP7713,Ward-Harrison,P6934,9,5.0
SUP7714,Harris Inc,P5089,6,4.8
SUP7715,Obrien-Hall,P1544,4,4.4
SUP7716,"Hodge, Gardner and Reed",P9328,10,3.7
SUP7717,"Johnson, Richards and Hardy",P4721,12,3.8
SUP7718,"Brown, Austin and Blake",P4728,12,4.7
SUP7719,Ruiz LLC,P7882,16,3.0
SUP7720,"Scott, Mcmahon and Barnes",P3528,2,4.7
SUP7721,"Hale, Sherman and Smith",P1584,13,3.4
SUP7722,"Martinez, Villanueva and Mosley",P3614,15,3.7
SUP7723,Thomas-Adkins,P8345,20,3.4
SUP7724,"Hanson, Thomas and Edwards",P4738,13,4.9
SUP7725,Harmon Inc,P9455,5,4.0
SUP7726,Wilkins-Clarke,P7567,10,2.6
SUP7727,"Lee, Smith and Kirk",P9525,16,4.7
SUP7728,Jackson-Moore,P754,20,4.0
SUP7729,Kim-Martinez,P3164,11,3.8
SUP7730,"Bass, Price and Osborne",P9563,12,4.3
SUP7731,Morgan PLC,P3785,18,3.6
SUP7732,Schmidt-Ramsey,P9610,9,4.5
SUP7733,"Cruz, Brown and Stanton",P4810,5,4.5
SUP7734,"Poole, Taylor and Thornton",P4306,13,3.9
SUP7735,Gonzalez-Berg,P2272,13,2.6
SUP7736,Hayes-Hanson,P6328,13,3.7
SUP7737,"Strickland, Phillips and Coleman",P8046,8,2.6
SUP7738,"Warren, Ramirez and Jackson",P5197,5,3.8
SUP7739,"Smith, Cervantes and Allen",P7711,4,3.3
SUP7740,Rodriguez-Montgomery,P3046,2,4.8
SUP7741,Gomez and Sons,P2586,15,4.9
SUP7742,Landry and Sons,P52,6,2.5
SUP7743,"Davis, Joseph and Klein",P7942,9,3.3
SUP7744,Conrad-West,P5673,14,4.9
SUP7745,Johnson-Bell,P7801,3,3.1
SUP7746,Henry Ltd,P8956,13,2.8
SUP7747,Foster-Jimenez,P9906,5,4.1
SUP7748,Brown-Murphy,P116,10,3.8
SUP7749,Porter-Stephenson,P3644,5,4.4
SUP7750,"Rivera, White and Martinez",P6439,10,2.8
SUP7751,Carpenter-Martinez,P8542,5,4.6
SUP7752,Ford-Foley,P8624,15,3.6
SUP7753,"Combs, Soto and Rhodes",P2503,20,3.3
SUP7754,Sawyer PLC,P2768,5,5.0
SUP7755,Decker PLC,P226,5,3.3
SUP7756,"Schroeder, Coleman and Black",P3352,9,3.2
SUP7757,Scott-Lambert,P4274,5,3.3
SUP7758,Ramirez-Logan,P1755,20,4.7
SUP7759,"Barrett, Cooke and Jackson",P1718,20,2.8
SUP7760,Mays-Hughes,P36,3,3.5
SUP7761,Perez LLC,P969,8,4.7
SUP7762,Vasquez and Sons,P9889,13,3.3
SUP7763,Reid LLC,P2590,12,4.3
SUP7764,Matthews and Sons,P4049,4,4.6
SUP7765,Cook Inc,P4757,17,2.9
SUP7766,"Reyes, Petty and Taylor",P1768,8,3.4
SUP7767,"Blair, Diaz and Galloway",P5850,15,2.7
SUP7768,Guzman-Meadows,P7751,8,3.0
SUP7769,"Collins, Simpson and Reed",P2324,4,4.7
SUP7770,Leon PLC,P7367,13,2.8
SUP7771,"Thornton, Rivera and Davis",P1082,16,3.0
SUP7772,"Mcdaniel, Smith and Johnson",P6061,19,2.9
SUP7773,Mathews-Bryant,P675,15,3.3
SUP7774,"Henry, Davis and Rangel",P2281,19,4.0
SUP7775,"Hughes, Brooks and Patterson",P2686,7,2.5
SUP7776,Peters-Vargas,P3863,14,3.7
SUP7777,Edwards LLC,P8159,19,4.1
SUP7778,English PLC,P7538,6,5.0
SUP7779,"Mcgrath, Phillips and Baker",P4764,2,4.4
SUP7780,"Mcguire, Reese and Wiley",P6618,4,4.7
SUP7781,"Campbell, Smith and Willis",P906,13,3.2
SUP7782,Miller-Velez,P2019,17,5.0
SUP7783,Rose-Butler,P2089,18,3.3
SUP7784,Lester PLC,P7760,17,3.9
SUP7785,Jennings LLC,P6735,9,3.2
SUP7786,"Walsh, Shaffer and Bowers",P6683,14,3.9
SUP7787,"Harris, Hill and King",P2068,5,4.7
SUP7788,Gregory Inc,P5442,11,2.6
SUP7789,Calderon and Sons,P1968,14,4.9
SUP7790,"Carrillo, Casey and Baker",P207,17,4.0
SUP7791,Adams LLC,P4375,6,4.0
SUP7792,"Moore, Joseph and Wilson",P4620,18,2.5
SUP7793,"Barnett, Mcdowell and Valdez",P470,9,2.6
SUP7794,Tyler Ltd,P6277,8,4.6
SUP7795,Barnett-Chapman,P7380,8,3.4
SUP7796,"Carlson, Contreras and Clark",P913,4,2.7
SUP7797,"Brown, Harmon and Lucas",P9251,5,2.9
SUP7798,Mcguire-Weaver,P8201,3,4.5
SUP7799,Brewer-Trevino,P8677,12,2.6
SUP7800,"Foster, Palmer and Johnson",P3643,3,3.6
SUP7801,Martin-Swanson,P2478,7,4.4
SUP7802,Freeman-Morales,P9385,16,2.8
SUP7803,Rangel LLC,P8555,7,3.0
SUP7804,"Thompson, Long and Willis",P3251,8,4.0
SUP7805,Ramos-Robinson,P2399,7,4.6
SUP7806,Anderson-Wong,P615,17,4.7
SUP7807,Christian-Knight,P1253,7,4.0
SUP7808,Salazar and Sons,P2420,13,2.9
SUP7809,"Hunter, Williams and Cook",P3205,4,3.7
SUP7810,"Brown, Harris and Ortega",P2670,20,4.9
SUP7811,Davis Ltd,P7377,13,3.5
SUP7812,Ingram-Clay,P9518,16,3.0
SUP7813,Smith Ltd,P6679,8,4.6
SUP7814,Porter-Smith,P5336,2,3.8
SUP7815,"Barnett, Jensen and Burgess",P8203,12,3.5
SUP7816,Leon-Cline,P1907,15,3.7
SUP7817,Alvarez-Smith,P5500,8,3.9
SUP7818,Contreras Group,P8561,19,4.5
SUP7819,"Thompson, Carney and Roberts",P5164,8,3.4
SUP7820,Ford-Farley,P5231,2,2.7
SUP7821,Lee LLC,P5143,19,4.6
SUP7822,Webster-Haynes,P383,9,3.5
SUP7823,"Jennings, Patton and Tran",P5889,8,3.0
SUP7824,"Johnson, Cox and Cox",P4252,20,3.4
SUP7825,"Bridges, Clayton and Matthews",P3645,16,3.9
SUP7826,"Brown, Williams and Howard",P5135,10,3.6
SUP7827,Hernandez and Sons,P7839,19,3.8
SUP7828,Parsons and Sons,P9879,8,4.8
SUP7829,Fox-Smith,P9800,4,3.1
SUP7830,Woodard and Sons,P6920,20,2.8
SUP7831,Lee Inc,P4468,7,3.1
SUP7832,Dunlap PLC,P3200,20,4.0
SUP7833,Murphy Ltd,P3451,17,4.6
SUP7834,"Savage, Wells and Massey",P6526,3,2.9
SUP7835,"Camacho, Reed and Thompson",P2966,12,5.0
SUP7836,Roberts LLC,P1076,15,4.9
SUP7837,Brown Ltd,P3606,5,2.9
SUP7838,"Haley, King and Rodriguez",P5550,4,4.8
SUP7839,Johnson-Green,P8031,18,4.4
SUP7840,Patrick-Avila,P948,11,4.1
SUP7841,Smith-Watson,P1841,11,3.9
SUP7842,Lewis-Holden,P284,4,2.9
SUP7843,Wilson-Zuniga,P5134,19,4.2
SUP7844,Hall-Yang,P5784,7,4.3
SUP7845,Jordan-Alexander,P4986,15,2.6
SUP7846,"Smith, Bowman and Caldwell",P5110,20,2.8
SUP7847,White-Mcdonald,P9076,16,3.4
SUP7848,Elliott LLC,P5187,13,2.8
SUP7849,Baker Inc,P5493,5,3.6
SUP7850,"Simpson, Howard and Collins",P4371,14,3.5
SUP7851,Sanchez-Odom,P795,3,4.3
SUP7852,Nelson PLC,P5914,7,4.9
SUP7853,"Friedman, Ramirez and Green",P7820,6,4.0
SUP7854,Simpson-Avila,P339,14,2.6
SUP7855,Snow Ltd,P8340,15,4.7
SUP7856,Brown Ltd,P5646,10,3.6
SUP7857,Gomez-Hill,P9577,11,4.5
SUP7858,"Jackson, Stewart and Taylor",P8221,7,4.5
SUP7859,Smith-Arnold,P9894,5,4.7
SUP7860,Kim PLC,P2952,14,4.8
SUP7861,"Sparks, Smith and Moody",P9380,18,3.2
SUP7862,"Craig, Fischer and Sanford",P267,5,4.2
SUP7863,"Lowe, Tucker and Henderson",P2442,13,3.4
SUP7864,"Perez, Watson and Williams",P186,13,4.2
SUP7865,"Salas, Arnold and Lane",P7787,9,5.0
SUP7866,"Hicks, Martinez and Powell",P1262,7,4.8
SUP7867,"Sexton, Santos and Little",P9352,12,4.8
SUP7868,"Brown, Miller and Willis",P6945,7,4.4
SUP7869,Mccormick Inc,P9112,18,3.8
SUP7870,"Oliver, Crawford and Cantrell",P6448,16,2.5
SUP7871,Morgan-Mitchell,P4825,17,4.5
SUP7872,Parsons LLC,P8309,20,4.4
SUP7873,Pace-Cross,P8021,6,4.7
SUP7874,"Hayden, Ho and Harmon",P1546,16,2.9
SUP7875,"Gilbert, Mccoy and Kelley",P6362,3,2.6
SUP7876,Buckley and Sons,P1153,19,4.8
SUP7877,Weiss PLC,P7588,11,4.9
SUP7878,"Lewis, Bentley and Hendricks",P8674,7,3.2
SUP7879,Ibarra PLC,P7420,9,2.9
SUP7880,"Hudson, Gilbert and Mitchell",P4033,6,3.2
SUP7881,Buck-Rodgers,P5590,10,4.9
SUP7882,Kelly-Phillips,P625,14,4.7
SUP7883,King Group,P4136,5,4.8
SUP7884,"Aguilar, Long and Campbell",P4647,19,4.6
SUP7885,"Schmidt, Davis and Becker",P9074,3,4.4
SUP7886,Hardy and Sons,P5410,17,4.5
SUP7887,Roy and Sons,P1473,19,3.5
SUP7888,Gonzalez-Herrera,P5654,19,2.6
SUP7889,Lee-Sparks,P5666,7,2.9
SUP7890,"Stafford, Frost and Allison",P9940,19,2.7
SUP7891,Barry PLC,P7040,7,3.2
SUP7892,Gay-Oconnor,P3618,3,2.7
SUP7893,"Contreras, Ford and Myers",P8850,5,4.0
SUP7894,Martin Inc,P1652,5,4.4
SUP7895,Miller-Ward,P8986,6,2.6
SUP7896,Kim Ltd,P3119,5,3.1
SUP7897,Erickson Ltd,P11,18,4.2
SUP7898,Wang-Gomez,P5573,5,4.1
SUP7899,Beck-Barry,P3712,3,4.3
SUP7900,"Moore, Romero and Kim",P6723,16,2.7
SUP7901,Cruz Ltd,P3386,14,4.3
SUP7902,"Barnes, Carroll and Gillespie",P6048,12,4.3
SUP7903,Perry Ltd,P7845,18,3.8
SUP7904,Anderson-Tyler,P1424,6,4.1
SUP7905,Marks and Sons,P7946,14,5.0
SUP7906,Cortez PLC,P5816,6,3.8
SUP7907,"Parker, Lane and Campbell",P8183,2,4.8
SUP7908,Lucas Inc,P3065,15,2.6
SUP7909,Mack Group,P3518,7,2.8
SUP7910,Barber-Williams,P3626,7,3.0
SUP7911,Marshall PLC,P1599,9,2.9
SUP7912,"Cook, Watts and Richards",P7647,10,3.9
SUP7913,Barron Inc,P4612,5,2.9
SUP7914,"Mitchell, Cuevas and Lee",P1976,3,3.9
SUP7915,"Alvarez, Snyder and Cox",P8782,2,2.9
SUP7916,Mitchell LLC,P8494,4,4.8
SUP7917,Gray Inc,P4708,16,3.5
SUP7918,Adams PLC,P4239,3,3.3
SUP7919,Dixon-Evans,P5129,4,3.0
SUP7920,"Stewart, Gonzalez and Gentry",P9421,16,4.8
SUP7921,"Johnson, Thomas and Johnson",P5580,17,3.4
SUP7922,"Suarez, Willis and Mcgee",P2245,7,3.4
SUP7923,Adams Group,P7056,12,3.4
SUP7924,Hardin-Roberts,P9491,9,4.7
SUP7925,Wagner-Juarez,P1022,12,2.8
SUP7926,Bass LLC,P9288,8,4.8
SUP7927,Lewis LLC,P4592,3,4.3
SUP7928,"Hayes, Howell and Hansen",P6877,15,2.8
SUP7929,"Cordova, Robinson and Bryant",P793,13,3.2
SUP7930,"Rosales, Fuller and Fowler",P2358,6,2.7
SUP7931,"Levine, Silva and Miller",P7626,17,3.6
SUP7932,Gillespie-Obrien,P8140,8,4.3
SUP7933,Benton-Waters,P8379,8,2.5
SUP7934,West Ltd,P6206,2,3.0
SUP7935,Woods-Jones,P7286,2,4.8
SUP7936,Adams-Ellis,P5286,9,3.1
SUP7937,Burns-Ramirez,P2740,6,3.8
SUP7938,"Brooks, Snyder and Morgan",P5204,11,3.9
SUP7939,"Griffin, Santiago and Powers",P8863,6,3.7
SUP7940,"Porter, Martinez and Serrano",P1509,9,4.0
SUP7941,Smith-Davis,P5147,2,3.6
SUP7942,Brown Group,P9666,4,5.0
SUP7943,Perry Inc,P4714,20,3.0
SUP7944,Johnson-Burns,P1657,18,3.2
SUP7945,"Moore, Krause and Gentry",P2754,2,3.9
SUP7946,Johnson PLC,P7354,5,4.6
SUP7947,"Adams, Hansen and Pierce",P5159,4,2.7
SUP7948,"Ford, Lawson and Sullivan",P8751,6,4.6
SUP7949,"Pineda, Johnson and Reeves",P9148,16,4.5
SUP7950,Dean-Ortiz,P8108,12,2.5
SUP7951,"Turner, Montoya and Sanders",P618,3,4.5
SUP7952,"Johnson, Daniels and King",P4579,6,3.2
SUP7953,Davis-Cabrera,P9594,4,4.1
SUP7954,Trujillo LLC,P8607,11,2.8
SUP7955,Rowland and Sons,P5449,20,4.9
SUP7956,Koch and Sons,P7946,13,4.8
SUP7957,"Gardner, Griffin and Martinez",P1884,16,3.9
SUP7958,Johnson-Hill,P2593,2,2.6
SUP7959,"Mueller, Thomas and Morales",P5416,13,3.9
SUP7960,Bowman-Powers,P4516,14,3.8
SUP7961,Chang-Conway,P1759,18,2.6
SUP7962,"Gonzalez, Gates and Hamilton",P97,9,4.4
SUP7963,"Hunter, Ramirez and Gutierrez",P3838,20,4.5
SUP7964,"Gentry, Gregory and Lewis",P6782,15,3.7
SUP7965,Carrillo Ltd,P3336,14,4.0
SUP7966,"King, Martin and Hood",P1963,11,4.0
SUP7967,Cooper-Adams,P4599,11,4.5
SUP7968,"Lambert, Barnes and Gomez",P2628,6,4.1
SUP7969,"Anderson, Hopkins and Roberts",P1090,2,3.8
SUP7970,"Turner, Jones and Thompson",P1257,2,3.3
SUP7971,"Irwin, Harrell and Hardin",P9637,18,4.8
SUP7972,Rios Ltd,P7105,14,3.8
SUP7973,Ellison Group,P4352,17,3.2
SUP7974,Combs-Howell,P2904,13,4.0
SUP7975,Chase PLC,P6386,20,4.0
SUP7976,Blake PLC,P6885,6,3.9
SUP7977,"Mahoney, Johnson and Harris",P2911,11,3.4
SUP7978,Rangel and Sons,P4595,7,3.0
SUP7979,Perkins PLC,P5255,7,3.6
SUP7980,Jackson Ltd,P1884,16,4.7
SUP7981,Hoffman LLC,P1932,15,4.9
SUP7982,Mcgee Ltd,P7963,15,3.1
SUP7983,Mitchell-Morgan,P8879,8,3.9
SUP7984,"Martinez, Lester and Smith",P5258,9,3.8
SUP7985,Thompson Group,P4497,18,2.9
SUP7986,Hernandez-Schaefer,P1710,5,4.7
SUP7987,Stafford-Martinez,P6946,13,5.0
SUP7988,White Group,P5530,14,3.3
SUP7989,Garner-Hawkins,P2839,12,5.0
SUP7990,"Reynolds, Molina and Hernandez",P1019,8,4.7
SUP7991,Pitts-Holmes,P9420,19,4.7
SUP7992,Patterson Ltd,P4623,12,4.1
SUP7993,Sanchez-Alvarez,P796,18,3.4
SUP7994,Wolfe-Young,P3266,5,3.9
SUP7995,"Wells, Snyder and Martin",P5116,13,5.0
SUP7996,Kramer-Keith,P1118,7,2.7
SUP7997,Gill-Wilson,P4644,9,2.8
SUP7998,Gonzales-Brown,P4229,16,4.4
SUP7999,Madden and Sons,P1118,10,4.0
SUP8000,Edwards-Edwards,P3234,12,2.6
SUP8001,Wilson-Torres,P9661,15,4.7
SUP8002,"Ruiz, Byrd and Stephens",P6680,11,3.6
SUP8003,Gonzalez Ltd,P2580,8,4.6
SUP8004,Graham Group,P9052,8,3.9
SUP8005,Vargas-Singh,P1090,17,4.9
SUP8006,Larson LLC,P2388,16,3.5
SUP8007,"Patterson, Long and Buckley",P5883,17,5.0
SUP8008,Hunt Ltd,P1630,19,2.9
SUP8009,Solis-Harris,P8490,11,2.9
SUP8010,Lewis LLC,P1719,2,4.3
SUP8011,"Chavez, Castillo and Kirby",P9699,2,4.0
SUP8012,Davis-Williams,P9403,4,3.3
SUP8013,"Vang, Smith and Evans",P2086,15,4.8
SUP8014,Krause Inc,P2072,7,3.1
SUP8015,"Johnson, Thomas and Johnson",P2013,19,2.7
SUP8016,Williams PLC,P4509,19,3.4
SUP8017,"Davis, Pearson and Moody",P7277,3,3.5
SUP8018,Henson Ltd,P8089,13,3.5
SUP8019,Powers and Sons,P6671,6,2.6
SUP8020,"Fritz, Hall and Harvey",P6819,18,3.4
SUP8021,Randall LLC,P8519,11,3.1
SUP8022,"Walker, Johnson and Mathis",P4998,3,4.4
SUP8023,"Carson, Scott and Herrera",P4159,5,3.4
SUP8024,Patterson Group,P2381,14,4.7
SUP8025,Schroeder and Sons,P3618,2,4.6
SUP8026,Barker LLC,P4125,8,3.1
SUP8027,"Brown, Howe and Wright",P5130,13,3.1
SUP8028,Richardson-Brady,P9442,18,3.5
SUP8029,Miller PLC,P8151,12,2.9
SUP8030,Doyle and Sons,P9341,17,3.1
SUP8031,"Richardson, Lewis and Weaver",P1951,10,4.7
SUP8032,Reese-Myers,P2305,2,5.0
SUP8033,"Roberts, Christensen and Leach",P6310,6,3.3
SUP8034,Daniels-Thomas,P6449,13,3.2
SUP8035,Park-Ortiz,P6055,9,4.7
SUP8036,Davis Inc,P6806,18,3.9
SUP8037,Schneider-Duffy,P7086,12,3.4
SUP8038,Hudson LLC,P8130,20,2.9
SUP8039,"Contreras, Huerta and Perez",P5761,14,3.9
SUP8040,Wolf-Watkins,P4792,20,4.3
SUP8041,Rodriguez-Brooks,P6782,7,4.6
SUP8042,"Cox, Smith and Brown",P9556,6,4.0
SUP8043,"Jackson, Roberts and Brooks",P1560,16,2.8
SUP8044,Miller Group,P9428,14,2.5
SUP8045,"Lewis, Ramos and Velasquez",P7767,14,4.2
SUP8046,"Carter, Estrada and Clark",P2030,7,3.4
SUP8047,"Ingram, Johnson and Mitchell",P5669,5,3.7
SUP8048,Henderson-Jacobs,P403,2,4.2
SUP8049,Ramirez Ltd,P3282,17,2.6
SUP8050,Anthony-Smith,P3945,2,4.5
SUP8051,Rodriguez-Shea,P2616,17,5.0
SUP8052,Robinson and Sons,P4153,5,4.9
SUP8053,Hill-Castro,P3151,6,4.4
SUP8054,Mata Group,P1594,17,2.8
SUP8055,"Edwards, Jones and Barnes",P6334,7,4.6
SUP8056,Kelley-Wu,P6046,8,4.8
SUP8057,Jones-Dixon,P9696,7,4.8
SUP8058,Young Group,P6068,6,3.1
SUP8059,"Martinez, Davila and Martin",P5629,19,2.8
SUP8060,Robinson-Floyd,P2845,4,3.5
SUP8061,"Wright, Stone and Mcguire",P1072,20,3.4
SUP8062,Smith LLC,P8894,18,4.9
SUP8063,Guzman-Brown,P7223,13,4.1
SUP8064,"Jones, Davis and Brooks",P7876,11,4.1
SUP8065,"Baker, Phillips and Briggs",P8274,19,3.7
SUP8066,Hall and Sons,P617,16,2.6
SUP8067,Pitts-Martinez,P3307,11,4.4
SUP8068,"Daugherty, Nunez and Freeman",P2193,8,3.9
SUP8069,Phillips PLC,P389,12,4.6
SUP8070,"Reed, Chambers and Smith",P870,12,2.6
SUP8071,"Ferrell, Ryan and Li",P1657,5,3.5
SUP8072,Harris LLC,P5276,14,3.6
SUP8073,Walker Group,P4854,11,2.8
SUP8074,"Parker, Boyle and Greer",P3847,13,2.6
SUP8075,Brown-Lynch,P677,2,4.1
SUP8076,Sandoval-Holland,P3844,18,4.5
SUP8077,"Perez, Ortega and Chambers",P1354,13,3.0
SUP8078,Berger-Moore,P7088,7,4.9
SUP8079,Young-Shepard,P810,18,4.6
SUP8080,Thompson and Sons,P8154,11,3.3
SUP8081,Beard Ltd,P7301,18,3.7
SUP8082,"Wright, Campbell and Miller",P3712,16,3.5
SUP8083,Dodson PLC,P562,13,3.4
SUP8084,Brennan and Sons,P531,20,3.6
SUP8085,King-Hensley,P1750,15,3.7
SUP8086,Richards Group,P590,16,3.2
SUP8087,Garcia Inc,P8914,16,4.8
SUP8088,"Hall, Pierce and Bennett",P1624,14,3.0
SUP8089,Gibson-Cain,P8280,8,3.8
SUP8090,"Mullins, Price and Webb",P2384,13,2.6
SUP8091,Parker-Keller,P3048,6,3.0
SUP8092,Anderson-Nelson,P409,6,4.0
SUP8093,Dunn-Walker,P8065,19,2.5
SUP8094,"Garner, Young and James",P487,12,2.5
SUP8095,Williams LLC,P428,18,4.6
SUP8096,"Brown, Rivera and Powell",P5064,13,3.2
SUP8097,Bentley-Sheppard,P5964,18,3.6
SUP8098,Miller Group,P1709,19,3.3
SUP8099,Anderson PLC,P1727,9,2.8
SUP8100,Khan Ltd,P2652,9,2.6
SUP8101,Simon-Suarez,P3564,11,2.8
SUP8102,Burns Inc,P9179,2,4.2
SUP8103,Perez-Richards,P8259,6,2.7
SUP8104,Russo Group,P5644,6,3.1
SUP8105,Lowe Inc,P2994,12,3.7
SUP8106,"Brennan, Morris and Rivera",P666,12,3.1
SUP8107,"Mckay, Taylor and Lucas",P6062,18,3.6
SUP8108,Sutton-Delgado,P5067,3,2.5
SUP8109,"Davenport, Gibson and Gomez",P7396,13,3.9
SUP8110,Phillips Group,P1369,10,3.3
SUP8111,Aguilar-Parrish,P6511,9,2.7
SUP8112,Burns-Webster,P3197,12,2.6
SUP8113,Snyder-Macdonald,P1562,13,4.4
SUP8114,Simmons-Walker,P4860,11,3.2
SUP8115,Chavez and Sons,P5799,17,4.1
SUP8116,Munoz-Bass,P4963,7,4.1
SUP8117,Hill-Jensen,P9473,19,3.7
SUP8118,"Stout, Wright and Wilson",P1784,18,4.4
SUP8119,Duncan PLC,P5495,14,3.5
SUP8120,Kaiser-Green,P3013,8,3.6
SUP8121,Lyons-Allen,P3671,17,2.9
SUP8122,Clayton-Yates,P3896,5,3.8
SUP8123,Key Ltd,P8104,17,2.9
SUP8124,"Ross, Johnson and Snyder",P7527,8,4.7
SUP8125,Rice PLC,P7500,11,4.9
SUP8126,Rodriguez-Ponce,P8408,12,2.9
SUP8127,Daugherty-Young,P6600,18,4.2
SUP8128,Santiago-Hernandez,P7315,19,3.7
SUP8129,Walker Inc,P236,14,3.9
SUP8130,"Baldwin, Kirby and Hutchinson",P5080,17,3.2
SUP8131,Woods-Holmes,P8727,20,3.3
SUP8132,Aguilar Group,P1848,10,2.9
SUP8133,Taylor-Sawyer,P6730,14,3.5
SUP8134,Shaw and Sons,P1554,18,3.4
SUP8135,"Olsen, Rios and Patrick",P3182,12,4.9
SUP8136,"Richardson, Owen and Vasquez",P5356,5,4.5
SUP8137,Yates and Sons,P4367,10,4.9
SUP8138,"Bean, Foley and Avery",P3713,12,4.3
SUP8139,Cunningham-Edwards,P1238,13,2.8
SUP8140,Alexander PLC,P8292,6,3.8
SUP8141,Leach PLC,P3010,9,3.4
SUP8142,Thomas-Blanchard,P4861,5,2.7
SUP8143,"Obrien, Johnson and Barnes",P6116,17,4.8
SUP8144,Smith PLC,P5999,8,2.8
SUP8145,"Bailey, Gross and Brown",P5202,7,4.7
SUP8146,Taylor-Bennett,P2373,8,2.7
SUP8147,Monroe and Sons,P1519,6,3.5
SUP8148,Cunningham and Sons,P9978,6,3.1
SUP8149,Ruiz Group,P4695,7,4.9
SUP8150,"Jensen, Andrews and Smith",P4225,6,2.7
SUP8151,"Sexton, Cruz and Dawson",P4893,3,4.4
SUP8152,"Martin, Murray and Arnold",P3944,11,3.0
SUP8153,Haley and Sons,P9825,9,2.9
SUP8154,Green-Martinez,P7086,14,4.4
SUP8155,Ray Group,P9139,17,4.2
SUP8156,"Williams, Brown and Rogers",P9930,15,3.3
SUP8157,"Mann, Soto and Castillo",P1189,2,3.1
SUP8158,Salinas-Baldwin,P4435,3,2.6
SUP8159,Martinez LLC,P1274,6,4.9
SUP8160,Morales PLC,P602,16,3.1
SUP8161,Fox-Cohen,P8370,11,3.7
SUP8162,Mckinney PLC,P6794,14,4.5
SUP8163,Smith Group,P4987,8,3.0
SUP8164,"Gilmore, Oconnell and Foley",P1446,10,4.7
SUP8165,Martinez Group,P3351,4,4.7
SUP8166,"Shepherd, Cooley and Thomas",P1301,17,4.2
SUP8167,Acosta-Brown,P684,6,3.3
SUP8168,"Reynolds, Cline and Brown",P6828,7,3.3
SUP8169,Hobbs Ltd,P5740,12,3.8
SUP8170,Rice and Sons,P8171,8,2.8
SUP8171,Ward-Carrillo,P8281,12,4.8
SUP8172,Cruz-Morgan,P191,19,4.1
SUP8173,Myers Group,P8888,2,2.8
SUP8174,Hoover-Price,P3736,13,4.4
SUP8175,Torres Inc,P2742,16,4.6
SUP8176,Aguilar PLC,P3098,18,4.1
SUP8177,Miller-Mcdaniel,P5368,20,2.9
SUP8178,Miller and Sons,P1318,10,4.1
SUP8179,Walker-Green,P8624,17,4.5
SUP8180,"Martinez, Hill and Terry",P8195,12,2.7
SUP8181,Sanchez-Chase,P1729,17,4.8
SUP8182,Gonzales-Lee,P8829,20,4.4
SUP8183,"Brown, Mann and Henderson",P5324,14,2.7
SUP8184,Wilson LLC,P177,7,4.8
SUP8185,Mitchell Inc,P5561,15,5.0
SUP8186,Marshall Group,P8542,11,3.7
SUP8187,Williams Ltd,P570,4,3.0
SUP8188,Glenn-Mccormick,P5577,7,3.3
SUP8189,Perez PLC,P8014,19,4.2
SUP8190,Martin-Gibbs,P7372,19,4.3
SUP8191,Taylor-Shaw,P6792,4,2.9
SUP8192,Hall Ltd,P6116,7,3.9
SUP8193,Mays-Wilson,P6239,18,3.9
SUP8194,"Hampton, Brewer and Gibson",P8384,13,4.5
SUP8195,Moreno and Sons,P8791,5,3.7
SUP8196,"Russell, Mendoza and White",P700,16,2.6
SUP8197,"Garcia, Robinson and Walker",P4119,7,2.9
SUP8198,"Adams, Brown and Smith",P1104,11,2.6
SUP8199,Stevens Group,P114,14,4.5
SUP8200,Gray-Carter,P9881,17,4.8
SUP8201,Moore-Morales,P8980,5,3.6
SUP8202,"Collins, Snow and Mcdaniel",P4046,13,4.5
SUP8203,Mullins-Mitchell,P3265,11,4.4
SUP8204,"Mckinney, Gonzalez and Haynes",P4219,10,2.8
SUP8205,Black and Sons,P6773,9,2.5
SUP8206,"Jones, Leon and Ramirez",P420,14,2.8
SUP8207,Stevenson LLC,P1868,15,4.4
SUP8208,"Anderson, Rivas and Ward",P4917,2,2.9
SUP8209,Murillo Inc,P3425,13,2.9
SUP8210,"White, Wright and Harris",P6547,13,4.7
SUP8211,Wright-Gregory,P9432,3,4.4
SUP8212,Sampson-Bailey,P1879,3,3.0
SUP8213,Webster-Bautista,P7610,5,4.6
SUP8214,"Marks, May and Weiss",P2868,18,3.8
SUP8215,Cross Inc,P7459,15,3.6
SUP8216,Goodwin-Morrison,P4771,19,4.7
SUP8217,Pierce-Johnson,P2843,5,4.4
SUP8218,Valdez Ltd,P541,13,2.6
SUP8219,Jones-Jimenez,P4468,9,3.6
SUP8220,Oneill-Hester,P9678,20,4.6
SUP8221,Charles Inc,P8278,17,4.1
SUP8222,"Cole, Phelps and Watts",P2489,18,4.0
SUP8223,"Boyer, Chandler and Cervantes",P6614,5,2.9
SUP8224,"Lin, Black and Shaffer",P3148,3,2.8
SUP8225,"Watts, White and Price",P2480,7,2.9
SUP8226,Martin Ltd,P7112,8,3.9
SUP8227,"Decker, Moore and Garner",P2083,10,4.4
SUP8228,Castaneda-Lopez,P7874,7,2.8
SUP8229,"Pineda, Buck and Maldonado",P3046,2,3.9
SUP8230,Palmer Ltd,P5955,13,4.2
SUP8231,"Rivers, Mcbride and Collins",P1972,3,4.7
SUP8232,"Coleman, Fowler and Warren",P4762,13,3.2
SUP8233,"Davis, Washington and Pittman",P2441,13,4.8
SUP8234,"Pineda, Gross and Gonzalez",P493,5,3.1
SUP8235,Davis-Strickland,P6023,11,4.7
SUP8236,Parker PLC,P5554,10,3.3
SUP8237,Stafford PLC,P7932,6,4.1
SUP8238,"Rodriguez, Goodwin and Bowers",P6655,8,3.0
SUP8239,"Wells, Hardin and Anderson",P4623,8,4.9
SUP8240,"Rodriguez, Jacobson and Robertson",P76,9,5.0
SUP8241,Myers-Fox,P4687,19,5.0
SUP8242,"Hunter, Randall and Sanchez",P2386,16,4.6
SUP8243,"Cunningham, Salazar and Lyons",P8059,19,3.9
SUP8244,Peterson-Smith,P9682,20,2.7
SUP8245,Hensley LLC,P3902,12,2.8
SUP8246,"Jensen, Clark and Hernandez",P1424,5,3.4
SUP8247,"Brooks, Brooks and King",P4010,15,3.7
SUP8248,Mendez Group,P4777,15,4.2
SUP8249,Wood Inc,P164,13,3.3
SUP8250,Bell and Sons,P1684,6,3.0
SUP8251,Johnson-Miller,P8829,20,2.9
SUP8252,Banks-Webb,P329,5,3.5
SUP8253,"Lawrence, Doyle and Murray",P1969,13,5.0
SUP8254,Vega LLC,P1121,6,3.1
SUP8255,Fisher Inc,P2524,18,3.5
SUP8256,Simmons and Sons,P5378,9,3.8
SUP8257,Mathews-Vazquez,P7345,5,3.3
SUP8258,Reese-Price,P3661,14,3.8
SUP8259,"Brown, Miller and Richardson",P1972,10,4.7
SUP8260,Payne and Sons,P7949,16,3.7
SUP8261,Preston and Sons,P5614,8,4.5
SUP8262,"Campbell, Anderson and Barnett",P5960,18,4.9
SUP8263,Vargas-Wiley,P2431,7,4.9
SUP8264,Atkinson Inc,P6082,11,3.9
SUP8265,"Solis, Bonilla and Davis",P434,15,3.5
SUP8266,Mann-Rogers,P3154,17,3.1
SUP8267,"Hernandez, Kirby and Chan",P4732,7,4.1
SUP8268,Benson LLC,P9465,17,4.1
SUP8269,Perez-Winters,P1788,9,3.0
SUP8270,Bowers-Cantu,P3301,12,3.1
SUP8271,"Smith, Rogers and Vargas",P4537,12,3.8
SUP8272,"Jacobs, Cook and Soto",P4533,18,4.3
SUP8273,"Bradford, Brown and Moon",P2874,8,2.6
SUP8274,Kramer PLC,P3069,17,2.7
SUP8275,"Wilson, Graham and Roberts",P6794,4,3.0
SUP8276,Mcgee LLC,P373,20,4.2
SUP8277,"Nelson, Griffin and Green",P5376,17,4.8
SUP8278,"Calhoun, Frost and Rodriguez",P7677,17,4.7
SUP8279,Cunningham and Sons,P4815,9,4.1
SUP8280,Watson-Higgins,P6839,10,4.9
SUP8281,Reid-Hess,P2337,5,3.9
SUP8282,Orr Inc,P843,16,4.8
SUP8283,"Mcgee, Howard and James",P5703,6,4.1
SUP8284,"Gonzalez, Butler and Allen",P9615,9,3.0
SUP8285,Ferguson and Sons,P2012,6,2.6
SUP8286,Howard-Ray,P5595,6,3.0
SUP8287,Roberson Ltd,P5339,18,4.5
SUP8288,"James, Hicks and Maldonado",P4855,3,4.4
SUP8289,Mills-Valdez,P6568,13,3.6
SUP8290,"Thomas, Montgomery and Young",P7627,12,3.5
SUP8291,"Anderson, Allen and Ibarra",P8659,7,4.4
SUP8292,Cook-Turner,P5938,15,2.7
SUP8293,Newman Ltd,P3700,14,2.8
SUP8294,"Singleton, Owens and Andersen",P2346,15,4.1
SUP8295,"Williams, Fernandez and Morris",P8584,5,3.7
SUP8296,Wu Group,P1443,3,4.8
SUP8297,Salas-Acevedo,P6508,7,4.7
SUP8298,Rogers-Calderon,P746,10,3.9
SUP8299,"Robertson, Vaughn and Moore",P7712,5,3.9
SUP8300,Santos-Nicholson,P4557,3,3.5
SUP8301,"Cross, Macias and Gray",P9767,14,4.2
SUP8302,Reynolds-Tran,P8759,18,4.3
SUP8303,Rogers Inc,P6313,13,4.3
SUP8304,"Farley, Jackson and Little",P9484,8,3.6
SUP8305,"Chapman, Smith and Kelly",P6286,6,4.4
SUP8306,"Garcia, Buchanan and Mckenzie",P7750,19,2.8
SUP8307,Lopez Inc,P4532,10,4.8
SUP8308,"Jones, Chan and Macias",P2661,15,4.6
SUP8309,"Sparks, Jones and Mayer",P5049,4,5.0
SUP8310,Martin PLC,P5940,2,3.7
SUP8311,Lawson-Hicks,P9590,4,4.1
SUP8312,Rivera-Bennett,P7190,14,5.0
SUP8313,Cain Group,P3341,14,3.4
SUP8314,Frost LLC,P8852,6,4.2
SUP8315,"Allen, Moore and House",P3862,4,2.9
SUP8316,"Morgan, Leach and Hunt",P3823,2,3.3
SUP8317,Fowler Inc,P7319,8,2.8
SUP8318,Callahan Group,P9852,5,4.4
SUP8319,Peters-Avila,P3513,17,3.0
SUP8320,James-Mendoza,P5405,2,3.7
SUP8321,"Trujillo, Turner and Gonzalez",P7118,5,4.4
SUP8322,"Bennett, Lane and Wilson",P4636,15,3.1
SUP8323,Rojas and Sons,P5307,9,4.3
SUP8324,"Robertson, Ramsey and Hart",P9200,2,4.8
SUP8325,Williams-Fisher,P4976,18,2.9
SUP8326,Thomas-Garcia,P7874,14,4.7
SUP8327,"James, Henry and Bennett",P9980,17,3.0
SUP8328,"Campbell, Tyler and Nguyen",P7885,6,3.6
SUP8329,"Barnes, Velasquez and Edwards",P7513,9,2.9
SUP8330,Noble-Buchanan,P5566,14,3.4
SUP8331,Brady-Zhang,P7338,19,4.4
SUP8332,Brown-Lopez,P1176,18,3.6
SUP8333,Rivera-Harris,P36,12,4.8
SUP8334,Johnson-Brown,P4735,13,4.2
SUP8335,Lindsey Inc,P8239,18,3.6
SUP8336,Kennedy Inc,P1443,14,3.6
SUP8337,Palmer Ltd,P712,6,4.4
SUP8338,Sims-Nichols,P5850,11,3.4
SUP8339,Thompson LLC,P937,3,3.1
SUP8340,"Taylor, Flores and Jones",P263,6,3.2
SUP8341,"Johnson, Hicks and Ortega",P2634,3,2.7
SUP8342,Smith-Medina,P8831,11,4.2
SUP8343,Miller-Horton,P2685,12,4.2
SUP8344,"Padilla, Smith and Harrison",P1457,2,3.0
SUP8345,Marsh-Oconnell,P4668,13,4.9
SUP8346,Miller-Thornton,P7419,19,3.7
SUP8347,Patrick-Galloway,P1846,15,4.0
SUP8348,Butler-Smith,P9018,17,4.9
SUP8349,"Beard, Roberts and Arias",P4150,11,3.9
SUP8350,Gonzalez-Cherry,P9004,17,4.4
SUP8351,Hayden PLC,P6860,9,4.1
SUP8352,"Shaffer, Anderson and Richardson",P6269,6,4.4
SUP8353,Hall-Thompson,P3479,3,4.5
SUP8354,"Roberts, Park and Knapp",P993,11,3.9
SUP8355,Combs Ltd,P5320,3,2.6
SUP8356,Brown PLC,P5075,2,4.8
SUP8357,"Walsh, Andrews and Patterson",P3788,8,4.6
SUP8358,"Tran, Wilson and Cochran",P3904,9,2.9
SUP8359,Peterson-Smith,P1335,15,3.5
SUP8360,"Weaver, Torres and Vega",P4853,9,3.1
SUP8361,Collins-Cardenas,P6775,4,4.4
SUP8362,Montgomery LLC,P3952,2,3.8
SUP8363,Wilson LLC,P5113,10,3.2
SUP8364,Potter Ltd,P4576,14,4.9
SUP8365,Smith LLC,P8535,2,4.3
SUP8366,Burgess LLC,P4752,7,3.0
SUP8367,Webster Group,P2912,3,3.5
SUP8368,"Patterson, Hansen and Underwood",P2240,16,4.2
SUP8369,Logan PLC,P4846,9,4.9
SUP8370,"Jones, Murray and Robinson",P355,20,4.2
SUP8371,Mcfarland-Chambers,P2871,18,3.5
SUP8372,Nelson-Stafford,P1182,16,5.0
SUP8373,"Cummings, White and Lewis",P1050,17,4.2
SUP8374,Foster-Barnes,P3753,3,2.9
SUP8375,"Burke, Yang and Myers",P9299,12,4.2
SUP8376,Evans PLC,P2089,11,2.5
SUP8377,Petersen Ltd,P2288,20,2.6
SUP8378,Taylor-Barrera,P3470,16,3.6
SUP8379,Phillips-Boyle,P2029,2,4.4
SUP8380,"Osborne, Adams and Moran",P8132,13,2.5
SUP8381,Bernard LLC,P6118,12,3.5
SUP8382,Carr-Prince,P3628,2,4.0
SUP8383,Hanson and Sons,P5494,8,4.0
SUP8384,Rodriguez-Pierce,P1989,15,4.2
SUP8385,Alexander-Howell,P812,17,4.4
SUP8386,Owen Group,P5270,14,3.0
SUP8387,"Pearson, Singleton and Gonzales",P5134,13,4.7
SUP8388,Moody-Hernandez,P5993,15,2.6
SUP8389,Vargas LLC,P180,5,5.0
SUP8390,Richards-Pennington,P3175,4,3.1
SUP8391,Ray-Moore,P3733,4,4.8
SUP8392,Vasquez-Martinez,P8766,10,4.1
SUP8393,Dixon-Blanchard,P2857,8,3.7
SUP8394,"Hardy, Avery and Barnett",P2979,13,3.6
SUP8395,Walsh Inc,P8394,6,4.8
SUP8396,"Wilkerson, Estrada and David",P2192,16,2.5
SUP8397,Adams and Sons,P5480,14,4.6
SUP8398,Johnson PLC,P8072,2,3.8
SUP8399,"Ramirez, Hicks and Whitaker",P9611,10,4.9
SUP8400,Beasley-Davis,P7205,2,3.1
SUP8401,"Martin, Stein and Martin",P7068,16,3.6
SUP8402,"Cunningham, Hayes and Johnson",P6494,16,4.3
SUP8403,"Mcconnell, Barton and Mann",P7401,5,4.3
SUP8404,Hart-Reed,P2179,13,3.7
SUP8405,Mills-Stewart,P4629,6,4.2
SUP8406,Miller Ltd,P6192,18,4.0
SUP8407,Benitez PLC,P1385,12,4.6
SUP8408,"Lutz, Griffith and Vega",P9552,11,4.7
SUP8409,"Vaughn, Mcclain and Dean",P8261,4,2.6
SUP8410,"Mcclain, Cochran and Robinson",P1189,2,2.9
SUP8411,Hall-Cooper,P6462,15,4.7
SUP8412,Richardson-Adams,P1494,18,3.8
SUP8413,Zuniga Inc,P7613,17,4.5
SUP8414,"Duffy, Lewis and Adams",P639,18,4.1
SUP8415,Taylor-Cox,P3041,20,3.1
SUP8416,Fisher PLC,P2604,3,3.8
SUP8417,"Mccarty, Hall and Herrera",P383,6,3.4
SUP8418,Tapia-Townsend,P5597,15,3.3
SUP8419,Newman Group,P1282,11,2.9
SUP8420,Snyder Ltd,P3835,12,4.7
SUP8421,"Donovan, Garcia and Massey",P2918,10,3.6
SUP8422,Figueroa-Smith,P3935,17,3.2
SUP8423,"Hull, Gonzalez and Hardin",P6447,3,2.6
SUP8424,"Willis, Elliott and Howard",P9178,10,3.1
SUP8425,"Cabrera, Diaz and Newman",P8866,13,3.1
SUP8426,Davis Group,P4787,8,4.4
SUP8427,Coffey-Santiago,P6284,14,3.6
SUP8428,"Lawson, Roberts and Ward",P3166,18,4.8
SUP8429,Pacheco Group,P6840,4,4.7
SUP8430,Ellis and Sons,P8591,10,4.5
SUP8431,Bond-Sutton,P5575,12,2.7
SUP8432,Brandt Ltd,P7938,20,2.6
SUP8433,Hart-Hunter,P4585,20,4.3
SUP8434,"Garcia, Barber and Barron",P3645,14,3.2
SUP8435,Hunt Ltd,P8125,13,3.9
SUP8436,Mercado Ltd,P9269,11,4.0
SUP8437,"Frazier, Smith and Tanner",P3583,10,2.9
SUP8438,Poole-Lynch,P6435,20,4.7
SUP8439,"Warren, Mendez and Hale",P1042,9,4.2
SUP8440,"Pearson, Maldonado and Roberts",P5667,11,2.5
SUP8441,Alvarado Ltd,P9249,17,3.4
SUP8442,Hall LLC,P3890,17,4.9
SUP8443,Delgado-Simon,P5869,17,3.4
SUP8444,Anderson-Adams,P8024,12,4.8
SUP8445,Manning PLC,P258,9,2.8
SUP8446,Frazier-Mason,P9424,13,4.9
SUP8447,"Marshall, Phillips and Castillo",P5277,10,2.6
SUP8448,"Howell, Bauer and Wilson",P4066,11,4.2
SUP8449,"Johnson, Hernandez and Ramos",P5080,16,3.7
SUP8450,Shelton-Knapp,P1878,8,3.0
SUP8451,Ford Group,P8059,16,3.3
SUP8452,"Allen, Porter and Edwards",P5591,17,3.1
SUP8453,Carpenter-Nguyen,P8214,9,4.4
SUP8454,Lawrence-Carter,P8719,16,4.7
SUP8455,Robinson Inc,P1012,17,4.3
SUP8456,Bruce-Rogers,P6261,17,4.8
SUP8457,Flynn Ltd,P5543,5,4.9
SUP8458,"Khan, Hoover and Holmes",P4735,19,5.0
SUP8459,Mccarthy PLC,P4724,17,2.7
SUP8460,Bauer and Sons,P2415,2,3.2
SUP8461,Smith LLC,P650,20,4.5
SUP8462,"Cervantes, Cox and Martinez",P5344,15,3.0
SUP8463,Sanders and Sons,P9365,10,2.9
SUP8464,Chang Inc,P2021,18,3.7
SUP8465,Fletcher-Vaughn,P7440,8,3.8
SUP8466,Parsons LLC,P3435,10,2.9
SUP8467,Green-Martinez,P6816,11,5.0
SUP8468,Taylor Inc,P2476,2,4.7
SUP8469,Powell Ltd,P9861,10,3.6
SUP8470,"Stephens, Stafford and Hill",P659,8,4.4
SUP8471,"Burton, Hansen and Salazar",P530,6,3.0
SUP8472,"Bruce, Hernandez and Myers",P4164,3,5.0
SUP8473,Ramirez Inc,P1109,2,4.9
SUP8474,"Barnes, Rodriguez and Valenzuela",P38,14,3.8
SUP8475,"Price, Rogers and Diaz",P7607,16,2.8
SUP8476,Singh Ltd,P8702,6,3.9
SUP8477,"Hartman, Oconnor and Miller",P6650,12,4.4
SUP8478,Evans-Brooks,P2129,15,2.8
SUP8479,"Ramirez, Bass and Anderson",P4672,13,3.2
SUP8480,Campbell and Sons,P6296,6,4.1
SUP8481,"Levy, Estrada and Foster",P2736,4,5.0
SUP8482,Lee Group,P9814,13,2.8
SUP8483,Soto-Smith,P7635,8,3.1
SUP8484,Morse-Jenkins,P4203,20,4.9
SUP8485,Turner-Smith,P6703,8,2.5
SUP8486,White Ltd,P6247,8,4.8
SUP8487,Blackwell PLC,P7452,17,4.4
SUP8488,Paul PLC,P2733,12,2.6
SUP8489,Bond-Mcintyre,P9525,4,3.0
SUP8490,Howard and Sons,P3853,16,3.2
SUP8491,Clark Group,P7643,9,3.6
SUP8492,Keith Group,P8975,10,2.8
SUP8493,Jacobs LLC,P952,4,4.8
SUP8494,Collins Ltd,P2416,6,4.4
SUP8495,Brown-Ford,P5623,7,2.9
SUP8496,"Buchanan, Weaver and Smith",P8513,10,3.0
SUP8497,Andrews PLC,P7042,16,2.6
SUP8498,Mathews Group,P3844,10,3.6
SUP8499,Bernard-Price,P3143,11,2.9
SUP8500,Ross-Black,P7404,16,3.8
SUP8501,Mitchell PLC,P3230,14,3.8
SUP8502,"Erickson, Richards and Crawford",P8858,5,3.6
SUP8503,Reynolds PLC,P5005,13,4.4
SUP8504,Webster-Perez,P7038,18,2.6
SUP8505,Gonzalez LLC,P2899,3,4.5
SUP8506,Stone PLC,P718,20,3.2
SUP8507,Thompson-Mcneil,P3989,10,4.1
SUP8508,James-Mitchell,P9466,3,4.6
SUP8509,Bruce Ltd,P9656,3,4.7
SUP8510,"Chan, Burnett and Ramos",P5915,6,4.4
SUP8511,Rogers-Welch,P4346,17,5.0
SUP8512,Burgess LLC,P4507,5,3.8
SUP8513,Martin-Moore,P6480,2,3.4
SUP8514,Ortiz-Davis,P3904,12,3.7
SUP8515,Bailey-Gray,P1265,4,4.5
SUP8516,Carey-Roberts,P9485,16,2.7
SUP8517,Fields-Bishop,P2356,16,3.5
SUP8518,Elliott-Baldwin,P5606,8,3.6
SUP8519,Taylor Ltd,P1172,16,2.5
SUP8520,"Kirk, Ponce and Sullivan",P98,16,3.6
SUP8521,Stark and Sons,P1493,6,2.7
SUP8522,Orr PLC,P7315,15,3.5
SUP8523,Miller-Rodriguez,P6536,3,3.6
SUP8524,Todd Inc,P7479,11,3.2
SUP8525,Chambers-Cannon,P5746,9,3.3
SUP8526,"Gross, Weber and Marquez",P8729,6,4.8
SUP8527,Rhodes-Cooley,P1228,15,4.7
SUP8528,Waters Ltd,P2003,2,4.3
SUP8529,Martin Inc,P4406,15,3.3
SUP8530,Evans-Williams,P6207,11,3.4
SUP8531,"Schmidt, Gomez and Williams",P4786,10,3.8
SUP8532,"Berry, Maynard and Taylor",P1204,12,4.4
SUP8533,Miller-Berger,P6579,7,4.9
SUP8534,Hall Group,P1162,16,3.6
SUP8535,"Hayes, Andrews and Jones",P6964,15,2.5
SUP8536,Stewart-Sanchez,P3022,5,4.9
SUP8537,Vance-Freeman,P9982,7,3.3
SUP8538,Cline Inc,P7615,18,3.2
SUP8539,"Bullock, Jones and Mora",P4944,15,4.8
SUP8540,Simpson-Sullivan,P2958,13,2.7
SUP8541,Cooper and Sons,P3696,8,3.4
SUP8542,Wilson-Bell,P9886,10,2.6
SUP8543,"Barton, Brown and Bailey",P8291,14,2.8
SUP8544,"Torres, Butler and Cunningham",P7127,17,3.5
SUP8545,"Johnson, Boyd and Lawrence",P4726,2,2.7
SUP8546,"Fisher, Brown and Roman",P1664,18,4.7
SUP8547,Wyatt Group,P1295,18,3.0
SUP8548,"Carroll, Harris and Moreno",P2177,8,2.8
SUP8549,"Beasley, Fuller and Evans",P4675,7,4.8
SUP8550,Mills-Garcia,P3714,4,3.3
SUP8551,"Sanders, Salinas and White",P1900,12,4.6
SUP8552,Madden-Dominguez,P8467,13,4.2
SUP8553,Davis-Wallace,P4461,15,2.7
SUP8554,Jones-Watson,P9446,13,3.8
SUP8555,"Wilson, Collins and Williams",P827,3,3.9
SUP8556,King Group,P2055,11,3.8
SUP8557,"Gill, Williams and Deleon",P6878,18,2.7
SUP8558,Long-Howard,P1807,18,3.4
SUP8559,Ford-Reid,P1053,10,3.7
SUP8560,Massey PLC,P4791,6,4.8
SUP8561,Morales-Park,P1118,7,4.9
SUP8562,"West, Ortiz and Armstrong",P8671,6,3.8
SUP8563,Kemp-Adams,P6299,3,3.5
SUP8564,Mcintosh Group,P30,5,4.7
SUP8565,"Hughes, Stewart and Buchanan",P7096,13,3.7
SUP8566,Morris Inc,P8792,19,4.8
SUP8567,Holmes Group,P6781,13,4.0
SUP8568,"Anderson, Williams and Neal",P8445,14,4.3
SUP8569,Lee-Young,P1539,12,3.1
SUP8570,Gonzalez-Ellis,P9391,11,3.7
SUP8571,Underwood Ltd,P2708,13,3.9
SUP8572,Howell Group,P1473,4,2.6
SUP8573,Hopkins-Benjamin,P6691,7,4.0
SUP8574,Daniel-Griffith,P7487,19,4.1
SUP8575,Taylor-Price,P7508,18,2.9
SUP8576,Little Inc,P8901,12,4.8
SUP8577,"Nichols, Miller and Gray",P2423,20,2.6
SUP8578,"Williams, Rodriguez and Lopez",P8266,20,3.3
SUP8579,"Gallegos, Lopez and Acosta",P1615,4,3.2
SUP8580,"Shelton, Harris and Davis",P2938,4,4.4
SUP8581,Manning PLC,P5210,10,3.4
SUP8582,"Nelson, Kirby and Hanson",P4349,19,4.3
SUP8583,Cordova Group,P2208,14,2.9
SUP8584,"Watkins, Ward and Collins",P2731,6,4.7
SUP8585,Myers and Sons,P6858,17,3.8
SUP8586,Irwin-Skinner,P1571,6,4.5
SUP8587,Foster-Rivera,P824,13,3.2
SUP8588,Frazier-Jones,P8361,8,3.3
SUP8589,Rivera Ltd,P9673,16,4.1
SUP8590,Phillips Group,P7627,8,4.0
SUP8591,Curry-Johnson,P9940,7,3.1
SUP8592,Ramirez-Guerrero,P978,16,4.3
SUP8593,Brown LLC,P829,13,3.0
SUP8594,"Snyder, Wells and Aguirre",P81,7,4.1
SUP8595,Blair and Sons,P3227,4,4.6
SUP8596,"Shaffer, Cain and Ruiz",P8294,4,3.3
SUP8597,"Gonzalez, Harrison and Hall",P532,12,4.7
SUP8598,Oconnell-Green,P8911,3,4.4
SUP8599,Brewer Group,P8883,8,4.6
SUP8600,Martin and Sons,P1031,19,3.1
SUP8601,"Farley, Scott and Williams",P8679,12,4.8
SUP8602,"Turner, Liu and Graham",P574,7,3.1
SUP8603,Williams-Jones,P164,20,3.6
SUP8604,Jenkins-Brown,P168,20,3.5
SUP8605,Robinson-Ortiz,P7463,14,3.8
SUP8606,"Richards, Lloyd and Price",P9716,6,3.7
SUP8607,Casey Group,P4690,11,4.6
SUP8608,Bass-Riddle,P7011,9,3.9
SUP8609,Hubbard Inc,P5200,5,3.9
SUP8610,"Oliver, Everett and Ramsey",P6709,9,3.8
SUP8611,Butler Group,P9029,14,2.7
SUP8612,"Townsend, Nixon and Collier",P9799,14,3.5
SUP8613,"Byrd, Mack and Reynolds",P7797,17,3.8
SUP8614,"Meyer, Young and Johnson",P4901,20,2.5
SUP8615,Smith and Sons,P9464,10,3.7
SUP8616,Smith-Johnson,P5524,8,3.1
SUP8617,Medina-Hamilton,P6312,8,3.0
SUP8618,Norris and Sons,P8961,17,4.4
SUP8619,Matthews-Clark,P5149,17,4.1
SUP8620,"James, Hodges and Obrien",P4424,14,4.2
SUP8621,Williams Inc,P1638,13,3.8
SUP8622,Little-Dawson,P7570,12,3.7
SUP8623,Gomez-Gaines,P3458,16,4.5
SUP8624,Jones Inc,P672,10,3.2
SUP8625,Baker Ltd,P9550,8,3.8
SUP8626,"Howard, Adams and Holmes",P5781,18,4.2
SUP8627,Duran-Gomez,P5973,3,3.7
SUP8628,"White, Velez and Romero",P1220,9,2.8
SUP8629,Howell-Rodriguez,P8438,9,3.8
SUP8630,"Perry, Young and Schwartz",P2693,18,3.2
SUP8631,Arnold LLC,P3377,12,3.6
SUP8632,Castillo and Sons,P3177,8,3.1
SUP8633,"Cruz, Burns and Simpson",P3286,18,3.5
SUP8634,"Huynh, Joseph and Sanchez",P4629,18,3.8
SUP8635,Bradford Inc,P5143,14,4.2
SUP8636,"White, Huang and Vaughn",P4138,8,4.4
SUP8637,"Donaldson, Franco and Holmes",P4598,2,3.9
SUP8638,"Gonzalez, Shea and Young",P530,5,3.1
SUP8639,"Hall, Douglas and Stevens",P6919,12,4.7
SUP8640,Rush-Harmon,P4105,15,2.6
SUP8641,"Baker, Jackson and Hansen",P1733,15,4.2
SUP8642,Burnett Ltd,P6290,13,4.8
SUP8643,Tran-Greene,P4233,3,4.8
SUP8644,Thompson-Strong,P2838,9,4.1
SUP8645,Myers-Bauer,P8495,2,4.6
SUP8646,Thompson-Brown,P1231,8,3.0
SUP8647,"Bell, Jones and Wade",P7415,19,2.5
SUP8648,Bishop-Dougherty,P978,12,4.9
SUP8649,Thompson-Copeland,P8905,12,4.4
SUP8650,Gibson PLC,P4534,19,3.4
SUP8651,Nelson PLC,P8934,5,3.5
SUP8652,Rosario-Morgan,P3456,6,4.4
SUP8653,Shields-Browning,P5786,18,3.5
SUP8654,Craig PLC,P6227,4,4.8
SUP8655,"Bell, Macdonald and Duarte",P5560,9,4.2
SUP8656,Jackson Inc,P9577,4,3.7
SUP8657,Hamilton-Henry,P7773,12,2.9
SUP8658,Bell PLC,P2666,14,3.6
SUP8659,Wise Inc,P2284,10,3.9
SUP8660,"Williamson, Bush and Wise",P5729,5,5.0
SUP8661,Jones Group,P9363,11,4.3
SUP8662,Diaz-Mcclain,P8121,15,4.7
SUP8663,"Burke, Dawson and Larson",P5593,4,4.3
SUP8664,"Hampton, Petty and Rose",P5262,12,4.2
SUP8665,"Franklin, Richardson and Galloway",P3396,11,4.3
SUP8666,"Buchanan, Gonzales and Lopez",P7883,3,2.6
SUP8667,"Nelson, Reeves and Burns",P3510,14,4.9
SUP8668,Chapman-Randall,P2473,12,4.4
SUP8669,"Salazar, Reynolds and Sloan",P6978,9,2.6
SUP8670,Caldwell and Sons,P6052,12,3.7
SUP8671,"Baker, Sanchez and Davis",P3000,16,4.5
SUP8672,Harrison LLC,P4286,8,3.0
SUP8673,Harrell LLC,P2261,11,3.3
SUP8674,Johnson and Sons,P9558,7,4.3
SUP8675,Vasquez Ltd,P1889,5,3.8
SUP8676,"Burns, Porter and Long",P8818,4,4.7
SUP8677,Wright PLC,P8540,20,4.1
SUP8678,Moore Inc,P382,18,3.9
SUP8679,Lucas-Jones,P9391,13,3.9
SUP8680,"Williams, Sherman and Parker",P8078,3,3.5
SUP8681,Perkins-Petty,P9749,18,2.9
SUP8682,Young Inc,P3602,4,4.1
SUP8683,Cook Group,P7782,7,3.5
SUP8684,Williams LLC,P6995,4,3.3
SUP8685,"Conway, Ford and Reynolds",P1679,6,4.6
SUP8686,Smith-Hernandez,P209,2,3.7
SUP8687,Reyes-Collins,P2335,12,3.8
SUP8688,Ho LLC,P9518,16,3.2
SUP8689,"Lane, Coleman and Brooks",P4238,13,4.6
SUP8690,"Tran, Keith and Scott",P9838,19,4.3
SUP8691,"Schwartz, Walker and Garcia",P3636,8,4.4
SUP8692,"Martinez, James and Chavez",P6492,12,3.4
SUP8693,"Crawford, Pace and Miller",P8551,18,2.7
SUP8694,Jensen-Morris,P312,15,4.7
SUP8695,Santana-Garcia,P8812,14,3.0
SUP8696,Dixon-Schneider,P5942,8,4.6
SUP8697,Walker-Weber,P4334,15,2.5
SUP8698,King LLC,P4622,15,4.9
SUP8699,Patel Inc,P9277,17,3.2
SUP8700,"Miller, Myers and Hughes",P2948,5,4.3
SUP8701,Gomez Inc,P4659,10,4.4
SUP8702,Hensley and Sons,P1365,9,4.3
SUP8703,Mayer-Green,P2238,2,2.9
SUP8704,"Hoffman, Sosa and Beltran",P4040,12,2.9
SUP8705,"Nelson, Rodriguez and Page",P8269,10,3.1
SUP8706,Harris-Wolf,P7510,20,3.3
SUP8707,"Flores, Scott and Sanders",P1727,16,4.9
SUP8708,"Marshall, Mendoza and Chavez",P3166,4,3.5
SUP8709,"Harmon, Mullins and Guzman",P5560,4,3.5
SUP8710,Smith-Jenkins,P1851,12,4.0
SUP8711,Patrick-Nichols,P9445,10,5.0
SUP8712,Kennedy-Marshall,P1303,18,3.3
SUP8713,Sherman LLC,P9623,16,3.2
SUP8714,"Carey, Mason and Campbell",P1675,5,3.2
SUP8715,Vargas Ltd,P242,15,2.9
SUP8716,Evans-Ramirez,P2591,5,3.4
SUP8717,"Brown, Long and Miranda",P4512,6,3.3
SUP8718,"Rogers, Powers and Green",P8287,18,3.2
SUP8719,Anderson-Garner,P2424,15,4.4
SUP8720,Riggs-Walker,P3114,3,3.5
SUP8721,Haas Group,P9495,19,4.0
SUP8722,"Hurley, Richardson and George",P1418,9,3.2
SUP8723,Morales-Rodriguez,P200,8,2.6
SUP8724,Williams-Holmes,P7793,14,3.1
SUP8725,Kelley Group,P2234,3,4.1
SUP8726,"Fuentes, Pierce and Phillips",P6290,5,4.1
SUP8727,Myers LLC,P5755,3,2.8
SUP8728,"Aguilar, Turner and Smith",P2022,15,2.9
SUP8729,Henry-Carey,P5378,13,4.2
SUP8730,Erickson LLC,P3798,9,4.6
SUP8731,Mueller Inc,P6061,2,4.3
SUP8732,Reeves Group,P1669,6,4.3
SUP8733,Bryant and Sons,P5161,17,4.4
SUP8734,"Chang, Fernandez and Turner",P71,10,4.8
SUP8735,Rodriguez PLC,P5787,18,3.6
SUP8736,"Gilbert, Valdez and Nelson",P9598,11,3.4
SUP8737,Young-Wiley,P5066,2,2.6
SUP8738,Harris PLC,P3613,13,2.9
SUP8739,Simpson-Martinez,P219,15,4.1
SUP8740,"Price, Brown and Jones",P1433,12,3.4
SUP8741,Martinez-Howard,P5915,5,2.8
SUP8742,Nguyen-Campbell,P7757,16,4.5
SUP8743,"Brown, Cole and Turner",P6301,4,3.9
SUP8744,James-Warren,P9509,13,3.6
SUP8745,Lopez PLC,P4470,12,4.3
SUP8746,"Campbell, Curtis and Horn",P6981,19,3.0
SUP8747,Sweeney Group,P2188,3,4.0
SUP8748,Jones and Sons,P86,20,3.9
SUP8749,"Chan, Sexton and Woodward",P9911,20,4.3
SUP8750,Bryant Ltd,P1274,6,4.3
SUP8751,Cantrell Inc,P6872,3,4.1
SUP8752,Nguyen-Watson,P1070,6,2.6
SUP8753,Hall LLC,P5086,11,3.1
SUP8754,Snyder-Huber,P3884,14,3.8
SUP8755,Stevens Ltd,P697,16,4.2
SUP8756,Ramos PLC,P3393,11,2.9
SUP8757,"Terrell, Shaffer and Macdonald",P4108,12,4.1
SUP8758,"Evans, Miller and James",P3829,7,3.7
SUP8759,"Greer, Murray and Burke",P6598,11,4.5
SUP8760,Wiggins-James,P6604,20,3.0
SUP8761,"Ramirez, Barr and Clark",P2034,6,3.1
SUP8762,"Garcia, Tyler and Reyes",P2565,11,3.9
SUP8763,Jones-Chen,P1868,15,2.6
SUP8764,Williams Group,P1715,10,4.0
SUP8765,Martinez and Sons,P3853,20,4.7
SUP8766,Ford-Adams,P2358,8,3.0
SUP8767,Russell-Hall,P5181,17,2.7
SUP8768,"Washington, Perez and Garcia",P4878,11,3.6
SUP8769,Small and Sons,P4318,10,3.8
SUP8770,Dominguez Ltd,P9008,9,4.6
SUP8771,Duran-Kirk,P3284,7,3.7
SUP8772,Sullivan-Ramos,P9798,12,4.2
SUP8773,Gibson-Walker,P4575,4,2.8
SUP8774,Johnston-Gray,P4513,10,3.5
SUP8775,Shaw-Armstrong,P8369,15,3.9
SUP8776,Oliver LLC,P1080,6,4.2
SUP8777,Tran LLC,P4441,20,2.7
SUP8778,"Escobar, Flynn and Forbes",P3382,11,3.5
SUP8779,"Hansen, Green and Navarro",P9531,15,3.2
SUP8780,Cox-Jones,P9880,16,3.7
SUP8781,Gordon-Harrison,P6693,9,3.1
SUP8782,Brown-Shelton,P7809,5,4.9
SUP8783,Jackson and Sons,P4692,2,4.8
SUP8784,Warner LLC,P4643,2,2.6
SUP8785,Wallace-Austin,P1245,11,3.5
SUP8786,"Bennett, Bradshaw and Nielsen",P9632,10,4.7
SUP8787,Williams-Wade,P7295,11,4.7
SUP8788,Pennington Group,P8577,5,3.3
SUP8789,Barnett Group,P4676,7,4.0
SUP8790,Stevens Ltd,P4493,10,3.5
SUP8791,Stewart Group,P6630,19,4.9
SUP8792,Hawkins-Ryan,P6389,6,2.7
SUP8793,Herrera Inc,P6312,16,4.8
SUP8794,Reese-Brooks,P5333,6,3.5
SUP8795,Floyd-Frederick,P1091,12,4.2
SUP8796,Alexander Group,P7318,12,2.9
SUP8797,Smith-Bonilla,P8475,9,2.8
SUP8798,Mckenzie PLC,P7442,8,2.6
SUP8799,"Jackson, Wallace and Mueller",P3224,11,4.6
SUP8800,Stewart and Sons,P2839,13,3.5
SUP8801,Alexander-Cook,P2305,8,4.0
SUP8802,Young-Turner,P8212,4,2.8
SUP8803,Thornton-Davidson,P7486,15,4.5
SUP8804,Hardin Group,P4377,5,5.0
SUP8805,Mccall-Jones,P4554,4,3.1
SUP8806,Morrow-Ramos,P546,12,4.0
SUP8807,West-West,P644,12,2.9
SUP8808,Frank Inc,P8299,3,4.0
SUP8809,Massey Ltd,P3185,16,4.1
SUP8810,"Weber, Martin and Gordon",P693,2,4.3
SUP8811,"Price, Richards and Gomez",P5680,10,2.6
SUP8812,"Jordan, Hall and Santana",P871,18,4.4
SUP8813,Martin-Lin,P4957,10,3.2
SUP8814,"Owens, Lopez and Guerrero",P4892,6,4.7
SUP8815,Shelton-Williams,P6968,18,4.5
SUP8816,Livingston Group,P1104,7,4.5
SUP8817,"Rodgers, Smith and Leonard",P6926,5,3.2
SUP8818,"Taylor, Hall and Phillips",P486,13,4.7
SUP8819,Terrell-Miles,P5862,18,4.4
SUP8820,Randall PLC,P2672,19,3.3
SUP8821,"Miller, Martinez and Davis",P7438,15,4.9
SUP8822,Decker Group,P6759,14,3.6
SUP8823,"Rodriguez, Rodriguez and Bolton",P6916,11,3.1
SUP8824,Sanders and Sons,P5840,9,3.6
SUP8825,Russo LLC,P565,3,3.2
SUP8826,Trevino-King,P8861,2,4.9
SUP8827,"Norman, Archer and Gonzales",P4062,2,3.6
SUP8828,Bennett-Gordon,P3366,19,3.9
SUP8829,Campbell-Pena,P3853,8,4.0
SUP8830,Garcia and Sons,P8964,10,4.9
SUP8831,Oneill-Nelson,P7164,16,2.9
SUP8832,Leon and Sons,P4764,7,3.6
SUP8833,Compton Group,P2682,3,2.6
SUP8834,"Hill, Smith and Schmidt",P7217,9,4.1
SUP8835,"Mejia, Decker and Hopkins",P3166,16,5.0
SUP8836,Mcdonald and Sons,P8224,8,3.4
SUP8837,Barker PLC,P2918,14,4.6
SUP8838,Weeks Inc,P3086,4,3.9
SUP8839,Burns-Miller,P6731,20,3.2
SUP8840,"Marks, Johnson and Grant",P9643,3,3.4
SUP8841,"Neal, Shepherd and Bennett",P8933,3,4.8
SUP8842,Martinez-Roberts,P4342,18,4.5
SUP8843,Hodges-Hess,P8246,20,2.7
SUP8844,Pittman Ltd,P8828,15,3.6
SUP8845,Chen-Stewart,P6024,14,3.0
SUP8846,"Manning, Stone and Thompson",P3985,10,3.3
SUP8847,Henry-Monroe,P5366,2,4.8
SUP8848,White and Sons,P7967,12,4.8
SUP8849,Peters-Harris,P2634,19,2.7
SUP8850,Williams LLC,P2910,11,3.3
SUP8851,Curtis LLC,P2205,9,2.9
SUP8852,"Powell, Gomez and Moore",P6034,10,5.0
SUP8853,Vaughan-Gonzalez,P3365,4,4.1
SUP8854,"Miranda, Mann and Moyer",P919,4,3.6
SUP8855,Sullivan Group,P1136,18,3.5
SUP8856,Smith and Sons,P8042,20,4.3
SUP8857,Meza Ltd,P6897,19,3.1
SUP8858,Williams Ltd,P9080,14,3.4
SUP8859,Floyd Ltd,P5640,17,4.6
SUP8860,Marquez-Lewis,P3174,17,4.0
SUP8861,Williams Inc,P4755,15,4.0
SUP8862,Vance Inc,P539,19,3.4
SUP8863,Guzman-Ortiz,P6635,19,3.5
SUP8864,"Rios, Cline and Downs",P7752,20,2.9
SUP8865,Howard-Lopez,P6875,17,2.5
SUP8866,"Martinez, Lopez and Bishop",P1351,18,4.2
SUP8867,"Smith, Jones and Huang",P9652,8,4.2
SUP8868,"Stewart, Clark and Jackson",P2907,8,2.7
SUP8869,Miranda Group,P4343,13,2.8
SUP8870,Lopez LLC,P444,6,3.7
SUP8871,Jensen-Johnson,P7029,18,3.3
SUP8872,Velez-Brown,P1432,19,3.5
SUP8873,"Brown, Forbes and Hobbs",P7785,18,4.2
SUP8874,Hernandez-Morris,P7033,10,3.1
SUP8875,"Escobar, Garcia and Scott",P1103,16,2.8
SUP8876,Long-Roberts,P9677,12,3.8
SUP8877,"Douglas, Benton and Nelson",P9851,11,3.1
SUP8878,Cantrell and Sons,P9538,12,3.1
SUP8879,Caldwell-Evans,P5961,6,4.5
SUP8880,Perez-Armstrong,P2346,11,3.4
SUP8881,Crawford Ltd,P8784,3,3.9
SUP8882,"Reed, Chandler and Allen",P9777,18,3.6
SUP8883,"Wade, Hopkins and Mills",P3626,10,4.4
SUP8884,Lowery-Riley,P6487,5,3.5
SUP8885,Murphy Ltd,P9817,9,3.8
SUP8886,Herrera and Sons,P5726,7,4.3
SUP8887,Cline Ltd,P9012,20,3.6
SUP8888,"Wood, Smith and Sanchez",P2330,17,3.1
SUP8889,Ortiz-Villa,P9238,18,2.7
SUP8890,Jackson PLC,P7692,14,3.6
SUP8891,"Lee, Vega and Watson",P7080,20,5.0
SUP8892,James-Holmes,P824,10,3.5
SUP8893,Cabrera PLC,P5072,2,4.3
SUP8894,Harris-Miller,P1164,13,3.5
SUP8895,Little LLC,P6353,2,4.9
SUP8896,"Petersen, Kelley and Mitchell",P2063,5,4.6
SUP8897,Welch-Torres,P272,20,4.8
SUP8898,"Johnson, Smith and Holland",P1236,15,3.0
SUP8899,Green-Anderson,P5170,4,3.0
SUP8900,"White, Buchanan and Larson",P6805,15,3.6
SUP8901,Martin-Sawyer,P1012,14,4.6
SUP8902,Sharp-Simmons,P7186,5,3.3
SUP8903,Joseph LLC,P1684,17,2.6
SUP8904,"Jordan, Cabrera and Cruz",P3435,5,3.7
SUP8905,Graham-Alexander,P4150,19,2.9
SUP8906,Jackson-Williams,P9397,4,3.6
SUP8907,Villanueva Inc,P2637,20,2.9
SUP8908,Daniels-King,P1770,8,2.9
SUP8909,Johnson Group,P2185,7,2.5
SUP8910,Bailey Inc,P3242,7,2.7
SUP8911,Reynolds Group,P9003,15,4.2
SUP8912,Carter-Hall,P9575,13,3.3
SUP8913,Hardy PLC,P613,20,4.2
SUP8914,Keller-Burns,P2545,2,2.7
SUP8915,"Thomas, Cook and Price",P7819,2,2.5
SUP8916,Oliver-Nguyen,P9374,15,3.6
SUP8917,Robinson LLC,P1540,10,2.9
SUP8918,Ware PLC,P7376,15,3.3
SUP8919,"Collins, Whitaker and Smith",P3417,7,4.9
SUP8920,"Drake, Gibbs and Strickland",P22,3,3.0
SUP8921,"Flores, Benson and Williams",P1994,8,4.9
SUP8922,Garcia Group,P5569,7,3.6
SUP8923,Rodriguez-Moore,P2370,7,3.5
SUP8924,"Jones, Diaz and Ray",P5915,12,3.7
SUP8925,"Lopez, Ortiz and Hines",P8143,14,4.1
SUP8926,Francis PLC,P3412,3,4.8
SUP8927,Farmer-Henry,P876,2,3.8
SUP8928,Graham PLC,P6151,2,4.9
SUP8929,Mosley Group,P5763,19,4.9
SUP8930,Parker-Smith,P690,19,3.2
SUP8931,Berry-Burns,P3084,15,4.2
SUP8932,"Henry, Collins and Mcmillan",P740,11,3.9
SUP8933,Jenkins Group,P8398,18,3.5
SUP8934,"Moreno, Guzman and Ramirez",P700,18,3.9
SUP8935,"Neal, Mendoza and Carter",P1709,11,4.4
SUP8936,Warner Group,P767,17,2.7
SUP8937,Lester-Dixon,P2562,2,4.4
SUP8938,"Morales, Jacobson and Cooper",P6916,3,4.7
SUP8939,Miller and Sons,P8780,19,3.5
SUP8940,"Taylor, Jordan and Levy",P430,14,3.5
SUP8941,Henderson-Ramirez,P3375,15,4.3
SUP8942,"Norris, Paul and Patrick",P1767,3,3.3
SUP8943,Wright and Sons,P3473,6,4.9
SUP8944,Mckay Inc,P5293,15,3.9
SUP8945,"Poole, Clark and Wade",P7888,18,4.2
SUP8946,"Nelson, Hardy and Chandler",P1813,7,4.2
SUP8947,"Wilson, Miller and Newman",P9498,6,3.8
SUP8948,Mueller and Sons,P1938,9,3.9
SUP8949,"Snyder, Harris and Clay",P3969,11,3.4
SUP8950,Mcdaniel-Delgado,P846,16,2.7
SUP8951,Roberson-Martin,P1876,12,3.8
SUP8952,Odonnell-Johnson,P4441,5,3.0
SUP8953,Ramirez LLC,P6628,8,4.3
SUP8954,"Jackson, Morrison and Parker",P8043,14,3.6
SUP8955,Sanders-Ruiz,P2049,7,3.9
SUP8956,Fernandez Ltd,P8516,18,4.0
SUP8957,Martin-Adams,P1870,19,3.6
SUP8958,Williams-Gonzalez,P4360,17,4.1
SUP8959,Villa-Powers,P1247,19,3.2
SUP8960,"Padilla, Stein and Bailey",P6913,3,3.4
SUP8961,Holmes-Daniels,P9665,5,2.7
SUP8962,Hodges-Nunez,P6060,12,3.1
SUP8963,Glover PLC,P6453,13,2.8
SUP8964,Miller-Cruz,P8739,9,4.7
SUP8965,"Taylor, Wallace and Carter",P2277,18,4.4
SUP8966,"Baird, Cole and Mathews",P1549,12,2.9
SUP8967,Gray-Carter,P1214,11,3.8
SUP8968,"Parker, Lang and Carpenter",P7343,16,2.8
SUP8969,"Thomas, Anderson and Thomas",P8403,3,4.2
SUP8970,Lyons PLC,P4754,14,3.4
SUP8971,Ward and Sons,P927,8,3.1
SUP8972,"Sims, Griffith and Williamson",P3287,20,4.6
SUP8973,Ferguson-Bennett,P2394,6,3.3
SUP8974,Harris LLC,P20,10,2.7
SUP8975,Jackson and Sons,P4382,16,3.5
SUP8976,"Foster, Payne and Smith",P4644,13,3.6
SUP8977,"Ward, Wolfe and Rocha",P3120,6,2.9
SUP8978,"Olson, Smith and Blake",P9518,14,2.9
SUP8979,Ellison LLC,P8172,3,4.9
SUP8980,"West, Nguyen and Charles",P5544,4,2.9
SUP8981,Jacobs-Little,P3301,2,4.0
SUP8982,"Chen, Edwards and Green",P7176,19,3.4
SUP8983,"Peters, Stevenson and Mcknight",P6918,7,3.2
SUP8984,"Ray, Bowen and Perez",P2110,3,4.7
SUP8985,Webster Group,P2723,16,4.0
SUP8986,"English, Doyle and Phillips",P8440,19,2.7
SUP8987,"Miller, Clark and Garcia",P1741,19,4.7
SUP8988,"Parker, Kelly and Collins",P5241,5,3.7
SUP8989,Curtis-Hansen,P7807,7,4.8
SUP8990,Davis and Sons,P4798,2,4.2
SUP8991,Cole and Sons,P2952,20,2.6
SUP8992,Hunter Group,P6079,10,3.4
SUP8993,Gutierrez PLC,P1155,19,4.2
SUP8994,"Browning, Johnson and Simpson",P3892,8,4.4
SUP8995,"Joyce, Diaz and Morales",P9970,20,4.6
SUP8996,Sutton-Baker,P6946,5,4.3
SUP8997,"Marshall, Miller and Torres",P1930,3,4.0
SUP8998,Goodman-Hendricks,P2093,19,3.6
SUP8999,"Carroll, Morris and King",P9867,3,3.1
SUP9000,"Rogers, Glass and Harris",P875,8,3.5
SUP9001,"Davis, Vasquez and Davis",P2253,20,3.2
SUP9002,"King, Freeman and Franklin",P9886,14,3.3
SUP9003,Smith-Perez,P2403,12,4.4
SUP9004,Browning Ltd,P8355,17,3.3
SUP9005,"Cole, Brown and Martinez",P3907,7,4.4
SUP9006,Collins Inc,P1597,6,3.9
SUP9007,"Ferguson, Melton and Stone",P3035,9,4.9
SUP9008,Hicks-Mcgrath,P9998,19,4.0
SUP9009,"Graham, Mitchell and Clements",P1235,20,3.1
SUP9010,"Padilla, Davis and Morrison",P1435,5,4.2
SUP9011,Atkinson-Ritter,P579,17,4.4
SUP9012,Johnson and Sons,P6182,18,4.0
SUP9013,Barber PLC,P3652,5,4.2
SUP9014,"Moore, Brown and Martin",P5,11,4.7
SUP9015,Hernandez LLC,P6864,16,3.3
SUP9016,"Snyder, Perez and Thomas",P8240,18,2.9
SUP9017,"Wilson, Shaw and Carter",P3832,9,2.9
SUP9018,Conway-Nelson,P4442,8,3.7
SUP9019,Shelton-Robbins,P7393,11,3.3
SUP9020,Thompson PLC,P1546,13,4.8
SUP9021,"Burns, Stout and Smith",P2289,15,3.4
SUP9022,"Hall, Young and Larson",P130,3,3.0
SUP9023,"Garcia, Williams and Miller",P3871,5,4.4
SUP9024,Green Ltd,P6489,14,5.0
SUP9025,Barrett LLC,P2004,6,3.2
SUP9026,Ferguson-Miller,P5379,19,3.3
SUP9027,Rodriguez-Hall,P299,17,4.8
SUP9028,Lopez-Harris,P382,7,2.7
SUP9029,"Strong, Barnes and Pena",P5118,15,3.0
SUP9030,"Conner, Parker and Rodriguez",P24,8,3.4
SUP9031,Mckenzie Ltd,P9407,14,2.8
SUP9032,George-Adams,P9839,18,3.3
SUP9033,"Sullivan, Melton and Davis",P6009,18,3.4
SUP9034,Dean Ltd,P9797,16,4.0
SUP9035,Miller-Adkins,P5205,6,4.7
SUP9036,"Gray, Harrison and Richards",P4665,9,3.8
SUP9037,Smith-Escobar,P8829,7,3.3
SUP9038,Johnson-Rodriguez,P2860,10,3.8
SUP9039,Collins PLC,P888,10,3.1
SUP9040,Ingram-Ross,P3361,13,2.9
SUP9041,Simpson and Sons,P1779,9,3.1
SUP9042,Craig Inc,P1187,20,4.0
SUP9043,Lucas-Lopez,P1198,3,3.7
SUP9044,Ashley-Fleming,P7681,6,4.7
SUP9045,Martinez Inc,P6191,9,2.7
SUP9046,"Brown, Bender and Cline",P7682,13,4.1
SUP9047,Haas LLC,P5752,10,2.7
SUP9048,Sanchez PLC,P306,5,2.6
SUP9049,Robertson-Austin,P7567,17,3.6
SUP9050,Cabrera-Martinez,P8706,12,3.1
SUP9051,"Miller, Pollard and Jones",P8955,18,3.4
SUP9052,Calhoun-Cohen,P5313,2,4.4
SUP9053,"Cox, Estrada and Aguirre",P2036,13,4.7
SUP9054,Reynolds-Randall,P6685,6,3.0
SUP9055,"Gonzalez, Barton and Barr",P3525,3,4.7
SUP9056,Wright Group,P3292,6,4.0
SUP9057,"Collins, Hale and Castillo",P3915,2,3.2
SUP9058,"Lopez, Noble and Parsons",P2506,9,2.5
SUP9059,Heath-Evans,P1410,7,3.1
SUP9060,Benson-Colon,P7509,5,3.3
SUP9061,"Allen, Garrett and Rodriguez",P3033,10,3.6
SUP9062,"Stephens, Reed and Harvey",P2606,20,2.6
SUP9063,"Smith, Nelson and Whitney",P4020,16,3.5
SUP9064,Reeves-Hayes,P1628,16,2.6
SUP9065,"Singleton, Moore and Sanders",P5262,19,4.4
SUP9066,Reynolds-Richard,P2786,9,4.9
SUP9067,Roberts Inc,P3963,9,3.8
SUP9068,Rush-Thompson,P6757,15,2.8
SUP9069,"Foster, Hunter and Oneill",P2657,10,3.2
SUP9070,"Adams, Allen and Lamb",P2348,7,3.8
SUP9071,"Hamilton, Smith and Walls",P4110,12,4.8
SUP9072,Chapman-Dickson,P6412,17,2.8
SUP9073,Cummings-Russell,P3530,2,4.0
SUP9074,Burton Group,P1051,20,2.6
SUP9075,"Smith, Anderson and Sims",P5679,5,3.0
SUP9076,"Reed, Tran and Fields",P479,19,4.9
SUP9077,Foster-Reyes,P7528,2,4.7
SUP9078,Mcintosh LLC,P5948,8,3.6
SUP9079,Pittman Ltd,P9446,9,2.7
SUP9080,Young-Vargas,P4068,17,4.3
SUP9081,"Hodge, Padilla and Jones",P6284,11,4.0
SUP9082,Gonzalez LLC,P8811,10,4.2
SUP9083,"Flowers, Barton and Morales",P8904,17,3.9
SUP9084,Carter-Williams,P8380,7,3.3
SUP9085,Jenkins LLC,P4648,6,2.8
SUP9086,Anderson-Johnson,P8259,8,2.9
SUP9087,"Meza, Jennings and Armstrong",P6814,18,3.4
SUP9088,Suarez PLC,P5285,2,4.4
SUP9089,"Turner, Harris and Bright",P809,18,2.8
SUP9090,Roberson-Vasquez,P9916,4,4.5
SUP9091,"Williamson, Haynes and Martin",P8894,19,2.5
SUP9092,Gonzalez-Davila,P1107,16,4.2
SUP9093,Lewis LLC,P3846,13,4.2
SUP9094,"Foster, Schultz and Williams",P1220,5,3.4
SUP9095,"Brooks, Carr and Sullivan",P704,16,3.4
SUP9096,Anthony Inc,P1791,3,3.1
SUP9097,Higgins-Craig,P7160,18,2.9
SUP9098,Leblanc-Torres,P1666,7,5.0
SUP9099,"Olson, Mcdowell and Smith",P7580,16,3.9
SUP9100,Crawford and Sons,P7632,9,3.8
SUP9101,Guzman-Rose,P271,19,5.0
SUP9102,Simpson-Clark,P989,13,3.3
SUP9103,Moreno-Lewis,P8513,10,2.6
SUP9104,"Schmidt, Jackson and Allen",P1818,20,4.5
SUP9105,"Henry, Smith and Diaz",P2461,4,3.4
SUP9106,Miller-Rhodes,P648,14,5.0
SUP9107,Williams PLC,P228,15,3.0
SUP9108,"Harris, Lopez and Castro",P9556,20,4.0
SUP9109,Johnson-Gardner,P4253,4,4.8
SUP9110,Wright-Wallace,P5324,13,4.7
SUP9111,Clark LLC,P9235,3,4.1
SUP9112,Levine Inc,P8122,6,3.8
SUP9113,Smith-Rodriguez,P663,11,4.5
SUP9114,"Graham, Nunez and Smith",P6744,17,2.7
SUP9115,"Miles, Carter and Anderson",P1785,13,3.9
SUP9116,Willis-Pacheco,P5910,14,4.2
SUP9117,"Perry, Moore and Hanson",P2138,20,3.0
SUP9118,"Craig, Lewis and Rasmussen",P8430,7,3.8
SUP9119,Stephens-Galvan,P3405,15,3.5
SUP9120,Turner PLC,P553,15,3.1
SUP9121,Jensen-Terry,P5603,18,4.3
SUP9122,"Estrada, Price and Willis",P7138,9,4.0
SUP9123,"Rhodes, Thompson and Jackson",P4360,17,3.8
SUP9124,"Weber, Edwards and Poole",P8320,4,4.4
SUP9125,Lewis-Irwin,P1905,18,4.6
SUP9126,Horton Group,P5298,6,4.3
SUP9127,Mitchell Ltd,P4448,15,2.8
SUP9128,Sanchez-Perez,P8922,17,2.7
SUP9129,Garcia Ltd,P4069,13,4.5
SUP9130,Frye Group,P3171,11,4.5
SUP9131,Robinson and Sons,P1035,20,3.1
SUP9132,Barker-Garcia,P4298,17,4.4
SUP9133,Hodges and Sons,P5271,2,4.3
SUP9134,Washington Inc,P2390,3,3.2
SUP9135,Myers-Stevenson,P3105,16,4.9
SUP9136,Carter-Little,P1824,13,2.8
SUP9137,Cantu-Hammond,P2416,15,4.7
SUP9138,Wilson LLC,P4902,13,3.3
SUP9139,Mendez Inc,P3658,13,3.2
SUP9140,Ball-White,P7216,12,4.1
SUP9141,"Alexander, Lawrence and Franklin",P7926,9,4.2
SUP9142,Young Inc,P7628,9,4.8
SUP9143,Gonzalez-Walker,P9941,20,3.9
SUP9144,Ferguson Ltd,P6489,4,4.9
SUP9145,Sosa-Hardy,P9571,2,3.5
SUP9146,"Andersen, Martin and Harvey",P8969,19,4.3
SUP9147,"Daniels, Dickson and Martin",P3787,6,3.6
SUP9148,"Smith, Miller and Mccullough",P6137,15,4.7
SUP9149,Schroeder Ltd,P4580,3,4.6
SUP9150,"Johnson, Krueger and Miller",P558,14,4.7
SUP9151,"Cooper, Hatfield and Lopez",P5697,9,2.8
SUP9152,"Farley, Phillips and Hayes",P6618,10,3.9
SUP9153,Bernard Inc,P8496,19,4.9
SUP9154,Green-Campbell,P2599,17,3.2
SUP9155,"Beasley, Austin and Reed",P5652,12,4.9
SUP9156,"Washington, Ellison and Williams",P5839,16,3.2
SUP9157,"Rush, Owen and Davis",P6459,18,3.6
SUP9158,"Phillips, Rose and Nelson",P916,18,5.0
SUP9159,"Morales, Harrison and Lopez",P6544,19,3.7
SUP9160,King Ltd,P9802,18,3.5
SUP9161,"Harris, Morgan and Mata",P1319,6,3.4
SUP9162,"Robertson, Perry and Baker",P6419,3,4.2
SUP9163,"Barker, Kennedy and Green",P1897,15,3.4
SUP9164,"Larson, Martin and Chang",P9491,6,4.3
SUP9165,Thomas-Hunt,P794,4,3.9
SUP9166,"Fuller, Humphrey and Richardson",P3060,10,4.2
SUP9167,Proctor-White,P3440,10,4.0
SUP9168,Mason LLC,P2004,14,4.9
SUP9169,Byrd-Rose,P8291,20,3.2
SUP9170,Powell Ltd,P3096,12,4.2
SUP9171,Smith PLC,P4783,19,4.4
SUP9172,"Stein, Lang and Henry",P359,5,4.1
SUP9173,Miller-Boyd,P7407,20,3.8
SUP9174,"Lam, Ortiz and Lewis",P2897,3,3.3
SUP9175,Wilson-Young,P4790,13,3.2
SUP9176,Mckay-Ward,P9821,3,4.2
SUP9177,"Roth, Owens and Green",P7940,14,2.7
SUP9178,"Brown, Lee and Jones",P5647,9,2.8
SUP9179,White-Flores,P6624,6,4.3
SUP9180,"Martinez, Green and Castillo",P5924,2,3.8
SUP9181,Edwards LLC,P3222,3,4.9
SUP9182,"Adkins, Juarez and Silva",P7589,18,3.6
SUP9183,"Mullen, Hawkins and Jones",P5285,9,3.4
SUP9184,Sharp-Dennis,P9727,18,2.6
SUP9185,"Chen, Murray and Chambers",P6941,5,4.4
SUP9186,Butler Group,P4676,2,4.4
SUP9187,Harrington Group,P6821,15,3.1
SUP9188,Ramos-Brady,P7827,14,2.7
SUP9189,Austin-Henry,P4750,12,3.3
SUP9190,Conley Group,P9440,6,4.0
SUP9191,Anderson-Peterson,P3485,8,2.8
SUP9192,"Smith, Dickerson and Pace",P8241,20,4.3
SUP9193,"Acevedo, Davis and Jarvis",P4077,16,2.7
SUP9194,"Cline, Colon and Wells",P6519,8,4.5
SUP9195,Dalton-Martin,P1713,4,4.7
SUP9196,"Hayes, Sullivan and Dixon",P9219,8,3.5
SUP9197,"Johnson, Davis and King",P7604,7,3.9
SUP9198,Snyder-Whitney,P780,10,4.2
SUP9199,Gilbert-Weber,P8079,19,2.9
SUP9200,Sanders Inc,P1754,17,4.0
SUP9201,"Solis, Myers and Dixon",P3157,14,3.6
SUP9202,"Gentry, Leonard and Munoz",P3867,13,2.5
SUP9203,Lopez Inc,P5617,19,4.1
SUP9204,"Reynolds, Ingram and Torres",P4133,7,4.6
SUP9205,Reid-Torres,P2262,6,3.9
SUP9206,"Mcbride, Santiago and Parker",P6725,5,4.7
SUP9207,Smith and Sons,P5244,12,2.6
SUP9208,"Pierce, Mullins and Whitaker",P6447,19,3.2
SUP9209,Hunter Ltd,P4922,8,3.2
SUP9210,"Wong, Winters and Gonzalez",P6537,10,3.2
SUP9211,Schneider-Farmer,P3021,19,4.1
SUP9212,"Miller, Welch and Fitzpatrick",P6139,9,4.8
SUP9213,"King, Gibbs and Perkins",P121,12,3.1
SUP9214,"Frye, Davis and Compton",P951,19,4.1
SUP9215,Thomas Group,P1913,19,2.8
SUP9216,Clark-Ross,P2946,19,4.5
SUP9217,Gentry and Sons,P8008,7,4.3
SUP9218,Harrell-Hess,P8025,13,2.7
SUP9219,Davis-Lewis,P8846,18,4.4
SUP9220,Choi-Smith,P3437,19,3.3
SUP9221,"Wade, Schultz and Kennedy",P6868,8,3.7
SUP9222,Bishop-Walsh,P2781,10,5.0
SUP9223,"Berry, Nguyen and Butler",P4635,12,3.7
SUP9224,"Arnold, Jones and Bennett",P1239,6,2.9
SUP9225,"Walker, Johnson and Huerta",P2880,20,2.9
SUP9226,Oconnell Ltd,P3678,16,4.7
SUP9227,"Jones, Chambers and Carrillo",P8436,6,3.0
SUP9228,"Howard, Smith and Baker",P8270,18,3.1
SUP9229,"Wilson, Wright and Owens",P7068,12,4.6
SUP9230,"Mcgee, Perry and King",P633,13,2.6
SUP9231,Richardson-Oliver,P1759,4,2.5
SUP9232,Nelson-Nguyen,P6311,19,3.3
SUP9233,Evans Ltd,P3117,5,5.0
SUP9234,"Wright, Horton and Evans",P7112,2,2.7
SUP9235,"Ortiz, Hill and Hanson",P7970,2,4.0
SUP9236,"Kelly, Delgado and Krueger",P6435,15,4.7
SUP9237,Oneal PLC,P8189,3,3.4
SUP9238,Boone-Ferguson,P5815,15,3.2
SUP9239,Rhodes LLC,P3373,11,2.5
SUP9240,"Crane, Lloyd and Campbell",P2925,10,2.8
SUP9241,Ferrell-Harris,P4037,15,4.5
SUP9242,Turner PLC,P3033,3,3.3
SUP9243,Reeves-Day,P9142,5,4.4
SUP9244,Vargas-Fowler,P7963,14,3.7
SUP9245,Thomas-Thompson,P2398,13,4.0
SUP9246,"Reese, Harris and Christensen",P9526,6,5.0
SUP9247,Dunn-Nielsen,P5861,2,2.8
SUP9248,Porter Inc,P505,19,4.9
SUP9249,"Bruce, Barber and Miller",P2138,7,2.5
SUP9250,Kelly and Sons,P7775,9,2.7
SUP9251,"Jackson, Cooley and Brown",P6206,20,2.8
SUP9252,Boyd-Randolph,P2042,8,3.9
SUP9253,Gonzales LLC,P7913,8,4.3
SUP9254,Chen PLC,P1566,3,4.1
SUP9255,Smith-Morrison,P3963,9,4.7
SUP9256,Lee-Monroe,P4533,15,2.5
SUP9257,Turner-Fleming,P7455,20,3.6
SUP9258,Rice PLC,P7329,9,2.7
SUP9259,Mercado Ltd,P4610,5,3.0
SUP9260,Molina-Holder,P7722,2,2.6
SUP9261,Martin-Hudson,P6512,10,3.0
SUP9262,"Mann, Lang and Evans",P8761,17,2.9
SUP9263,White LLC,P9890,9,3.3
SUP9264,Lawrence PLC,P3808,18,3.8
SUP9265,Brock-Miller,P1730,14,2.7
SUP9266,"Watson, Carter and Frazier",P5193,17,4.1
SUP9267,Cantu-Davis,P9668,14,4.1
SUP9268,"Stone, Wolf and Singh",P7800,6,3.1
SUP9269,Wagner Inc,P6669,8,4.9
SUP9270,"Collins, Deleon and Rodriguez",P4229,4,3.1
SUP9271,Morton LLC,P2532,11,2.6
SUP9272,Mullen-Barnes,P9662,3,3.5
SUP9273,"Jackson, Mcintosh and Bush",P6401,17,4.7
SUP9274,Mcdaniel and Sons,P9614,3,4.2
SUP9275,Adams Group,P1270,14,3.4
SUP9276,Esparza Inc,P3181,16,2.9
SUP9277,Taylor-Brooks,P4258,16,3.0
SUP9278,Werner-Berger,P3136,7,4.5
SUP9279,Manning Group,P1747,18,3.5
SUP9280,Ball LLC,P592,7,3.2
SUP9281,Wells-Valdez,P3350,3,3.3
SUP9282,"Castillo, Fox and Davis",P4494,14,3.4
SUP9283,Mitchell-Smith,P1855,5,3.7
SUP9284,Price Inc,P7639,20,3.8
SUP9285,Brown-Williams,P9724,12,3.7
SUP9286,Patrick-Lewis,P8193,7,3.6
SUP9287,"Miller, Jarvis and Wilson",P8010,3,4.9
SUP9288,"Clements, Jackson and White",P9620,12,3.6
SUP9289,Parker PLC,P1784,9,3.3
SUP9290,"Alvarado, Kelley and Vasquez",P735,12,4.0
SUP9291,Hanna LLC,P8229,2,3.6
SUP9292,Gonzalez-Oliver,P1553,5,2.6
SUP9293,Fowler PLC,P5726,2,3.7
SUP9294,"Hopkins, Peterson and Gonzalez",P8513,4,4.6
SUP9295,Peterson Ltd,P6664,5,4.3
SUP9296,"Duncan, Garza and Williams",P5474,8,3.4
SUP9297,"Weaver, Nichols and Gutierrez",P5406,4,4.7
SUP9298,Pratt-Thornton,P7112,17,4.6
SUP9299,Berry-Kaufman,P182,10,2.5
SUP9300,"West, Sampson and Lester",P4943,9,3.9
SUP9301,Poole-Smith,P1821,6,4.5
SUP9302,Diaz Inc,P4137,7,4.4
SUP9303,Adams-Ochoa,P7492,8,2.5
SUP9304,Kelly Ltd,P8572,7,4.2
SUP9305,Wilson and Sons,P3617,17,3.2
SUP9306,Bailey Ltd,P5973,12,4.4
SUP9307,"Durham, Webb and Nelson",P9788,20,3.5
SUP9308,"White, Mccann and Scott",P4096,18,4.7
SUP9309,Gilbert-Sullivan,P3058,20,3.1
SUP9310,Johnson-Wilson,P1828,4,4.1
SUP9311,Cooper-English,P6093,9,3.8
SUP9312,Meyer-Gutierrez,P578,20,4.9
SUP9313,"Dominguez, Wright and Moore",P2069,12,4.2
SUP9314,Chaney-Mcdonald,P7004,5,3.9
SUP9315,"Wiggins, Alexander and Bowman",P3388,14,4.3
SUP9316,"Dunn, Brady and Perez",P7943,8,3.4
SUP9317,Miller Ltd,P4747,5,4.0
SUP9318,Yang-Vasquez,P2140,18,3.0
SUP9319,Scott-Bryant,P1082,14,3.2
SUP9320,"Stewart, Forbes and Morris",P1680,12,2.6
SUP9321,"Mccullough, Hopkins and Brooks",P2402,7,4.7
SUP9322,Escobar LLC,P6071,17,2.7
SUP9323,Chavez-Duncan,P1638,11,4.9
SUP9324,Lee-Johnson,P3027,19,3.9
SUP9325,"Spencer, Anderson and Wong",P8952,4,4.9
SUP9326,Davidson-White,P5481,6,3.1
SUP9327,"Jackson, Mccarty and White",P5570,17,3.7
SUP9328,"Carter, Bradley and Ross",P5900,11,3.6
SUP9329,Mack and Sons,P8498,11,3.6
SUP9330,"Clark, Myers and Martinez",P1711,12,2.6
SUP9331,Bell and Sons,P7426,5,3.4
SUP9332,Goodwin-Owens,P1395,17,3.2
SUP9333,"Greer, Hale and Vaughn",P9454,6,3.8
SUP9334,Evans Inc,P2311,10,3.7
SUP9335,Jackson-Page,P414,10,3.5
SUP9336,Sims and Sons,P1062,16,3.3
SUP9337,Smith PLC,P4203,18,3.7
SUP9338,Morris-Fox,P7225,13,4.8
SUP9339,"Dalton, Campbell and Rose",P4979,12,4.1
SUP9340,"Davis, Howard and Cantrell",P6601,20,4.4
SUP9341,"Newton, Walker and Terry",P7430,10,3.5
SUP9342,Villarreal-Anderson,P4006,5,3.7
SUP9343,Osborne LLC,P7821,10,4.4
SUP9344,Chaney LLC,P8412,6,2.7
SUP9345,Thomas-Martinez,P3967,16,3.7
SUP9346,Johnson Ltd,P7496,4,2.8
SUP9347,"Cook, Ramsey and Jones",P282,16,2.7
SUP9348,"Wang, Edwards and Hernandez",P9048,4,3.2
SUP9349,Cruz-Benson,P8839,19,2.8
SUP9350,"Ramos, Anderson and Diaz",P7543,6,3.0
SUP9351,Moreno-Kirby,P2896,6,4.2
SUP9352,Adams and Sons,P2078,12,3.0
SUP9353,"Morales, Andrews and Floyd",P776,11,3.9
SUP9354,Graham-Villarreal,P2200,15,3.4
SUP9355,Brooks Group,P2731,3,4.8
SUP9356,Miller-Gonzalez,P7938,13,3.5
SUP9357,"Johnson, King and Anderson",P897,9,4.1
SUP9358,"English, Santana and Estrada",P3908,14,3.9
SUP9359,Harris-Coleman,P74,18,3.9
SUP9360,Koch-Little,P2856,9,3.9
SUP9361,Russell Group,P1311,9,4.7
SUP9362,Anderson-Proctor,P1493,17,3.1
SUP9363,Marks Inc,P6880,8,4.8
SUP9364,"Allen, Lloyd and Romero",P9359,10,3.9
SUP9365,"Williams, Andrade and Ross",P9737,6,3.4
SUP9366,Perkins LLC,P9125,3,3.3
SUP9367,Ellison-Wells,P1551,17,2.8
SUP9368,Vazquez Inc,P4104,12,3.0
SUP9369,Stewart-James,P228,15,3.2
SUP9370,Ashley Inc,P4802,16,4.5
SUP9371,"Sanchez, Camacho and Zhang",P2193,16,4.1
SUP9372,Nelson-Gray,P6930,17,2.5
SUP9373,Robbins-Smith,P6579,6,2.8
SUP9374,Rodriguez-Barron,P6476,5,3.7
SUP9375,Mendoza-Miller,P8548,19,4.1
SUP9376,Weaver Inc,P7835,6,2.7
SUP9377,"Clarke, Klein and Alvarez",P442,16,2.8
SUP9378,Nguyen-Manning,P9621,2,4.8
SUP9379,Wilson-Oconnell,P8695,11,3.9
SUP9380,Owen-Riley,P5910,19,5.0
SUP9381,Martinez Group,P2387,3,5.0
SUP9382,Cantrell Group,P2051,3,4.8
SUP9383,Tanner-Stokes,P9482,5,3.8
SUP9384,Jones and Sons,P6681,7,3.7
SUP9385,Cardenas PLC,P8878,2,3.9
SUP9386,Lee Ltd,P1750,2,3.0
SUP9387,Miller-Cobb,P6836,7,2.9
SUP9388,"Patterson, Thomas and Romero",P1977,18,4.0
SUP9389,Huffman Inc,P8498,5,4.1
SUP9390,Lawrence-Mcmillan,P4884,3,2.8
SUP9391,Cooper-Davidson,P144,17,2.9
SUP9392,"Gibbs, Jacobson and Berry",P6124,4,4.8
SUP9393,Nicholson-Turner,P9769,14,4.1
SUP9394,Ramirez Inc,P5559,10,4.1
SUP9395,Morgan PLC,P888,6,3.2
SUP9396,Harris Group,P1446,4,4.2
SUP9397,Osborn-Hurst,P4337,2,3.6
SUP9398,Medina-Patterson,P1822,13,4.7
SUP9399,Hernandez LLC,P7060,13,2.9
SUP9400,Harris Group,P6845,11,4.4
SUP9401,Cooper and Sons,P3049,6,4.4
SUP9402,"Schmidt, Martin and Dixon",P7971,12,4.8
SUP9403,"Galloway, Adams and Everett",P3225,14,4.7
SUP9404,Mcgee and Sons,P8312,2,4.1
SUP9405,Khan-Wood,P7781,17,4.4
SUP9406,Ho PLC,P4615,19,3.8
SUP9407,Potts-Pruitt,P1112,15,4.1
SUP9408,"Gardner, Padilla and Wilson",P2298,17,4.6
SUP9409,Gaines-Brewer,P8331,2,3.1
SUP9410,Russell PLC,P3092,5,4.0
SUP9411,Ingram-Lee,P6118,2,4.1
SUP9412,"Lee, Olson and Erickson",P3321,12,4.0
SUP9413,"Underwood, Levy and Barnes",P1867,20,3.3
SUP9414,Patel LLC,P6326,17,3.2
SUP9415,Hall LLC,P7507,5,3.6
SUP9416,Wallace-Barber,P5492,8,2.8
SUP9417,Woodard-Mcdaniel,P5290,16,2.9
SUP9418,"Butler, Bailey and Turner",P5198,5,3.1
SUP9419,Jackson-Taylor,P2661,2,4.9
SUP9420,"Reid, Liu and Trevino",P2227,12,3.1
SUP9421,Hopkins Inc,P6432,18,3.8
SUP9422,"Alexander, Alvarado and Johnson",P1649,8,3.1
SUP9423,"Sanchez, Moreno and Leonard",P9894,16,3.3
SUP9424,Lopez-Allen,P1302,6,4.9
SUP9425,Greene-Kemp,P7908,11,3.0
SUP9426,"Moreno, Martin and Howe",P9844,12,3.0
SUP9427,Martin Ltd,P2788,9,3.7
SUP9428,"Wilkerson, Ingram and Reed",P7185,19,3.6
SUP9429,Gonzalez-Jones,P2355,14,3.3
SUP9430,Walker Inc,P4994,17,3.7
SUP9431,"Perry, Mitchell and Martin",P5984,17,4.4
SUP9432,Robinson-Macias,P5143,11,4.6
SUP9433,"Santiago, Roach and Wright",P4944,6,2.7
SUP9434,"Miller, Haley and Wilkinson",P9162,2,3.5
SUP9435,Mercado-Phillips,P5322,8,2.6
SUP9436,Harris and Sons,P4353,5,4.0
SUP9437,Collins-Sanchez,P1729,18,3.0
SUP9438,Nielsen Inc,P561,5,4.4
SUP9439,Moreno-Robinson,P1855,14,2.9
SUP9440,Wright-Ford,P2692,8,4.7
SUP9441,Cox-Torres,P9516,3,4.1
SUP9442,Doyle PLC,P7158,19,3.7
SUP9443,Bennett PLC,P8184,14,2.5
SUP9444,"Franco, Davis and Smith",P1675,12,3.0
SUP9445,"Greer, Gibbs and Mcdonald",P1388,2,3.5
SUP9446,"Daniels, Buck and Arnold",P190,10,3.6
SUP9447,"Lewis, Mcknight and Kirk",P6905,11,2.7
SUP9448,Griffin Inc,P9893,7,3.9
SUP9449,"Blair, Hart and Brooks",P4884,5,5.0
SUP9450,Hammond-Smith,P2671,16,4.8
SUP9451,"Myers, Garcia and Francis",P149,5,3.3
SUP9452,Woods and Sons,P4736,19,4.9
SUP9453,Rojas Group,P3516,18,3.5
SUP9454,Cameron-Wilson,P4414,16,3.1
SUP9455,Jackson-Martin,P9319,15,3.7
SUP9456,Little and Sons,P2583,5,3.8
SUP9457,Wilson-Thompson,P7628,15,3.4
SUP9458,Armstrong LLC,P4606,17,3.4
SUP9459,Gomez-Gibbs,P5184,18,2.7
SUP9460,Ryan-Watkins,P2532,2,3.0
SUP9461,Burns-Drake,P8464,6,3.5
SUP9462,Leach-Haley,P8408,4,4.9
SUP9463,Garcia-Hall,P2787,5,2.7
SUP9464,Schmidt-Murphy,P6307,3,3.0
SUP9465,"Cortez, Wilcox and Flores",P1238,19,2.9
SUP9466,Odom PLC,P8198,16,4.6
SUP9467,"Velez, Gonzalez and Orr",P7920,7,4.4
SUP9468,Davis and Sons,P3296,13,4.4
SUP9469,Wade-Arnold,P6418,19,4.6
SUP9470,Jackson-Gonzalez,P8675,10,4.2
SUP9471,Ramirez PLC,P2483,8,4.6
SUP9472,Ray Group,P4568,15,4.6
SUP9473,"Rios, Hanson and Nichols",P746,3,4.7
SUP9474,Rivera LLC,P6417,8,4.4
SUP9475,Nelson Group,P1661,16,4.8
SUP9476,Robertson Ltd,P438,9,4.8
SUP9477,"Thompson, Mccullough and Cowan",P8980,13,4.7
SUP9478,Spears-Patrick,P9043,10,3.4
SUP9479,Johnson-Edwards,P912,18,4.1
SUP9480,Newman and Sons,P1995,11,4.8
SUP9481,"Scott, Horton and Fox",P1484,6,3.6
SUP9482,Chung-James,P6442,20,2.5
SUP9483,"Mitchell, Smith and Bailey",P4107,10,2.8
SUP9484,Stewart Ltd,P6807,6,4.0
SUP9485,Jackson Ltd,P859,9,4.1
SUP9486,"Rodriguez, Espinoza and Valenzuela",P1023,7,3.8
SUP9487,West and Sons,P3690,5,2.8
SUP9488,Clark-Cummings,P3039,5,3.1
SUP9489,Coleman Inc,P291,14,4.5
SUP9490,Brown-Davis,P2442,6,4.4
SUP9491,"Valdez, Osborne and Tucker",P252,11,3.2
SUP9492,Moore LLC,P8822,6,3.4
SUP9493,"Shields, Francis and Anderson",P6852,13,2.6
SUP9494,"Anderson, Martin and Martin",P2018,9,4.9
SUP9495,West-Stafford,P2934,7,2.6
SUP9496,Berger Ltd,P2772,17,4.1
SUP9497,Chavez-Richardson,P537,3,4.8
SUP9498,Hooper Group,P1921,19,5.0
SUP9499,Neal-English,P2172,7,4.2
SUP9500,Brown-Guerrero,P3055,14,3.1
SUP9501,"George, Gallegos and Watson",P8387,7,4.8
SUP9502,"Curry, Hart and Gray",P4152,10,4.5
SUP9503,Gonzalez-Ritter,P8836,11,4.4
SUP9504,Chambers Group,P381,10,3.7
SUP9505,"Anderson, Nelson and Smith",P1125,3,2.7
SUP9506,Ellis-Adams,P3722,8,2.7
SUP9507,James Inc,P4852,19,4.4
SUP9508,"Valenzuela, Mcintosh and Bond",P7575,19,3.8
SUP9509,Martinez-Lee,P4174,17,4.3
SUP9510,Davidson-Hernandez,P8905,8,3.2
SUP9511,"Rios, Bell and Brown",P6303,8,3.5
SUP9512,"Dalton, Frye and Ayala",P2452,6,4.5
SUP9513,Roberts-Miller,P2310,6,4.5
SUP9514,Montgomery-Page,P4833,18,4.0
SUP9515,"Cervantes, Fletcher and Vega",P9678,9,4.3
SUP9516,"Brown, Hill and Roberson",P8344,16,3.3
SUP9517,Williams-Clay,P7969,14,4.9
SUP9518,Patterson-Combs,P8776,9,4.1
SUP9519,Fernandez-King,P8162,7,2.9
SUP9520,Montgomery-Baker,P6889,12,4.3
SUP9521,Spencer LLC,P463,8,3.7
SUP9522,"Oneill, Johnson and Fernandez",P5517,7,4.7
SUP9523,Lopez PLC,P648,18,4.9
SUP9524,Choi-Long,P6477,20,4.9
SUP9525,Baker-Cooke,P8823,6,4.9
SUP9526,"Hall, Pratt and Jordan",P2449,13,4.5
SUP9527,Baker-May,P8078,5,2.9
SUP9528,"Smith, Stewart and Vang",P5215,9,2.7
SUP9529,Cline-Austin,P4818,2,5.0
SUP9530,"Molina, Hutchinson and Jimenez",P9061,18,3.2
SUP9531,Anderson-Callahan,P1472,5,4.3
SUP9532,"Blevins, Williams and Wilson",P4418,16,4.3
SUP9533,"Harmon, Nolan and Wilson",P223,3,4.6
SUP9534,"Barnes, King and Daniels",P3022,16,3.3
SUP9535,Tucker-Robinson,P3995,16,4.9
SUP9536,Kelley-Gordon,P5333,14,4.9
SUP9537,"Smith, Burch and Thomas",P5592,12,3.9
SUP9538,Davis-Morales,P4308,15,3.3
SUP9539,Bowen PLC,P9718,8,4.2
SUP9540,"Mcconnell, Lyons and Roberts",P4645,15,4.1
SUP9541,Torres LLC,P1773,11,4.4
SUP9542,Charles-Figueroa,P5837,19,2.7
SUP9543,"Scott, Perry and Valdez",P5140,20,3.3
SUP9544,"Nichols, Montgomery and Miller",P967,9,4.5
SUP9545,Mathis and Sons,P5331,7,3.6
SUP9546,Thompson-Collins,P1177,3,3.7
SUP9547,Johns LLC,P8457,7,2.8
SUP9548,Barker PLC,P3621,3,4.0
SUP9549,Mooney-Vasquez,P1641,13,3.6
SUP9550,Higgins-Sandoval,P2331,18,4.7
SUP9551,Cox-Ross,P2443,6,3.3
SUP9552,"Forbes, Jones and Vargas",P7349,15,3.7
SUP9553,Castro LLC,P7288,20,4.1
SUP9554,Weiss-Kennedy,P7246,3,3.9
SUP9555,Payne Group,P7580,13,3.8
SUP9556,Gutierrez and Sons,P1524,14,4.8
SUP9557,Summers LLC,P759,20,2.8
SUP9558,"Hall, Long and Jones",P8724,17,4.3
SUP9559,Knight Group,P8662,7,4.9
SUP9560,Reynolds Group,P7149,13,2.7
SUP9561,Brown-Moss,P5153,2,2.8
SUP9562,"Garrison, Fowler and Brown",P1508,19,4.6
SUP9563,Tyler-Gomez,P497,14,4.6
SUP9564,"Williams, Archer and Bennett",P1578,6,5.0
SUP9565,Farmer and Sons,P3123,13,3.4
SUP9566,Johnson and Sons,P2736,3,4.6
SUP9567,Watson-Stephens,P8918,17,3.6
SUP9568,Parker-Sheppard,P7914,6,3.4
SUP9569,"Sanchez, Jenkins and Cortez",P9999,13,4.6
SUP9570,"Taylor, Patel and Cooper",P7148,4,3.7
SUP9571,Simmons-Miller,P1363,3,2.9
SUP9572,Williams Group,P3086,4,4.2
SUP9573,Jackson Group,P647,10,3.0
SUP9574,"Roberts, Edwards and Rodriguez",P1440,6,4.7
SUP9575,Weiss PLC,P7518,18,3.1
SUP9576,Nguyen-Harper,P2652,8,3.4
SUP9577,"Clark, Morris and Bradley",P6129,4,3.0
SUP9578,"Owens, Walker and Maddox",P8806,15,3.5
SUP9579,Faulkner PLC,P9713,12,4.7
SUP9580,Solis Group,P1115,17,3.1
SUP9581,Prince-Coleman,P3436,2,3.8
SUP9582,White-Doyle,P7380,12,2.7
SUP9583,Kelley Inc,P5325,8,4.1
SUP9584,"Meyer, Solis and Davis",P1698,11,2.9
SUP9585,Oliver-Fleming,P4642,3,3.1
SUP9586,"Wheeler, Jones and Hoover",P1875,20,2.9
SUP9587,Delacruz-Lewis,P2681,4,4.2
SUP9588,Aguilar Ltd,P9319,19,2.9
SUP9589,Johnson LLC,P4998,13,4.2
SUP9590,Galvan-Mitchell,P9224,2,3.8
SUP9591,"Luna, Strickland and Boyd",P9978,8,4.3
SUP9592,Moore and Sons,P4950,12,2.8
SUP9593,"Stewart, Hart and West",P813,12,3.3
SUP9594,Mendoza-Turner,P9572,4,3.4
SUP9595,Mitchell Ltd,P4149,12,4.3
SUP9596,Santos-Williamson,P5325,14,2.7
SUP9597,Owen-Lopez,P2412,20,2.7
SUP9598,"Sparks, Maxwell and Shaw",P9189,14,4.5
SUP9599,Ramsey and Sons,P4073,12,2.9
SUP9600,"Romero, Lin and Zavala",P3795,19,4.4
SUP9601,Morgan Group,P6729,11,2.9
SUP9602,Cooper-Cook,P1244,10,4.9
SUP9603,"Larson, Hudson and Ramirez",P3335,3,3.7
SUP9604,Burke-Little,P4428,14,2.7
SUP9605,Carter and Sons,P2921,9,4.6
SUP9606,Love Group,P3934,12,4.4
SUP9607,Harrington Ltd,P3970,17,3.6
SUP9608,Diaz PLC,P6702,18,3.8
SUP9609,"Thomas, White and Moore",P6831,15,4.3
SUP9610,"Martin, Castillo and Young",P1166,18,4.7
SUP9611,Lee Inc,P4387,14,3.0
SUP9612,"Fry, Scott and Kelly",P8935,11,3.2
SUP9613,Williams Inc,P2475,6,4.4
SUP9614,Good Inc,P6380,19,4.8
SUP9615,"Wilson, Vasquez and Young",P4512,3,3.4
SUP9616,Carson-Mcdaniel,P1269,9,4.8
SUP9617,"Mays, Adams and Harris",P752,19,4.3
SUP9618,Hill Ltd,P8433,15,4.2
SUP9619,Murphy-Howell,P7706,15,3.8
SUP9620,Sexton-Singh,P4105,2,4.7
SUP9621,Tucker and Sons,P6738,7,4.1
SUP9622,"Delgado, Castillo and Mayer",P3586,18,2.5
SUP9623,Sullivan-Manning,P1586,7,3.0
SUP9624,Mckee-Carey,P3368,3,4.9
SUP9625,Jones LLC,P8276,6,2.7
SUP9626,"Sanchez, Smith and Cohen",P5306,11,3.9
SUP9627,"Nguyen, Cruz and Harrison",P3562,11,3.5
SUP9628,Brown-Sutton,P8448,18,3.0
SUP9629,"Collins, Briggs and Bonilla",P6893,3,4.1
SUP9630,"Baker, Ellison and Richardson",P111,9,4.5
SUP9631,Chavez-Baker,P566,15,4.3
SUP9632,Zhang-Mitchell,P4552,3,2.8
SUP9633,Chavez PLC,P1437,7,2.6
SUP9634,"Wu, Poole and Luna",P604,5,3.1
SUP9635,"Jones, Garcia and Martin",P1527,15,3.0
SUP9636,"Fields, Garcia and Bailey",P139,9,3.8
SUP9637,"Barker, Armstrong and Sanford",P2829,8,4.3
SUP9638,"Bruce, Daniels and Foster",P421,8,3.5
SUP9639,Simmons-Peterson,P5691,2,3.2
SUP9640,Santos and Sons,P9897,15,4.3
SUP9641,Edwards Group,P9552,14,2.7
SUP9642,Brown-Hernandez,P6208,8,4.9
SUP9643,"Jones, Hernandez and Bell",P7897,15,4.7
SUP9644,Smith LLC,P7056,16,2.6
SUP9645,Allen-Barton,P2281,6,4.7
SUP9646,Solomon Ltd,P4730,17,3.3
SUP9647,Henderson Group,P9957,14,3.4
SUP9648,Meyers LLC,P4117,12,4.2
SUP9649,Nguyen Ltd,P7233,15,5.0
SUP9650,Smith-Logan,P9551,20,2.6
SUP9651,Lopez-Liu,P6155,7,3.2
SUP9652,Brown-White,P3056,6,3.1
SUP9653,"Sanders, Reed and Leonard",P6828,20,4.4
SUP9654,Castillo-Butler,P9647,11,3.7
SUP9655,Zimmerman-Walker,P3224,20,4.2
SUP9656,"Baker, Hopkins and Duarte",P7052,9,3.8
SUP9657,Watson Ltd,P1197,5,3.6
SUP9658,Powers-Moreno,P5902,16,3.0
SUP9659,Morris-Jackson,P2015,15,2.8
SUP9660,Brady-Payne,P6766,12,3.3
SUP9661,"Jackson, Morgan and Richardson",P2925,5,4.0
SUP9662,Reyes-Aguilar,P9243,11,4.7
SUP9663,"Dalton, Hill and Boone",P2648,20,3.7
SUP9664,"Morgan, Perez and Dunn",P4682,13,4.5
SUP9665,Walters-Meadows,P8189,2,4.0
SUP9666,Ortega-Burke,P6395,2,3.0
SUP9667,Watson-Smith,P8475,7,4.9
SUP9668,"Harris, Murray and Glover",P7640,19,3.9
SUP9669,Ross Group,P4255,17,4.7
SUP9670,"Anderson, Foster and Morris",P2080,17,4.7
SUP9671,Lopez LLC,P4843,4,3.0
SUP9672,Jacobson LLC,P3044,15,3.7
SUP9673,Delgado-Quinn,P9102,5,4.5
SUP9674,"Randolph, Allen and Weaver",P9192,18,4.0
SUP9675,Taylor-Brown,P8208,17,4.2
SUP9676,Thomas Group,P7576,7,2.6
SUP9677,"Kirk, Bean and Bishop",P8445,8,2.9
SUP9678,Wheeler PLC,P5305,5,3.1
SUP9679,Gibson Group,P2932,11,4.1
SUP9680,Martinez LLC,P2353,15,3.2
SUP9681,"Beard, Higgins and Ellis",P9313,7,4.9
SUP9682,Bryant-Thomas,P1458,8,3.7
SUP9683,Lawrence Inc,P8038,5,4.0
SUP9684,Gibson LLC,P5638,7,4.5
SUP9685,Phillips Group,P9409,20,4.8
SUP9686,"Brown, Rojas and Richardson",P5512,14,4.7
SUP9687,Miles Inc,P9331,6,4.9
SUP9688,King-Clayton,P1320,16,2.7
SUP9689,Townsend-Sandoval,P3256,12,3.5
SUP9690,"Wade, Stevens and Sampson",P6827,18,3.2
SUP9691,James-Richmond,P328,13,4.5
SUP9692,Hamilton-Werner,P5977,10,4.9
SUP9693,"Roberts, Perry and Delgado",P1636,17,4.3
SUP9694,Myers-Peck,P933,8,4.6
SUP9695,"Owens, Dixon and Harrell",P6068,17,4.1
SUP9696,Porter-Johnson,P4706,18,4.8
SUP9697,"Daniels, Cervantes and Jones",P5279,4,4.9
SUP9698,"Valentine, Cox and Nunez",P6334,12,4.8
SUP9699,"Wilkins, Jenkins and Murphy",P6105,13,4.9
SUP9700,"Tran, Warner and Hunt",P4148,18,4.6
SUP9701,Roberts-Briggs,P2223,11,4.4
SUP9702,Stone-Nguyen,P7328,8,3.7
SUP9703,"Williams, Fowler and Long",P5418,11,4.6
SUP9704,"Hernandez, Berry and Bentley",P9676,12,3.9
SUP9705,"Hanson, Butler and Sharp",P2450,3,2.6
SUP9706,Shaffer PLC,P7139,16,3.1
SUP9707,"Mckay, Howard and Taylor",P3620,2,4.7
SUP9708,"Sheppard, May and Hoffman",P2769,19,4.6
SUP9709,Banks Ltd,P5174,15,4.2
SUP9710,Walker-Schmidt,P9721,4,3.1
SUP9711,"Henderson, Gutierrez and Jackson",P737,7,2.6
SUP9712,Martin-Sims,P1978,3,3.1
SUP9713,"Smith, Johnson and Harris",P1526,5,3.6
SUP9714,"Allen, Cook and Ryan",P2411,16,4.9
SUP9715,"Cruz, Edwards and Santiago",P342,3,4.1
SUP9716,"Mcfarland, Miller and Morton",P1798,19,2.6
SUP9717,Villarreal-Peters,P7083,17,4.0
SUP9718,Green-Fox,P8454,15,3.6
SUP9719,Ford-Foster,P7617,20,3.3
SUP9720,"Barnett, Guerra and Chavez",P9670,9,3.9
SUP9721,"Nelson, Davis and Johnson",P2454,9,4.2
SUP9722,Wade-Wilson,P1992,16,4.7
SUP9723,Blair and Sons,P1474,6,2.8
SUP9724,Williams-Newton,P6900,7,3.8
SUP9725,Glenn-Vasquez,P2587,7,3.8
SUP9726,"Singh, Hansen and Hawkins",P245,9,3.8
SUP9727,Villarreal Ltd,P2096,19,3.5
SUP9728,Adams Inc,P4846,3,4.1
SUP9729,Haynes-Mayer,P3631,11,3.6
SUP9730,"Moreno, Williams and Walter",P4483,3,5.0
SUP9731,Carney-Saunders,P4938,18,3.1
SUP9732,"Navarro, Salazar and Banks",P9800,12,3.0
SUP9733,Wong-Foster,P9293,11,5.0
SUP9734,"Kaiser, Allen and Waters",P7433,14,4.3
SUP9735,Alexander PLC,P8250,12,4.0
SUP9736,Hill Inc,P4089,20,2.6
SUP9737,"Gomez, Martin and Blankenship",P5378,4,2.8
SUP9738,Jones-Duncan,P4653,16,3.5
SUP9739,Lambert-Miller,P1381,5,4.4
SUP9740,Alexander-Fowler,P6736,11,4.8
SUP9741,Brown PLC,P5262,11,3.6
SUP9742,Warner and Sons,P2999,13,4.0
SUP9743,"Soto, Diaz and Price",P769,7,3.5
SUP9744,King Group,P2110,11,4.9
SUP9745,Smith-Fisher,P8494,13,4.4
SUP9746,Gonzalez-Allen,P9196,5,4.9
SUP9747,"Schmitt, Keller and Brown",P2744,19,3.5
SUP9748,Calderon Ltd,P6820,13,3.4
SUP9749,Ashley-Mcpherson,P5913,15,4.8
SUP9750,Thompson-Castro,P4827,11,4.3
SUP9751,Hernandez-Powell,P2605,12,3.8
SUP9752,Gutierrez-Leonard,P1091,14,4.7
SUP9753,Adams-Schmidt,P5521,2,3.5
SUP9754,"Reynolds, Morales and Gutierrez",P8236,8,3.4
SUP9755,Elliott PLC,P9783,20,3.9
SUP9756,Rowe-Sanchez,P5513,7,2.6
SUP9757,Logan Inc,P8606,8,4.0
SUP9758,King Ltd,P4606,3,2.8
SUP9759,Contreras-Gregory,P5889,11,4.2
SUP9760,Collins-Rowland,P8772,7,2.8
SUP9761,May Ltd,P6806,19,4.6
SUP9762,Andrews-Boone,P5595,9,5.0
SUP9763,Mitchell PLC,P7640,16,3.3
SUP9764,Reed-Williams,P7241,4,4.7
SUP9765,Allen-Boyle,P2013,10,4.9
SUP9766,Johnson LLC,P8227,5,4.4
SUP9767,Salazar-Hobbs,P7292,5,4.7
SUP9768,Kennedy-Gross,P8637,4,3.2
SUP9769,Cox-Gonzalez,P4801,8,3.6
SUP9770,Fletcher-Allen,P6916,13,4.4
SUP9771,Phillips-Mcmahon,P5501,11,4.1
SUP9772,Harrell Inc,P8545,12,2.6
SUP9773,Ingram and Sons,P4253,17,3.1
SUP9774,Rodgers Group,P1742,2,4.6
SUP9775,"Johnson, Walker and Ruiz",P8928,13,3.7
SUP9776,Johnson-Orr,P5066,16,4.1
SUP9777,Brown LLC,P3318,4,3.8
SUP9778,"Lang, Patterson and Rodriguez",P4254,4,4.9
SUP9779,Heath-Green,P3443,14,2.6
SUP9780,Mann-Moore,P2454,5,3.7
SUP9781,Greene-Beck,P3001,20,4.5
SUP9782,"Rollins, Bell and Collier",P7469,14,4.6
SUP9783,Norman Group,P9906,20,4.1
SUP9784,"Baker, Scott and Miller",P4342,11,2.5
SUP9785,"Jordan, Miller and Robinson",P4389,5,4.5
SUP9786,Obrien-Walsh,P5893,17,4.7
SUP9787,James-George,P9619,16,2.7
SUP9788,Cooper PLC,P7229,20,2.7
SUP9789,Jones Inc,P8680,12,4.0
SUP9790,"Frazier, Martin and Erickson",P2693,9,3.5
SUP9791,Bell and Sons,P1673,18,3.2
SUP9792,"Ayers, Simpson and Hines",P7828,5,4.3
SUP9793,Peterson-Owens,P2855,6,2.7
SUP9794,Wong Ltd,P2784,16,3.2
SUP9795,Rose-Garcia,P6161,7,2.9
SUP9796,Murillo LLC,P9391,19,3.5
SUP9797,Serrano Group,P4773,5,4.3
SUP9798,Burgess-Baker,P7401,3,3.9
SUP9799,Berg-Hicks,P8567,6,2.6
SUP9800,"Gonzales, Calderon and Huang",P4361,10,3.4
SUP9801,Evans PLC,P7284,12,4.9
SUP9802,Owens-Blanchard,P8023,14,2.9
SUP9803,"Sanford, Fisher and Waters",P2725,3,2.9
SUP9804,Cook-Hanna,P6791,12,4.5
SUP9805,"Brown, Diaz and Hernandez",P6083,15,3.4
SUP9806,"Smith, Wilson and Odom",P8818,8,4.4
SUP9807,Brown-Williams,P996,18,3.1
SUP9808,Patel-Sims,P4500,8,2.6
SUP9809,Allen PLC,P729,6,3.4
SUP9810,Owen-Berry,P8058,8,3.7
SUP9811,Alvarez Ltd,P8865,11,4.2
SUP9812,Roy Ltd,P4132,7,3.8
SUP9813,"Wise, Adkins and Richardson",P9117,16,4.0
SUP9814,Ramos-Guzman,P7658,4,4.1
SUP9815,Collins-Terry,P7834,8,3.4
SUP9816,Jenkins-Diaz,P218,9,4.8
SUP9817,"Miller, Mendoza and Wheeler",P4066,9,3.8
SUP9818,"Patterson, Terry and Cox",P3617,15,4.2
SUP9819,"Gentry, Beasley and Austin",P6039,17,2.6
SUP9820,"Stevens, Carter and Zimmerman",P3686,11,4.9
SUP9821,Rodriguez-Rodriguez,P1100,7,4.8
SUP9822,Lee-Grant,P2613,15,3.8
SUP9823,"Castillo, Young and Arnold",P6573,14,2.9
SUP9824,Nguyen and Sons,P4416,7,3.4
SUP9825,White Ltd,P256,16,4.0
SUP9826,"Torres, Atkins and Luna",P839,4,4.3
SUP9827,Briggs-Morrow,P1537,18,2.5
SUP9828,"Meyer, Martin and Hicks",P6384,7,2.8
SUP9829,"Allen, Lucero and Schneider",P3954,16,4.5
SUP9830,"Harper, Walker and Jackson",P1385,9,3.2
SUP9831,Hensley-Wright,P5597,9,4.5
SUP9832,Jordan-Weber,P9788,14,3.5
SUP9833,"Parker, Diaz and Moore",P6559,11,4.2
SUP9834,Saunders Inc,P6181,8,3.9
SUP9835,Powell Ltd,P3460,5,3.0
SUP9836,Newman-Bates,P1664,9,4.1
SUP9837,Torres PLC,P5479,12,4.4
SUP9838,Pham-Evans,P1170,14,4.1
SUP9839,Haley Ltd,P7074,12,4.7
SUP9840,King-Cruz,P5561,7,4.9
SUP9841,Campos Group,P7771,7,4.7
SUP9842,Lee and Sons,P7625,18,2.6
SUP9843,Wells-King,P4231,17,4.5
SUP9844,"Brandt, Bell and Walker",P8408,2,2.6
SUP9845,"Zamora, Palmer and Baker",P5684,9,4.3
SUP9846,Brown-Jarvis,P5898,6,4.7
SUP9847,Barrera and Sons,P7924,2,4.0
SUP9848,Drake-Thomas,P1528,14,3.3
SUP9849,"Raymond, Moore and King",P8357,6,3.8
SUP9850,"Mccarthy, Jones and Long",P2249,9,4.6
SUP9851,Griffin Group,P8766,4,4.9
SUP9852,Hendrix PLC,P8891,9,3.8
SUP9853,Scott Ltd,P8737,17,2.9
SUP9854,Gilbert Group,P7492,13,5.0
SUP9855,Costa-Foster,P9449,17,3.8
SUP9856,Frey-Vazquez,P1081,12,4.1
SUP9857,"Martinez, Richards and Lee",P1019,9,3.8
SUP9858,Evans-Alvarez,P1050,18,2.9
SUP9859,Lewis PLC,P8943,20,3.0
SUP9860,"Thomas, Gutierrez and Gonzalez",P744,5,3.9
SUP9861,Clark-Brennan,P4130,19,3.5
SUP9862,Edwards-Bush,P9160,5,2.9
SUP9863,Alexander-Weaver,P6182,12,3.5
SUP9864,"Collins, Kennedy and Morgan",P1535,11,3.8
SUP9865,Smith-Harris,P9474,11,4.6
SUP9866,Morton-Bradley,P3374,7,3.7
SUP9867,White-Miller,P9698,8,3.5
SUP9868,Huff Inc,P8281,13,4.6
SUP9869,Patterson Ltd,P4436,17,3.9
SUP9870,"Brandt, Reed and Cook",P3430,3,3.3
SUP9871,Clark LLC,P9290,16,4.7
SUP9872,Alvarado-Moore,P9464,15,3.9
SUP9873,"Moore, Bishop and Wright",P6449,16,3.8
SUP9874,Smith-Stevenson,P1707,2,4.2
SUP9875,"Salazar, Barrett and Manning",P4078,17,4.7
SUP9876,"Golden, Hunt and Lamb",P923,5,4.6
SUP9877,Lopez-Benton,P3277,20,4.0
SUP9878,"Washington, Reilly and Roberts",P9559,3,4.2
SUP9879,"Stone, Hill and Harrison",P9364,5,4.4
SUP9880,Nelson LLC,P3772,14,4.6
SUP9881,"Johns, Padilla and Wagner",P8869,8,3.7
SUP9882,Smith Inc,P8328,20,4.6
SUP9883,"Welch, Hernandez and Padilla",P7727,13,2.5
SUP9884,Smith-Davila,P4047,19,2.8
SUP9885,Torres-Lopez,P7566,15,3.8
SUP9886,Phillips-Stevens,P158,6,3.1
SUP9887,Rodriguez LLC,P1752,10,4.3
SUP9888,Fields LLC,P800,12,4.6
SUP9889,Brown-Morales,P2484,8,2.9
SUP9890,Cohen and Sons,P3923,16,3.9
SUP9891,Blankenship-Diaz,P7575,8,2.8
SUP9892,"Miller, Hooper and Becker",P3705,4,3.7
SUP9893,Mays-Price,P3595,11,3.7
SUP9894,"Mitchell, Wiggins and Pearson",P3144,9,3.1
SUP9895,Cruz Ltd,P2393,17,3.5
SUP9896,Berger Inc,P473,18,3.6
SUP9897,Dunn and Sons,P1765,10,4.2
SUP9898,"Waters, Estrada and Smith",P1792,12,2.8
SUP9899,"Edwards, Braun and Parker",P4247,19,3.2
SUP9900,Knight-Phelps,P219,9,3.8
SUP9901,Jackson-Espinoza,P8220,8,4.9
SUP9902,Martin LLC,P2214,7,2.8
SUP9903,Knight-Mitchell,P3319,19,4.8
SUP9904,"Duncan, Yates and Lyons",P7138,18,4.1
SUP9905,Garza-Goodwin,P2534,5,2.8
SUP9906,Brooks-Perez,P1462,3,3.8
SUP9907,"Khan, Jones and Carter",P5210,12,3.1
SUP9908,Coleman-Ellis,P7445,2,4.1
SUP9909,Dickson-Smith,P1673,2,2.7
SUP9910,Fisher Ltd,P4340,19,3.0
SUP9911,Patrick-Brown,P2650,17,3.8
SUP9912,Martinez Inc,P3326,5,3.5
SUP9913,Lynn-Wilson,P9135,16,4.4
SUP9914,Thomas LLC,P8432,5,3.1
SUP9915,"Dawson, Benitez and Farmer",P8154,3,3.0
SUP9916,Bush-Gomez,P7620,13,3.3
SUP9917,Thompson-Ortiz,P1671,11,4.6
SUP9918,Burns-Brown,P9696,5,3.1
SUP9919,Reynolds and Sons,P6265,9,2.8
SUP9920,Davis-Roberson,P3200,6,2.8
SUP9921,Lawson-Bernard,P269,18,4.1
SUP9922,Barnes Ltd,P2984,14,4.0
SUP9923,"Graves, Villegas and Gallegos",P2508,11,4.0
SUP9924,"Schwartz, Walker and Garcia",P588,7,4.6
SUP9925,"Salazar, Cameron and Curtis",P4924,3,3.6
SUP9926,Rogers Inc,P8244,16,4.6
SUP9927,Perez-Nichols,P105,8,4.4
SUP9928,"Nelson, Morris and Griffin",P1096,15,2.8
SUP9929,"Nelson, Phillips and Nguyen",P3001,3,3.8
SUP9930,"Garcia, Johnston and Brown",P6784,3,3.5
SUP9931,Jordan Ltd,P8942,18,3.8
SUP9932,Whitehead LLC,P5588,3,3.8
SUP9933,Castro Group,P7358,9,4.5
SUP9934,"Cook, Faulkner and Mitchell",P7254,10,2.5
SUP9935,"Smith, Mendez and Johnson",P4765,2,4.5
SUP9936,Golden Ltd,P9464,4,3.7
SUP9937,"Everett, Morales and Guerrero",P2405,12,4.2
SUP9938,Marsh-Poole,P8881,17,3.7
SUP9939,Villegas and Sons,P7581,14,4.0
SUP9940,"Blackburn, Chandler and Murphy",P2032,17,4.9
SUP9941,Cortez PLC,P3486,12,3.3
SUP9942,Davis Group,P933,14,4.5
SUP9943,Townsend Inc,P445,6,3.8
SUP9944,Velasquez-Cardenas,P7215,5,4.2
SUP9945,"Rose, Burton and Torres",P2568,3,4.3
SUP9946,Gutierrez Inc,P6762,14,3.7
SUP9947,Burch and Sons,P41,19,2.8
SUP9948,Jackson-Gonzalez,P9682,18,2.6
SUP9949,"Jimenez, Cochran and Duncan",P9688,7,3.6
SUP9950,Jordan LLC,P5122,15,3.2
SUP9951,Crawford-Kennedy,P1351,10,4.1
SUP9952,Miller Group,P6864,13,3.0
SUP9953,"Abbott, Barker and Jordan",P5326,12,4.6
SUP9954,"Cantu, Brooks and White",P1367,10,3.9
SUP9955,Green-Robinson,P428,5,5.0
SUP9956,"Calderon, Wheeler and Christensen",P7721,18,3.6
SUP9957,Archer PLC,P6848,14,2.8
SUP9958,Hull LLC,P758,18,4.9
SUP9959,Davis-Smith,P1576,16,3.7
SUP9960,White-Webster,P167,18,3.1
SUP9961,"Wilcox, Vega and Taylor",P8251,8,2.7
SUP9962,Brewer LLC,P7283,12,4.3
SUP9963,Brown PLC,P971,4,4.4
SUP9964,Beasley-Thompson,P6312,13,4.7
SUP9965,"Tran, Ashley and Williams",P7956,7,5.0
SUP9966,"Beard, Holland and Bowers",P3006,7,4.3
SUP9967,Avila-Price,P904,6,3.5
SUP9968,Bass Ltd,P7121,12,4.9
SUP9969,"Miller, Weber and Walsh",P6921,15,2.6
SUP9970,"Gutierrez, Gonzalez and Hanson",P9782,4,4.6
SUP9971,"Morrow, Lynch and Kaiser",P4770,6,4.3
SUP9972,Smith PLC,P2629,4,4.9
SUP9973,"Bowers, Myers and Morales",P667,11,3.8
SUP9974,"Wallace, Baldwin and Gill",P9489,8,3.3
SUP9975,"Stone, Barron and Johnson",P2292,20,3.5
SUP9976,Cox and Sons,P5786,18,4.6
SUP9977,Jackson Group,P7150,19,3.2
SUP9978,Hernandez Inc,P2652,10,4.1
SUP9979,Rogers-Jackson,P8303,19,4.1
SUP9980,Moses-Murphy,P859,4,4.0
SUP9981,"Lopez, Williams and Patterson",P7613,7,3.0
SUP9982,Mullen PLC,P8120,20,4.6
SUP9983,Davis and Sons,P6446,18,4.5
SUP9984,Good-Brady,P2015,12,2.7
SUP9985,Oliver-Gordon,P1884,7,3.4
SUP9986,Macias-Goodwin,P9318,2,4.1
SUP9987,Moore Inc,P6212,18,4.5
SUP9988,Bolton-Elliott,P7110,20,3.5
SUP9989,Parks Inc,P4302,15,4.3
SUP9990,Reilly-Ellis,P6467,11,4.1
SUP9991,Bell-Higgins,P5958,9,4.6
SUP9992,Arnold Inc,P6115,7,4.9
SUP9993,"Sellers, King and Sullivan",P7067,19,3.7
SUP9994,"Steele, Erickson and Dudley",P2989,20,4.4
SUP9995,Christian PLC,P1771,17,3.3
SUP9996,"Leonard, Rodriguez and Crawford",P6098,18,4.4
SUP9997,Ochoa-Owens,P6573,9,3.4
SUP9998,Thomas Ltd,P1487,15,2.9
SUP9999,"Garza, Rivas and Castro",P4747,20,2.8
SUP10000,Johnson Inc,P4232,14,2.9
